{
    "member1": {
        "u": 5.916381238672449,
        "v": 9.515542087288576,
        "num_eddy": 7.732102422015384,
        "max(vorticity)": 1.1192684246782214,
        "max(diameter)": 2.374669839037926
    },
    "member2": {
        "u": 2.102603943312448,
        "v": 0.14311685572086286,
        "num_eddy": 7.60717189159431,
        "max(vorticity)": 3.1652315245954155,
        "max(diameter)": 0.19687833860811854
    },
    "member3": {
        "u": 6.690467782758322,
        "v": 0.5681100805785511,
        "num_eddy": 1.9211721381921598,
        "max(vorticity)": 8.663714956880478,
        "max(diameter)": 5.193267062153052
    },
    "member4": {
        "u": 0.18023206895284583,
        "v": 9.543020071076388,
        "num_eddy": 5.159566304651918,
        "max(vorticity)": 8.0963096184304,
        "max(diameter)": 9.204275702186232
    },
    "member5": {
        "u": 2.6942961203631732,
        "v": 5.880354607747799,
        "num_eddy": 5.705582522453819,
        "max(vorticity)": 9.984161213575728,
        "max(diameter)": 7.456261920013506
    },
    "member6": {
        "u": 8.271086139487165,
        "v": 1.977814404490188,
        "num_eddy": 0.4299163695520114,
        "max(vorticity)": 4.709881629605361,
        "max(diameter)": 9.084439704972988
    },
    "member7": {
        "u": 9.649958308642429,
        "v": 3.4799988631081815,
        "num_eddy": 2.8507885193972804,
        "max(vorticity)": 2.959024759982217,
        "max(diameter)": 4.362759757011295
    },
    "member8": {
        "u": 7.602018602952933,
        "v": 1.8745599413906189,
        "num_eddy": 1.768241096327503,
        "max(vorticity)": 4.436035611701826,
        "max(diameter)": 9.424068035092253
    },
    "member9": {
        "u": 3.4073174034547526,
        "v": 4.706022902087027,
        "num_eddy": 5.41469921266841,
        "max(vorticity)": 3.345768865425507,
        "max(diameter)": 9.07351390308014
    },
    "member10": {
        "u": 9.015425970234261,
        "v": 8.100001514216306,
        "num_eddy": 0.9840795086513843,
        "max(vorticity)": 5.725614934402601,
        "max(diameter)": 0.18896291794532893
    },
    "member11": {
        "u": 6.228036094121416,
        "v": 0.10861810248977255,
        "num_eddy": 7.402270979718626,
        "max(vorticity)": 8.270632589738167,
        "max(diameter)": 9.735632574585697
    },
    "member12": {
        "u": 2.2902068860860423,
        "v": 9.570137713192025,
        "num_eddy": 2.832266636293812,
        "max(vorticity)": 8.103157614156476,
        "max(diameter)": 1.7133931471990593
    },
    "member13": {
        "u": 4.947063955152497,
        "v": 6.4490889159244,
        "num_eddy": 7.377034017142094,
        "max(vorticity)": 7.386702799596389,
        "max(diameter)": 0.44382796653247514
    },
    "member14": {
        "u": 5.095964453526761,
        "v": 8.371813468606762,
        "num_eddy": 9.714305366776397,
        "max(vorticity)": 9.989567250557386,
        "max(diameter)": 6.826598421761813
    },
    "member15": {
        "u": 8.235640777626031,
        "v": 9.031848992279336,
        "num_eddy": 4.973961562699652,
        "max(vorticity)": 9.678625748403466,
        "max(diameter)": 0.045681469159736254
    },
    "member16": {
        "u": 5.843590155788901,
        "v": 9.506538812147907,
        "num_eddy": 8.449119180179975,
        "max(vorticity)": 3.734361928232822,
        "max(diameter)": 1.69495087639712
    },
    "member17": {
        "u": 3.184097573376019,
        "v": 5.275575346135215,
        "num_eddy": 9.062730161861257,
        "max(vorticity)": 0.17703831643942514,
        "max(diameter)": 6.872042981209989
    },
    "member18": {
        "u": 2.4304215746744164,
        "v": 4.360525338917963,
        "num_eddy": 0.0723723708918611,
        "max(vorticity)": 1.3965568364176006,
        "max(diameter)": 9.038722889048106
    },
    "member19": {
        "u": 0.11388382673893638,
        "v": 8.18387625163578,
        "num_eddy": 7.411280934593477,
        "max(vorticity)": 1.8059769347526566,
        "max(diameter)": 1.0926929402611374
    },
    "member20": {
        "u": 6.7009370581601715,
        "v": 4.861054740721631,
        "num_eddy": 0.03306449183405724,
        "max(vorticity)": 7.980052990054267,
        "max(diameter)": 1.371792779047778
    },
    "member21": {
        "u": 6.5952002083381025,
        "v": 2.8723217566924486,
        "num_eddy": 9.367309905151147,
        "max(vorticity)": 2.710273541290449,
        "max(diameter)": 2.9890229865720963
    },
    "member22": {
        "u": 3.19421977555014,
        "v": 2.690062033948788,
        "num_eddy": 3.7139868228514317,
        "max(vorticity)": 7.880465076066282,
        "max(diameter)": 7.0685712824936475
    },
    "member23": {
        "u": 9.416753905158174,
        "v": 8.395932834952438,
        "num_eddy": 4.381114775881969,
        "max(vorticity)": 7.63322949859445,
        "max(diameter)": 6.60177679153918
    },
    "member24": {
        "u": 6.077443850697062,
        "v": 2.5164826600617496,
        "num_eddy": 0.5750534494983373,
        "max(vorticity)": 3.4306999332892385,
        "max(diameter)": 6.305776709387808
    },
    "member25": {
        "u": 2.6990433512769463,
        "v": 1.402664652722626,
        "num_eddy": 5.532437414686139,
        "max(vorticity)": 3.8315366252333325,
        "max(diameter)": 3.711135574071692
    },
    "member26": {
        "u": 2.4725651523791017,
        "v": 4.96685229132508,
        "num_eddy": 8.356205244347944,
        "max(vorticity)": 4.068496117014687,
        "max(diameter)": 9.080967451556443
    },
    "member27": {
        "u": 9.194295145070415,
        "v": 9.401795296988638,
        "num_eddy": 8.847710457339662,
        "max(vorticity)": 9.80693877404472,
        "max(diameter)": 2.758455589173874
    },
    "member28": {
        "u": 7.875351963326766,
        "v": 6.2921237264572385,
        "num_eddy": 0.07450590722326011,
        "max(vorticity)": 3.894313832264671,
        "max(diameter)": 6.742340720444856
    },
    "member29": {
        "u": 8.676482531328714,
        "v": 5.463621749675771,
        "num_eddy": 6.618364751946043,
        "max(vorticity)": 1.1858906457525265,
        "max(diameter)": 8.720086739289751
    },
    "member30": {
        "u": 9.851435348686868,
        "v": 0.7430496946722642,
        "num_eddy": 7.280461955594147,
        "max(vorticity)": 2.3635489342345006,
        "max(diameter)": 5.419019852962714
    },
    "member31": {
        "u": 1.0578485746581912,
        "v": 8.812391414524809,
        "num_eddy": 9.530025954253642,
        "max(vorticity)": 2.6919270665839976,
        "max(diameter)": 5.860026628063615
    },
    "member32": {
        "u": 8.426757485156077,
        "v": 1.1030237065077664,
        "num_eddy": 3.9612236025538583,
        "max(vorticity)": 3.6368048777265374,
        "max(diameter)": 2.574563574127584
    },
    "member33": {
        "u": 4.090934268380274,
        "v": 8.858716950154909,
        "num_eddy": 7.837765134051972,
        "max(vorticity)": 8.507766093553666,
        "max(diameter)": 9.425212623899915
    },
    "member34": {
        "u": 9.017154611929561,
        "v": 1.109216130963132,
        "num_eddy": 3.68156731724548,
        "max(vorticity)": 0.8935990065259491,
        "max(diameter)": 8.071278640076258
    },
    "member35": {
        "u": 9.206153048204358,
        "v": 1.9726579200500993,
        "num_eddy": 8.130882198416156,
        "max(vorticity)": 8.15612371176607,
        "max(diameter)": 7.275053175179666
    },
    "member36": {
        "u": 8.428895665689781,
        "v": 6.542071614532049,
        "num_eddy": 9.970294501251896,