{
    "member1": {
        "u": 8.641055305373843,
        "v": 0.8689871841031382,
        "num_eddy": 3.1986070476133124,
        "max(vorticity)": 0.5302395278842242,
        "max(diameter)": 6.842578055858935
    },
    "member2": {
        "u": 5.158370665514859,
        "v": 6.778118321156892,
        "num_eddy": 3.719715764438878,
        "max(vorticity)": 9.18929944113061,
        "max(diameter)": 8.70456625029051
    },
    "member3": {
        "u": 1.6771429398296644,
        "v": 4.258171570783219,
        "num_eddy": 2.996226264545797,
        "max(vorticity)": 5.65355031926684,
        "max(diameter)": 5.537972723477634
    },
    "member4": {
        "u": 5.218905810005607,
        "v": 6.5130663701714075,
        "num_eddy": 3.91916216545615,
        "max(vorticity)": 6.531717695175693,
        "max(diameter)": 7.81277590410209
    },
    "member5": {
        "u": 1.5584748239461366,
        "v": 7.673290551710691,
        "num_eddy": 4.179498812736604,
        "max(vorticity)": 8.611794799307093,
        "max(diameter)": 5.572343004910013
    },
    "member6": {
        "u": 3.058507836727081,
        "v": 6.296780656851726,
        "num_eddy": 5.918315728590904,
        "max(vorticity)": 4.128050300623326,
        "max(diameter)": 2.486257457382657
    },
    "member7": {
        "u": 3.7303968813895896,
        "v": 6.415795588012763,
        "num_eddy": 5.586149330611939,
        "max(vorticity)": 3.0958148585640033,
        "max(diameter)": 1.6183268827504094
    },
    "member8": {
        "u": 3.8852658166113443,
        "v": 8.152482821258026,
        "num_eddy": 4.178813839783119,
        "max(vorticity)": 0.6488941729251319,
        "max(diameter)": 1.545001983638029
    },
    "member9": {
        "u": 9.22491016717289,
        "v": 8.484610686862428,
        "num_eddy": 9.967924946912907,
        "max(vorticity)": 7.761984641573383,
        "max(diameter)": 4.5765534068435185
    },
    "member10": {
        "u": 5.279957900278083,
        "v": 2.6743618641354128,
        "num_eddy": 2.825252920708218,
        "max(vorticity)": 5.624221301024916,
        "max(diameter)": 1.529694983842651
    },
    "member11": {
        "u": 2.5788640853608156,
        "v": 4.519206302447144,
        "num_eddy": 4.970587132901438,
        "max(vorticity)": 2.7111914967533526,
        "max(diameter)": 4.587682998548951
    },
    "member12": {
        "u": 8.341796080869134,
        "v": 6.475658198775554,
        "num_eddy": 2.6779275061130328,
        "max(vorticity)": 9.998184256507862,
        "max(diameter)": 9.175672148117243
    },
    "member13": {
        "u": 8.16088886941405,
        "v": 1.9742555151746433,
        "num_eddy": 7.800362021282952,
        "max(vorticity)": 3.7038456554334243,
        "max(diameter)": 8.556516923716831
    },
    "member14": {
        "u": 9.333307505534542,
        "v": 2.4604255837034774,
        "num_eddy": 1.5259413236627983,
        "max(vorticity)": 0.6978805636930208,
        "max(diameter)": 6.425523775800269
    },
    "member15": {
        "u": 5.276812403684291,
        "v": 6.583367890642588,
        "num_eddy": 8.3723475187951,
        "max(vorticity)": 3.4674923841943803,
        "max(diameter)": 2.0943443765615033
    },
    "member16": {
        "u": 1.1985436443301156,
        "v": 0.03051065003828124,
        "num_eddy": 4.677312771414548,
        "max(vorticity)": 5.623410151433882,
        "max(diameter)": 3.8265842389405815
    },
    "member17": {
        "u": 3.7527853345237516,
        "v": 7.111011019724719,
        "num_eddy": 5.465109924055142,
        "max(vorticity)": 6.632189824827309,
        "max(diameter)": 3.4946969002237713
    },
    "member18": {
        "u": 4.388653277383656,
        "v": 7.517098424311248,
        "num_eddy": 6.522272219932173,
        "max(vorticity)": 7.620656120655276,
        "max(diameter)": 8.431753836204308
    },
    "member19": {
        "u": 0.8910935473511239,
        "v": 4.7142177188179275,
        "num_eddy": 5.59033717482274,
        "max(vorticity)": 6.7863722119484,
        "max(diameter)": 2.4887872646762386
    },
    "member20": {
        "u": 5.908627972411883,
        "v": 0.06877057455300983,
        "num_eddy": 0.3221400476976011,
        "max(vorticity)": 2.5027137502198715,
        "max(diameter)": 0.7771330080693684
    },
    "member21": {
        "u": 3.9498938551336673,
        "v": 6.0814436348463365,
        "num_eddy": 6.816514517044262,
        "max(vorticity)": 3.93958919859299,
        "max(diameter)": 0.7068069257850473
    },
    "member22": {
        "u": 2.5286835845837885,
        "v": 6.57462881698134,
        "num_eddy": 1.9330906256444669,
        "max(vorticity)": 8.746143253579433,
        "max(diameter)": 9.48724454744422
    },
    "member23": {
        "u": 8.361138081913252,
        "v": 0.8616587261422559,
        "num_eddy": 6.498425029955456,
        "max(vorticity)": 3.0496770577368904,
        "max(diameter)": 0.6595991644503141
    },
    "member24": {
        "u": 1.3237177205664241,
        "v": 3.305619472258715,
        "num_eddy": 1.0912298619690153,
        "max(vorticity)": 2.392008112259456,
        "max(diameter)": 8.792525862512097
    },
    "member25": {
        "u": 1.0886601978191146,
        "v": 1.7186359167017162,
        "num_eddy": 6.960147680518418,
        "max(vorticity)": 0.6006260283407772,
        "max(diameter)": 5.39789765825363
    },
    "member26": {
        "u": 8.450922364794,
        "v": 5.856141083159169,
        "num_eddy": 1.7713893345881282,
        "max(vorticity)": 2.189131228300246,
        "max(diameter)": 0.9578722234144921
    },
    "member27": {
        "u": 9.74790690056932,
        "v": 3.920930231796782,
        "num_eddy": 6.147731814218801,
        "max(vorticity)": 0.6360686534714755,
        "max(diameter)": 0.4704946394778342
    },
    "member28": {
        "u": 0.0786978320988696,
        "v": 3.865789145113825,
        "num_eddy": 2.6615490456666544,
        "max(vorticity)": 2.661871449659973,
        "max(diameter)": 2.0738897812193136
    },
    "member29": {
        "u": 5.825376137059237,
        "v": 2.5754403710081375,
        "num_eddy": 1.63797921111561,
        "max(vorticity)": 7.47151301086221,
        "max(diameter)": 4.61095441041596
    },
    "member30": {
        "u": 8.128134922858894,
        "v": 6.424659033200467,
        "num_eddy": 7.511472628250717,
        "max(vorticity)": 0.333347892465895,
        "max(diameter)": 0.9717627192737777
    },
    "member31": {
        "u": 3.6000583251907656,
        "v": 8.53059618037045,
        "num_eddy": 4.560406848570052,
        "max(vorticity)": 4.124465453360152,
        "max(diameter)": 3.995270201844848
    },
    "member32": {
        "u": 4.768542695096406,
        "v": 3.2658999218090843,
        "num_eddy": 3.9586973469431994,
        "max(vorticity)": 5.01837919238714,
        "max(diameter)": 6.588939779541913
    },
    "member33": {
        "u": 0.2909367817626307,
        "v": 1.6300959413826466,
        "num_eddy": 6.517871306553006,
        "max(vorticity)": 3.950049264855183,
        "max(diameter)": 2.271023358152655
    },
    "member34": {
        "u": 6.254986303846691,
        "v": 6.076915970261624,
        "num_eddy": 7.906117070080918,
        "max(vorticity)": 8.523775058651212,
        "max(diameter)": 0.9407281790363242
    },
    "member35": {
        "u": 2.2088005296151625,
        "v": 3.7911595907536952,
        "num_eddy": 9.530703794754015,
        "max(vorticity)": 6.295956023379638,
        "max(diameter)": 4.85449711120931
    },
    "member36": {
        "u": 2.6713832627541514,
        "v": 3.888087782648735,
        "num_eddy": 0.3316758395378605,