{
    "member1": {
        "u": 8.402986580473963,
        "v": 8.974509588643265,
        "num_eddy": 6.934194217659656,
        "max(vorticity)": 9.9816911565357,
        "max(diameter)": 1.9171722947368475
    },
    "member2": {
        "u": 6.474025113496578,
        "v": 6.995163863394706,
        "num_eddy": 2.953551977075154,
        "max(vorticity)": 7.997203870962746,
        "max(diameter)": 8.698146955625317
    },
    "member3": {
        "u": 5.642943163171324,
        "v": 4.642236580240886,
        "num_eddy": 8.210708411486747,
        "max(vorticity)": 6.538211256573565,
        "max(diameter)": 8.352969943866011
    },
    "member4": {
        "u": 2.942638604059505,
        "v": 5.30473697785883,
        "num_eddy": 1.255117557578349,
        "max(vorticity)": 9.394154012755282,
        "max(diameter)": 3.367274546378817
    },
    "member5": {
        "u": 6.759922068528635,
        "v": 5.5364388947783425,
        "num_eddy": 8.928328106213655,
        "max(vorticity)": 1.144952469801307,
        "max(diameter)": 8.586894456039643
    },
    "member6": {
        "u": 6.187525012114655,
        "v": 2.1375270244357933,
        "num_eddy": 1.0601325807417517,
        "max(vorticity)": 5.940613287457213,
        "max(diameter)": 4.564255871201864
    },
    "member7": {
        "u": 6.31460409289391,
        "v": 5.009609619680387,
        "num_eddy": 8.751853812358615,
        "max(vorticity)": 0.7142952586960982,
        "max(diameter)": 6.952371210408009
    },
    "member8": {
        "u": 3.5881380049942067,
        "v": 6.6848047467010465,
        "num_eddy": 9.454227821938453,
        "max(vorticity)": 8.224190073920703,
        "max(diameter)": 5.055828365184083
    },
    "member9": {
        "u": 8.662618263688579,
        "v": 2.453453863404559,
        "num_eddy": 9.805363094042143,
        "max(vorticity)": 2.4865579057727305,
        "max(diameter)": 7.351124393706945
    },
    "member10": {
        "u": 4.035444995090687,
        "v": 1.218599707996979,
        "num_eddy": 0.4678919160664996,
        "max(vorticity)": 6.96995367215965,
        "max(diameter)": 5.104619321308697
    },
    "member11": {
        "u": 9.796151479165207,
        "v": 2.8850474299817055,
        "num_eddy": 9.698412035130081,
        "max(vorticity)": 1.2249819089863911,
        "max(diameter)": 9.712896790906596
    },
    "member12": {
        "u": 5.085397353847876,
        "v": 5.978199076411147,
        "num_eddy": 1.7221200874536713,
        "max(vorticity)": 3.3529712592551553,
        "max(diameter)": 2.917735986447354
    },
    "member13": {
        "u": 9.30083940490345,
        "v": 0.07881219543875995,
        "num_eddy": 4.8874337581252645,
        "max(vorticity)": 8.43119672776307,
        "max(diameter)": 7.510360938691997
    },
    "member14": {
        "u": 8.232926132788002,
        "v": 0.29291251526476825,
        "num_eddy": 6.3763310470031485,
        "max(vorticity)": 3.9979882304890237,
        "max(diameter)": 2.092717845833303
    },
    "member15": {
        "u": 6.587269103705788,
        "v": 1.5110862684869952,
        "num_eddy": 3.834923833352203,
        "max(vorticity)": 8.703925666385397,
        "max(diameter)": 0.9897975259084502
    },
    "member16": {
        "u": 6.1790738131812875,
        "v": 4.701783714251646,
        "num_eddy": 0.14230954814716923,
        "max(vorticity)": 1.0573704118906935,
        "max(diameter)": 3.7801683652832496
    },
    "member17": {
        "u": 3.0723163544588927,
        "v": 8.95750515902356,
        "num_eddy": 0.5889411691434021,
        "max(vorticity)": 5.594179367843606,
        "max(diameter)": 0.7112508017888264
    },
    "member18": {
        "u": 2.0800671229228005,
        "v": 2.92991526994307,
        "num_eddy": 5.129153688383445,
        "max(vorticity)": 0.5026109552659974,
        "max(diameter)": 9.377579949816647
    },
    "member19": {
        "u": 6.0856969555487925,
        "v": 6.525181117065232,
        "num_eddy": 3.6004170371577384,
        "max(vorticity)": 6.918304933603453,
        "max(diameter)": 0.6449768232102893
    },
    "member20": {
        "u": 2.248717654782739,
        "v": 1.0761370845358442,
        "num_eddy": 4.5471752283850115,
        "max(vorticity)": 7.826613233783214,
        "max(diameter)": 3.029949555011079
    },
    "member21": {
        "u": 1.0431351975064762,
        "v": 8.67178552928216,
        "num_eddy": 0.07040712854421205,
        "max(vorticity)": 2.8871307363577827,
        "max(diameter)": 3.0553254693415344
    },
    "member22": {
        "u": 9.488523714493844,
        "v": 6.842518364315152,
        "num_eddy": 5.806050113604205,
        "max(vorticity)": 1.5196492267532635,
        "max(diameter)": 2.9645370192004226
    },
    "member23": {
        "u": 6.275963453101159,
        "v": 0.10665785114227111,
        "num_eddy": 0.46770416741028553,
        "max(vorticity)": 7.761252637715147,
        "max(diameter)": 1.563640711551355
    },
    "member24": {
        "u": 1.5538775331050703,
        "v": 0.6458785202518069,
        "num_eddy": 7.706386275956712,
        "max(vorticity)": 7.042857977453455,
        "max(diameter)": 8.78418585708746
    },
    "member25": {
        "u": 1.4805109596216837,
        "v": 1.80468915379988,
        "num_eddy": 6.540618921137593,
        "max(vorticity)": 3.4816210387212876,
        "max(diameter)": 3.0080750785294033
    },
    "member26": {
        "u": 3.979476430111617,
        "v": 2.848601693296998,
        "num_eddy": 8.915056447349501,
        "max(vorticity)": 7.379654800687322,
        "max(diameter)": 9.635000316084692
    },
    "member27": {
        "u": 0.43148868484070957,
        "v": 6.930690939423165,
        "num_eddy": 1.7830447921642278,
        "max(vorticity)": 9.889852635769612,
        "max(diameter)": 1.8309930791525508
    },
    "member28": {
        "u": 0.9738973378855253,
        "v": 3.9894518128463807,
        "num_eddy": 1.0772170595227826,
        "max(vorticity)": 9.11507625517116,
        "max(diameter)": 8.094614043164443
    },
    "member29": {
        "u": 5.758173995691227,
        "v": 3.175730668430842,
        "num_eddy": 4.043014189637334,
        "max(vorticity)": 8.606540349576468,
        "max(diameter)": 2.4953933968858455
    },
    "member30": {
        "u": 0.17133234779170392,
        "v": 6.90857278632417,
        "num_eddy": 3.4637591631385733,
        "max(vorticity)": 1.3888118636728763,
        "max(diameter)": 2.663938982974136
    },
    "member31": {
        "u": 3.2269196648337752,
        "v": 4.181601776609095,
        "num_eddy": 9.688518308725065,
        "max(vorticity)": 6.209148593437744,
        "max(diameter)": 1.0424090039159484
    },
    "member32": {
        "u": 7.758374664453762,
        "v": 4.159957177252259,
        "num_eddy": 6.630740354515362,
        "max(vorticity)": 5.620989206518836,
        "max(diameter)": 8.006462820961227
    },
    "member33": {
        "u": 6.919161853569817,
        "v": 4.327251305354961,
        "num_eddy": 6.077690560546203,
        "max(vorticity)": 1.4192364476416008,
        "max(diameter)": 2.927448071435065
    },
    "member34": {
        "u": 9.631875269160744,
        "v": 0.8321995461856835,
        "num_eddy": 0.00740010564696747,
        "max(vorticity)": 2.9688021627351215,
        "max(diameter)": 3.789310665993039
    },
    "member35": {
        "u": 6.421126563513547,
        "v": 4.624880030566919,
        "num_eddy": 7.34353375394168,
        "max(vorticity)": 4.336343966521884,
        "max(diameter)": 7.9931333217317455
    },
    "member36": {
        "u": 0.4724797852694895,
        "v": 7.086233362171468,
        "num_eddy": 1.1043600144942756,