{
    "member1": {
        "u": 9.25229067493721,
        "v": 4.062315708924034,
        "num_eddy": 0.28458362856969344,
        "max(vorticity)": 2.131399354276952,
        "max(diameter)": 5.595908798108821
    },
    "member2": {
        "u": 0.11308401004809454,
        "v": 0.3664113014823822,
        "num_eddy": 5.055351722223181,
        "max(vorticity)": 8.15305080468555,
        "max(diameter)": 4.747349334755845
    },
    "member3": {
        "u": 4.750157778257189,
        "v": 5.611555374228581,
        "num_eddy": 4.245803485878541,
        "max(vorticity)": 8.643917792643636,
        "max(diameter)": 7.915458708477652
    },
    "member4": {
        "u": 3.000094714784579,
        "v": 0.24685014209008926,
        "num_eddy": 3.9221445160806576,
        "max(vorticity)": 3.5752773611313646,
        "max(diameter)": 4.9729197950936745
    },
    "member5": {
        "u": 8.68490072423004,
        "v": 4.0298299272024245,
        "num_eddy": 1.0022183549623331,
        "max(vorticity)": 5.041733802782916,
        "max(diameter)": 3.369847982143953
    },
    "member6": {
        "u": 5.22405880372716,
        "v": 7.434976564322032,
        "num_eddy": 2.781574052134441,
        "max(vorticity)": 6.267285585472868,
        "max(diameter)": 5.564605720615294
    },
    "member7": {
        "u": 9.272119454152572,
        "v": 0.5402938347252317,
        "num_eddy": 3.9148666245048878,
        "max(vorticity)": 3.7696464320889778,
        "max(diameter)": 5.882038447344428
    },
    "member8": {
        "u": 3.4452437765870627,
        "v": 5.568616123308711,
        "num_eddy": 3.699997826428325,
        "max(vorticity)": 9.973945160850878,
        "max(diameter)": 6.2121108054353735
    },
    "member9": {
        "u": 0.548796847901083,
        "v": 5.570711754827668,
        "num_eddy": 4.22521593067194,
        "max(vorticity)": 6.355616867023408,
        "max(diameter)": 6.344474469809071
    },
    "member10": {
        "u": 7.01193939029166,
        "v": 1.0568632589610338,
        "num_eddy": 2.0957845387692418,
        "max(vorticity)": 2.934739663198158,
        "max(diameter)": 6.095976162318305
    },
    "member11": {
        "u": 6.67501252360586,
        "v": 5.787998467498295,
        "num_eddy": 9.85245800146091,
        "max(vorticity)": 6.578590891906186,
        "max(diameter)": 5.715220781766862
    },
    "member12": {
        "u": 5.722380268469017,
        "v": 9.661276081945058,
        "num_eddy": 5.339921451517753,
        "max(vorticity)": 4.949614952591157,
        "max(diameter)": 4.903371233086609
    },
    "member13": {
        "u": 3.0162513449004527,
        "v": 6.672634258032915,
        "num_eddy": 3.792221235959292,
        "max(vorticity)": 2.744874385821554,
        "max(diameter)": 0.40704134548883775
    },
    "member14": {
        "u": 4.6599173745471765,
        "v": 7.829934566534288,
        "num_eddy": 3.490002721601566,
        "max(vorticity)": 3.418818952633289,
        "max(diameter)": 6.104864031665951
    },
    "member15": {
        "u": 2.9196476031643392,
        "v": 6.287624330270712,
        "num_eddy": 5.7736096597915765,
        "max(vorticity)": 3.196560340031515,
        "max(diameter)": 8.312060784076271
    },
    "member16": {
        "u": 9.617087943432466,
        "v": 0.16280164771033112,
        "num_eddy": 8.149522070242652,
        "max(vorticity)": 9.447936327367415,
        "max(diameter)": 7.794666695334071
    },
    "member17": {
        "u": 5.346897113279886,
        "v": 1.1749321210633368,
        "num_eddy": 2.3693439977075803,
        "max(vorticity)": 9.415910276970854,
        "max(diameter)": 2.141979316197067
    },
    "member18": {
        "u": 1.0249844464221547,
        "v": 6.612195710674861,
        "num_eddy": 8.567634507722065,
        "max(vorticity)": 2.0105481094367827,
        "max(diameter)": 9.99089475377
    },
    "member19": {
        "u": 7.396596501135916,
        "v": 5.498484103093894,
        "num_eddy": 9.047962947664193,
        "max(vorticity)": 1.6120998746292758,
        "max(diameter)": 5.894291383329326
    },
    "member20": {
        "u": 2.5204243764142698,
        "v": 8.647208230720526,
        "num_eddy": 7.141382423973726,
        "max(vorticity)": 0.07555250756036358,
        "max(diameter)": 1.312361718190742
    },
    "member21": {
        "u": 4.271943940600965,
        "v": 5.688820537322864,
        "num_eddy": 4.0277198622532575,
        "max(vorticity)": 1.6809411780413541,
        "max(diameter)": 4.9288649119546255
    },
    "member22": {
        "u": 7.970078117275624,
        "v": 8.614007404996928,
        "num_eddy": 8.451588575689959,
        "max(vorticity)": 3.9124618148061483,
        "max(diameter)": 3.7727909049352792
    },
    "member23": {
        "u": 9.939908550396712,
        "v": 8.702784090505896,
        "num_eddy": 5.802522412308217,
        "max(vorticity)": 6.942644174176024,
        "max(diameter)": 5.704455149278119
    },
    "member24": {
        "u": 8.584411951754948,
        "v": 9.250717999123523,
        "num_eddy": 0.6635296889647557,
        "max(vorticity)": 4.145668865120823,
        "max(diameter)": 8.476553175017298
    },
    "member25": {
        "u": 9.420143492337235,
        "v": 4.200183962024688,
        "num_eddy": 4.737503681744259,
        "max(vorticity)": 8.970785587734555,
        "max(diameter)": 8.040459862826838
    },
    "member26": {
        "u": 2.218898071165527,
        "v": 0.8912690010871815,
        "num_eddy": 3.661375062776285,
        "max(vorticity)": 7.568516379679659,
        "max(diameter)": 9.447979680193946
    },
    "member27": {
        "u": 5.773210785240421,
        "v": 8.67462118385372,
        "num_eddy": 8.855715775076792,
        "max(vorticity)": 3.551856769962601,
        "max(diameter)": 4.767095728635854
    },
    "member28": {
        "u": 5.474820236226657,
        "v": 0.4190688189247205,
        "num_eddy": 0.17402720925163706,
        "max(vorticity)": 8.269930518407632,
        "max(diameter)": 9.824972027509608
    },
    "member29": {
        "u": 1.5145774316376726,
        "v": 7.374067381876257,
        "num_eddy": 0.6631440917513454,
        "max(vorticity)": 3.038158711389981,
        "max(diameter)": 1.0191727678437013
    },
    "member30": {
        "u": 8.99062362390575,
        "v": 0.9736345236230304,
        "num_eddy": 1.4669342064545376,
        "max(vorticity)": 4.43495335890502,
        "max(diameter)": 2.358630252488659
    },
    "member31": {
        "u": 5.682303764573567,
        "v": 8.883946319091491,
        "num_eddy": 0.37290900528352044,
        "max(vorticity)": 3.4520941611494536,
        "max(diameter)": 7.83043120327296
    },
    "member32": {
        "u": 2.673536831534337,
        "v": 8.718862260818858,
        "num_eddy": 5.922439847000003,
        "max(vorticity)": 4.784943199851014,
        "max(diameter)": 5.921505275074712
    },
    "member33": {
        "u": 3.560186937418611,
        "v": 7.699535031808394,
        "num_eddy": 3.5758868201156044,
        "max(vorticity)": 2.0705683133979713,
        "max(diameter)": 0.7089543751951877
    },
    "member34": {
        "u": 1.4922543554721257,
        "v": 2.588026411816786,
        "num_eddy": 8.440062403290726,
        "max(vorticity)": 2.7506460769101704,
        "max(diameter)": 7.423215456040807
    },
    "member35": {
        "u": 3.313412865311216,
        "v": 3.394543548543437,
        "num_eddy": 5.558064177875275,
        "max(vorticity)": 4.657468811503756,
        "max(diameter)": 3.1454505183502866
    },
    "member36": {
        "u": 8.532910134209933,
        "v": 6.268675941499139,
        "num_eddy": 3.8922142655920378,