{
    "member1": {
        "u": 5.721945544868899,
        "v": 5.200764852455377,
        "num_eddy": 2.693897108487169,
        "max(vorticity)": 7.354718522489051,
        "max(diameter)": 1.0160515553101845
    },
    "member2": {
        "u": 6.179045055905405,
        "v": 7.113400641294358,
        "num_eddy": 4.002169015508608,
        "max(vorticity)": 2.9345937734833116,
        "max(diameter)": 3.3831057435172953
    },
    "member3": {
        "u": 8.95233280084441,
        "v": 0.14904051051177758,
        "num_eddy": 2.5058551204607857,
        "max(vorticity)": 3.6400985230944327,
        "max(diameter)": 5.589154994420356
    },
    "member4": {
        "u": 5.255398530181052,
        "v": 7.646045148915446,
        "num_eddy": 8.300155014716424,
        "max(vorticity)": 7.359827770542041,
        "max(diameter)": 7.144401859662213
    },
    "member5": {
        "u": 5.007953553819422,
        "v": 1.6116400565951172,
        "num_eddy": 7.617218193890216,
        "max(vorticity)": 4.832760896898781,
        "max(diameter)": 5.157556221293557
    },
    "member6": {
        "u": 3.8016944762586204,
        "v": 0.2869072268562345,
        "num_eddy": 5.672705274366951,
        "max(vorticity)": 0.3391436905257894,
        "max(diameter)": 2.5021212361351286
    },
    "member7": {
        "u": 4.92755765986597,
        "v": 0.07095238895676537,
        "num_eddy": 9.330903141661533,
        "max(vorticity)": 9.404044624198491,
        "max(diameter)": 6.413930174688987
    },
    "member8": {
        "u": 2.6041073967745723,
        "v": 2.8160790367951147,
        "num_eddy": 4.805120198666239,
        "max(vorticity)": 3.1370170897278316,
        "max(diameter)": 2.723796721022087
    },
    "member9": {
        "u": 6.747333400347243,
        "v": 0.8539972785539551,
        "num_eddy": 8.334825293430802,
        "max(vorticity)": 3.846462178680432,
        "max(diameter)": 6.404330017612805
    },
    "member10": {
        "u": 6.898184084921448,
        "v": 4.146558139281122,
        "num_eddy": 6.313655368849798,
        "max(vorticity)": 4.295782589511164,
        "max(diameter)": 4.554992491319403
    },
    "member11": {
        "u": 9.867123746716326,
        "v": 0.5376479627104391,
        "num_eddy": 9.368217099041672,
        "max(vorticity)": 7.515694760297986,
        "max(diameter)": 7.4866536063524745
    },
    "member12": {
        "u": 5.036184130245362,
        "v": 9.811535876044099,
        "num_eddy": 3.4975948628900233,
        "max(vorticity)": 7.071605441030035,
        "max(diameter)": 2.7741214199206277
    },
    "member13": {
        "u": 6.655147375338656,
        "v": 6.890102067714537,
        "num_eddy": 5.049152851093549,
        "max(vorticity)": 4.413405379178857,
        "max(diameter)": 8.455151989685135
    },
    "member14": {
        "u": 9.672458387202301,
        "v": 5.791360926193984,
        "num_eddy": 5.695028255354476,
        "max(vorticity)": 3.54841494191375,
        "max(diameter)": 3.672946591759807
    },
    "member15": {
        "u": 4.644675494994921,
        "v": 5.266306928916896,
        "num_eddy": 4.6842850490688335,
        "max(vorticity)": 9.342989046497603,
        "max(diameter)": 4.146964586783046
    },
    "member16": {
        "u": 8.5049293273376,
        "v": 8.443069420602342,
        "num_eddy": 2.493035432591882,
        "max(vorticity)": 8.5210506506188,
        "max(diameter)": 6.305611218449695
    },
    "member17": {
        "u": 1.2237990810498078,
        "v": 5.784416204555569,
        "num_eddy": 8.115934707089457,
        "max(vorticity)": 5.045567221967948,
        "max(diameter)": 2.4990886131417223
    },
    "member18": {
        "u": 6.808515686511496,
        "v": 4.4305064327650046,
        "num_eddy": 6.688988755642262,
        "max(vorticity)": 8.557886941839751,
        "max(diameter)": 2.5051683931841575
    },
    "member19": {
        "u": 6.094337064750826,
        "v": 8.687479921639657,
        "num_eddy": 7.09561302181511,
        "max(vorticity)": 2.924875330791421,
        "max(diameter)": 1.1848161898647591
    },
    "member20": {
        "u": 7.62345557901231,
        "v": 4.8635492551418436,
        "num_eddy": 6.767497240667922,
        "max(vorticity)": 5.242750530338455,
        "max(diameter)": 6.641877086611113
    },
    "member21": {
        "u": 1.1872721933165087,
        "v": 2.5825337835440387,
        "num_eddy": 0.3338111639006136,
        "max(vorticity)": 9.50477447861765,
        "max(diameter)": 2.7778707585155815
    },
    "member22": {
        "u": 9.027510243672918,
        "v": 4.911531662417548,
        "num_eddy": 8.992087304104173,
        "max(vorticity)": 0.10864337981058458,
        "max(diameter)": 8.450945643570995
    },
    "member23": {
        "u": 6.03631762886812,
        "v": 1.231100613641335,
        "num_eddy": 6.608705701179432,
        "max(vorticity)": 6.864210934645795,
        "max(diameter)": 3.733286993239031
    },
    "member24": {
        "u": 4.0438211390199585,
        "v": 3.5627122365912944,
        "num_eddy": 6.580513712928151,
        "max(vorticity)": 8.812394432736214,
        "max(diameter)": 8.914991936774413
    },
    "member25": {
        "u": 0.98932986918156,
        "v": 7.179487919716493,
        "num_eddy": 7.977741421645096,
        "max(vorticity)": 9.6287685443098,
        "max(diameter)": 2.6205744944503695
    },
    "member26": {
        "u": 4.0687014768784415,
        "v": 1.2348165115072463,
        "num_eddy": 4.286985077235141,
        "max(vorticity)": 7.3495177188510405,
        "max(diameter)": 1.3940246968355163
    },
    "member27": {
        "u": 2.1592032527179414,
        "v": 1.3821542507343965,
        "num_eddy": 2.023277627513902,
        "max(vorticity)": 5.29203528445577,
        "max(diameter)": 4.858162947703977
    },
    "member28": {
        "u": 1.5980512001695424,
        "v": 1.2227383848541096,
        "num_eddy": 8.186906563686588,
        "max(vorticity)": 8.814709788331072,
        "max(diameter)": 2.6022453809385695
    },
    "member29": {
        "u": 9.134874434589834,
        "v": 3.889709286912203,
        "num_eddy": 1.7509243064813007,
        "max(vorticity)": 9.231496008800207,
        "max(diameter)": 7.184157917277778
    },
    "member30": {
        "u": 4.879189143947684,
        "v": 8.064938732258923,
        "num_eddy": 1.7207107197249472,
        "max(vorticity)": 4.253850111978337,
        "max(diameter)": 2.3863807664166323
    },
    "member31": {
        "u": 6.694196373446145,
        "v": 4.512256460496601,
        "num_eddy": 2.302028419365223,
        "max(vorticity)": 3.392080363182375,
        "max(diameter)": 8.345426035309197
    },
    "member32": {
        "u": 7.022176196921772,
        "v": 7.23997597804096,
        "num_eddy": 1.9908411584004804,
        "max(vorticity)": 1.4917955727437748,
        "max(diameter)": 7.1449073506788805
    },
    "member33": {
        "u": 4.740848077134298,
        "v": 3.332868077849136,
        "num_eddy": 0.7736184460805517,
        "max(vorticity)": 1.251792330431043,
        "max(diameter)": 8.341415705992185
    },
    "member34": {
        "u": 9.222772380532994,
        "v": 8.306543996072163,
        "num_eddy": 2.6138851610234792,
        "max(vorticity)": 4.005163148589707,
        "max(diameter)": 4.870018785842914
    },
    "member35": {
        "u": 0.02734325396054671,
        "v": 1.5152565924134842,
        "num_eddy": 4.402385386062107,
        "max(vorticity)": 4.393968564381424,
        "max(diameter)": 5.033765894682054
    },
    "member36": {
        "u": 5.539814824948005,
        "v": 3.157120695679919,
        "num_eddy": 2.761081548370522,