{
    "member1": {
        "u": 4.193812404397218,
        "v": 3.5833964291737375,
        "num_eddy": 7.475209655075904,
        "max(vorticity)": 5.482871561984075,
        "max(diameter)": 0.30388066200177977
    },
    "member2": {
        "u": 0.937653351797666,
        "v": 2.942805092565519,
        "num_eddy": 5.273535127031249,
        "max(vorticity)": 2.2912480963873394,
        "max(diameter)": 7.912967044614716
    },
    "member3": {
        "u": 2.474816928585385,
        "v": 3.5846041267649387,
        "num_eddy": 5.9320003877303655,
        "max(vorticity)": 6.664752914409178,
        "max(diameter)": 7.692667790889787
    },
    "member4": {
        "u": 6.286702733942433,
        "v": 6.8479084772883105,
        "num_eddy": 8.540534604103867,
        "max(vorticity)": 6.719647405790871,
        "max(diameter)": 3.09186454735211
    },
    "member5": {
        "u": 0.7285035960059982,
        "v": 9.718350673718927,
        "num_eddy": 1.5016613891980357,
        "max(vorticity)": 6.525788664158335,
        "max(diameter)": 0.9700095002370679
    },
    "member6": {
        "u": 9.964580414613744,
        "v": 8.70347433739676,
        "num_eddy": 7.542244398066504,
        "max(vorticity)": 7.904418223866822,
        "max(diameter)": 3.6373591216176946
    },
    "member7": {
        "u": 1.6826253037110872,
        "v": 5.912676135776293,
        "num_eddy": 7.0590077406825475,
        "max(vorticity)": 7.95483844578733,
        "max(diameter)": 2.133075840919708
    },
    "member8": {
        "u": 5.924182767914271,
        "v": 1.5882300844658481,
        "num_eddy": 6.955228194091259,
        "max(vorticity)": 7.186028010925498,
        "max(diameter)": 3.1276778575399
    },
    "member9": {
        "u": 0.2428600333037223,
        "v": 1.4721741848515868,
        "num_eddy": 2.864915199746184,
        "max(vorticity)": 0.8531009555890035,
        "max(diameter)": 5.803393397245673
    },
    "member10": {
        "u": 6.435321326378515,
        "v": 7.829742138471383,
        "num_eddy": 6.89764001006013,
        "max(vorticity)": 1.4151213790423067,
        "max(diameter)": 3.620486780820867
    },
    "member11": {
        "u": 3.6932740659117425,
        "v": 0.18500985907086154,
        "num_eddy": 5.7485697787323975,
        "max(vorticity)": 5.820510543137559,
        "max(diameter)": 1.8731189214661192
    },
    "member12": {
        "u": 4.1450164506241265,
        "v": 7.7720059639218855,
        "num_eddy": 6.428166359191588,
        "max(vorticity)": 7.394747126571889,
        "max(diameter)": 1.5413873075014362
    },
    "member13": {
        "u": 2.1987357947225226,
        "v": 9.21238973698054,
        "num_eddy": 4.438890841208712,
        "max(vorticity)": 2.8445193190876603,
        "max(diameter)": 6.688203636235296
    },
    "member14": {
        "u": 8.936469164475056,
        "v": 5.3739772599774565,
        "num_eddy": 9.21997772323518,
        "max(vorticity)": 6.8244817271754235,
        "max(diameter)": 2.7890529784625318
    },
    "member15": {
        "u": 1.6006543547223795,
        "v": 2.041091309938273,
        "num_eddy": 1.6128154950105111,
        "max(vorticity)": 3.574568199306387,
        "max(diameter)": 3.2827356612031178
    },
    "member16": {
        "u": 2.5489855600574405,
        "v": 7.6399183437122105,
        "num_eddy": 1.218820501960397,
        "max(vorticity)": 5.003055933105766,
        "max(diameter)": 0.8652967755024876
    },
    "member17": {
        "u": 0.7915141570949391,
        "v": 3.6043536365751736,
        "num_eddy": 6.317256105759059,
        "max(vorticity)": 6.786485192978655,
        "max(diameter)": 5.104007584817991
    },
    "member18": {
        "u": 2.8848922111164765,
        "v": 4.320855638368718,
        "num_eddy": 0.08987673958270492,
        "max(vorticity)": 9.068612658175628,
        "max(diameter)": 5.323208030434311
    },
    "member19": {
        "u": 8.09175262317677,
        "v": 8.817938471521334,
        "num_eddy": 9.416723780412969,
        "max(vorticity)": 3.9055023676205716,
        "max(diameter)": 2.700404326696202
    },
    "member20": {
        "u": 9.205822125383964,
        "v": 0.49161764848707046,
        "num_eddy": 8.807715074256198,
        "max(vorticity)": 9.110293278346205,
        "max(diameter)": 3.7729286173708876
    },
    "member21": {
        "u": 2.4508854240937383,
        "v": 4.9868831131410065,
        "num_eddy": 7.2754136512716805,
        "max(vorticity)": 0.8231211857006571,
        "max(diameter)": 1.1976168801559928
    },
    "member22": {
        "u": 9.307116068266412,
        "v": 0.6896408556714373,
        "num_eddy": 7.757529336731537,
        "max(vorticity)": 7.236606262504499,
        "max(diameter)": 4.345068886618865
    },
    "member23": {
        "u": 9.98531389505111,
        "v": 2.8267793924843154,
        "num_eddy": 0.17332464535749548,
        "max(vorticity)": 9.548092437240985,
        "max(diameter)": 2.4518709052270014
    },
    "member24": {
        "u": 5.760653361814882,
        "v": 0.8402369871844506,
        "num_eddy": 2.5588938490099333,
        "max(vorticity)": 1.4288253970141018,
        "max(diameter)": 4.166742079588204
    },
    "member25": {
        "u": 2.312577192932764,
        "v": 6.313026010382626,
        "num_eddy": 8.693739888902687,
        "max(vorticity)": 9.03366980817389,
        "max(diameter)": 1.763881667653644
    },
    "member26": {
        "u": 7.429470046854073,
        "v": 1.5058153534242102,
        "num_eddy": 0.8583015435098085,
        "max(vorticity)": 9.369610151155253,
        "max(diameter)": 7.18228342484406
    },
    "member27": {
        "u": 6.468297056309234,
        "v": 4.144795896681406,
        "num_eddy": 3.7242676020315004,
        "max(vorticity)": 7.085878585278688,
        "max(diameter)": 6.185544146411306
    },
    "member28": {
        "u": 0.9147800882791091,
        "v": 0.5035262371087734,
        "num_eddy": 0.9812493239763409,
        "max(vorticity)": 6.900309600280432,
        "max(diameter)": 8.633907150612913
    },
    "member29": {
        "u": 6.29392083801889,
        "v": 0.2935580597214904,
        "num_eddy": 4.838206582932251,
        "max(vorticity)": 0.062084382677698446,
        "max(diameter)": 5.054320173877995
    },
    "member30": {
        "u": 0.22930582796416688,
        "v": 2.0757814634066674,
        "num_eddy": 2.2190698470912285,
        "max(vorticity)": 7.408529594647582,
        "max(diameter)": 3.4073352640448187
    },
    "member31": {
        "u": 5.693646622054141,
        "v": 3.956795667023484,
        "num_eddy": 9.294007416787839,
        "max(vorticity)": 3.688757941121499,
        "max(diameter)": 8.966857745733016
    },
    "member32": {
        "u": 1.1854436740054142,
        "v": 2.8820372720388154,
        "num_eddy": 5.21999547918666,
        "max(vorticity)": 0.6340311377927721,
        "max(diameter)": 0.10870714144403104
    },
    "member33": {
        "u": 6.009290329350008,
        "v": 8.72988651770073,
        "num_eddy": 1.5816546650438124,
        "max(vorticity)": 8.347274997476184,
        "max(diameter)": 0.3437168653544842
    },
    "member34": {
        "u": 0.4365260207642119,
        "v": 5.802816112726415,
        "num_eddy": 6.59042514469859,
        "max(vorticity)": 4.935114172252319,
        "max(diameter)": 6.8812615395053935
    },
    "member35": {
        "u": 3.601438166240353,
        "v": 5.623059073375048,
        "num_eddy": 1.8366785105081873,
        "max(vorticity)": 8.572901748758857,
        "max(diameter)": 9.741564330187096
    },
    "member36": {
        "u": 2.281960321621146,
        "v": 1.7085699425489342,
        "num_eddy": 9.945633622668327,