{
    "member1": {
        "u": 2.7171978776232377,
        "v": 4.537643783566798,
        "num_eddy": 2.7242020414425494,
        "max(vorticity)": 8.327970533434868,
        "max(diameter)": 9.402907564374996
    },
    "member2": {
        "u": 0.13794925155017568,
        "v": 5.7692741387072966,
        "num_eddy": 1.9818784665077593,
        "max(vorticity)": 6.337419504336726,
        "max(diameter)": 7.705396005765188
    },
    "member3": {
        "u": 6.884745841804304,
        "v": 4.240303492052178,
        "num_eddy": 0.7941108425616439,
        "max(vorticity)": 4.159960580488944,
        "max(diameter)": 2.9656498340622353
    },
    "member4": {
        "u": 1.8387953644702526,
        "v": 3.3331769668542433,
        "num_eddy": 4.662862438362368,
        "max(vorticity)": 3.448211031910491,
        "max(diameter)": 4.105990427026631
    },
    "member5": {
        "u": 7.113048977309893,
        "v": 0.635655914232105,
        "num_eddy": 3.4346803186337125,
        "max(vorticity)": 2.850718686016335,
        "max(diameter)": 2.908985382771795
    },
    "member6": {
        "u": 1.6293136783234075,
        "v": 6.698055462107656,
        "num_eddy": 4.575793117563939,
        "max(vorticity)": 5.416124703650547,
        "max(diameter)": 8.034190331720962
    },
    "member7": {
        "u": 4.355452013260265,
        "v": 9.121300380147417,
        "num_eddy": 8.344538049292902,
        "max(vorticity)": 7.78445291429356,
        "max(diameter)": 8.673463822613215
    },
    "member8": {
        "u": 6.504831522103976,
        "v": 5.791007400583474,
        "num_eddy": 7.61926464301177,
        "max(vorticity)": 1.945205299080811,
        "max(diameter)": 9.886810324354997
    },
    "member9": {
        "u": 9.683039697255037,
        "v": 0.5914895013087462,
        "num_eddy": 8.882341197281917,
        "max(vorticity)": 8.952669309102635,
        "max(diameter)": 4.58842282616895
    },
    "member10": {
        "u": 9.441066320067925,
        "v": 3.879367896259952,
        "num_eddy": 4.839208465656394,
        "max(vorticity)": 3.9604812524635458,
        "max(diameter)": 5.349441354422334
    },
    "member11": {
        "u": 9.700149729029523,
        "v": 6.225473689357541,
        "num_eddy": 9.746079348810111,
        "max(vorticity)": 7.012899939416472,
        "max(diameter)": 0.15234838385593252
    },
    "member12": {
        "u": 7.260600183416556,
        "v": 2.4162265583117994,
        "num_eddy": 6.598875647778498,
        "max(vorticity)": 4.320310844429777,
        "max(diameter)": 8.955973951761834
    },
    "member13": {
        "u": 6.373187510135861,
        "v": 5.615724997659351,
        "num_eddy": 3.4755333165137072,
        "max(vorticity)": 5.035134148717918,
        "max(diameter)": 8.784053348956856
    },
    "member14": {
        "u": 9.487567127029639,
        "v": 1.1350045019388322,
        "num_eddy": 1.2936503800433075,
        "max(vorticity)": 6.807275091974883,
        "max(diameter)": 1.1188200993672748
    },
    "member15": {
        "u": 5.583024915747123,
        "v": 7.400273625170194,
        "num_eddy": 8.721086254549377,
        "max(vorticity)": 2.803999128905538,
        "max(diameter)": 2.5253012066481793
    },
    "member16": {
        "u": 6.8472857397752875,
        "v": 4.704549183902475,
        "num_eddy": 0.07048539117833541,
        "max(vorticity)": 6.368769281073296,
        "max(diameter)": 5.165677891558268
    },
    "member17": {
        "u": 0.07273666758955688,
        "v": 8.239219378433255,
        "num_eddy": 3.4103182262269485,
        "max(vorticity)": 2.8027705970346006,
        "max(diameter)": 6.350386667510981
    },
    "member18": {
        "u": 3.198816612003564,
        "v": 5.317500978741775,
        "num_eddy": 1.4686180606122923,
        "max(vorticity)": 4.604826187485571,
        "max(diameter)": 8.66319981913991
    },
    "member19": {
        "u": 5.391762779315626,
        "v": 1.7161865710475,
        "num_eddy": 8.041658837259826,
        "max(vorticity)": 4.672350895756484,
        "max(diameter)": 8.683605234021632
    },
    "member20": {
        "u": 5.51467407317173,
        "v": 4.611950057844684,
        "num_eddy": 0.6625591170215972,
        "max(vorticity)": 7.216485739827889,
        "max(diameter)": 3.6291848313146637
    },
    "member21": {
        "u": 3.405068601405091,
        "v": 9.15253418758149,
        "num_eddy": 8.811546130104995,
        "max(vorticity)": 8.47696490624884,
        "max(diameter)": 5.777723198132812
    },
    "member22": {
        "u": 9.075404799478415,
        "v": 1.5703586959007643,
        "num_eddy": 7.971865062218928,
        "max(vorticity)": 5.647556424587656,
        "max(diameter)": 3.1446445499467557
    },
    "member23": {
        "u": 7.679071997566712,
        "v": 1.4881897975036762,
        "num_eddy": 6.750877086372312,
        "max(vorticity)": 6.381116961021536,
        "max(diameter)": 4.024145823053786
    },
    "member24": {
        "u": 3.7100222365187485,
        "v": 1.7993295430003353,
        "num_eddy": 1.3783550780522325,
        "max(vorticity)": 1.5293646845025322,
        "max(diameter)": 3.654952907607453
    },
    "member25": {
        "u": 9.323400571474213,
        "v": 2.8762635941628267,
        "num_eddy": 6.363050254407353,
        "max(vorticity)": 6.052920921566079,
        "max(diameter)": 2.3945452402081324
    },
    "member26": {
        "u": 9.147961282306632,
        "v": 1.872370888791286,
        "num_eddy": 1.4523810549499472,
        "max(vorticity)": 5.50875045136282,
        "max(diameter)": 2.015140090034838
    },
    "member27": {
        "u": 7.223753038382338,
        "v": 9.746623357019008,
        "num_eddy": 9.103936546122082,
        "max(vorticity)": 7.323369523256328,
        "max(diameter)": 6.34296347356732
    },
    "member28": {
        "u": 6.1366323965937,
        "v": 4.311769142028582,
        "num_eddy": 3.5486993644941025,
        "max(vorticity)": 5.78963716314248,
        "max(diameter)": 6.281246082256061
    },
    "member29": {
        "u": 2.9810219507854208,
        "v": 5.383223758793539,
        "num_eddy": 4.646798474277066,
        "max(vorticity)": 9.500562797908813,
        "max(diameter)": 8.56057493717503
    },
    "member30": {
        "u": 4.163044870862974,
        "v": 8.471292956609823,
        "num_eddy": 5.618052822783861,
        "max(vorticity)": 7.4068716100681,
        "max(diameter)": 6.42650207572296
    },
    "member31": {
        "u": 3.337673889275802,
        "v": 5.27649018051188,
        "num_eddy": 5.273752008862167,
        "max(vorticity)": 1.8156469885617188,
        "max(diameter)": 5.994921315178436
    },
    "member32": {
        "u": 6.249571954371943,
        "v": 0.9009584251528879,
        "num_eddy": 8.295140846245229,
        "max(vorticity)": 7.326603740196152,
        "max(diameter)": 5.215421637459741
    },
    "member33": {
        "u": 5.617934010828618,
        "v": 5.816071845839148,
        "num_eddy": 1.7839865175477099,
        "max(vorticity)": 8.370505985201751,
        "max(diameter)": 7.037460593086797
    },
    "member34": {
        "u": 6.165547687363722,
        "v": 7.320403894108514,
        "num_eddy": 9.86133163080636,
        "max(vorticity)": 7.206574226109231,
        "max(diameter)": 7.36779398419837
    },
    "member35": {
        "u": 1.2562401463830053,
        "v": 9.961709049928926,
        "num_eddy": 4.93112263203849,
        "max(vorticity)": 2.986261202571694,
        "max(diameter)": 3.098338606190242
    },
    "member36": {
        "u": 2.3653087696074304,
        "v": 0.10734478249645796,
        "num_eddy": 6.178542051535293,
        "max(vorticity)": 2.5012286657454874,