{
    "member1": {
        "u": 2.4535300930728274,
        "v": 2.1815624986835944,
        "num_eddy": 9.725263472482329,
        "max(vorticity)": 2.776306359026549,
        "max(diameter)": 1.0464684894196763
    },
    "member2": {
        "u": 3.6381348961239226,
        "v": 4.895149560555208,
        "num_eddy": 1.131122079686101,
        "max(vorticity)": 1.7781356957283434,
        "max(diameter)": 0.33940213710617617
    },
    "member3": {
        "u": 7.576456077935358,
        "v": 0.22737847351039453,
        "num_eddy": 1.1774895133639274,
        "max(vorticity)": 9.978556585811262,
        "max(diameter)": 1.4504858634422912
    },
    "member4": {
        "u": 7.042603040232953,
        "v": 4.396837896601512,
        "num_eddy": 8.735350098834612,
        "max(vorticity)": 3.590546614596286,
        "max(diameter)": 5.997319915089431
    },
    "member5": {
        "u": 4.130435261561715,
        "v": 0.8907164922687083,
        "num_eddy": 4.154566105315462,
        "max(vorticity)": 9.861690365164693,
        "max(diameter)": 4.922072873077646
    },
    "member6": {
        "u": 8.772893565936728,
        "v": 1.8072617402051383,
        "num_eddy": 9.958964195049706,
        "max(vorticity)": 2.7317853756862434,
        "max(diameter)": 2.9462207780174063
    },
    "member7": {
        "u": 6.584924724172355,
        "v": 0.893946021222255,
        "num_eddy": 2.2162783091701566,
        "max(vorticity)": 1.98288016279631,
        "max(diameter)": 6.269026605742565
    },
    "member8": {
        "u": 1.7874279684031447,
        "v": 0.24489159863445908,
        "num_eddy": 5.217410947572668,
        "max(vorticity)": 4.633215827120921,
        "max(diameter)": 9.539860455825414
    },
    "member9": {
        "u": 7.754275098215801,
        "v": 3.1373725815351783,
        "num_eddy": 4.094069605066824,
        "max(vorticity)": 3.9538988123462437,
        "max(diameter)": 7.749129351185279
    },
    "member10": {
        "u": 2.6236765917644056,
        "v": 8.617975792251146,
        "num_eddy": 3.496733287580671,
        "max(vorticity)": 2.4282216076008964,
        "max(diameter)": 1.2158246113935178
    },
    "member11": {
        "u": 8.43863684782112,
        "v": 5.369499551830255,
        "num_eddy": 8.218900717704402,
        "max(vorticity)": 8.593192666858009,
        "max(diameter)": 0.8246059106227832
    },
    "member12": {
        "u": 0.6234499709520702,
        "v": 3.512438940079783,
        "num_eddy": 9.756607706246811,
        "max(vorticity)": 2.0283774399706846,
        "max(diameter)": 0.5939729721259013
    },
    "member13": {
        "u": 5.601146810946107,
        "v": 0.17995279517563634,
        "num_eddy": 8.519533259699447,
        "max(vorticity)": 4.8204582987667965,
        "max(diameter)": 2.205659284269429
    },
    "member14": {
        "u": 7.36294411040668,
        "v": 6.355033896215678,
        "num_eddy": 1.6639470901807385,
        "max(vorticity)": 6.5054330890685454,
        "max(diameter)": 9.094484877453352
    },
    "member15": {
        "u": 4.56515850993965,
        "v": 8.118712021203061,
        "num_eddy": 9.030680137750085,
        "max(vorticity)": 9.761748333214323,
        "max(diameter)": 2.986616805506195
    },
    "member16": {
        "u": 9.568236232002983,
        "v": 6.160630979240391,
        "num_eddy": 5.65784137596585,
        "max(vorticity)": 9.735270310561107,
        "max(diameter)": 7.066043542615646
    },
    "member17": {
        "u": 3.8781407238596097,
        "v": 8.305026909802528,
        "num_eddy": 8.705665357580848,
        "max(vorticity)": 4.469883493488055,
        "max(diameter)": 0.8394607170411961
    },
    "member18": {
        "u": 0.8000420877971093,
        "v": 9.76976270256087,
        "num_eddy": 0.6942646639437167,
        "max(vorticity)": 7.7830611373458645,
        "max(diameter)": 8.84490846160774
    },
    "member19": {
        "u": 3.3353451563321377,
        "v": 1.5974744581065103,
        "num_eddy": 9.32931447853304,
        "max(vorticity)": 8.705712630533446,
        "max(diameter)": 1.9937388890571228
    },
    "member20": {
        "u": 1.289011384697254,
        "v": 8.795428356290383,
        "num_eddy": 0.2363022548014726,
        "max(vorticity)": 8.389474377191963,
        "max(diameter)": 7.803934599590984
    },
    "member21": {
        "u": 9.97801687331485,
        "v": 8.946727659796604,
        "num_eddy": 4.324650597937949,
        "max(vorticity)": 5.626643083811218,
        "max(diameter)": 3.0928599227866793
    },
    "member22": {
        "u": 8.853595956516918,
        "v": 8.297540910338173,
        "num_eddy": 6.5881949253520675,
        "max(vorticity)": 9.778509728635434,
        "max(diameter)": 5.723936441665853
    },
    "member23": {
        "u": 2.4285079622206274,
        "v": 8.585917402628661,
        "num_eddy": 2.900492804169735,
        "max(vorticity)": 6.1377058645918705,
        "max(diameter)": 1.1044000199326454
    },
    "member24": {
        "u": 9.554371603258549,
        "v": 0.7968617704614234,
        "num_eddy": 0.6260497017622835,
        "max(vorticity)": 2.3836456965088937,
        "max(diameter)": 8.053946838143972
    },
    "member25": {
        "u": 0.8084303516594316,
        "v": 4.830660205685847,
        "num_eddy": 1.7662536501542436,
        "max(vorticity)": 5.942653384643926,
        "max(diameter)": 0.8240646272177365
    },
    "member26": {
        "u": 0.40414349197049115,
        "v": 3.6584357643957954,
        "num_eddy": 9.103472178773739,
        "max(vorticity)": 7.8598509842945585,
        "max(diameter)": 6.042794297300582
    },
    "member27": {
        "u": 7.4037520889343,
        "v": 8.4667950162528,
        "num_eddy": 9.809288528330853,
        "max(vorticity)": 8.23815870959271,
        "max(diameter)": 5.9104831209242334
    },
    "member28": {
        "u": 8.492284069653333,
        "v": 5.608250645724846,
        "num_eddy": 2.475542080659058,
        "max(vorticity)": 8.662845630979636,
        "max(diameter)": 0.5995008960275816
    },
    "member29": {
        "u": 6.967401955928421,
        "v": 4.319253587627666,
        "num_eddy": 2.0443140580078536,
        "max(vorticity)": 2.8254044702657497,
        "max(diameter)": 1.9534026835919538
    },
    "member30": {
        "u": 0.11213256045591313,
        "v": 9.91447370405328,
        "num_eddy": 9.94745573122683,
        "max(vorticity)": 5.376075624969924,
        "max(diameter)": 4.6683801746907205
    },
    "member31": {
        "u": 7.039970299038285,
        "v": 0.40732194252108167,
        "num_eddy": 6.381536004831099,
        "max(vorticity)": 0.16397345196122903,
        "max(diameter)": 9.46241982262613
    },
    "member32": {
        "u": 2.8215225654299623,
        "v": 6.666359478091661,
        "num_eddy": 2.996655616891879,
        "max(vorticity)": 0.9245442656883673,
        "max(diameter)": 5.625185194694171
    },
    "member33": {
        "u": 4.389575189508173,
        "v": 0.6440695403825214,
        "num_eddy": 9.188275875248106,
        "max(vorticity)": 1.9494329411224431,
        "max(diameter)": 8.934536625676204
    },
    "member34": {
        "u": 4.087433536080197,
        "v": 5.663623617104539,
        "num_eddy": 3.7097954669444135,
        "max(vorticity)": 9.254136767191243,
        "max(diameter)": 8.22330852753073
    },
    "member35": {
        "u": 4.321286564243545,
        "v": 5.606004676531413,
        "num_eddy": 2.6982191425801902,
        "max(vorticity)": 6.576029336293402,
        "max(diameter)": 5.3207022192257085
    },
    "member36": {
        "u": 3.91114804094585,
        "v": 0.8085080102301689,
        "num_eddy": 4.939881542813913,