{
    "member1": {
        "u": 7.33432419354632,
        "v": 7.653760867141041,
        "num_eddy": 2.8582423889769757,
        "max(vorticity)": 3.981001972549639,
        "max(diameter)": 0.2780750275997712
    },
    "member2": {
        "u": 8.956238337941965,
        "v": 8.371519918382928,
        "num_eddy": 2.9029644810484645,
        "max(vorticity)": 7.086453740535412,
        "max(diameter)": 0.3017338223636157
    },
    "member3": {
        "u": 8.475853428581875,
        "v": 1.2989603690404994,
        "num_eddy": 1.6718463337639289,
        "max(vorticity)": 7.752717598641671,
        "max(diameter)": 3.712170022941359
    },
    "member4": {
        "u": 5.281766900780074,
        "v": 2.6618496432667147,
        "num_eddy": 0.5575676847069633,
        "max(vorticity)": 2.324154625425482,
        "max(diameter)": 5.981004827259896
    },
    "member5": {
        "u": 6.830610635659754,
        "v": 0.48563329686335255,
        "num_eddy": 3.466426849044434,
        "max(vorticity)": 7.018434809677424,
        "max(diameter)": 9.966305626491845
    },
    "member6": {
        "u": 0.046265431890234465,
        "v": 5.073818720711629,
        "num_eddy": 3.039029838864021,
        "max(vorticity)": 9.810714710262568,
        "max(diameter)": 2.617244500870526
    },
    "member7": {
        "u": 8.205749846398227,
        "v": 8.219084431112872,
        "num_eddy": 9.4735731010498,
        "max(vorticity)": 2.8003761463876375,
        "max(diameter)": 6.063974860569415
    },
    "member8": {
        "u": 4.966301109100259,
        "v": 0.46099705970802374,
        "num_eddy": 1.4563327954242433,
        "max(vorticity)": 3.738794554785109,
        "max(diameter)": 9.356607466075104
    },
    "member9": {
        "u": 9.959762140182415,
        "v": 3.799055518974445,
        "num_eddy": 9.093016755235677,
        "max(vorticity)": 2.9178937767799606,
        "max(diameter)": 9.749406315248088
    },
    "member10": {
        "u": 8.899622659791453,
        "v": 8.776192903371903,
        "num_eddy": 1.584995408865637,
        "max(vorticity)": 6.170154458889474,
        "max(diameter)": 5.82469247037248
    },
    "member11": {
        "u": 0.6576556943379275,
        "v": 6.522385993041635,
        "num_eddy": 6.418727985460175,
        "max(vorticity)": 3.1807139304392216,
        "max(diameter)": 2.8897488478252065
    },
    "member12": {
        "u": 9.994405902561681,
        "v": 6.628119840339922,
        "num_eddy": 9.53968244568488,
        "max(vorticity)": 7.833254121692944,
        "max(diameter)": 9.314385839910813
    },
    "member13": {
        "u": 7.247289520103756,
        "v": 9.814596820904548,
        "num_eddy": 6.0662777380321495,
        "max(vorticity)": 9.977264782563354,
        "max(diameter)": 0.7356551736970274
    },
    "member14": {
        "u": 3.312543831684256,
        "v": 0.7842432475743688,
        "num_eddy": 1.35581003726721,
        "max(vorticity)": 3.665728012839219,
        "max(diameter)": 8.912624711597696
    },
    "member15": {
        "u": 2.340046661262869,
        "v": 2.892242661655735,
        "num_eddy": 2.6313116958420135,
        "max(vorticity)": 3.10292052486814,
        "max(diameter)": 3.494824183338443
    },
    "member16": {
        "u": 1.229315540045196,
        "v": 3.8633138513559437,
        "num_eddy": 7.595084294037111,
        "max(vorticity)": 8.581383529958721,
        "max(diameter)": 6.03591495497244
    },
    "member17": {
        "u": 7.981567423280219,
        "v": 5.787565064750707,
        "num_eddy": 0.9091058302440469,
        "max(vorticity)": 2.6682015064494182,
        "max(diameter)": 2.494069378381254
    },
    "member18": {
        "u": 5.231110724358529,
        "v": 5.2803457149406725,
        "num_eddy": 1.88967041746803,
        "max(vorticity)": 6.996317266182034,
        "max(diameter)": 3.7543397847447944
    },
    "member19": {
        "u": 2.070224854023268,
        "v": 3.5626771814018676,
        "num_eddy": 0.5608983160988279,
        "max(vorticity)": 2.0227072412370193,
        "max(diameter)": 7.507231397766805
    },
    "member20": {
        "u": 2.1647681440648237,
        "v": 2.9140657274099278,
        "num_eddy": 3.5400397929020144,
        "max(vorticity)": 3.7865284627776266,
        "max(diameter)": 5.913424336839769
    },
    "member21": {
        "u": 8.983103095872705,
        "v": 0.7094768714655297,
        "num_eddy": 7.604607504108584,
        "max(vorticity)": 9.543175665175635,
        "max(diameter)": 0.5149198569192603
    },
    "member22": {
        "u": 5.892290632573065,
        "v": 7.013342653792497,
        "num_eddy": 9.569262132940855,
        "max(vorticity)": 2.9913215202301013,
        "max(diameter)": 1.916749541374999
    },
    "member23": {
        "u": 3.2300988301942155,
        "v": 3.417191718290451,
        "num_eddy": 8.7075072127241,
        "max(vorticity)": 0.75531504016351,
        "max(diameter)": 8.14979830373304
    },
    "member24": {
        "u": 7.233203683167533,
        "v": 8.383733836896424,
        "num_eddy": 8.463296569238507,
        "max(vorticity)": 6.243612277671896,
        "max(diameter)": 0.2208737717790077
    },
    "member25": {
        "u": 8.452691740278285,
        "v": 9.467527545168497,
        "num_eddy": 7.0211164593943245,
        "max(vorticity)": 7.603623457781746,
        "max(diameter)": 8.369805953534296
    },
    "member26": {
        "u": 0.8367612548275505,
        "v": 3.6565047164585374,
        "num_eddy": 2.9907529944909017,
        "max(vorticity)": 1.879212097956926,
        "max(diameter)": 7.178353037656246
    },
    "member27": {
        "u": 5.4648844561962875,
        "v": 0.20540058502251823,
        "num_eddy": 6.067868110854815,
        "max(vorticity)": 8.314145622415728,
        "max(diameter)": 4.089280920899304
    },
    "member28": {
        "u": 5.923215971317683,
        "v": 0.8429146882780247,
        "num_eddy": 1.2138640606376006,
        "max(vorticity)": 2.7065701180987736,
        "max(diameter)": 4.115157952470927
    },
    "member29": {
        "u": 2.3220154655100522,
        "v": 1.862741668691481,
        "num_eddy": 5.587233404661055,
        "max(vorticity)": 3.4669601759820488,
        "max(diameter)": 0.3446035932001945
    },
    "member30": {
        "u": 7.124698482881163,
        "v": 1.1562448895452149,
        "num_eddy": 4.623193948578715,
        "max(vorticity)": 3.1244241898755876,
        "max(diameter)": 2.2100759377201094
    },
    "member31": {
        "u": 4.924530666666969,
        "v": 3.5359910573030753,
        "num_eddy": 3.7307841487385596,
        "max(vorticity)": 1.9822913523507757,
        "max(diameter)": 9.926802783205908
    },
    "member32": {
        "u": 5.865279638463799,
        "v": 3.6672362625332457,
        "num_eddy": 9.401659022863942,
        "max(vorticity)": 6.954156311114317,
        "max(diameter)": 3.0557967786548423
    },
    "member33": {
        "u": 3.6489375584934782,
        "v": 0.10088184757570784,
        "num_eddy": 7.318607984889968,
        "max(vorticity)": 9.917336757285526,
        "max(diameter)": 8.546946846408428
    },
    "member34": {
        "u": 9.15689443262814,
        "v": 6.590676575671889,
        "num_eddy": 6.595302576543954,
        "max(vorticity)": 4.247888162713682,
        "max(diameter)": 1.207554877386734
    },
    "member35": {
        "u": 3.9709523502898145,
        "v": 5.294975262581907,
        "num_eddy": 1.4082982129855492,
        "max(vorticity)": 9.567260595528577,
        "max(diameter)": 6.444248502449047
    },
    "member36": {
        "u": 8.8611182349936,
        "v": 7.736678473709614,
        "num_eddy": 1.4992312940890495,