{
    "member1": {
        "u": 3.1192117494181195,
        "v": 2.1635100956066164,
        "num_eddy": 9.19541408503749,
        "max(vorticity)": 5.851748765262669,
        "max(diameter)": 1.9234533991782399
    },
    "member2": {
        "u": 8.796797011229122,
        "v": 2.2957170087552825,
        "num_eddy": 5.7613185109611385,
        "max(vorticity)": 0.30907015131142246,
        "max(diameter)": 3.3898386873990427
    },
    "member3": {
        "u": 8.730399006711949,
        "v": 6.171360178892387,
        "num_eddy": 0.40459893241088674,
        "max(vorticity)": 9.925904271555634,
        "max(diameter)": 0.9666396058400617
    },
    "member4": {
        "u": 7.61111615313467,
        "v": 8.612236024873617,
        "num_eddy": 7.195716966115505,
        "max(vorticity)": 0.252347318252516,
        "max(diameter)": 4.522490552958615
    },
    "member5": {
        "u": 5.25713666444528,
        "v": 3.085495660205546,
        "num_eddy": 6.967874974848573,
        "max(vorticity)": 7.94063804062306,
        "max(diameter)": 5.283737739656904
    },
    "member6": {
        "u": 7.233605919797017,
        "v": 6.739513419305289,
        "num_eddy": 5.996005985041785,
        "max(vorticity)": 0.634758149275404,
        "max(diameter)": 5.729270546861244
    },
    "member7": {
        "u": 5.485390096965861,
        "v": 3.4848286363202874,
        "num_eddy": 0.022757126998718125,
        "max(vorticity)": 1.431090633229365,
        "max(diameter)": 9.312496799665288
    },
    "member8": {
        "u": 2.723465309481287,
        "v": 1.4479867507676758,
        "num_eddy": 1.4484959570786193,
        "max(vorticity)": 0.3571996125208121,
        "max(diameter)": 8.60939327695127
    },
    "member9": {
        "u": 1.1565106598976738,
        "v": 3.701581729770057,
        "num_eddy": 4.510016043274707,
        "max(vorticity)": 3.5001975684889244,
        "max(diameter)": 2.258723712274823
    },
    "member10": {
        "u": 7.749859668836735,
        "v": 1.3654359895161838,
        "num_eddy": 6.2773316952270815,
        "max(vorticity)": 7.2770442605342485,
        "max(diameter)": 8.321461549245639
    },
    "member11": {
        "u": 7.354357692080765,
        "v": 7.536088590244848,
        "num_eddy": 3.614624649199124,
        "max(vorticity)": 9.929242568543074,
        "max(diameter)": 4.97987980674667
    },
    "member12": {
        "u": 9.937970087242453,
        "v": 3.8651422998952367,
        "num_eddy": 4.244365020724505,
        "max(vorticity)": 3.5448062486537912,
        "max(diameter)": 8.1229820763318
    },
    "member13": {
        "u": 9.807302393865658,
        "v": 0.0309890559537096,
        "num_eddy": 5.906952296961717,
        "max(vorticity)": 2.2851444010619772,
        "max(diameter)": 7.019821983655778
    },
    "member14": {
        "u": 3.6107115843515047,
        "v": 3.955275262228027,
        "num_eddy": 8.632872794675508,
        "max(vorticity)": 9.853009091730186,
        "max(diameter)": 6.694181457359893
    },
    "member15": {
        "u": 3.5516751829046447,
        "v": 7.365769631109953,
        "num_eddy": 0.002199054226416086,
        "max(vorticity)": 5.831550284489953,
        "max(diameter)": 2.336429783366445
    },
    "member16": {
        "u": 5.176965717403451,
        "v": 2.6764549363479286,
        "num_eddy": 8.135747430782217,
        "max(vorticity)": 7.96462984090007,
        "max(diameter)": 5.307091785445488
    },
    "member17": {
        "u": 1.3789108600928046,
        "v": 9.024136028219024,
        "num_eddy": 2.7515855208909965,
        "max(vorticity)": 1.998859610863496,
        "max(diameter)": 1.5255753283060347
    },
    "member18": {
        "u": 2.2887770910048655,
        "v": 5.686502802525839,
        "num_eddy": 7.189810805137381,
        "max(vorticity)": 1.0378944429416903,
        "max(diameter)": 3.7977605318051557
    },
    "member19": {
        "u": 1.5983786003747125,
        "v": 7.018340588903826,
        "num_eddy": 7.310838796120963,
        "max(vorticity)": 3.9527810321340917,
        "max(diameter)": 5.4668285604291
    },
    "member20": {
        "u": 2.770627434867329,
        "v": 4.004162053971585,
        "num_eddy": 2.4547027916706368,
        "max(vorticity)": 3.6293539216018464,
        "max(diameter)": 1.2783765963899818
    },
    "member21": {
        "u": 4.4948579243514475,
        "v": 3.913537774509063,
        "num_eddy": 7.670523469652654,
        "max(vorticity)": 2.718363627820021,
        "max(diameter)": 3.7054185092973313
    },
    "member22": {
        "u": 3.4921016119276116,
        "v": 4.761862645419842,
        "num_eddy": 3.6161470847128117,
        "max(vorticity)": 7.603052815277325,
        "max(diameter)": 4.658817535242896
    },
    "member23": {
        "u": 1.6919741429637636,
        "v": 3.7527804421541058,
        "num_eddy": 8.235294882537488,
        "max(vorticity)": 3.178097707583211,
        "max(diameter)": 6.724944480244189
    },
    "member24": {
        "u": 0.6840685110878164,
        "v": 2.72414397331318,
        "num_eddy": 0.5370809191334591,
        "max(vorticity)": 5.674482917724768,
        "max(diameter)": 7.8298609666485675
    },
    "member25": {
        "u": 4.490261708401528,
        "v": 8.338826526653492,
        "num_eddy": 7.98627466369073,
        "max(vorticity)": 7.30762048064956,
        "max(diameter)": 6.5143533162082115
    },
    "member26": {
        "u": 2.3178955339754848,
        "v": 4.287396425651218,
        "num_eddy": 4.058798108155132,
        "max(vorticity)": 8.86497597500581,
        "max(diameter)": 5.168826580233095
    },
    "member27": {
        "u": 1.7836571564881887,
        "v": 3.807561964860209,
        "num_eddy": 0.6663849911485598,
        "max(vorticity)": 6.2674254369386055,
        "max(diameter)": 0.7465402691006562
    },
    "member28": {
        "u": 7.577053108582491,
        "v": 6.663091927917531,
        "num_eddy": 3.5345059591707084,
        "max(vorticity)": 8.776024452063702,
        "max(diameter)": 9.964319076535778
    },
    "member29": {
        "u": 5.157947798989704,
        "v": 1.7575051962423571,
        "num_eddy": 2.195369946155876,
        "max(vorticity)": 3.3780042126488343,
        "max(diameter)": 8.215814062672223
    },
    "member30": {
        "u": 6.455896440233385,
        "v": 6.8874945437475255,
        "num_eddy": 9.318608397047392,
        "max(vorticity)": 9.423488355173175,
        "max(diameter)": 6.507797747048195
    },
    "member31": {
        "u": 3.366367908977569,
        "v": 4.6562257063555,
        "num_eddy": 4.130117518683706,
        "max(vorticity)": 7.983223427404971,
        "max(diameter)": 4.765699825925617
    },
    "member32": {
        "u": 8.963624525625981,
        "v": 3.016778280389014,
        "num_eddy": 7.1259167066115054,
        "max(vorticity)": 7.368739718052768,
        "max(diameter)": 2.2814462526601464
    },
    "member33": {
        "u": 1.6931333949208427,
        "v": 7.133425553254869,
        "num_eddy": 9.854568795426085,
        "max(vorticity)": 2.326371674280959,
        "max(diameter)": 8.186109906080073
    },
    "member34": {
        "u": 9.374918632694762,
        "v": 4.203229701444862,
        "num_eddy": 4.4628880771783,
        "max(vorticity)": 5.243240382791747,
        "max(diameter)": 5.476644721934751
    },
    "member35": {
        "u": 1.9468644922704348,
        "v": 7.097231791881386,
        "num_eddy": 1.0179366570432136,
        "max(vorticity)": 1.9492439533485273,
        "max(diameter)": 6.389849754557172
    },
    "member36": {
        "u": 3.761453853006861,
        "v": 2.118070543404209,
        "num_eddy": 9.334213033519449,