{
    "member1": {
        "u": 6.448522860808837,
        "v": 8.180238852469477,
        "num_eddy": 7.244008415172902,
        "max(vorticity)": 6.777533416602278,
        "max(diameter)": 5.932728523167202
    },
    "member2": {
        "u": 1.745776060340909,
        "v": 6.840620328191084,
        "num_eddy": 7.723765803961907,
        "max(vorticity)": 0.580708145635489,
        "max(diameter)": 1.6840369348968298
    },
    "member3": {
        "u": 3.437358072890931,
        "v": 2.7174722393359874,
        "num_eddy": 2.9960314059429383,
        "max(vorticity)": 2.3018583137295856,
        "max(diameter)": 2.7711595475555626
    },
    "member4": {
        "u": 3.458756587862873,
        "v": 9.563224054146298,
        "num_eddy": 4.297624283660962,
        "max(vorticity)": 9.439684330487289,
        "max(diameter)": 3.1258703295112387
    },
    "member5": {
        "u": 8.167305704466997,
        "v": 4.330673767613185,
        "num_eddy": 2.768668668635692,
        "max(vorticity)": 9.804645688510659,
        "max(diameter)": 4.273552195296521
    },
    "member6": {
        "u": 2.2547136938469237,
        "v": 2.1566008611422536,
        "num_eddy": 5.217772424418588,
        "max(vorticity)": 0.5875641106512186,
        "max(diameter)": 6.517735787715183
    },
    "member7": {
        "u": 3.479662929509546,
        "v": 0.9688029784439511,
        "num_eddy": 5.787670704385847,
        "max(vorticity)": 1.4238308780342157,
        "max(diameter)": 3.20787166284605
    },
    "member8": {
        "u": 9.969371321618585,
        "v": 8.339415052962156,
        "num_eddy": 1.3982291537401692,
        "max(vorticity)": 6.21149486062103,
        "max(diameter)": 4.155992062608027
    },
    "member9": {
        "u": 0.25003035218159275,
        "v": 1.2811768699958481,
        "num_eddy": 0.3324505605206107,
        "max(vorticity)": 9.223332061837603,
        "max(diameter)": 7.192315368897276
    },
    "member10": {
        "u": 4.3972625491800965,
        "v": 8.930332121444856,
        "num_eddy": 1.370948076387909,
        "max(vorticity)": 8.627791852471624,
        "max(diameter)": 8.47399961139001
    },
    "member11": {
        "u": 7.95773755165026,
        "v": 6.753106430057681,
        "num_eddy": 1.4605801257508677,
        "max(vorticity)": 0.19914747111800746,
        "max(diameter)": 1.0470564644307845
    },
    "member12": {
        "u": 0.28275135210494295,
        "v": 6.439776504977312,
        "num_eddy": 7.062856502893925,
        "max(vorticity)": 1.9338676962287638,
        "max(diameter)": 1.7079100744365838
    },
    "member13": {
        "u": 8.294688079559029,
        "v": 2.8178782610231923,
        "num_eddy": 1.4869142800062685,
        "max(vorticity)": 1.9151705344155368,
        "max(diameter)": 8.414523390021712
    },
    "member14": {
        "u": 7.934846983202888,
        "v": 8.88866079250144,
        "num_eddy": 6.5578403751599055,
        "max(vorticity)": 8.063834417947033,
        "max(diameter)": 5.151561744305374
    },
    "member15": {
        "u": 6.6218025538676475,
        "v": 2.7613239381967167,
        "num_eddy": 5.699161637634093,
        "max(vorticity)": 9.819361210777943,
        "max(diameter)": 1.0454530280610341
    },
    "member16": {
        "u": 3.835981854355921,
        "v": 9.171400962262236,
        "num_eddy": 1.1552563203766042,
        "max(vorticity)": 0.5952890510715914,
        "max(diameter)": 3.6314880310176045
    },
    "member17": {
        "u": 7.362593351600881,
        "v": 0.2888711969819313,
        "num_eddy": 4.338482969593627,
        "max(vorticity)": 3.3114464256162526,
        "max(diameter)": 4.931213046570533
    },
    "member18": {
        "u": 6.699878017433901,
        "v": 4.398996099930362,
        "num_eddy": 7.8953178376697375,
        "max(vorticity)": 3.4644284253887636,
        "max(diameter)": 3.0367047860986562
    },
    "member19": {
        "u": 1.1713326652419631,
        "v": 3.598836200953456,
        "num_eddy": 2.939420039835129,
        "max(vorticity)": 2.5923499614426824,
        "max(diameter)": 6.261003828373417
    },
    "member20": {
        "u": 5.4489951923387725,
        "v": 2.7534131675719484,
        "num_eddy": 4.872105188634093,
        "max(vorticity)": 8.623686510914004,
        "max(diameter)": 6.253556204814007
    },
    "member21": {
        "u": 2.1887537492691864,
        "v": 3.0909080055623472,
        "num_eddy": 8.641432763137157,
        "max(vorticity)": 4.7352780588396115,
        "max(diameter)": 0.374828860683154
    },
    "member22": {
        "u": 4.989999941905841,
        "v": 2.500041344230258,
        "num_eddy": 7.797966678075184,
        "max(vorticity)": 6.00572931729996,
        "max(diameter)": 6.017128353040145
    },
    "member23": {
        "u": 2.6549109550963204,
        "v": 1.329282229721389,
        "num_eddy": 7.668021518148311,
        "max(vorticity)": 2.4429765302113737,
        "max(diameter)": 3.081258094965469
    },
    "member24": {
        "u": 8.00742192571293,
        "v": 7.8194894024455905,
        "num_eddy": 2.039717526661544,
        "max(vorticity)": 4.50282220828658,
        "max(diameter)": 2.187914383323246
    },
    "member25": {
        "u": 1.5074648264015733,
        "v": 7.588897923368155,
        "num_eddy": 0.4433532609913604,
        "max(vorticity)": 6.947077603912176,
        "max(diameter)": 0.5708729884848485
    },
    "member26": {
        "u": 3.694236755460741,
        "v": 6.253623772413961,
        "num_eddy": 0.6505493230933945,
        "max(vorticity)": 6.748303044224057,
        "max(diameter)": 5.419768432855673
    },
    "member27": {
        "u": 3.3571092937845606,
        "v": 8.8990179109372,
        "num_eddy": 7.313145320012692,
        "max(vorticity)": 8.006190051359233,
        "max(diameter)": 9.587940099494563
    },
    "member28": {
        "u": 4.760593584018711,
        "v": 0.6229934093009215,
        "num_eddy": 8.103901093412038,
        "max(vorticity)": 2.1563040283711055,
        "max(diameter)": 0.2943505245797673
    },
    "member29": {
        "u": 2.55611747501586,
        "v": 6.205543043505333,
        "num_eddy": 3.7350390822708013,
        "max(vorticity)": 7.936381321327626,
        "max(diameter)": 4.062466906568676
    },
    "member30": {
        "u": 5.542559306535279,
        "v": 8.342201914514229,
        "num_eddy": 9.49205212617021,
        "max(vorticity)": 9.777771007169797,
        "max(diameter)": 1.142906871017474
    },
    "member31": {
        "u": 4.58360001268405,
        "v": 4.204190934641603,
        "num_eddy": 1.6050932054898859,
        "max(vorticity)": 8.771435107746692,
        "max(diameter)": 3.2958585636473323
    },
    "member32": {
        "u": 6.6040653530603945,
        "v": 3.6275967227427683,
        "num_eddy": 9.24666939298623,
        "max(vorticity)": 1.587201848561658,
        "max(diameter)": 7.0372945200004855
    },
    "member33": {
        "u": 6.800264135359737,
        "v": 8.294335365410653,
        "num_eddy": 5.188696879137539,
        "max(vorticity)": 6.907622393409698,
        "max(diameter)": 6.336209459499274
    },
    "member34": {
        "u": 5.792286091744049,
        "v": 7.623711372569871,
        "num_eddy": 9.152132272102222,
        "max(vorticity)": 7.904843918355589,
        "max(diameter)": 3.143268173181606
    },
    "member35": {
        "u": 9.039107095157767,
        "v": 0.7284267258839361,
        "num_eddy": 8.15537049867528,
        "max(vorticity)": 8.10058308273838,
        "max(diameter)": 1.3197408173630254
    },
    "member36": {
        "u": 1.5520749275936752,
        "v": 8.062398272158637,
        "num_eddy": 1.101858773933978,