{
    "member1": {
        "u": 9.424380458751306,
        "v": 2.399605063218555,
        "num_eddy": 4.897404269751289,
        "max(vorticity)": 1.627716693126261,
        "max(diameter)": 0.0680642584114477
    },
    "member2": {
        "u": 9.347413037807778,
        "v": 3.2610848251964186,
        "num_eddy": 6.556220002657191,
        "max(vorticity)": 5.035981991934215,
        "max(diameter)": 3.376608825217745
    },
    "member3": {
        "u": 0.7181352050690593,
        "v": 3.3846764490220007,
        "num_eddy": 8.310244846821671,
        "max(vorticity)": 1.342182891763376,
        "max(diameter)": 5.503353470153305
    },
    "member4": {
        "u": 6.572439069350265,
        "v": 6.415869053653143,
        "num_eddy": 4.560717778717494,
        "max(vorticity)": 5.005023672233998,
        "max(diameter)": 2.2080183048060587
    },
    "member5": {
        "u": 6.927121652338651,
        "v": 2.9923728458569654,
        "num_eddy": 0.8644015404127725,
        "max(vorticity)": 4.927033885778248,
        "max(diameter)": 6.362532891081161
    },
    "member6": {
        "u": 0.3254327261474188,
        "v": 6.919399313751198,
        "num_eddy": 9.774143525023808,
        "max(vorticity)": 9.664009419511174,
        "max(diameter)": 5.827658441287947
    },
    "member7": {
        "u": 2.4052660361149494,
        "v": 9.031542311818683,
        "num_eddy": 6.859943697647904,
        "max(vorticity)": 0.8811458253844395,
        "max(diameter)": 5.858543550551708
    },
    "member8": {
        "u": 5.138233052834963,
        "v": 8.330926924259515,
        "num_eddy": 7.9101340701969765,
        "max(vorticity)": 2.1889510587416816,
        "max(diameter)": 9.175404545451311
    },
    "member9": {
        "u": 9.053143978763531,
        "v": 7.444573944704807,
        "num_eddy": 3.3982942594354992,
        "max(vorticity)": 6.387016207736779,
        "max(diameter)": 8.753784211116722
    },
    "member10": {
        "u": 3.149559624494448,
        "v": 1.2559099400213947,
        "num_eddy": 9.69937772673918,
        "max(vorticity)": 6.622385345590409,
        "max(diameter)": 7.338258700208753
    },
    "member11": {
        "u": 1.8424671311040897,
        "v": 7.893954786496684,
        "num_eddy": 7.318095854855935,
        "max(vorticity)": 5.511334670519492,
        "max(diameter)": 6.58243820406326
    },
    "member12": {
        "u": 4.49508349325413,
        "v": 6.075363668933686,
        "num_eddy": 6.575460766869551,
        "max(vorticity)": 0.28532463367942573,
        "max(diameter)": 4.628533353085049
    },
    "member13": {
        "u": 6.087592927409209,
        "v": 9.477205696434945,
        "num_eddy": 4.147258147786584,
        "max(vorticity)": 9.165645726288554,
        "max(diameter)": 9.679835077013387
    },
    "member14": {
        "u": 8.532942764224863,
        "v": 4.6850573781012885,
        "num_eddy": 9.36374437693854,
        "max(vorticity)": 6.545541849231913,
        "max(diameter)": 5.713370956864355
    },
    "member15": {
        "u": 6.347225444071664,
        "v": 7.3019479866825066,
        "num_eddy": 5.559449878316163,
        "max(vorticity)": 0.3626618466889864,
        "max(diameter)": 6.690735478943472
    },
    "member16": {
        "u": 4.377765593493962,
        "v": 1.7574491710873563,
        "num_eddy": 3.3268410988020514,
        "max(vorticity)": 2.0538865040269294,
        "max(diameter)": 4.018129868585679
    },
    "member17": {
        "u": 0.6364349262033275,
        "v": 4.887264049086479,
        "num_eddy": 7.3474439869264625,
        "max(vorticity)": 7.561172955817394,
        "max(diameter)": 1.1658834942623986
    },
    "member18": {
        "u": 2.0109116950809067,
        "v": 5.084536527992093,
        "num_eddy": 2.4621319642463915,
        "max(vorticity)": 2.439332056055743,
        "max(diameter)": 0.6210516835558977
    },
    "member19": {
        "u": 9.135513104079818,
        "v": 6.134598281997644,
        "num_eddy": 9.954063622164922,
        "max(vorticity)": 4.16401667407137,
        "max(diameter)": 5.778710665194042
    },
    "member20": {
        "u": 2.6133083509877943,
        "v": 4.120557891246301,
        "num_eddy": 3.153677772972552,
        "max(vorticity)": 6.446850236703371,
        "max(diameter)": 0.48224328268809735
    },
    "member21": {
        "u": 4.7282451852089125,
        "v": 4.849937411122422,
        "num_eddy": 4.545811147107248,
        "max(vorticity)": 5.563072337208376,
        "max(diameter)": 4.191881609192741
    },
    "member22": {
        "u": 3.3719400298577638,
        "v": 9.751114039454263,
        "num_eddy": 8.622378849864809,
        "max(vorticity)": 0.34059441921264755,
        "max(diameter)": 4.978686015334684
    },
    "member23": {
        "u": 0.9230721149405929,
        "v": 9.917126433925482,
        "num_eddy": 4.893361607603883,
        "max(vorticity)": 2.424524290987584,
        "max(diameter)": 0.8594283874999276
    },
    "member24": {
        "u": 4.997946850198975,
        "v": 1.9020469476216972,
        "num_eddy": 7.932533854309696,
        "max(vorticity)": 6.724492746042171,
        "max(diameter)": 8.739941640781804
    },
    "member25": {
        "u": 2.165175226390328,
        "v": 9.475545282627515,
        "num_eddy": 4.745740072585155,
        "max(vorticity)": 3.188949342312508,
        "max(diameter)": 0.6555638899295824
    },
    "member26": {
        "u": 5.8026428370938525,
        "v": 9.01159911182161,
        "num_eddy": 2.9413803583496554,
        "max(vorticity)": 2.025345979140579,
        "max(diameter)": 3.598066213025705
    },
    "member27": {
        "u": 4.403375567347564,
        "v": 1.9807082301776713,
        "num_eddy": 4.231267176404955,
        "max(vorticity)": 6.1172306917516925,
        "max(diameter)": 7.27678368867159
    },
    "member28": {
        "u": 0.3990623488748646,
        "v": 0.9316932927319432,
        "num_eddy": 3.434114912194113,
        "max(vorticity)": 1.6331917646591698,
        "max(diameter)": 1.3997337907145457
    },
    "member29": {
        "u": 5.161572457379445,
        "v": 1.8707328293062564,
        "num_eddy": 3.6837337398272005,
        "max(vorticity)": 9.660082073631871,
        "max(diameter)": 3.694455968803817
    },
    "member30": {
        "u": 8.069025910172542,
        "v": 3.795270197726235,
        "num_eddy": 1.0957878885886596,
        "max(vorticity)": 0.44405384616181154,
        "max(diameter)": 0.48005184293776315
    },
    "member31": {
        "u": 7.352155029381592,
        "v": 2.1605190955638944,
        "num_eddy": 7.65504849129571,
        "max(vorticity)": 7.772477489650021,
        "max(diameter)": 4.994089407571618
    },
    "member32": {
        "u": 4.322080216465899,
        "v": 6.1363042204294915,
        "num_eddy": 9.187320315439173,
        "max(vorticity)": 6.484405942090935,
        "max(diameter)": 1.3566247438404855
    },
    "member33": {
        "u": 4.1675183830465645,
        "v": 5.817183552335297,
        "num_eddy": 4.211507713111265,
        "max(vorticity)": 4.11616879462424,
        "max(diameter)": 3.28189927502332
    },
    "member34": {
        "u": 8.491027372052823,
        "v": 1.7156122118552752,
        "num_eddy": 9.640532950407506,
        "max(vorticity)": 2.4131508017380767,
        "max(diameter)": 7.043699564682887
    },
    "member35": {
        "u": 7.175488196692212,
        "v": 0.2406939531408514,
        "num_eddy": 3.139292810671849,
        "max(vorticity)": 7.369371231532893,
        "max(diameter)": 1.0176230364986294
    },
    "member36": {
        "u": 4.066477285043848,
        "v": 2.8614639885367343,
        "num_eddy": 3.542809945712335,