{
    "member1": {
        "u": 4.000218851356778,
        "v": 1.7030739202846301,
        "num_eddy": 4.126116048046683,
        "max(vorticity)": 4.807480834710055,
        "max(diameter)": 1.923844640728204
    },
    "member2": {
        "u": 5.838940641724614,
        "v": 4.660083004023004,
        "num_eddy": 6.032166351225796,
        "max(vorticity)": 5.885620584169725,
        "max(diameter)": 4.6927092328150275
    },
    "member3": {
        "u": 5.866804160471161,
        "v": 2.445091139997666,
        "num_eddy": 4.367029171756391,
        "max(vorticity)": 8.038378431334776,
        "max(diameter)": 3.9142225646286466
    },
    "member4": {
        "u": 0.3028215933959022,
        "v": 9.378486121280755,
        "num_eddy": 6.724514976349205,
        "max(vorticity)": 8.760612080536651,
        "max(diameter)": 7.932786226771981
    },
    "member5": {
        "u": 6.578627342738562,
        "v": 5.2625992628422535,
        "num_eddy": 1.770015586602316,
        "max(vorticity)": 2.4327897777537713,
        "max(diameter)": 4.697019682875963
    },
    "member6": {
        "u": 9.89771296928647,
        "v": 3.569488038083297,
        "num_eddy": 4.86456752238591,
        "max(vorticity)": 3.9665568322176146,
        "max(diameter)": 8.087918758397102
    },
    "member7": {
        "u": 5.974404900434075,
        "v": 3.5320905921967736,
        "num_eddy": 2.466538852432816,
        "max(vorticity)": 6.740676744296509,
        "max(diameter)": 9.069631230442276
    },
    "member8": {
        "u": 5.407930429232141,
        "v": 2.7673410561974574,
        "num_eddy": 6.555513603838639,
        "max(vorticity)": 4.845884965328105,
        "max(diameter)": 5.269556119993272
    },
    "member9": {
        "u": 9.467365104943859,
        "v": 5.311399902586603,
        "num_eddy": 8.858699738012552,
        "max(vorticity)": 8.775918581915057,
        "max(diameter)": 9.204179790969052
    },
    "member10": {
        "u": 9.100732512300532,
        "v": 5.588661011820156,
        "num_eddy": 3.951472413424212,
        "max(vorticity)": 2.7027858575510377,
        "max(diameter)": 2.6183361863457755
    },
    "member11": {
        "u": 6.293278662344374,
        "v": 1.2186322918290393,
        "num_eddy": 6.9875028751214705,
        "max(vorticity)": 7.718169782917915,
        "max(diameter)": 4.348098023159805
    },
    "member12": {
        "u": 8.620122047101663,
        "v": 2.598199710249819,
        "num_eddy": 6.858193003879281,
        "max(vorticity)": 1.3313418939995691,
        "max(diameter)": 4.728984531120403
    },
    "member13": {
        "u": 5.254806617311938,
        "v": 0.1923464272206843,
        "num_eddy": 8.617023334371561,
        "max(vorticity)": 0.6153353245178772,
        "max(diameter)": 8.072422416195291
    },
    "member14": {
        "u": 6.3182273272125915,
        "v": 9.415049177061384,
        "num_eddy": 6.330969039407206,
        "max(vorticity)": 2.984450519531532,
        "max(diameter)": 0.6676713221629682
    },
    "member15": {
        "u": 1.7423269172854128,
        "v": 9.463708542754473,
        "num_eddy": 0.6369003678561191,
        "max(vorticity)": 2.1611301589083363,
        "max(diameter)": 4.159848152482636
    },
    "member16": {
        "u": 9.538872415197439,
        "v": 2.6923374272223013,
        "num_eddy": 6.713764728995236,
        "max(vorticity)": 0.5406770439976316,
        "max(diameter)": 0.9869407596212187
    },
    "member17": {
        "u": 7.264380472958804,
        "v": 8.12280481045595,
        "num_eddy": 4.441308639169257,
        "max(vorticity)": 3.0997819462287692,
        "max(diameter)": 0.07433623060816963
    },
    "member18": {
        "u": 8.459318748359099,
        "v": 5.517447465770358,
        "num_eddy": 9.207400780915165,
        "max(vorticity)": 4.1787400085742386,
        "max(diameter)": 5.777381744999044
    },
    "member19": {
        "u": 5.8564489339011425,
        "v": 4.409764258231675,
        "num_eddy": 0.5281600370621276,
        "max(vorticity)": 3.2263761527550763,
        "max(diameter)": 1.8066069812323893
    },
    "member20": {
        "u": 6.887814240036914,
        "v": 8.830523340347744,
        "num_eddy": 5.4067336525307885,
        "max(vorticity)": 0.6319488580807453,
        "max(diameter)": 1.3483327916944765
    },
    "member21": {
        "u": 1.3020934044179922,
        "v": 1.8136663504963435,
        "num_eddy": 8.473175929149534,
        "max(vorticity)": 2.0580729875399073,
        "max(diameter)": 8.545291825662352
    },
    "member22": {
        "u": 3.75152890368627,
        "v": 8.143431863298115,
        "num_eddy": 7.670062694347582,
        "max(vorticity)": 1.57708048148535,
        "max(diameter)": 9.159658369507016
    },
    "member23": {
        "u": 7.006916358171748,
        "v": 6.311212653073469,
        "num_eddy": 0.9384092146037004,
        "max(vorticity)": 1.9616618730986712,
        "max(diameter)": 5.783706294504144
    },
    "member24": {
        "u": 3.721944292486783,
        "v": 9.70954105145618,
        "num_eddy": 4.522909762354827,
        "max(vorticity)": 8.772613261194104,
        "max(diameter)": 6.503887722428084
    },
    "member25": {
        "u": 9.256936240651113,
        "v": 9.999139650695465,
        "num_eddy": 8.84675003436103,
        "max(vorticity)": 2.837917951249429,
        "max(diameter)": 9.65744794498455
    },
    "member26": {
        "u": 9.988428986809444,
        "v": 5.402217436195262,
        "num_eddy": 2.0113317082647986,
        "max(vorticity)": 6.567178410795753,
        "max(diameter)": 9.12828618602903
    },
    "member27": {
        "u": 7.9454981367396496,
        "v": 7.790412154475547,
        "num_eddy": 3.036043013958695,
        "max(vorticity)": 7.77789792756864,
        "max(diameter)": 7.193240788980004
    },
    "member28": {
        "u": 4.5451116825986935,
        "v": 3.391388476053223,
        "num_eddy": 1.0062142428077592,
        "max(vorticity)": 4.022426972336072,
        "max(diameter)": 1.4397129937730324
    },
    "member29": {
        "u": 1.9190572392319138,
        "v": 2.40830652046895,
        "num_eddy": 2.334779307886569,
        "max(vorticity)": 5.643964285959414,
        "max(diameter)": 8.530448059313581
    },
    "member30": {
        "u": 3.1181289629360487,
        "v": 0.5745376767218813,
        "num_eddy": 4.912648411530933,
        "max(vorticity)": 7.300554570842875,
        "max(diameter)": 9.89261936001168
    },
    "member31": {
        "u": 9.628419882419086,
        "v": 4.389876241383732,
        "num_eddy": 5.042680534365007,
        "max(vorticity)": 7.450798137558666,
        "max(diameter)": 5.843816505770483
    },
    "member32": {
        "u": 9.321568622080212,
        "v": 9.761678069887791,
        "num_eddy": 5.434020738269893,
        "max(vorticity)": 4.687705203226027,
        "max(diameter)": 7.51650501334016
    },
    "member33": {
        "u": 3.288983556792454,
        "v": 7.028292861932389,
        "num_eddy": 7.848989835687252,
        "max(vorticity)": 2.9609623464693735,
        "max(diameter)": 2.212611929938361
    },
    "member34": {
        "u": 6.706787006279052,
        "v": 3.901874852021805,
        "num_eddy": 3.463566687079699,
        "max(vorticity)": 5.576746898962011,
        "max(diameter)": 7.922461580976421
    },
    "member35": {
        "u": 0.2904711925172321,
        "v": 6.210134081594568,
        "num_eddy": 9.012204105332318,
        "max(vorticity)": 1.4706794456303351,
        "max(diameter)": 9.096889455977985
    },
    "member36": {
        "u": 1.3572851762245142,
        "v": 2.7463057629646013,
        "num_eddy": 2.902244151840083,