{
    "member1": {
        "max(u)": 0.09068537650830932,
        "max(v)": 0.5061294298250162,
        "max(length)": 0.596276335528334,
        "num(pathline)": 0.8752419769624089,
        "min(distant)": 0.7108399183135256
    },
    "member2": {
        "max(u)": 0.09068537650830932,
        "max(v)": 0.5061294298250162,
        "max(length)": 0.596276335528334,
        "num(pathline)": 0.8752419769624089,
        "min(distant)": 0.7108399183135256
    },
    "member3": {
        "max(u)": 0.09068537650830932,
        "max(v)": 0.5061294298250162,
        "max(length)": 0.596276335528334,
        "num(pathline)": 0.8752419769624089,
        "min(distant)": 0.7108399183135256
    },
    "member4": {
        "max(u)": 0.09068537650830932,
        "max(v)": 0.5061294298250162,
        "max(length)": 0.596276335528334,
        "num(pathline)": 0.8752419769624089,
        "min(distant)": 0.7108399183135256
    },
    "member5": {
        "max(u)": 0.09068537650830932,
        "max(v)": 0.5061294298250162,
        "max(length)": 0.596276335528334,
        "num(pathline)": 0.8752419769624089,
        "min(distant)": 0.7108399183135256
    },
    "member6": {
        "max(u)": 0.09068537650830932,
        "max(v)": 0.5061294298250162,
        "max(length)": 0.596276335528334,
        "num(pathline)": 0.8752419769624089,
        "min(distant)": 0.7108399183135256
    },
    "member7": {
        "max(u)": 0.09068537650830932,
        "max(v)": 0.5061294298250162,
        "max(length)": 0.596276335528334,
        "num(pathline)": 0.8752419769624089,
        "min(distant)": 0.7108399183135256
    },
    "member8": {
        "max(u)": 0.09068537650830932,
        "max(v)": 0.5061294298250162,
        "max(length)": 0.596276335528334,
        "num(pathline)": 0.8752419769624089,
        "min(distant)": 0.7108399183135256
    },
    "member9": {
        "max(u)": 0.09068537650830932,
        "max(v)": 0.5061294298250162,
        "max(length)": 0.596276335528334,
        "num(pathline)": 0.8752419769624089,
        "min(distant)": 0.7108399183135256
    },
    "member10": {
        "max(u)": 0.09068537650830932,
        "max(v)": 0.5061294298250162,
        "max(length)": 0.596276335528334,
        "num(pathline)": 0.8752419769624089,
        "min(distant)": 0.7108399183135256
    },
    "member11": {
        "max(u)": 0.09068537650830932,
        "max(v)": 0.5061294298250162,
        "max(length)": 0.596276335528334,
        "num(pathline)": 0.8752419769624089,
        "min(distant)": 0.7108399183135256
    },
    "member12": {
        "max(u)": 0.09068537650830932,
        "max(v)": 0.5061294298250162,
        "max(length)": 0.596276335528334,
        "num(pathline)": 0.8752419769624089,
        "min(distant)": 0.7108399183135256
    },
    "member13": {
        "max(u)": 0.09068537650830932,
        "max(v)": 0.5061294298250162,
        "max(length)": 0.596276335528334,
        "num(pathline)": 0.8752419769624089,
        "min(distant)": 0.7108399183135256
    },
    "member14": {
        "max(u)": 0.09068537650830932,
        "max(v)": 0.5061294298250162,
        "max(length)": 0.596276335528334,
        "num(pathline)": 0.8752419769624089,
        "min(distant)": 0.7108399183135256
    },
    "member15": {
        "max(u)": 0.09068537650830932,
        "max(v)": 0.5061294298250162,
        "max(length)": 0.596276335528334,
        "num(pathline)": 0.8752419769624089,
        "min(distant)": 0.7108399183135256
    },
    "member16": {
        "max(u)": 0.09068537650830932,
        "max(v)": 0.5061294298250162,
        "max(length)": 0.596276335528334,
        "num(pathline)": 0.8752419769624089,
        "min(distant)": 0.7108399183135256
    },
    "member17": {
        "max(u)": 0.09068537650830932,
        "max(v)": 0.5061294298250162,
        "max(length)": 0.596276335528334,
        "num(pathline)": 0.8752419769624089,
        "min(distant)": 0.7108399183135256
    },
    "member18": {
        "max(u)": 0.09068537650830932,
        "max(v)": 0.5061294298250162,
        "max(length)": 0.596276335528334,
        "num(pathline)": 0.8752419769624089,
        "min(distant)": 0.7108399183135256
    },
    "member19": {
        "max(u)": 0.09068537650830932,
        "max(v)": 0.5061294298250162,
        "max(length)": 0.596276335528334,
        "num(pathline)": 0.8752419769624089,
        "min(distant)": 0.7108399183135256
    },
    "member20": {
        "max(u)": 0.09068537650830932,
        "max(v)": 0.5061294298250162,
        "max(length)": 0.596276335528334,
        "num(pathline)": 0.8752419769624089,
        "min(distant)": 0.7108399183135256
    }
}