{
    "member1": {
        "max(u)": 0.25188057910524253,
        "max(v)": 0.8281067653761391,
        "max(length)": 0.9723170818247038,
        "num(pathline)": 0.5457983834912742,
        "min(distant)": 0.33216555544501825
    },
    "member2": {
        "max(u)": 0.25188057910524253,
        "max(v)": 0.8281067653761391,
        "max(length)": 0.9723170818247038,
        "num(pathline)": 0.5457983834912742,
        "min(distant)": 0.33216555544501825
    },
    "member3": {
        "max(u)": 0.25188057910524253,
        "max(v)": 0.8281067653761391,
        "max(length)": 0.9723170818247038,
        "num(pathline)": 0.5457983834912742,
        "min(distant)": 0.33216555544501825
    },
    "member4": {
        "max(u)": 0.25188057910524253,
        "max(v)": 0.8281067653761391,
        "max(length)": 0.9723170818247038,
        "num(pathline)": 0.5457983834912742,
        "min(distant)": 0.33216555544501825
    },
    "member5": {
        "max(u)": 0.25188057910524253,
        "max(v)": 0.8281067653761391,
        "max(length)": 0.9723170818247038,
        "num(pathline)": 0.5457983834912742,
        "min(distant)": 0.33216555544501825
    },
    "member6": {
        "max(u)": 0.25188057910524253,
        "max(v)": 0.8281067653761391,
        "max(length)": 0.9723170818247038,
        "num(pathline)": 0.5457983834912742,
        "min(distant)": 0.33216555544501825
    },
    "member7": {
        "max(u)": 0.25188057910524253,
        "max(v)": 0.8281067653761391,
        "max(length)": 0.9723170818247038,
        "num(pathline)": 0.5457983834912742,
        "min(distant)": 0.33216555544501825
    },
    "member8": {
        "max(u)": 0.25188057910524253,
        "max(v)": 0.8281067653761391,
        "max(length)": 0.9723170818247038,
        "num(pathline)": 0.5457983834912742,
        "min(distant)": 0.33216555544501825
    },
    "member9": {
        "max(u)": 0.25188057910524253,
        "max(v)": 0.8281067653761391,
        "max(length)": 0.9723170818247038,
        "num(pathline)": 0.5457983834912742,
        "min(distant)": 0.33216555544501825
    },
    "member10": {
        "max(u)": 0.25188057910524253,
        "max(v)": 0.8281067653761391,
        "max(length)": 0.9723170818247038,
        "num(pathline)": 0.5457983834912742,
        "min(distant)": 0.33216555544501825
    },
    "member11": {
        "max(u)": 0.25188057910524253,
        "max(v)": 0.8281067653761391,
        "max(length)": 0.9723170818247038,
        "num(pathline)": 0.5457983834912742,
        "min(distant)": 0.33216555544501825
    },
    "member12": {
        "max(u)": 0.25188057910524253,
        "max(v)": 0.8281067653761391,
        "max(length)": 0.9723170818247038,
        "num(pathline)": 0.5457983834912742,
        "min(distant)": 0.33216555544501825
    },
    "member13": {
        "max(u)": 0.25188057910524253,
        "max(v)": 0.8281067653761391,
        "max(length)": 0.9723170818247038,
        "num(pathline)": 0.5457983834912742,
        "min(distant)": 0.33216555544501825
    },
    "member14": {
        "max(u)": 0.25188057910524253,
        "max(v)": 0.8281067653761391,
        "max(length)": 0.9723170818247038,
        "num(pathline)": 0.5457983834912742,
        "min(distant)": 0.33216555544501825
    },
    "member15": {
        "max(u)": 0.25188057910524253,
        "max(v)": 0.8281067653761391,
        "max(length)": 0.9723170818247038,
        "num(pathline)": 0.5457983834912742,
        "min(distant)": 0.33216555544501825
    },
    "member16": {
        "max(u)": 0.25188057910524253,
        "max(v)": 0.8281067653761391,
        "max(length)": 0.9723170818247038,
        "num(pathline)": 0.5457983834912742,
        "min(distant)": 0.33216555544501825
    },
    "member17": {
        "max(u)": 0.25188057910524253,
        "max(v)": 0.8281067653761391,
        "max(length)": 0.9723170818247038,
        "num(pathline)": 0.5457983834912742,
        "min(distant)": 0.33216555544501825
    },
    "member18": {
        "max(u)": 0.25188057910524253,
        "max(v)": 0.8281067653761391,
        "max(length)": 0.9723170818247038,
        "num(pathline)": 0.5457983834912742,
        "min(distant)": 0.33216555544501825
    },
    "member19": {
        "max(u)": 0.25188057910524253,
        "max(v)": 0.8281067653761391,
        "max(length)": 0.9723170818247038,
        "num(pathline)": 0.5457983834912742,
        "min(distant)": 0.33216555544501825
    },
    "member20": {
        "max(u)": 0.25188057910524253,
        "max(v)": 0.8281067653761391,
        "max(length)": 0.9723170818247038,
        "num(pathline)": 0.5457983834912742,
        "min(distant)": 0.33216555544501825
    }
}