{
    "member1": {
        "max(u)": 0.9474266586834683,
        "max(v)": 0.12709059457300664,
        "max(length)": 0.16548650672251397,
        "num(pathline)": 0.3213550669999168,
        "min(distant)": 0.9119373815741064
    },
    "member2": {
        "max(u)": 0.9474266586834683,
        "max(v)": 0.12709059457300664,
        "max(length)": 0.16548650672251397,
        "num(pathline)": 0.3213550669999168,
        "min(distant)": 0.9119373815741064
    },
    "member3": {
        "max(u)": 0.9474266586834683,
        "max(v)": 0.12709059457300664,
        "max(length)": 0.16548650672251397,
        "num(pathline)": 0.3213550669999168,
        "min(distant)": 0.9119373815741064
    },
    "member4": {
        "max(u)": 0.9474266586834683,
        "max(v)": 0.12709059457300664,
        "max(length)": 0.16548650672251397,
        "num(pathline)": 0.3213550669999168,
        "min(distant)": 0.9119373815741064
    },
    "member5": {
        "max(u)": 0.9474266586834683,
        "max(v)": 0.12709059457300664,
        "max(length)": 0.16548650672251397,
        "num(pathline)": 0.3213550669999168,
        "min(distant)": 0.9119373815741064
    },
    "member6": {
        "max(u)": 0.9474266586834683,
        "max(v)": 0.12709059457300664,
        "max(length)": 0.16548650672251397,
        "num(pathline)": 0.3213550669999168,
        "min(distant)": 0.9119373815741064
    },
    "member7": {
        "max(u)": 0.9474266586834683,
        "max(v)": 0.12709059457300664,
        "max(length)": 0.16548650672251397,
        "num(pathline)": 0.3213550669999168,
        "min(distant)": 0.9119373815741064
    },
    "member8": {
        "max(u)": 0.9474266586834683,
        "max(v)": 0.12709059457300664,
        "max(length)": 0.16548650672251397,
        "num(pathline)": 0.3213550669999168,
        "min(distant)": 0.9119373815741064
    },
    "member9": {
        "max(u)": 0.9474266586834683,
        "max(v)": 0.12709059457300664,
        "max(length)": 0.16548650672251397,
        "num(pathline)": 0.3213550669999168,
        "min(distant)": 0.9119373815741064
    },
    "member10": {
        "max(u)": 0.9474266586834683,
        "max(v)": 0.12709059457300664,
        "max(length)": 0.16548650672251397,
        "num(pathline)": 0.3213550669999168,
        "min(distant)": 0.9119373815741064
    },
    "member11": {
        "max(u)": 0.9474266586834683,
        "max(v)": 0.12709059457300664,
        "max(length)": 0.16548650672251397,
        "num(pathline)": 0.3213550669999168,
        "min(distant)": 0.9119373815741064
    },
    "member12": {
        "max(u)": 0.9474266586834683,
        "max(v)": 0.12709059457300664,
        "max(length)": 0.16548650672251397,
        "num(pathline)": 0.3213550669999168,
        "min(distant)": 0.9119373815741064
    },
    "member13": {
        "max(u)": 0.9474266586834683,
        "max(v)": 0.12709059457300664,
        "max(length)": 0.16548650672251397,
        "num(pathline)": 0.3213550669999168,
        "min(distant)": 0.9119373815741064
    },
    "member14": {
        "max(u)": 0.9474266586834683,
        "max(v)": 0.12709059457300664,
        "max(length)": 0.16548650672251397,
        "num(pathline)": 0.3213550669999168,
        "min(distant)": 0.9119373815741064
    },
    "member15": {
        "max(u)": 0.9474266586834683,
        "max(v)": 0.12709059457300664,
        "max(length)": 0.16548650672251397,
        "num(pathline)": 0.3213550669999168,
        "min(distant)": 0.9119373815741064
    },
    "member16": {
        "max(u)": 0.9474266586834683,
        "max(v)": 0.12709059457300664,
        "max(length)": 0.16548650672251397,
        "num(pathline)": 0.3213550669999168,
        "min(distant)": 0.9119373815741064
    },
    "member17": {
        "max(u)": 0.9474266586834683,
        "max(v)": 0.12709059457300664,
        "max(length)": 0.16548650672251397,
        "num(pathline)": 0.3213550669999168,
        "min(distant)": 0.9119373815741064
    },
    "member18": {
        "max(u)": 0.9474266586834683,
        "max(v)": 0.12709059457300664,
        "max(length)": 0.16548650672251397,
        "num(pathline)": 0.3213550669999168,
        "min(distant)": 0.9119373815741064
    },
    "member19": {
        "max(u)": 0.9474266586834683,
        "max(v)": 0.12709059457300664,
        "max(length)": 0.16548650672251397,
        "num(pathline)": 0.3213550669999168,
        "min(distant)": 0.9119373815741064
    },
    "member20": {
        "max(u)": 0.9474266586834683,
        "max(v)": 0.12709059457300664,
        "max(length)": 0.16548650672251397,
        "num(pathline)": 0.3213550669999168,
        "min(distant)": 0.9119373815741064
    }
}