{
    "member1": {
        "max(u)": 0.5991442234093006,
        "max(v)": 0.7315219757142487,
        "max(length)": 0.004782482262198684,
        "num(pathline)": 0.29427426703329795,
        "min(distant)": 0.8074976567395591
    },
    "member2": {
        "max(u)": 0.5991442234093006,
        "max(v)": 0.7315219757142487,
        "max(length)": 0.004782482262198684,
        "num(pathline)": 0.29427426703329795,
        "min(distant)": 0.8074976567395591
    },
    "member3": {
        "max(u)": 0.5991442234093006,
        "max(v)": 0.7315219757142487,
        "max(length)": 0.004782482262198684,
        "num(pathline)": 0.29427426703329795,
        "min(distant)": 0.8074976567395591
    },
    "member4": {
        "max(u)": 0.5991442234093006,
        "max(v)": 0.7315219757142487,
        "max(length)": 0.004782482262198684,
        "num(pathline)": 0.29427426703329795,
        "min(distant)": 0.8074976567395591
    },
    "member5": {
        "max(u)": 0.5991442234093006,
        "max(v)": 0.7315219757142487,
        "max(length)": 0.004782482262198684,
        "num(pathline)": 0.29427426703329795,
        "min(distant)": 0.8074976567395591
    },
    "member6": {
        "max(u)": 0.5991442234093006,
        "max(v)": 0.7315219757142487,
        "max(length)": 0.004782482262198684,
        "num(pathline)": 0.29427426703329795,
        "min(distant)": 0.8074976567395591
    },
    "member7": {
        "max(u)": 0.5991442234093006,
        "max(v)": 0.7315219757142487,
        "max(length)": 0.004782482262198684,
        "num(pathline)": 0.29427426703329795,
        "min(distant)": 0.8074976567395591
    },
    "member8": {
        "max(u)": 0.5991442234093006,
        "max(v)": 0.7315219757142487,
        "max(length)": 0.004782482262198684,
        "num(pathline)": 0.29427426703329795,
        "min(distant)": 0.8074976567395591
    },
    "member9": {
        "max(u)": 0.5991442234093006,
        "max(v)": 0.7315219757142487,
        "max(length)": 0.004782482262198684,
        "num(pathline)": 0.29427426703329795,
        "min(distant)": 0.8074976567395591
    },
    "member10": {
        "max(u)": 0.5991442234093006,
        "max(v)": 0.7315219757142487,
        "max(length)": 0.004782482262198684,
        "num(pathline)": 0.29427426703329795,
        "min(distant)": 0.8074976567395591
    },
    "member11": {
        "max(u)": 0.5991442234093006,
        "max(v)": 0.7315219757142487,
        "max(length)": 0.004782482262198684,
        "num(pathline)": 0.29427426703329795,
        "min(distant)": 0.8074976567395591
    },
    "member12": {
        "max(u)": 0.5991442234093006,
        "max(v)": 0.7315219757142487,
        "max(length)": 0.004782482262198684,
        "num(pathline)": 0.29427426703329795,
        "min(distant)": 0.8074976567395591
    },
    "member13": {
        "max(u)": 0.5991442234093006,
        "max(v)": 0.7315219757142487,
        "max(length)": 0.004782482262198684,
        "num(pathline)": 0.29427426703329795,
        "min(distant)": 0.8074976567395591
    },
    "member14": {
        "max(u)": 0.5991442234093006,
        "max(v)": 0.7315219757142487,
        "max(length)": 0.004782482262198684,
        "num(pathline)": 0.29427426703329795,
        "min(distant)": 0.8074976567395591
    },
    "member15": {
        "max(u)": 0.5991442234093006,
        "max(v)": 0.7315219757142487,
        "max(length)": 0.004782482262198684,
        "num(pathline)": 0.29427426703329795,
        "min(distant)": 0.8074976567395591
    },
    "member16": {
        "max(u)": 0.5991442234093006,
        "max(v)": 0.7315219757142487,
        "max(length)": 0.004782482262198684,
        "num(pathline)": 0.29427426703329795,
        "min(distant)": 0.8074976567395591
    },
    "member17": {
        "max(u)": 0.5991442234093006,
        "max(v)": 0.7315219757142487,
        "max(length)": 0.004782482262198684,
        "num(pathline)": 0.29427426703329795,
        "min(distant)": 0.8074976567395591
    },
    "member18": {
        "max(u)": 0.5991442234093006,
        "max(v)": 0.7315219757142487,
        "max(length)": 0.004782482262198684,
        "num(pathline)": 0.29427426703329795,
        "min(distant)": 0.8074976567395591
    },
    "member19": {
        "max(u)": 0.5991442234093006,
        "max(v)": 0.7315219757142487,
        "max(length)": 0.004782482262198684,
        "num(pathline)": 0.29427426703329795,
        "min(distant)": 0.8074976567395591
    },
    "member20": {
        "max(u)": 0.5991442234093006,
        "max(v)": 0.7315219757142487,
        "max(length)": 0.004782482262198684,
        "num(pathline)": 0.29427426703329795,
        "min(distant)": 0.8074976567395591
    }
}