{
    "member1": {
        "max(u)": 0.5799853016075538,
        "max(v)": 0.24651995786114766,
        "max(length)": 0.3455205957828631,
        "num(pathline)": 0.8611897704696527,
        "min(distant)": 0.557069724592452
    },
    "member2": {
        "max(u)": 0.5799853016075538,
        "max(v)": 0.24651995786114766,
        "max(length)": 0.3455205957828631,
        "num(pathline)": 0.8611897704696527,
        "min(distant)": 0.557069724592452
    },
    "member3": {
        "max(u)": 0.5799853016075538,
        "max(v)": 0.24651995786114766,
        "max(length)": 0.3455205957828631,
        "num(pathline)": 0.8611897704696527,
        "min(distant)": 0.557069724592452
    },
    "member4": {
        "max(u)": 0.5799853016075538,
        "max(v)": 0.24651995786114766,
        "max(length)": 0.3455205957828631,
        "num(pathline)": 0.8611897704696527,
        "min(distant)": 0.557069724592452
    },
    "member5": {
        "max(u)": 0.5799853016075538,
        "max(v)": 0.24651995786114766,
        "max(length)": 0.3455205957828631,
        "num(pathline)": 0.8611897704696527,
        "min(distant)": 0.557069724592452
    },
    "member6": {
        "max(u)": 0.5799853016075538,
        "max(v)": 0.24651995786114766,
        "max(length)": 0.3455205957828631,
        "num(pathline)": 0.8611897704696527,
        "min(distant)": 0.557069724592452
    },
    "member7": {
        "max(u)": 0.5799853016075538,
        "max(v)": 0.24651995786114766,
        "max(length)": 0.3455205957828631,
        "num(pathline)": 0.8611897704696527,
        "min(distant)": 0.557069724592452
    },
    "member8": {
        "max(u)": 0.5799853016075538,
        "max(v)": 0.24651995786114766,
        "max(length)": 0.3455205957828631,
        "num(pathline)": 0.8611897704696527,
        "min(distant)": 0.557069724592452
    },
    "member9": {
        "max(u)": 0.5799853016075538,
        "max(v)": 0.24651995786114766,
        "max(length)": 0.3455205957828631,
        "num(pathline)": 0.8611897704696527,
        "min(distant)": 0.557069724592452
    },
    "member10": {
        "max(u)": 0.5799853016075538,
        "max(v)": 0.24651995786114766,
        "max(length)": 0.3455205957828631,
        "num(pathline)": 0.8611897704696527,
        "min(distant)": 0.557069724592452
    },
    "member11": {
        "max(u)": 0.5799853016075538,
        "max(v)": 0.24651995786114766,
        "max(length)": 0.3455205957828631,
        "num(pathline)": 0.8611897704696527,
        "min(distant)": 0.557069724592452
    },
    "member12": {
        "max(u)": 0.5799853016075538,
        "max(v)": 0.24651995786114766,
        "max(length)": 0.3455205957828631,
        "num(pathline)": 0.8611897704696527,
        "min(distant)": 0.557069724592452
    },
    "member13": {
        "max(u)": 0.5799853016075538,
        "max(v)": 0.24651995786114766,
        "max(length)": 0.3455205957828631,
        "num(pathline)": 0.8611897704696527,
        "min(distant)": 0.557069724592452
    },
    "member14": {
        "max(u)": 0.5799853016075538,
        "max(v)": 0.24651995786114766,
        "max(length)": 0.3455205957828631,
        "num(pathline)": 0.8611897704696527,
        "min(distant)": 0.557069724592452
    },
    "member15": {
        "max(u)": 0.5799853016075538,
        "max(v)": 0.24651995786114766,
        "max(length)": 0.3455205957828631,
        "num(pathline)": 0.8611897704696527,
        "min(distant)": 0.557069724592452
    },
    "member16": {
        "max(u)": 0.5799853016075538,
        "max(v)": 0.24651995786114766,
        "max(length)": 0.3455205957828631,
        "num(pathline)": 0.8611897704696527,
        "min(distant)": 0.557069724592452
    },
    "member17": {
        "max(u)": 0.5799853016075538,
        "max(v)": 0.24651995786114766,
        "max(length)": 0.3455205957828631,
        "num(pathline)": 0.8611897704696527,
        "min(distant)": 0.557069724592452
    },
    "member18": {
        "max(u)": 0.5799853016075538,
        "max(v)": 0.24651995786114766,
        "max(length)": 0.3455205957828631,
        "num(pathline)": 0.8611897704696527,
        "min(distant)": 0.557069724592452
    },
    "member19": {
        "max(u)": 0.5799853016075538,
        "max(v)": 0.24651995786114766,
        "max(length)": 0.3455205957828631,
        "num(pathline)": 0.8611897704696527,
        "min(distant)": 0.557069724592452
    },
    "member20": {
        "max(u)": 0.5799853016075538,
        "max(v)": 0.24651995786114766,
        "max(length)": 0.3455205957828631,
        "num(pathline)": 0.8611897704696527,
        "min(distant)": 0.557069724592452
    }
}