{
    "member1": {
        "max(u)": 0.1936849256003501,
        "max(v)": 0.45270299417021176,
        "max(length)": 0.5685136386160122,
        "num(pathline)": 0.25757958660398284,
        "min(distant)": 0.8163041671700095
    },
    "member2": {
        "max(u)": 0.1936849256003501,
        "max(v)": 0.45270299417021176,
        "max(length)": 0.5685136386160122,
        "num(pathline)": 0.25757958660398284,
        "min(distant)": 0.8163041671700095
    },
    "member3": {
        "max(u)": 0.1936849256003501,
        "max(v)": 0.45270299417021176,
        "max(length)": 0.5685136386160122,
        "num(pathline)": 0.25757958660398284,
        "min(distant)": 0.8163041671700095
    },
    "member4": {
        "max(u)": 0.1936849256003501,
        "max(v)": 0.45270299417021176,
        "max(length)": 0.5685136386160122,
        "num(pathline)": 0.25757958660398284,
        "min(distant)": 0.8163041671700095
    },
    "member5": {
        "max(u)": 0.1936849256003501,
        "max(v)": 0.45270299417021176,
        "max(length)": 0.5685136386160122,
        "num(pathline)": 0.25757958660398284,
        "min(distant)": 0.8163041671700095
    },
    "member6": {
        "max(u)": 0.1936849256003501,
        "max(v)": 0.45270299417021176,
        "max(length)": 0.5685136386160122,
        "num(pathline)": 0.25757958660398284,
        "min(distant)": 0.8163041671700095
    },
    "member7": {
        "max(u)": 0.1936849256003501,
        "max(v)": 0.45270299417021176,
        "max(length)": 0.5685136386160122,
        "num(pathline)": 0.25757958660398284,
        "min(distant)": 0.8163041671700095
    },
    "member8": {
        "max(u)": 0.1936849256003501,
        "max(v)": 0.45270299417021176,
        "max(length)": 0.5685136386160122,
        "num(pathline)": 0.25757958660398284,
        "min(distant)": 0.8163041671700095
    },
    "member9": {
        "max(u)": 0.1936849256003501,
        "max(v)": 0.45270299417021176,
        "max(length)": 0.5685136386160122,
        "num(pathline)": 0.25757958660398284,
        "min(distant)": 0.8163041671700095
    },
    "member10": {
        "max(u)": 0.1936849256003501,
        "max(v)": 0.45270299417021176,
        "max(length)": 0.5685136386160122,
        "num(pathline)": 0.25757958660398284,
        "min(distant)": 0.8163041671700095
    },
    "member11": {
        "max(u)": 0.1936849256003501,
        "max(v)": 0.45270299417021176,
        "max(length)": 0.5685136386160122,
        "num(pathline)": 0.25757958660398284,
        "min(distant)": 0.8163041671700095
    },
    "member12": {
        "max(u)": 0.1936849256003501,
        "max(v)": 0.45270299417021176,
        "max(length)": 0.5685136386160122,
        "num(pathline)": 0.25757958660398284,
        "min(distant)": 0.8163041671700095
    },
    "member13": {
        "max(u)": 0.1936849256003501,
        "max(v)": 0.45270299417021176,
        "max(length)": 0.5685136386160122,
        "num(pathline)": 0.25757958660398284,
        "min(distant)": 0.8163041671700095
    },
    "member14": {
        "max(u)": 0.1936849256003501,
        "max(v)": 0.45270299417021176,
        "max(length)": 0.5685136386160122,
        "num(pathline)": 0.25757958660398284,
        "min(distant)": 0.8163041671700095
    },
    "member15": {
        "max(u)": 0.1936849256003501,
        "max(v)": 0.45270299417021176,
        "max(length)": 0.5685136386160122,
        "num(pathline)": 0.25757958660398284,
        "min(distant)": 0.8163041671700095
    },
    "member16": {
        "max(u)": 0.1936849256003501,
        "max(v)": 0.45270299417021176,
        "max(length)": 0.5685136386160122,
        "num(pathline)": 0.25757958660398284,
        "min(distant)": 0.8163041671700095
    },
    "member17": {
        "max(u)": 0.1936849256003501,
        "max(v)": 0.45270299417021176,
        "max(length)": 0.5685136386160122,
        "num(pathline)": 0.25757958660398284,
        "min(distant)": 0.8163041671700095
    },
    "member18": {
        "max(u)": 0.1936849256003501,
        "max(v)": 0.45270299417021176,
        "max(length)": 0.5685136386160122,
        "num(pathline)": 0.25757958660398284,
        "min(distant)": 0.8163041671700095
    },
    "member19": {
        "max(u)": 0.1936849256003501,
        "max(v)": 0.45270299417021176,
        "max(length)": 0.5685136386160122,
        "num(pathline)": 0.25757958660398284,
        "min(distant)": 0.8163041671700095
    },
    "member20": {
        "max(u)": 0.1936849256003501,
        "max(v)": 0.45270299417021176,
        "max(length)": 0.5685136386160122,
        "num(pathline)": 0.25757958660398284,
        "min(distant)": 0.8163041671700095
    }
}