{
    "member1": {
        "max(u)": 0.8764147319055525,
        "max(v)": 0.6942629374404403,
        "max(length)": 0.7835552138340629,
        "num(pathline)": 0.11867692727338341,
        "min(distant)": 0.5335487770354316
    },
    "member2": {
        "max(u)": 0.8764147319055525,
        "max(v)": 0.6942629374404403,
        "max(length)": 0.7835552138340629,
        "num(pathline)": 0.11867692727338341,
        "min(distant)": 0.5335487770354316
    },
    "member3": {
        "max(u)": 0.8764147319055525,
        "max(v)": 0.6942629374404403,
        "max(length)": 0.7835552138340629,
        "num(pathline)": 0.11867692727338341,
        "min(distant)": 0.5335487770354316
    },
    "member4": {
        "max(u)": 0.8764147319055525,
        "max(v)": 0.6942629374404403,
        "max(length)": 0.7835552138340629,
        "num(pathline)": 0.11867692727338341,
        "min(distant)": 0.5335487770354316
    },
    "member5": {
        "max(u)": 0.8764147319055525,
        "max(v)": 0.6942629374404403,
        "max(length)": 0.7835552138340629,
        "num(pathline)": 0.11867692727338341,
        "min(distant)": 0.5335487770354316
    },
    "member6": {
        "max(u)": 0.8764147319055525,
        "max(v)": 0.6942629374404403,
        "max(length)": 0.7835552138340629,
        "num(pathline)": 0.11867692727338341,
        "min(distant)": 0.5335487770354316
    },
    "member7": {
        "max(u)": 0.8764147319055525,
        "max(v)": 0.6942629374404403,
        "max(length)": 0.7835552138340629,
        "num(pathline)": 0.11867692727338341,
        "min(distant)": 0.5335487770354316
    },
    "member8": {
        "max(u)": 0.8764147319055525,
        "max(v)": 0.6942629374404403,
        "max(length)": 0.7835552138340629,
        "num(pathline)": 0.11867692727338341,
        "min(distant)": 0.5335487770354316
    },
    "member9": {
        "max(u)": 0.8764147319055525,
        "max(v)": 0.6942629374404403,
        "max(length)": 0.7835552138340629,
        "num(pathline)": 0.11867692727338341,
        "min(distant)": 0.5335487770354316
    },
    "member10": {
        "max(u)": 0.8764147319055525,
        "max(v)": 0.6942629374404403,
        "max(length)": 0.7835552138340629,
        "num(pathline)": 0.11867692727338341,
        "min(distant)": 0.5335487770354316
    },
    "member11": {
        "max(u)": 0.8764147319055525,
        "max(v)": 0.6942629374404403,
        "max(length)": 0.7835552138340629,
        "num(pathline)": 0.11867692727338341,
        "min(distant)": 0.5335487770354316
    },
    "member12": {
        "max(u)": 0.8764147319055525,
        "max(v)": 0.6942629374404403,
        "max(length)": 0.7835552138340629,
        "num(pathline)": 0.11867692727338341,
        "min(distant)": 0.5335487770354316
    },
    "member13": {
        "max(u)": 0.8764147319055525,
        "max(v)": 0.6942629374404403,
        "max(length)": 0.7835552138340629,
        "num(pathline)": 0.11867692727338341,
        "min(distant)": 0.5335487770354316
    },
    "member14": {
        "max(u)": 0.8764147319055525,
        "max(v)": 0.6942629374404403,
        "max(length)": 0.7835552138340629,
        "num(pathline)": 0.11867692727338341,
        "min(distant)": 0.5335487770354316
    },
    "member15": {
        "max(u)": 0.8764147319055525,
        "max(v)": 0.6942629374404403,
        "max(length)": 0.7835552138340629,
        "num(pathline)": 0.11867692727338341,
        "min(distant)": 0.5335487770354316
    },
    "member16": {
        "max(u)": 0.8764147319055525,
        "max(v)": 0.6942629374404403,
        "max(length)": 0.7835552138340629,
        "num(pathline)": 0.11867692727338341,
        "min(distant)": 0.5335487770354316
    },
    "member17": {
        "max(u)": 0.8764147319055525,
        "max(v)": 0.6942629374404403,
        "max(length)": 0.7835552138340629,
        "num(pathline)": 0.11867692727338341,
        "min(distant)": 0.5335487770354316
    },
    "member18": {
        "max(u)": 0.8764147319055525,
        "max(v)": 0.6942629374404403,
        "max(length)": 0.7835552138340629,
        "num(pathline)": 0.11867692727338341,
        "min(distant)": 0.5335487770354316
    },
    "member19": {
        "max(u)": 0.8764147319055525,
        "max(v)": 0.6942629374404403,
        "max(length)": 0.7835552138340629,
        "num(pathline)": 0.11867692727338341,
        "min(distant)": 0.5335487770354316
    },
    "member20": {
        "max(u)": 0.8764147319055525,
        "max(v)": 0.6942629374404403,
        "max(length)": 0.7835552138340629,
        "num(pathline)": 0.11867692727338341,
        "min(distant)": 0.5335487770354316
    }
}