{
    "member1": {
        "max(u)": 0.5195266311632754,
        "max(v)": 0.0376731982503925,
        "max(length)": 0.22382350694426834,
        "num(pathline)": 0.8532125635374315,
        "min(distant)": 0.3629307311715445
    },
    "member2": {
        "max(u)": 0.5195266311632754,
        "max(v)": 0.0376731982503925,
        "max(length)": 0.22382350694426834,
        "num(pathline)": 0.8532125635374315,
        "min(distant)": 0.3629307311715445
    },
    "member3": {
        "max(u)": 0.5195266311632754,
        "max(v)": 0.0376731982503925,
        "max(length)": 0.22382350694426834,
        "num(pathline)": 0.8532125635374315,
        "min(distant)": 0.3629307311715445
    },
    "member4": {
        "max(u)": 0.5195266311632754,
        "max(v)": 0.0376731982503925,
        "max(length)": 0.22382350694426834,
        "num(pathline)": 0.8532125635374315,
        "min(distant)": 0.3629307311715445
    },
    "member5": {
        "max(u)": 0.5195266311632754,
        "max(v)": 0.0376731982503925,
        "max(length)": 0.22382350694426834,
        "num(pathline)": 0.8532125635374315,
        "min(distant)": 0.3629307311715445
    },
    "member6": {
        "max(u)": 0.5195266311632754,
        "max(v)": 0.0376731982503925,
        "max(length)": 0.22382350694426834,
        "num(pathline)": 0.8532125635374315,
        "min(distant)": 0.3629307311715445
    },
    "member7": {
        "max(u)": 0.5195266311632754,
        "max(v)": 0.0376731982503925,
        "max(length)": 0.22382350694426834,
        "num(pathline)": 0.8532125635374315,
        "min(distant)": 0.3629307311715445
    },
    "member8": {
        "max(u)": 0.5195266311632754,
        "max(v)": 0.0376731982503925,
        "max(length)": 0.22382350694426834,
        "num(pathline)": 0.8532125635374315,
        "min(distant)": 0.3629307311715445
    },
    "member9": {
        "max(u)": 0.5195266311632754,
        "max(v)": 0.0376731982503925,
        "max(length)": 0.22382350694426834,
        "num(pathline)": 0.8532125635374315,
        "min(distant)": 0.3629307311715445
    },
    "member10": {
        "max(u)": 0.5195266311632754,
        "max(v)": 0.0376731982503925,
        "max(length)": 0.22382350694426834,
        "num(pathline)": 0.8532125635374315,
        "min(distant)": 0.3629307311715445
    },
    "member11": {
        "max(u)": 0.5195266311632754,
        "max(v)": 0.0376731982503925,
        "max(length)": 0.22382350694426834,
        "num(pathline)": 0.8532125635374315,
        "min(distant)": 0.3629307311715445
    },
    "member12": {
        "max(u)": 0.5195266311632754,
        "max(v)": 0.0376731982503925,
        "max(length)": 0.22382350694426834,
        "num(pathline)": 0.8532125635374315,
        "min(distant)": 0.3629307311715445
    },
    "member13": {
        "max(u)": 0.5195266311632754,
        "max(v)": 0.0376731982503925,
        "max(length)": 0.22382350694426834,
        "num(pathline)": 0.8532125635374315,
        "min(distant)": 0.3629307311715445
    },
    "member14": {
        "max(u)": 0.5195266311632754,
        "max(v)": 0.0376731982503925,
        "max(length)": 0.22382350694426834,
        "num(pathline)": 0.8532125635374315,
        "min(distant)": 0.3629307311715445
    },
    "member15": {
        "max(u)": 0.5195266311632754,
        "max(v)": 0.0376731982503925,
        "max(length)": 0.22382350694426834,
        "num(pathline)": 0.8532125635374315,
        "min(distant)": 0.3629307311715445
    },
    "member16": {
        "max(u)": 0.5195266311632754,
        "max(v)": 0.0376731982503925,
        "max(length)": 0.22382350694426834,
        "num(pathline)": 0.8532125635374315,
        "min(distant)": 0.3629307311715445
    },
    "member17": {
        "max(u)": 0.5195266311632754,
        "max(v)": 0.0376731982503925,
        "max(length)": 0.22382350694426834,
        "num(pathline)": 0.8532125635374315,
        "min(distant)": 0.3629307311715445
    },
    "member18": {
        "max(u)": 0.5195266311632754,
        "max(v)": 0.0376731982503925,
        "max(length)": 0.22382350694426834,
        "num(pathline)": 0.8532125635374315,
        "min(distant)": 0.3629307311715445
    },
    "member19": {
        "max(u)": 0.5195266311632754,
        "max(v)": 0.0376731982503925,
        "max(length)": 0.22382350694426834,
        "num(pathline)": 0.8532125635374315,
        "min(distant)": 0.3629307311715445
    },
    "member20": {
        "max(u)": 0.5195266311632754,
        "max(v)": 0.0376731982503925,
        "max(length)": 0.22382350694426834,
        "num(pathline)": 0.8532125635374315,
        "min(distant)": 0.3629307311715445
    }
}