{
    "member1": {
        "max(u)": 0.3552095670385471,
        "max(v)": 0.4892921241946798,
        "max(length)": 0.4800843646213725,
        "num(pathline)": 0.31309702237810033,
        "min(distant)": 0.2540831083140298
    },
    "member2": {
        "max(u)": 0.3552095670385471,
        "max(v)": 0.4892921241946798,
        "max(length)": 0.4800843646213725,
        "num(pathline)": 0.31309702237810033,
        "min(distant)": 0.2540831083140298
    },
    "member3": {
        "max(u)": 0.3552095670385471,
        "max(v)": 0.4892921241946798,
        "max(length)": 0.4800843646213725,
        "num(pathline)": 0.31309702237810033,
        "min(distant)": 0.2540831083140298
    },
    "member4": {
        "max(u)": 0.3552095670385471,
        "max(v)": 0.4892921241946798,
        "max(length)": 0.4800843646213725,
        "num(pathline)": 0.31309702237810033,
        "min(distant)": 0.2540831083140298
    },
    "member5": {
        "max(u)": 0.3552095670385471,
        "max(v)": 0.4892921241946798,
        "max(length)": 0.4800843646213725,
        "num(pathline)": 0.31309702237810033,
        "min(distant)": 0.2540831083140298
    },
    "member6": {
        "max(u)": 0.3552095670385471,
        "max(v)": 0.4892921241946798,
        "max(length)": 0.4800843646213725,
        "num(pathline)": 0.31309702237810033,
        "min(distant)": 0.2540831083140298
    },
    "member7": {
        "max(u)": 0.3552095670385471,
        "max(v)": 0.4892921241946798,
        "max(length)": 0.4800843646213725,
        "num(pathline)": 0.31309702237810033,
        "min(distant)": 0.2540831083140298
    },
    "member8": {
        "max(u)": 0.3552095670385471,
        "max(v)": 0.4892921241946798,
        "max(length)": 0.4800843646213725,
        "num(pathline)": 0.31309702237810033,
        "min(distant)": 0.2540831083140298
    },
    "member9": {
        "max(u)": 0.3552095670385471,
        "max(v)": 0.4892921241946798,
        "max(length)": 0.4800843646213725,
        "num(pathline)": 0.31309702237810033,
        "min(distant)": 0.2540831083140298
    },
    "member10": {
        "max(u)": 0.3552095670385471,
        "max(v)": 0.4892921241946798,
        "max(length)": 0.4800843646213725,
        "num(pathline)": 0.31309702237810033,
        "min(distant)": 0.2540831083140298
    },
    "member11": {
        "max(u)": 0.3552095670385471,
        "max(v)": 0.4892921241946798,
        "max(length)": 0.4800843646213725,
        "num(pathline)": 0.31309702237810033,
        "min(distant)": 0.2540831083140298
    },
    "member12": {
        "max(u)": 0.3552095670385471,
        "max(v)": 0.4892921241946798,
        "max(length)": 0.4800843646213725,
        "num(pathline)": 0.31309702237810033,
        "min(distant)": 0.2540831083140298
    },
    "member13": {
        "max(u)": 0.3552095670385471,
        "max(v)": 0.4892921241946798,
        "max(length)": 0.4800843646213725,
        "num(pathline)": 0.31309702237810033,
        "min(distant)": 0.2540831083140298
    },
    "member14": {
        "max(u)": 0.3552095670385471,
        "max(v)": 0.4892921241946798,
        "max(length)": 0.4800843646213725,
        "num(pathline)": 0.31309702237810033,
        "min(distant)": 0.2540831083140298
    },
    "member15": {
        "max(u)": 0.3552095670385471,
        "max(v)": 0.4892921241946798,
        "max(length)": 0.4800843646213725,
        "num(pathline)": 0.31309702237810033,
        "min(distant)": 0.2540831083140298
    },
    "member16": {
        "max(u)": 0.3552095670385471,
        "max(v)": 0.4892921241946798,
        "max(length)": 0.4800843646213725,
        "num(pathline)": 0.31309702237810033,
        "min(distant)": 0.2540831083140298
    },
    "member17": {
        "max(u)": 0.3552095670385471,
        "max(v)": 0.4892921241946798,
        "max(length)": 0.4800843646213725,
        "num(pathline)": 0.31309702237810033,
        "min(distant)": 0.2540831083140298
    },
    "member18": {
        "max(u)": 0.3552095670385471,
        "max(v)": 0.4892921241946798,
        "max(length)": 0.4800843646213725,
        "num(pathline)": 0.31309702237810033,
        "min(distant)": 0.2540831083140298
    },
    "member19": {
        "max(u)": 0.3552095670385471,
        "max(v)": 0.4892921241946798,
        "max(length)": 0.4800843646213725,
        "num(pathline)": 0.31309702237810033,
        "min(distant)": 0.2540831083140298
    },
    "member20": {
        "max(u)": 0.3552095670385471,
        "max(v)": 0.4892921241946798,
        "max(length)": 0.4800843646213725,
        "num(pathline)": 0.31309702237810033,
        "min(distant)": 0.2540831083140298
    }
}