{
    "member1": {
        "max(u)": 0.18612421246502198,
        "max(v)": 0.6544441700939515,
        "max(length)": 0.3509463252072871,
        "num(pathline)": 0.9397053220423558,
        "min(distant)": 0.8821329197845038
    },
    "member2": {
        "max(u)": 0.18612421246502198,
        "max(v)": 0.6544441700939515,
        "max(length)": 0.3509463252072871,
        "num(pathline)": 0.9397053220423558,
        "min(distant)": 0.8821329197845038
    },
    "member3": {
        "max(u)": 0.18612421246502198,
        "max(v)": 0.6544441700939515,
        "max(length)": 0.3509463252072871,
        "num(pathline)": 0.9397053220423558,
        "min(distant)": 0.8821329197845038
    },
    "member4": {
        "max(u)": 0.18612421246502198,
        "max(v)": 0.6544441700939515,
        "max(length)": 0.3509463252072871,
        "num(pathline)": 0.9397053220423558,
        "min(distant)": 0.8821329197845038
    },
    "member5": {
        "max(u)": 0.18612421246502198,
        "max(v)": 0.6544441700939515,
        "max(length)": 0.3509463252072871,
        "num(pathline)": 0.9397053220423558,
        "min(distant)": 0.8821329197845038
    },
    "member6": {
        "max(u)": 0.18612421246502198,
        "max(v)": 0.6544441700939515,
        "max(length)": 0.3509463252072871,
        "num(pathline)": 0.9397053220423558,
        "min(distant)": 0.8821329197845038
    },
    "member7": {
        "max(u)": 0.18612421246502198,
        "max(v)": 0.6544441700939515,
        "max(length)": 0.3509463252072871,
        "num(pathline)": 0.9397053220423558,
        "min(distant)": 0.8821329197845038
    },
    "member8": {
        "max(u)": 0.18612421246502198,
        "max(v)": 0.6544441700939515,
        "max(length)": 0.3509463252072871,
        "num(pathline)": 0.9397053220423558,
        "min(distant)": 0.8821329197845038
    },
    "member9": {
        "max(u)": 0.18612421246502198,
        "max(v)": 0.6544441700939515,
        "max(length)": 0.3509463252072871,
        "num(pathline)": 0.9397053220423558,
        "min(distant)": 0.8821329197845038
    },
    "member10": {
        "max(u)": 0.18612421246502198,
        "max(v)": 0.6544441700939515,
        "max(length)": 0.3509463252072871,
        "num(pathline)": 0.9397053220423558,
        "min(distant)": 0.8821329197845038
    },
    "member11": {
        "max(u)": 0.18612421246502198,
        "max(v)": 0.6544441700939515,
        "max(length)": 0.3509463252072871,
        "num(pathline)": 0.9397053220423558,
        "min(distant)": 0.8821329197845038
    },
    "member12": {
        "max(u)": 0.18612421246502198,
        "max(v)": 0.6544441700939515,
        "max(length)": 0.3509463252072871,
        "num(pathline)": 0.9397053220423558,
        "min(distant)": 0.8821329197845038
    },
    "member13": {
        "max(u)": 0.18612421246502198,
        "max(v)": 0.6544441700939515,
        "max(length)": 0.3509463252072871,
        "num(pathline)": 0.9397053220423558,
        "min(distant)": 0.8821329197845038
    },
    "member14": {
        "max(u)": 0.18612421246502198,
        "max(v)": 0.6544441700939515,
        "max(length)": 0.3509463252072871,
        "num(pathline)": 0.9397053220423558,
        "min(distant)": 0.8821329197845038
    },
    "member15": {
        "max(u)": 0.18612421246502198,
        "max(v)": 0.6544441700939515,
        "max(length)": 0.3509463252072871,
        "num(pathline)": 0.9397053220423558,
        "min(distant)": 0.8821329197845038
    },
    "member16": {
        "max(u)": 0.18612421246502198,
        "max(v)": 0.6544441700939515,
        "max(length)": 0.3509463252072871,
        "num(pathline)": 0.9397053220423558,
        "min(distant)": 0.8821329197845038
    },
    "member17": {
        "max(u)": 0.18612421246502198,
        "max(v)": 0.6544441700939515,
        "max(length)": 0.3509463252072871,
        "num(pathline)": 0.9397053220423558,
        "min(distant)": 0.8821329197845038
    },
    "member18": {
        "max(u)": 0.18612421246502198,
        "max(v)": 0.6544441700939515,
        "max(length)": 0.3509463252072871,
        "num(pathline)": 0.9397053220423558,
        "min(distant)": 0.8821329197845038
    },
    "member19": {
        "max(u)": 0.18612421246502198,
        "max(v)": 0.6544441700939515,
        "max(length)": 0.3509463252072871,
        "num(pathline)": 0.9397053220423558,
        "min(distant)": 0.8821329197845038
    },
    "member20": {
        "max(u)": 0.18612421246502198,
        "max(v)": 0.6544441700939515,
        "max(length)": 0.3509463252072871,
        "num(pathline)": 0.9397053220423558,
        "min(distant)": 0.8821329197845038
    }
}