{
    "member1": {
        "max(u)": 0.10468815632745188,
        "max(v)": 0.3604404407858276,
        "max(length)": 0.8204331018924672,
        "num(pathline)": 0.7329137780702529,
        "min(distant)": 0.9684544865447291
    },
    "member2": {
        "max(u)": 0.10468815632745188,
        "max(v)": 0.3604404407858276,
        "max(length)": 0.8204331018924672,
        "num(pathline)": 0.7329137780702529,
        "min(distant)": 0.9684544865447291
    },
    "member3": {
        "max(u)": 0.10468815632745188,
        "max(v)": 0.3604404407858276,
        "max(length)": 0.8204331018924672,
        "num(pathline)": 0.7329137780702529,
        "min(distant)": 0.9684544865447291
    },
    "member4": {
        "max(u)": 0.10468815632745188,
        "max(v)": 0.3604404407858276,
        "max(length)": 0.8204331018924672,
        "num(pathline)": 0.7329137780702529,
        "min(distant)": 0.9684544865447291
    },
    "member5": {
        "max(u)": 0.10468815632745188,
        "max(v)": 0.3604404407858276,
        "max(length)": 0.8204331018924672,
        "num(pathline)": 0.7329137780702529,
        "min(distant)": 0.9684544865447291
    },
    "member6": {
        "max(u)": 0.10468815632745188,
        "max(v)": 0.3604404407858276,
        "max(length)": 0.8204331018924672,
        "num(pathline)": 0.7329137780702529,
        "min(distant)": 0.9684544865447291
    },
    "member7": {
        "max(u)": 0.10468815632745188,
        "max(v)": 0.3604404407858276,
        "max(length)": 0.8204331018924672,
        "num(pathline)": 0.7329137780702529,
        "min(distant)": 0.9684544865447291
    },
    "member8": {
        "max(u)": 0.10468815632745188,
        "max(v)": 0.3604404407858276,
        "max(length)": 0.8204331018924672,
        "num(pathline)": 0.7329137780702529,
        "min(distant)": 0.9684544865447291
    },
    "member9": {
        "max(u)": 0.10468815632745188,
        "max(v)": 0.3604404407858276,
        "max(length)": 0.8204331018924672,
        "num(pathline)": 0.7329137780702529,
        "min(distant)": 0.9684544865447291
    },
    "member10": {
        "max(u)": 0.10468815632745188,
        "max(v)": 0.3604404407858276,
        "max(length)": 0.8204331018924672,
        "num(pathline)": 0.7329137780702529,
        "min(distant)": 0.9684544865447291
    },
    "member11": {
        "max(u)": 0.10468815632745188,
        "max(v)": 0.3604404407858276,
        "max(length)": 0.8204331018924672,
        "num(pathline)": 0.7329137780702529,
        "min(distant)": 0.9684544865447291
    },
    "member12": {
        "max(u)": 0.10468815632745188,
        "max(v)": 0.3604404407858276,
        "max(length)": 0.8204331018924672,
        "num(pathline)": 0.7329137780702529,
        "min(distant)": 0.9684544865447291
    },
    "member13": {
        "max(u)": 0.10468815632745188,
        "max(v)": 0.3604404407858276,
        "max(length)": 0.8204331018924672,
        "num(pathline)": 0.7329137780702529,
        "min(distant)": 0.9684544865447291
    },
    "member14": {
        "max(u)": 0.10468815632745188,
        "max(v)": 0.3604404407858276,
        "max(length)": 0.8204331018924672,
        "num(pathline)": 0.7329137780702529,
        "min(distant)": 0.9684544865447291
    },
    "member15": {
        "max(u)": 0.10468815632745188,
        "max(v)": 0.3604404407858276,
        "max(length)": 0.8204331018924672,
        "num(pathline)": 0.7329137780702529,
        "min(distant)": 0.9684544865447291
    },
    "member16": {
        "max(u)": 0.10468815632745188,
        "max(v)": 0.3604404407858276,
        "max(length)": 0.8204331018924672,
        "num(pathline)": 0.7329137780702529,
        "min(distant)": 0.9684544865447291
    },
    "member17": {
        "max(u)": 0.10468815632745188,
        "max(v)": 0.3604404407858276,
        "max(length)": 0.8204331018924672,
        "num(pathline)": 0.7329137780702529,
        "min(distant)": 0.9684544865447291
    },
    "member18": {
        "max(u)": 0.10468815632745188,
        "max(v)": 0.3604404407858276,
        "max(length)": 0.8204331018924672,
        "num(pathline)": 0.7329137780702529,
        "min(distant)": 0.9684544865447291
    },
    "member19": {
        "max(u)": 0.10468815632745188,
        "max(v)": 0.3604404407858276,
        "max(length)": 0.8204331018924672,
        "num(pathline)": 0.7329137780702529,
        "min(distant)": 0.9684544865447291
    },
    "member20": {
        "max(u)": 0.10468815632745188,
        "max(v)": 0.3604404407858276,
        "max(length)": 0.8204331018924672,
        "num(pathline)": 0.7329137780702529,
        "min(distant)": 0.9684544865447291
    }
}