{
    "member1": {
        "max(u)": 0.9614688682797317,
        "max(v)": 0.40883770078219683,
        "max(length)": 0.46693475769355197,
        "num(pathline)": 0.4453359163201095,
        "min(distant)": 0.9574091956453958
    },
    "member2": {
        "max(u)": 0.9614688682797317,
        "max(v)": 0.40883770078219683,
        "max(length)": 0.46693475769355197,
        "num(pathline)": 0.4453359163201095,
        "min(distant)": 0.9574091956453958
    },
    "member3": {
        "max(u)": 0.9614688682797317,
        "max(v)": 0.40883770078219683,
        "max(length)": 0.46693475769355197,
        "num(pathline)": 0.4453359163201095,
        "min(distant)": 0.9574091956453958
    },
    "member4": {
        "max(u)": 0.9614688682797317,
        "max(v)": 0.40883770078219683,
        "max(length)": 0.46693475769355197,
        "num(pathline)": 0.4453359163201095,
        "min(distant)": 0.9574091956453958
    },
    "member5": {
        "max(u)": 0.9614688682797317,
        "max(v)": 0.40883770078219683,
        "max(length)": 0.46693475769355197,
        "num(pathline)": 0.4453359163201095,
        "min(distant)": 0.9574091956453958
    },
    "member6": {
        "max(u)": 0.9614688682797317,
        "max(v)": 0.40883770078219683,
        "max(length)": 0.46693475769355197,
        "num(pathline)": 0.4453359163201095,
        "min(distant)": 0.9574091956453958
    },
    "member7": {
        "max(u)": 0.9614688682797317,
        "max(v)": 0.40883770078219683,
        "max(length)": 0.46693475769355197,
        "num(pathline)": 0.4453359163201095,
        "min(distant)": 0.9574091956453958
    },
    "member8": {
        "max(u)": 0.9614688682797317,
        "max(v)": 0.40883770078219683,
        "max(length)": 0.46693475769355197,
        "num(pathline)": 0.4453359163201095,
        "min(distant)": 0.9574091956453958
    },
    "member9": {
        "max(u)": 0.9614688682797317,
        "max(v)": 0.40883770078219683,
        "max(length)": 0.46693475769355197,
        "num(pathline)": 0.4453359163201095,
        "min(distant)": 0.9574091956453958
    },
    "member10": {
        "max(u)": 0.9614688682797317,
        "max(v)": 0.40883770078219683,
        "max(length)": 0.46693475769355197,
        "num(pathline)": 0.4453359163201095,
        "min(distant)": 0.9574091956453958
    },
    "member11": {
        "max(u)": 0.9614688682797317,
        "max(v)": 0.40883770078219683,
        "max(length)": 0.46693475769355197,
        "num(pathline)": 0.4453359163201095,
        "min(distant)": 0.9574091956453958
    },
    "member12": {
        "max(u)": 0.9614688682797317,
        "max(v)": 0.40883770078219683,
        "max(length)": 0.46693475769355197,
        "num(pathline)": 0.4453359163201095,
        "min(distant)": 0.9574091956453958
    },
    "member13": {
        "max(u)": 0.9614688682797317,
        "max(v)": 0.40883770078219683,
        "max(length)": 0.46693475769355197,
        "num(pathline)": 0.4453359163201095,
        "min(distant)": 0.9574091956453958
    },
    "member14": {
        "max(u)": 0.9614688682797317,
        "max(v)": 0.40883770078219683,
        "max(length)": 0.46693475769355197,
        "num(pathline)": 0.4453359163201095,
        "min(distant)": 0.9574091956453958
    },
    "member15": {
        "max(u)": 0.9614688682797317,
        "max(v)": 0.40883770078219683,
        "max(length)": 0.46693475769355197,
        "num(pathline)": 0.4453359163201095,
        "min(distant)": 0.9574091956453958
    },
    "member16": {
        "max(u)": 0.9614688682797317,
        "max(v)": 0.40883770078219683,
        "max(length)": 0.46693475769355197,
        "num(pathline)": 0.4453359163201095,
        "min(distant)": 0.9574091956453958
    },
    "member17": {
        "max(u)": 0.9614688682797317,
        "max(v)": 0.40883770078219683,
        "max(length)": 0.46693475769355197,
        "num(pathline)": 0.4453359163201095,
        "min(distant)": 0.9574091956453958
    },
    "member18": {
        "max(u)": 0.9614688682797317,
        "max(v)": 0.40883770078219683,
        "max(length)": 0.46693475769355197,
        "num(pathline)": 0.4453359163201095,
        "min(distant)": 0.9574091956453958
    },
    "member19": {
        "max(u)": 0.9614688682797317,
        "max(v)": 0.40883770078219683,
        "max(length)": 0.46693475769355197,
        "num(pathline)": 0.4453359163201095,
        "min(distant)": 0.9574091956453958
    },
    "member20": {
        "max(u)": 0.9614688682797317,
        "max(v)": 0.40883770078219683,
        "max(length)": 0.46693475769355197,
        "num(pathline)": 0.4453359163201095,
        "min(distant)": 0.9574091956453958
    }
}