{
    "member1": {
        "max(u)": 0.10151248689621395,
        "max(v)": 0.17074455254906096,
        "max(length)": 0.12272183076956555,
        "num(pathline)": 0.12633582020621548,
        "min(distant)": 0.40359459935507236
    },
    "member2": {
        "max(u)": 0.10151248689621395,
        "max(v)": 0.17074455254906096,
        "max(length)": 0.12272183076956555,
        "num(pathline)": 0.12633582020621548,
        "min(distant)": 0.40359459935507236
    },
    "member3": {
        "max(u)": 0.10151248689621395,
        "max(v)": 0.17074455254906096,
        "max(length)": 0.12272183076956555,
        "num(pathline)": 0.12633582020621548,
        "min(distant)": 0.40359459935507236
    },
    "member4": {
        "max(u)": 0.10151248689621395,
        "max(v)": 0.17074455254906096,
        "max(length)": 0.12272183076956555,
        "num(pathline)": 0.12633582020621548,
        "min(distant)": 0.40359459935507236
    },
    "member5": {
        "max(u)": 0.10151248689621395,
        "max(v)": 0.17074455254906096,
        "max(length)": 0.12272183076956555,
        "num(pathline)": 0.12633582020621548,
        "min(distant)": 0.40359459935507236
    },
    "member6": {
        "max(u)": 0.10151248689621395,
        "max(v)": 0.17074455254906096,
        "max(length)": 0.12272183076956555,
        "num(pathline)": 0.12633582020621548,
        "min(distant)": 0.40359459935507236
    },
    "member7": {
        "max(u)": 0.10151248689621395,
        "max(v)": 0.17074455254906096,
        "max(length)": 0.12272183076956555,
        "num(pathline)": 0.12633582020621548,
        "min(distant)": 0.40359459935507236
    },
    "member8": {
        "max(u)": 0.10151248689621395,
        "max(v)": 0.17074455254906096,
        "max(length)": 0.12272183076956555,
        "num(pathline)": 0.12633582020621548,
        "min(distant)": 0.40359459935507236
    },
    "member9": {
        "max(u)": 0.10151248689621395,
        "max(v)": 0.17074455254906096,
        "max(length)": 0.12272183076956555,
        "num(pathline)": 0.12633582020621548,
        "min(distant)": 0.40359459935507236
    },
    "member10": {
        "max(u)": 0.10151248689621395,
        "max(v)": 0.17074455254906096,
        "max(length)": 0.12272183076956555,
        "num(pathline)": 0.12633582020621548,
        "min(distant)": 0.40359459935507236
    },
    "member11": {
        "max(u)": 0.10151248689621395,
        "max(v)": 0.17074455254906096,
        "max(length)": 0.12272183076956555,
        "num(pathline)": 0.12633582020621548,
        "min(distant)": 0.40359459935507236
    },
    "member12": {
        "max(u)": 0.10151248689621395,
        "max(v)": 0.17074455254906096,
        "max(length)": 0.12272183076956555,
        "num(pathline)": 0.12633582020621548,
        "min(distant)": 0.40359459935507236
    },
    "member13": {
        "max(u)": 0.10151248689621395,
        "max(v)": 0.17074455254906096,
        "max(length)": 0.12272183076956555,
        "num(pathline)": 0.12633582020621548,
        "min(distant)": 0.40359459935507236
    },
    "member14": {
        "max(u)": 0.10151248689621395,
        "max(v)": 0.17074455254906096,
        "max(length)": 0.12272183076956555,
        "num(pathline)": 0.12633582020621548,
        "min(distant)": 0.40359459935507236
    },
    "member15": {
        "max(u)": 0.10151248689621395,
        "max(v)": 0.17074455254906096,
        "max(length)": 0.12272183076956555,
        "num(pathline)": 0.12633582020621548,
        "min(distant)": 0.40359459935507236
    },
    "member16": {
        "max(u)": 0.10151248689621395,
        "max(v)": 0.17074455254906096,
        "max(length)": 0.12272183076956555,
        "num(pathline)": 0.12633582020621548,
        "min(distant)": 0.40359459935507236
    },
    "member17": {
        "max(u)": 0.10151248689621395,
        "max(v)": 0.17074455254906096,
        "max(length)": 0.12272183076956555,
        "num(pathline)": 0.12633582020621548,
        "min(distant)": 0.40359459935507236
    },
    "member18": {
        "max(u)": 0.10151248689621395,
        "max(v)": 0.17074455254906096,
        "max(length)": 0.12272183076956555,
        "num(pathline)": 0.12633582020621548,
        "min(distant)": 0.40359459935507236
    },
    "member19": {
        "max(u)": 0.10151248689621395,
        "max(v)": 0.17074455254906096,
        "max(length)": 0.12272183076956555,
        "num(pathline)": 0.12633582020621548,
        "min(distant)": 0.40359459935507236
    },
    "member20": {
        "max(u)": 0.10151248689621395,
        "max(v)": 0.17074455254906096,
        "max(length)": 0.12272183076956555,
        "num(pathline)": 0.12633582020621548,
        "min(distant)": 0.40359459935507236
    }
}