{
    "member1": {
        "max(u)": 0.11123466819381411,
        "max(v)": 0.5210828158806803,
        "max(length)": 0.1538847619204856,
        "num(pathline)": 0.12770569071638382,
        "min(distant)": 0.8826115073853764
    },
    "member2": {
        "max(u)": 0.11123466819381411,
        "max(v)": 0.5210828158806803,
        "max(length)": 0.1538847619204856,
        "num(pathline)": 0.12770569071638382,
        "min(distant)": 0.8826115073853764
    },
    "member3": {
        "max(u)": 0.11123466819381411,
        "max(v)": 0.5210828158806803,
        "max(length)": 0.1538847619204856,
        "num(pathline)": 0.12770569071638382,
        "min(distant)": 0.8826115073853764
    },
    "member4": {
        "max(u)": 0.11123466819381411,
        "max(v)": 0.5210828158806803,
        "max(length)": 0.1538847619204856,
        "num(pathline)": 0.12770569071638382,
        "min(distant)": 0.8826115073853764
    },
    "member5": {
        "max(u)": 0.11123466819381411,
        "max(v)": 0.5210828158806803,
        "max(length)": 0.1538847619204856,
        "num(pathline)": 0.12770569071638382,
        "min(distant)": 0.8826115073853764
    },
    "member6": {
        "max(u)": 0.11123466819381411,
        "max(v)": 0.5210828158806803,
        "max(length)": 0.1538847619204856,
        "num(pathline)": 0.12770569071638382,
        "min(distant)": 0.8826115073853764
    },
    "member7": {
        "max(u)": 0.11123466819381411,
        "max(v)": 0.5210828158806803,
        "max(length)": 0.1538847619204856,
        "num(pathline)": 0.12770569071638382,
        "min(distant)": 0.8826115073853764
    },
    "member8": {
        "max(u)": 0.11123466819381411,
        "max(v)": 0.5210828158806803,
        "max(length)": 0.1538847619204856,
        "num(pathline)": 0.12770569071638382,
        "min(distant)": 0.8826115073853764
    },
    "member9": {
        "max(u)": 0.11123466819381411,
        "max(v)": 0.5210828158806803,
        "max(length)": 0.1538847619204856,
        "num(pathline)": 0.12770569071638382,
        "min(distant)": 0.8826115073853764
    },
    "member10": {
        "max(u)": 0.11123466819381411,
        "max(v)": 0.5210828158806803,
        "max(length)": 0.1538847619204856,
        "num(pathline)": 0.12770569071638382,
        "min(distant)": 0.8826115073853764
    },
    "member11": {
        "max(u)": 0.11123466819381411,
        "max(v)": 0.5210828158806803,
        "max(length)": 0.1538847619204856,
        "num(pathline)": 0.12770569071638382,
        "min(distant)": 0.8826115073853764
    },
    "member12": {
        "max(u)": 0.11123466819381411,
        "max(v)": 0.5210828158806803,
        "max(length)": 0.1538847619204856,
        "num(pathline)": 0.12770569071638382,
        "min(distant)": 0.8826115073853764
    },
    "member13": {
        "max(u)": 0.11123466819381411,
        "max(v)": 0.5210828158806803,
        "max(length)": 0.1538847619204856,
        "num(pathline)": 0.12770569071638382,
        "min(distant)": 0.8826115073853764
    },
    "member14": {
        "max(u)": 0.11123466819381411,
        "max(v)": 0.5210828158806803,
        "max(length)": 0.1538847619204856,
        "num(pathline)": 0.12770569071638382,
        "min(distant)": 0.8826115073853764
    },
    "member15": {
        "max(u)": 0.11123466819381411,
        "max(v)": 0.5210828158806803,
        "max(length)": 0.1538847619204856,
        "num(pathline)": 0.12770569071638382,
        "min(distant)": 0.8826115073853764
    },
    "member16": {
        "max(u)": 0.11123466819381411,
        "max(v)": 0.5210828158806803,
        "max(length)": 0.1538847619204856,
        "num(pathline)": 0.12770569071638382,
        "min(distant)": 0.8826115073853764
    },
    "member17": {
        "max(u)": 0.11123466819381411,
        "max(v)": 0.5210828158806803,
        "max(length)": 0.1538847619204856,
        "num(pathline)": 0.12770569071638382,
        "min(distant)": 0.8826115073853764
    },
    "member18": {
        "max(u)": 0.11123466819381411,
        "max(v)": 0.5210828158806803,
        "max(length)": 0.1538847619204856,
        "num(pathline)": 0.12770569071638382,
        "min(distant)": 0.8826115073853764
    },
    "member19": {
        "max(u)": 0.11123466819381411,
        "max(v)": 0.5210828158806803,
        "max(length)": 0.1538847619204856,
        "num(pathline)": 0.12770569071638382,
        "min(distant)": 0.8826115073853764
    },
    "member20": {
        "max(u)": 0.11123466819381411,
        "max(v)": 0.5210828158806803,
        "max(length)": 0.1538847619204856,
        "num(pathline)": 0.12770569071638382,
        "min(distant)": 0.8826115073853764
    }
}