{
    "member1": {
        "max(u)": 0.4372455737872636,
        "max(v)": 0.3629557592515438,
        "max(length)": 0.16880098086793582,
        "num(pathline)": 0.8569120435337758,
        "min(distant)": 0.6953658326167655
    },
    "member2": {
        "max(u)": 0.4372455737872636,
        "max(v)": 0.3629557592515438,
        "max(length)": 0.16880098086793582,
        "num(pathline)": 0.8569120435337758,
        "min(distant)": 0.6953658326167655
    },
    "member3": {
        "max(u)": 0.4372455737872636,
        "max(v)": 0.3629557592515438,
        "max(length)": 0.16880098086793582,
        "num(pathline)": 0.8569120435337758,
        "min(distant)": 0.6953658326167655
    },
    "member4": {
        "max(u)": 0.4372455737872636,
        "max(v)": 0.3629557592515438,
        "max(length)": 0.16880098086793582,
        "num(pathline)": 0.8569120435337758,
        "min(distant)": 0.6953658326167655
    },
    "member5": {
        "max(u)": 0.4372455737872636,
        "max(v)": 0.3629557592515438,
        "max(length)": 0.16880098086793582,
        "num(pathline)": 0.8569120435337758,
        "min(distant)": 0.6953658326167655
    },
    "member6": {
        "max(u)": 0.4372455737872636,
        "max(v)": 0.3629557592515438,
        "max(length)": 0.16880098086793582,
        "num(pathline)": 0.8569120435337758,
        "min(distant)": 0.6953658326167655
    },
    "member7": {
        "max(u)": 0.4372455737872636,
        "max(v)": 0.3629557592515438,
        "max(length)": 0.16880098086793582,
        "num(pathline)": 0.8569120435337758,
        "min(distant)": 0.6953658326167655
    },
    "member8": {
        "max(u)": 0.4372455737872636,
        "max(v)": 0.3629557592515438,
        "max(length)": 0.16880098086793582,
        "num(pathline)": 0.8569120435337758,
        "min(distant)": 0.6953658326167655
    },
    "member9": {
        "max(u)": 0.4372455737872636,
        "max(v)": 0.3629557592515438,
        "max(length)": 0.16880098086793582,
        "num(pathline)": 0.8569120435337758,
        "min(distant)": 0.6953658326167655
    },
    "member10": {
        "max(u)": 0.4372455737872636,
        "max(v)": 0.3629557592515438,
        "max(length)": 0.16880098086793582,
        "num(pathline)": 0.8569120435337758,
        "min(distant)": 0.6953658326167655
    },
    "member11": {
        "max(u)": 0.4372455737872636,
        "max(v)": 0.3629557592515438,
        "max(length)": 0.16880098086793582,
        "num(pathline)": 0.8569120435337758,
        "min(distant)": 0.6953658326167655
    },
    "member12": {
        "max(u)": 0.4372455737872636,
        "max(v)": 0.3629557592515438,
        "max(length)": 0.16880098086793582,
        "num(pathline)": 0.8569120435337758,
        "min(distant)": 0.6953658326167655
    },
    "member13": {
        "max(u)": 0.4372455737872636,
        "max(v)": 0.3629557592515438,
        "max(length)": 0.16880098086793582,
        "num(pathline)": 0.8569120435337758,
        "min(distant)": 0.6953658326167655
    },
    "member14": {
        "max(u)": 0.4372455737872636,
        "max(v)": 0.3629557592515438,
        "max(length)": 0.16880098086793582,
        "num(pathline)": 0.8569120435337758,
        "min(distant)": 0.6953658326167655
    },
    "member15": {
        "max(u)": 0.4372455737872636,
        "max(v)": 0.3629557592515438,
        "max(length)": 0.16880098086793582,
        "num(pathline)": 0.8569120435337758,
        "min(distant)": 0.6953658326167655
    },
    "member16": {
        "max(u)": 0.4372455737872636,
        "max(v)": 0.3629557592515438,
        "max(length)": 0.16880098086793582,
        "num(pathline)": 0.8569120435337758,
        "min(distant)": 0.6953658326167655
    },
    "member17": {
        "max(u)": 0.4372455737872636,
        "max(v)": 0.3629557592515438,
        "max(length)": 0.16880098086793582,
        "num(pathline)": 0.8569120435337758,
        "min(distant)": 0.6953658326167655
    },
    "member18": {
        "max(u)": 0.4372455737872636,
        "max(v)": 0.3629557592515438,
        "max(length)": 0.16880098086793582,
        "num(pathline)": 0.8569120435337758,
        "min(distant)": 0.6953658326167655
    },
    "member19": {
        "max(u)": 0.4372455737872636,
        "max(v)": 0.3629557592515438,
        "max(length)": 0.16880098086793582,
        "num(pathline)": 0.8569120435337758,
        "min(distant)": 0.6953658326167655
    },
    "member20": {
        "max(u)": 0.4372455737872636,
        "max(v)": 0.3629557592515438,
        "max(length)": 0.16880098086793582,
        "num(pathline)": 0.8569120435337758,
        "min(distant)": 0.6953658326167655
    }
}