{
    "member1": {
        "max(u)": 0.6535747984473315,
        "max(v)": 0.5757095181891818,
        "max(length)": 0.2520115960145629,
        "num(pathline)": 0.6167127921948851,
        "min(distant)": 0.9362259901160442
    },
    "member2": {
        "max(u)": 0.6535747984473315,
        "max(v)": 0.5757095181891818,
        "max(length)": 0.2520115960145629,
        "num(pathline)": 0.6167127921948851,
        "min(distant)": 0.9362259901160442
    },
    "member3": {
        "max(u)": 0.6535747984473315,
        "max(v)": 0.5757095181891818,
        "max(length)": 0.2520115960145629,
        "num(pathline)": 0.6167127921948851,
        "min(distant)": 0.9362259901160442
    },
    "member4": {
        "max(u)": 0.6535747984473315,
        "max(v)": 0.5757095181891818,
        "max(length)": 0.2520115960145629,
        "num(pathline)": 0.6167127921948851,
        "min(distant)": 0.9362259901160442
    },
    "member5": {
        "max(u)": 0.6535747984473315,
        "max(v)": 0.5757095181891818,
        "max(length)": 0.2520115960145629,
        "num(pathline)": 0.6167127921948851,
        "min(distant)": 0.9362259901160442
    },
    "member6": {
        "max(u)": 0.6535747984473315,
        "max(v)": 0.5757095181891818,
        "max(length)": 0.2520115960145629,
        "num(pathline)": 0.6167127921948851,
        "min(distant)": 0.9362259901160442
    },
    "member7": {
        "max(u)": 0.6535747984473315,
        "max(v)": 0.5757095181891818,
        "max(length)": 0.2520115960145629,
        "num(pathline)": 0.6167127921948851,
        "min(distant)": 0.9362259901160442
    },
    "member8": {
        "max(u)": 0.6535747984473315,
        "max(v)": 0.5757095181891818,
        "max(length)": 0.2520115960145629,
        "num(pathline)": 0.6167127921948851,
        "min(distant)": 0.9362259901160442
    },
    "member9": {
        "max(u)": 0.6535747984473315,
        "max(v)": 0.5757095181891818,
        "max(length)": 0.2520115960145629,
        "num(pathline)": 0.6167127921948851,
        "min(distant)": 0.9362259901160442
    },
    "member10": {
        "max(u)": 0.6535747984473315,
        "max(v)": 0.5757095181891818,
        "max(length)": 0.2520115960145629,
        "num(pathline)": 0.6167127921948851,
        "min(distant)": 0.9362259901160442
    },
    "member11": {
        "max(u)": 0.6535747984473315,
        "max(v)": 0.5757095181891818,
        "max(length)": 0.2520115960145629,
        "num(pathline)": 0.6167127921948851,
        "min(distant)": 0.9362259901160442
    },
    "member12": {
        "max(u)": 0.6535747984473315,
        "max(v)": 0.5757095181891818,
        "max(length)": 0.2520115960145629,
        "num(pathline)": 0.6167127921948851,
        "min(distant)": 0.9362259901160442
    },
    "member13": {
        "max(u)": 0.6535747984473315,
        "max(v)": 0.5757095181891818,
        "max(length)": 0.2520115960145629,
        "num(pathline)": 0.6167127921948851,
        "min(distant)": 0.9362259901160442
    },
    "member14": {
        "max(u)": 0.6535747984473315,
        "max(v)": 0.5757095181891818,
        "max(length)": 0.2520115960145629,
        "num(pathline)": 0.6167127921948851,
        "min(distant)": 0.9362259901160442
    },
    "member15": {
        "max(u)": 0.6535747984473315,
        "max(v)": 0.5757095181891818,
        "max(length)": 0.2520115960145629,
        "num(pathline)": 0.6167127921948851,
        "min(distant)": 0.9362259901160442
    },
    "member16": {
        "max(u)": 0.6535747984473315,
        "max(v)": 0.5757095181891818,
        "max(length)": 0.2520115960145629,
        "num(pathline)": 0.6167127921948851,
        "min(distant)": 0.9362259901160442
    },
    "member17": {
        "max(u)": 0.6535747984473315,
        "max(v)": 0.5757095181891818,
        "max(length)": 0.2520115960145629,
        "num(pathline)": 0.6167127921948851,
        "min(distant)": 0.9362259901160442
    },
    "member18": {
        "max(u)": 0.6535747984473315,
        "max(v)": 0.5757095181891818,
        "max(length)": 0.2520115960145629,
        "num(pathline)": 0.6167127921948851,
        "min(distant)": 0.9362259901160442
    },
    "member19": {
        "max(u)": 0.6535747984473315,
        "max(v)": 0.5757095181891818,
        "max(length)": 0.2520115960145629,
        "num(pathline)": 0.6167127921948851,
        "min(distant)": 0.9362259901160442
    },
    "member20": {
        "max(u)": 0.6535747984473315,
        "max(v)": 0.5757095181891818,
        "max(length)": 0.2520115960145629,
        "num(pathline)": 0.6167127921948851,
        "min(distant)": 0.9362259901160442
    }
}