{
    "member1": {
        "max(u)": 0.6364784953652066,
        "max(v)": 0.4789400920490906,
        "max(length)": 0.06235337748414105,
        "num(pathline)": 0.5359726559791738,
        "min(distant)": 0.13033807651614182
    },
    "member2": {
        "max(u)": 0.6364784953652066,
        "max(v)": 0.4789400920490906,
        "max(length)": 0.06235337748414105,
        "num(pathline)": 0.5359726559791738,
        "min(distant)": 0.13033807651614182
    },
    "member3": {
        "max(u)": 0.6364784953652066,
        "max(v)": 0.4789400920490906,
        "max(length)": 0.06235337748414105,
        "num(pathline)": 0.5359726559791738,
        "min(distant)": 0.13033807651614182
    },
    "member4": {
        "max(u)": 0.6364784953652066,
        "max(v)": 0.4789400920490906,
        "max(length)": 0.06235337748414105,
        "num(pathline)": 0.5359726559791738,
        "min(distant)": 0.13033807651614182
    },
    "member5": {
        "max(u)": 0.6364784953652066,
        "max(v)": 0.4789400920490906,
        "max(length)": 0.06235337748414105,
        "num(pathline)": 0.5359726559791738,
        "min(distant)": 0.13033807651614182
    },
    "member6": {
        "max(u)": 0.6364784953652066,
        "max(v)": 0.4789400920490906,
        "max(length)": 0.06235337748414105,
        "num(pathline)": 0.5359726559791738,
        "min(distant)": 0.13033807651614182
    },
    "member7": {
        "max(u)": 0.6364784953652066,
        "max(v)": 0.4789400920490906,
        "max(length)": 0.06235337748414105,
        "num(pathline)": 0.5359726559791738,
        "min(distant)": 0.13033807651614182
    },
    "member8": {
        "max(u)": 0.6364784953652066,
        "max(v)": 0.4789400920490906,
        "max(length)": 0.06235337748414105,
        "num(pathline)": 0.5359726559791738,
        "min(distant)": 0.13033807651614182
    },
    "member9": {
        "max(u)": 0.6364784953652066,
        "max(v)": 0.4789400920490906,
        "max(length)": 0.06235337748414105,
        "num(pathline)": 0.5359726559791738,
        "min(distant)": 0.13033807651614182
    },
    "member10": {
        "max(u)": 0.6364784953652066,
        "max(v)": 0.4789400920490906,
        "max(length)": 0.06235337748414105,
        "num(pathline)": 0.5359726559791738,
        "min(distant)": 0.13033807651614182
    },
    "member11": {
        "max(u)": 0.6364784953652066,
        "max(v)": 0.4789400920490906,
        "max(length)": 0.06235337748414105,
        "num(pathline)": 0.5359726559791738,
        "min(distant)": 0.13033807651614182
    },
    "member12": {
        "max(u)": 0.6364784953652066,
        "max(v)": 0.4789400920490906,
        "max(length)": 0.06235337748414105,
        "num(pathline)": 0.5359726559791738,
        "min(distant)": 0.13033807651614182
    },
    "member13": {
        "max(u)": 0.6364784953652066,
        "max(v)": 0.4789400920490906,
        "max(length)": 0.06235337748414105,
        "num(pathline)": 0.5359726559791738,
        "min(distant)": 0.13033807651614182
    },
    "member14": {
        "max(u)": 0.6364784953652066,
        "max(v)": 0.4789400920490906,
        "max(length)": 0.06235337748414105,
        "num(pathline)": 0.5359726559791738,
        "min(distant)": 0.13033807651614182
    },
    "member15": {
        "max(u)": 0.6364784953652066,
        "max(v)": 0.4789400920490906,
        "max(length)": 0.06235337748414105,
        "num(pathline)": 0.5359726559791738,
        "min(distant)": 0.13033807651614182
    },
    "member16": {
        "max(u)": 0.6364784953652066,
        "max(v)": 0.4789400920490906,
        "max(length)": 0.06235337748414105,
        "num(pathline)": 0.5359726559791738,
        "min(distant)": 0.13033807651614182
    },
    "member17": {
        "max(u)": 0.6364784953652066,
        "max(v)": 0.4789400920490906,
        "max(length)": 0.06235337748414105,
        "num(pathline)": 0.5359726559791738,
        "min(distant)": 0.13033807651614182
    },
    "member18": {
        "max(u)": 0.6364784953652066,
        "max(v)": 0.4789400920490906,
        "max(length)": 0.06235337748414105,
        "num(pathline)": 0.5359726559791738,
        "min(distant)": 0.13033807651614182
    },
    "member19": {
        "max(u)": 0.6364784953652066,
        "max(v)": 0.4789400920490906,
        "max(length)": 0.06235337748414105,
        "num(pathline)": 0.5359726559791738,
        "min(distant)": 0.13033807651614182
    },
    "member20": {
        "max(u)": 0.6364784953652066,
        "max(v)": 0.4789400920490906,
        "max(length)": 0.06235337748414105,
        "num(pathline)": 0.5359726559791738,
        "min(distant)": 0.13033807651614182
    }
}