{
    "member1": {
        "max(u)": 0.6051971102722911,
        "max(v)": 0.009528664219811356,
        "max(length)": 0.15011124226121253,
        "num(pathline)": 0.2770557967828672,
        "min(distant)": 0.25613542935606404
    },
    "member2": {
        "max(u)": 0.6051971102722911,
        "max(v)": 0.009528664219811356,
        "max(length)": 0.15011124226121253,
        "num(pathline)": 0.2770557967828672,
        "min(distant)": 0.25613542935606404
    },
    "member3": {
        "max(u)": 0.6051971102722911,
        "max(v)": 0.009528664219811356,
        "max(length)": 0.15011124226121253,
        "num(pathline)": 0.2770557967828672,
        "min(distant)": 0.25613542935606404
    },
    "member4": {
        "max(u)": 0.6051971102722911,
        "max(v)": 0.009528664219811356,
        "max(length)": 0.15011124226121253,
        "num(pathline)": 0.2770557967828672,
        "min(distant)": 0.25613542935606404
    },
    "member5": {
        "max(u)": 0.6051971102722911,
        "max(v)": 0.009528664219811356,
        "max(length)": 0.15011124226121253,
        "num(pathline)": 0.2770557967828672,
        "min(distant)": 0.25613542935606404
    },
    "member6": {
        "max(u)": 0.6051971102722911,
        "max(v)": 0.009528664219811356,
        "max(length)": 0.15011124226121253,
        "num(pathline)": 0.2770557967828672,
        "min(distant)": 0.25613542935606404
    },
    "member7": {
        "max(u)": 0.6051971102722911,
        "max(v)": 0.009528664219811356,
        "max(length)": 0.15011124226121253,
        "num(pathline)": 0.2770557967828672,
        "min(distant)": 0.25613542935606404
    },
    "member8": {
        "max(u)": 0.6051971102722911,
        "max(v)": 0.009528664219811356,
        "max(length)": 0.15011124226121253,
        "num(pathline)": 0.2770557967828672,
        "min(distant)": 0.25613542935606404
    },
    "member9": {
        "max(u)": 0.6051971102722911,
        "max(v)": 0.009528664219811356,
        "max(length)": 0.15011124226121253,
        "num(pathline)": 0.2770557967828672,
        "min(distant)": 0.25613542935606404
    },
    "member10": {
        "max(u)": 0.6051971102722911,
        "max(v)": 0.009528664219811356,
        "max(length)": 0.15011124226121253,
        "num(pathline)": 0.2770557967828672,
        "min(distant)": 0.25613542935606404
    },
    "member11": {
        "max(u)": 0.6051971102722911,
        "max(v)": 0.009528664219811356,
        "max(length)": 0.15011124226121253,
        "num(pathline)": 0.2770557967828672,
        "min(distant)": 0.25613542935606404
    },
    "member12": {
        "max(u)": 0.6051971102722911,
        "max(v)": 0.009528664219811356,
        "max(length)": 0.15011124226121253,
        "num(pathline)": 0.2770557967828672,
        "min(distant)": 0.25613542935606404
    },
    "member13": {
        "max(u)": 0.6051971102722911,
        "max(v)": 0.009528664219811356,
        "max(length)": 0.15011124226121253,
        "num(pathline)": 0.2770557967828672,
        "min(distant)": 0.25613542935606404
    },
    "member14": {
        "max(u)": 0.6051971102722911,
        "max(v)": 0.009528664219811356,
        "max(length)": 0.15011124226121253,
        "num(pathline)": 0.2770557967828672,
        "min(distant)": 0.25613542935606404
    },
    "member15": {
        "max(u)": 0.6051971102722911,
        "max(v)": 0.009528664219811356,
        "max(length)": 0.15011124226121253,
        "num(pathline)": 0.2770557967828672,
        "min(distant)": 0.25613542935606404
    },
    "member16": {
        "max(u)": 0.6051971102722911,
        "max(v)": 0.009528664219811356,
        "max(length)": 0.15011124226121253,
        "num(pathline)": 0.2770557967828672,
        "min(distant)": 0.25613542935606404
    },
    "member17": {
        "max(u)": 0.6051971102722911,
        "max(v)": 0.009528664219811356,
        "max(length)": 0.15011124226121253,
        "num(pathline)": 0.2770557967828672,
        "min(distant)": 0.25613542935606404
    },
    "member18": {
        "max(u)": 0.6051971102722911,
        "max(v)": 0.009528664219811356,
        "max(length)": 0.15011124226121253,
        "num(pathline)": 0.2770557967828672,
        "min(distant)": 0.25613542935606404
    },
    "member19": {
        "max(u)": 0.6051971102722911,
        "max(v)": 0.009528664219811356,
        "max(length)": 0.15011124226121253,
        "num(pathline)": 0.2770557967828672,
        "min(distant)": 0.25613542935606404
    },
    "member20": {
        "max(u)": 0.6051971102722911,
        "max(v)": 0.009528664219811356,
        "max(length)": 0.15011124226121253,
        "num(pathline)": 0.2770557967828672,
        "min(distant)": 0.25613542935606404
    }
}