{
    "member1": {
        "max(u)": 0.17603663496881772,
        "max(v)": 0.2188711528049163,
        "max(length)": 0.9912662719889647,
        "num(pathline)": 0.9626491909919921,
        "min(distant)": 0.6454855872493692
    },
    "member2": {
        "max(u)": 0.17603663496881772,
        "max(v)": 0.2188711528049163,
        "max(length)": 0.9912662719889647,
        "num(pathline)": 0.9626491909919921,
        "min(distant)": 0.6454855872493692
    },
    "member3": {
        "max(u)": 0.17603663496881772,
        "max(v)": 0.2188711528049163,
        "max(length)": 0.9912662719889647,
        "num(pathline)": 0.9626491909919921,
        "min(distant)": 0.6454855872493692
    },
    "member4": {
        "max(u)": 0.17603663496881772,
        "max(v)": 0.2188711528049163,
        "max(length)": 0.9912662719889647,
        "num(pathline)": 0.9626491909919921,
        "min(distant)": 0.6454855872493692
    },
    "member5": {
        "max(u)": 0.17603663496881772,
        "max(v)": 0.2188711528049163,
        "max(length)": 0.9912662719889647,
        "num(pathline)": 0.9626491909919921,
        "min(distant)": 0.6454855872493692
    },
    "member6": {
        "max(u)": 0.17603663496881772,
        "max(v)": 0.2188711528049163,
        "max(length)": 0.9912662719889647,
        "num(pathline)": 0.9626491909919921,
        "min(distant)": 0.6454855872493692
    },
    "member7": {
        "max(u)": 0.17603663496881772,
        "max(v)": 0.2188711528049163,
        "max(length)": 0.9912662719889647,
        "num(pathline)": 0.9626491909919921,
        "min(distant)": 0.6454855872493692
    },
    "member8": {
        "max(u)": 0.17603663496881772,
        "max(v)": 0.2188711528049163,
        "max(length)": 0.9912662719889647,
        "num(pathline)": 0.9626491909919921,
        "min(distant)": 0.6454855872493692
    },
    "member9": {
        "max(u)": 0.17603663496881772,
        "max(v)": 0.2188711528049163,
        "max(length)": 0.9912662719889647,
        "num(pathline)": 0.9626491909919921,
        "min(distant)": 0.6454855872493692
    },
    "member10": {
        "max(u)": 0.17603663496881772,
        "max(v)": 0.2188711528049163,
        "max(length)": 0.9912662719889647,
        "num(pathline)": 0.9626491909919921,
        "min(distant)": 0.6454855872493692
    },
    "member11": {
        "max(u)": 0.17603663496881772,
        "max(v)": 0.2188711528049163,
        "max(length)": 0.9912662719889647,
        "num(pathline)": 0.9626491909919921,
        "min(distant)": 0.6454855872493692
    },
    "member12": {
        "max(u)": 0.17603663496881772,
        "max(v)": 0.2188711528049163,
        "max(length)": 0.9912662719889647,
        "num(pathline)": 0.9626491909919921,
        "min(distant)": 0.6454855872493692
    },
    "member13": {
        "max(u)": 0.17603663496881772,
        "max(v)": 0.2188711528049163,
        "max(length)": 0.9912662719889647,
        "num(pathline)": 0.9626491909919921,
        "min(distant)": 0.6454855872493692
    },
    "member14": {
        "max(u)": 0.17603663496881772,
        "max(v)": 0.2188711528049163,
        "max(length)": 0.9912662719889647,
        "num(pathline)": 0.9626491909919921,
        "min(distant)": 0.6454855872493692
    },
    "member15": {
        "max(u)": 0.17603663496881772,
        "max(v)": 0.2188711528049163,
        "max(length)": 0.9912662719889647,
        "num(pathline)": 0.9626491909919921,
        "min(distant)": 0.6454855872493692
    },
    "member16": {
        "max(u)": 0.17603663496881772,
        "max(v)": 0.2188711528049163,
        "max(length)": 0.9912662719889647,
        "num(pathline)": 0.9626491909919921,
        "min(distant)": 0.6454855872493692
    },
    "member17": {
        "max(u)": 0.17603663496881772,
        "max(v)": 0.2188711528049163,
        "max(length)": 0.9912662719889647,
        "num(pathline)": 0.9626491909919921,
        "min(distant)": 0.6454855872493692
    },
    "member18": {
        "max(u)": 0.17603663496881772,
        "max(v)": 0.2188711528049163,
        "max(length)": 0.9912662719889647,
        "num(pathline)": 0.9626491909919921,
        "min(distant)": 0.6454855872493692
    },
    "member19": {
        "max(u)": 0.17603663496881772,
        "max(v)": 0.2188711528049163,
        "max(length)": 0.9912662719889647,
        "num(pathline)": 0.9626491909919921,
        "min(distant)": 0.6454855872493692
    },
    "member20": {
        "max(u)": 0.17603663496881772,
        "max(v)": 0.2188711528049163,
        "max(length)": 0.9912662719889647,
        "num(pathline)": 0.9626491909919921,
        "min(distant)": 0.6454855872493692
    }
}