{
    "member1": {
        "max(u)": 0.12760747433779807,
        "max(v)": 0.3090611404716106,
        "max(length)": 0.5090512444592263,
        "num(pathline)": 0.5097330741165195,
        "min(distant)": 0.6051889971441549
    },
    "member2": {
        "max(u)": 0.12760747433779807,
        "max(v)": 0.3090611404716106,
        "max(length)": 0.5090512444592263,
        "num(pathline)": 0.5097330741165195,
        "min(distant)": 0.6051889971441549
    },
    "member3": {
        "max(u)": 0.12760747433779807,
        "max(v)": 0.3090611404716106,
        "max(length)": 0.5090512444592263,
        "num(pathline)": 0.5097330741165195,
        "min(distant)": 0.6051889971441549
    },
    "member4": {
        "max(u)": 0.12760747433779807,
        "max(v)": 0.3090611404716106,
        "max(length)": 0.5090512444592263,
        "num(pathline)": 0.5097330741165195,
        "min(distant)": 0.6051889971441549
    },
    "member5": {
        "max(u)": 0.12760747433779807,
        "max(v)": 0.3090611404716106,
        "max(length)": 0.5090512444592263,
        "num(pathline)": 0.5097330741165195,
        "min(distant)": 0.6051889971441549
    },
    "member6": {
        "max(u)": 0.12760747433779807,
        "max(v)": 0.3090611404716106,
        "max(length)": 0.5090512444592263,
        "num(pathline)": 0.5097330741165195,
        "min(distant)": 0.6051889971441549
    },
    "member7": {
        "max(u)": 0.12760747433779807,
        "max(v)": 0.3090611404716106,
        "max(length)": 0.5090512444592263,
        "num(pathline)": 0.5097330741165195,
        "min(distant)": 0.6051889971441549
    },
    "member8": {
        "max(u)": 0.12760747433779807,
        "max(v)": 0.3090611404716106,
        "max(length)": 0.5090512444592263,
        "num(pathline)": 0.5097330741165195,
        "min(distant)": 0.6051889971441549
    },
    "member9": {
        "max(u)": 0.12760747433779807,
        "max(v)": 0.3090611404716106,
        "max(length)": 0.5090512444592263,
        "num(pathline)": 0.5097330741165195,
        "min(distant)": 0.6051889971441549
    },
    "member10": {
        "max(u)": 0.12760747433779807,
        "max(v)": 0.3090611404716106,
        "max(length)": 0.5090512444592263,
        "num(pathline)": 0.5097330741165195,
        "min(distant)": 0.6051889971441549
    },
    "member11": {
        "max(u)": 0.12760747433779807,
        "max(v)": 0.3090611404716106,
        "max(length)": 0.5090512444592263,
        "num(pathline)": 0.5097330741165195,
        "min(distant)": 0.6051889971441549
    },
    "member12": {
        "max(u)": 0.12760747433779807,
        "max(v)": 0.3090611404716106,
        "max(length)": 0.5090512444592263,
        "num(pathline)": 0.5097330741165195,
        "min(distant)": 0.6051889971441549
    },
    "member13": {
        "max(u)": 0.12760747433779807,
        "max(v)": 0.3090611404716106,
        "max(length)": 0.5090512444592263,
        "num(pathline)": 0.5097330741165195,
        "min(distant)": 0.6051889971441549
    },
    "member14": {
        "max(u)": 0.12760747433779807,
        "max(v)": 0.3090611404716106,
        "max(length)": 0.5090512444592263,
        "num(pathline)": 0.5097330741165195,
        "min(distant)": 0.6051889971441549
    },
    "member15": {
        "max(u)": 0.12760747433779807,
        "max(v)": 0.3090611404716106,
        "max(length)": 0.5090512444592263,
        "num(pathline)": 0.5097330741165195,
        "min(distant)": 0.6051889971441549
    },
    "member16": {
        "max(u)": 0.12760747433779807,
        "max(v)": 0.3090611404716106,
        "max(length)": 0.5090512444592263,
        "num(pathline)": 0.5097330741165195,
        "min(distant)": 0.6051889971441549
    },
    "member17": {
        "max(u)": 0.12760747433779807,
        "max(v)": 0.3090611404716106,
        "max(length)": 0.5090512444592263,
        "num(pathline)": 0.5097330741165195,
        "min(distant)": 0.6051889971441549
    },
    "member18": {
        "max(u)": 0.12760747433779807,
        "max(v)": 0.3090611404716106,
        "max(length)": 0.5090512444592263,
        "num(pathline)": 0.5097330741165195,
        "min(distant)": 0.6051889971441549
    },
    "member19": {
        "max(u)": 0.12760747433779807,
        "max(v)": 0.3090611404716106,
        "max(length)": 0.5090512444592263,
        "num(pathline)": 0.5097330741165195,
        "min(distant)": 0.6051889971441549
    },
    "member20": {
        "max(u)": 0.12760747433779807,
        "max(v)": 0.3090611404716106,
        "max(length)": 0.5090512444592263,
        "num(pathline)": 0.5097330741165195,
        "min(distant)": 0.6051889971441549
    }
}