{
    "member1": {
        "max(u)": 0.5790646625931875,
        "max(v)": 0.6024305472640361,
        "max(length)": 0.00402071353751432,
        "num(pathline)": 0.938606189144928,
        "min(distant)": 0.6670750952486865
    },
    "member2": {
        "max(u)": 0.5790646625931875,
        "max(v)": 0.6024305472640361,
        "max(length)": 0.00402071353751432,
        "num(pathline)": 0.938606189144928,
        "min(distant)": 0.6670750952486865
    },
    "member3": {
        "max(u)": 0.5790646625931875,
        "max(v)": 0.6024305472640361,
        "max(length)": 0.00402071353751432,
        "num(pathline)": 0.938606189144928,
        "min(distant)": 0.6670750952486865
    },
    "member4": {
        "max(u)": 0.5790646625931875,
        "max(v)": 0.6024305472640361,
        "max(length)": 0.00402071353751432,
        "num(pathline)": 0.938606189144928,
        "min(distant)": 0.6670750952486865
    },
    "member5": {
        "max(u)": 0.5790646625931875,
        "max(v)": 0.6024305472640361,
        "max(length)": 0.00402071353751432,
        "num(pathline)": 0.938606189144928,
        "min(distant)": 0.6670750952486865
    },
    "member6": {
        "max(u)": 0.5790646625931875,
        "max(v)": 0.6024305472640361,
        "max(length)": 0.00402071353751432,
        "num(pathline)": 0.938606189144928,
        "min(distant)": 0.6670750952486865
    },
    "member7": {
        "max(u)": 0.5790646625931875,
        "max(v)": 0.6024305472640361,
        "max(length)": 0.00402071353751432,
        "num(pathline)": 0.938606189144928,
        "min(distant)": 0.6670750952486865
    },
    "member8": {
        "max(u)": 0.5790646625931875,
        "max(v)": 0.6024305472640361,
        "max(length)": 0.00402071353751432,
        "num(pathline)": 0.938606189144928,
        "min(distant)": 0.6670750952486865
    },
    "member9": {
        "max(u)": 0.5790646625931875,
        "max(v)": 0.6024305472640361,
        "max(length)": 0.00402071353751432,
        "num(pathline)": 0.938606189144928,
        "min(distant)": 0.6670750952486865
    },
    "member10": {
        "max(u)": 0.5790646625931875,
        "max(v)": 0.6024305472640361,
        "max(length)": 0.00402071353751432,
        "num(pathline)": 0.938606189144928,
        "min(distant)": 0.6670750952486865
    },
    "member11": {
        "max(u)": 0.5790646625931875,
        "max(v)": 0.6024305472640361,
        "max(length)": 0.00402071353751432,
        "num(pathline)": 0.938606189144928,
        "min(distant)": 0.6670750952486865
    },
    "member12": {
        "max(u)": 0.5790646625931875,
        "max(v)": 0.6024305472640361,
        "max(length)": 0.00402071353751432,
        "num(pathline)": 0.938606189144928,
        "min(distant)": 0.6670750952486865
    },
    "member13": {
        "max(u)": 0.5790646625931875,
        "max(v)": 0.6024305472640361,
        "max(length)": 0.00402071353751432,
        "num(pathline)": 0.938606189144928,
        "min(distant)": 0.6670750952486865
    },
    "member14": {
        "max(u)": 0.5790646625931875,
        "max(v)": 0.6024305472640361,
        "max(length)": 0.00402071353751432,
        "num(pathline)": 0.938606189144928,
        "min(distant)": 0.6670750952486865
    },
    "member15": {
        "max(u)": 0.5790646625931875,
        "max(v)": 0.6024305472640361,
        "max(length)": 0.00402071353751432,
        "num(pathline)": 0.938606189144928,
        "min(distant)": 0.6670750952486865
    },
    "member16": {
        "max(u)": 0.5790646625931875,
        "max(v)": 0.6024305472640361,
        "max(length)": 0.00402071353751432,
        "num(pathline)": 0.938606189144928,
        "min(distant)": 0.6670750952486865
    },
    "member17": {
        "max(u)": 0.5790646625931875,
        "max(v)": 0.6024305472640361,
        "max(length)": 0.00402071353751432,
        "num(pathline)": 0.938606189144928,
        "min(distant)": 0.6670750952486865
    },
    "member18": {
        "max(u)": 0.5790646625931875,
        "max(v)": 0.6024305472640361,
        "max(length)": 0.00402071353751432,
        "num(pathline)": 0.938606189144928,
        "min(distant)": 0.6670750952486865
    },
    "member19": {
        "max(u)": 0.5790646625931875,
        "max(v)": 0.6024305472640361,
        "max(length)": 0.00402071353751432,
        "num(pathline)": 0.938606189144928,
        "min(distant)": 0.6670750952486865
    },
    "member20": {
        "max(u)": 0.5790646625931875,
        "max(v)": 0.6024305472640361,
        "max(length)": 0.00402071353751432,
        "num(pathline)": 0.938606189144928,
        "min(distant)": 0.6670750952486865
    }
}