{
    "member1": {
        "max(u)": 0.08628898317728795,
        "max(v)": 0.8144481600616934,
        "max(length)": 0.1938445373374914,
        "num(pathline)": 0.01692978819127189,
        "min(distant)": 0.5874210078530392
    },
    "member2": {
        "max(u)": 0.08628898317728795,
        "max(v)": 0.8144481600616934,
        "max(length)": 0.1938445373374914,
        "num(pathline)": 0.01692978819127189,
        "min(distant)": 0.5874210078530392
    },
    "member3": {
        "max(u)": 0.08628898317728795,
        "max(v)": 0.8144481600616934,
        "max(length)": 0.1938445373374914,
        "num(pathline)": 0.01692978819127189,
        "min(distant)": 0.5874210078530392
    },
    "member4": {
        "max(u)": 0.08628898317728795,
        "max(v)": 0.8144481600616934,
        "max(length)": 0.1938445373374914,
        "num(pathline)": 0.01692978819127189,
        "min(distant)": 0.5874210078530392
    },
    "member5": {
        "max(u)": 0.08628898317728795,
        "max(v)": 0.8144481600616934,
        "max(length)": 0.1938445373374914,
        "num(pathline)": 0.01692978819127189,
        "min(distant)": 0.5874210078530392
    },
    "member6": {
        "max(u)": 0.08628898317728795,
        "max(v)": 0.8144481600616934,
        "max(length)": 0.1938445373374914,
        "num(pathline)": 0.01692978819127189,
        "min(distant)": 0.5874210078530392
    },
    "member7": {
        "max(u)": 0.08628898317728795,
        "max(v)": 0.8144481600616934,
        "max(length)": 0.1938445373374914,
        "num(pathline)": 0.01692978819127189,
        "min(distant)": 0.5874210078530392
    },
    "member8": {
        "max(u)": 0.08628898317728795,
        "max(v)": 0.8144481600616934,
        "max(length)": 0.1938445373374914,
        "num(pathline)": 0.01692978819127189,
        "min(distant)": 0.5874210078530392
    },
    "member9": {
        "max(u)": 0.08628898317728795,
        "max(v)": 0.8144481600616934,
        "max(length)": 0.1938445373374914,
        "num(pathline)": 0.01692978819127189,
        "min(distant)": 0.5874210078530392
    },
    "member10": {
        "max(u)": 0.08628898317728795,
        "max(v)": 0.8144481600616934,
        "max(length)": 0.1938445373374914,
        "num(pathline)": 0.01692978819127189,
        "min(distant)": 0.5874210078530392
    },
    "member11": {
        "max(u)": 0.08628898317728795,
        "max(v)": 0.8144481600616934,
        "max(length)": 0.1938445373374914,
        "num(pathline)": 0.01692978819127189,
        "min(distant)": 0.5874210078530392
    },
    "member12": {
        "max(u)": 0.08628898317728795,
        "max(v)": 0.8144481600616934,
        "max(length)": 0.1938445373374914,
        "num(pathline)": 0.01692978819127189,
        "min(distant)": 0.5874210078530392
    },
    "member13": {
        "max(u)": 0.08628898317728795,
        "max(v)": 0.8144481600616934,
        "max(length)": 0.1938445373374914,
        "num(pathline)": 0.01692978819127189,
        "min(distant)": 0.5874210078530392
    },
    "member14": {
        "max(u)": 0.08628898317728795,
        "max(v)": 0.8144481600616934,
        "max(length)": 0.1938445373374914,
        "num(pathline)": 0.01692978819127189,
        "min(distant)": 0.5874210078530392
    },
    "member15": {
        "max(u)": 0.08628898317728795,
        "max(v)": 0.8144481600616934,
        "max(length)": 0.1938445373374914,
        "num(pathline)": 0.01692978819127189,
        "min(distant)": 0.5874210078530392
    },
    "member16": {
        "max(u)": 0.08628898317728795,
        "max(v)": 0.8144481600616934,
        "max(length)": 0.1938445373374914,
        "num(pathline)": 0.01692978819127189,
        "min(distant)": 0.5874210078530392
    },
    "member17": {
        "max(u)": 0.08628898317728795,
        "max(v)": 0.8144481600616934,
        "max(length)": 0.1938445373374914,
        "num(pathline)": 0.01692978819127189,
        "min(distant)": 0.5874210078530392
    },
    "member18": {
        "max(u)": 0.08628898317728795,
        "max(v)": 0.8144481600616934,
        "max(length)": 0.1938445373374914,
        "num(pathline)": 0.01692978819127189,
        "min(distant)": 0.5874210078530392
    },
    "member19": {
        "max(u)": 0.08628898317728795,
        "max(v)": 0.8144481600616934,
        "max(length)": 0.1938445373374914,
        "num(pathline)": 0.01692978819127189,
        "min(distant)": 0.5874210078530392
    },
    "member20": {
        "max(u)": 0.08628898317728795,
        "max(v)": 0.8144481600616934,
        "max(length)": 0.1938445373374914,
        "num(pathline)": 0.01692978819127189,
        "min(distant)": 0.5874210078530392
    }
}