{
    "member1": {
        "max(u)": 0.4835808201308548,
        "max(v)": 0.7456748760166494,
        "max(length)": 0.9645728002929467,
        "num(pathline)": 0.5121331529936557,
        "min(distant)": 0.8895709637836835
    },
    "member2": {
        "max(u)": 0.4835808201308548,
        "max(v)": 0.7456748760166494,
        "max(length)": 0.9645728002929467,
        "num(pathline)": 0.5121331529936557,
        "min(distant)": 0.8895709637836835
    },
    "member3": {
        "max(u)": 0.4835808201308548,
        "max(v)": 0.7456748760166494,
        "max(length)": 0.9645728002929467,
        "num(pathline)": 0.5121331529936557,
        "min(distant)": 0.8895709637836835
    },
    "member4": {
        "max(u)": 0.4835808201308548,
        "max(v)": 0.7456748760166494,
        "max(length)": 0.9645728002929467,
        "num(pathline)": 0.5121331529936557,
        "min(distant)": 0.8895709637836835
    },
    "member5": {
        "max(u)": 0.4835808201308548,
        "max(v)": 0.7456748760166494,
        "max(length)": 0.9645728002929467,
        "num(pathline)": 0.5121331529936557,
        "min(distant)": 0.8895709637836835
    },
    "member6": {
        "max(u)": 0.4835808201308548,
        "max(v)": 0.7456748760166494,
        "max(length)": 0.9645728002929467,
        "num(pathline)": 0.5121331529936557,
        "min(distant)": 0.8895709637836835
    },
    "member7": {
        "max(u)": 0.4835808201308548,
        "max(v)": 0.7456748760166494,
        "max(length)": 0.9645728002929467,
        "num(pathline)": 0.5121331529936557,
        "min(distant)": 0.8895709637836835
    },
    "member8": {
        "max(u)": 0.4835808201308548,
        "max(v)": 0.7456748760166494,
        "max(length)": 0.9645728002929467,
        "num(pathline)": 0.5121331529936557,
        "min(distant)": 0.8895709637836835
    },
    "member9": {
        "max(u)": 0.4835808201308548,
        "max(v)": 0.7456748760166494,
        "max(length)": 0.9645728002929467,
        "num(pathline)": 0.5121331529936557,
        "min(distant)": 0.8895709637836835
    },
    "member10": {
        "max(u)": 0.4835808201308548,
        "max(v)": 0.7456748760166494,
        "max(length)": 0.9645728002929467,
        "num(pathline)": 0.5121331529936557,
        "min(distant)": 0.8895709637836835
    },
    "member11": {
        "max(u)": 0.4835808201308548,
        "max(v)": 0.7456748760166494,
        "max(length)": 0.9645728002929467,
        "num(pathline)": 0.5121331529936557,
        "min(distant)": 0.8895709637836835
    },
    "member12": {
        "max(u)": 0.4835808201308548,
        "max(v)": 0.7456748760166494,
        "max(length)": 0.9645728002929467,
        "num(pathline)": 0.5121331529936557,
        "min(distant)": 0.8895709637836835
    },
    "member13": {
        "max(u)": 0.4835808201308548,
        "max(v)": 0.7456748760166494,
        "max(length)": 0.9645728002929467,
        "num(pathline)": 0.5121331529936557,
        "min(distant)": 0.8895709637836835
    },
    "member14": {
        "max(u)": 0.4835808201308548,
        "max(v)": 0.7456748760166494,
        "max(length)": 0.9645728002929467,
        "num(pathline)": 0.5121331529936557,
        "min(distant)": 0.8895709637836835
    },
    "member15": {
        "max(u)": 0.4835808201308548,
        "max(v)": 0.7456748760166494,
        "max(length)": 0.9645728002929467,
        "num(pathline)": 0.5121331529936557,
        "min(distant)": 0.8895709637836835
    },
    "member16": {
        "max(u)": 0.4835808201308548,
        "max(v)": 0.7456748760166494,
        "max(length)": 0.9645728002929467,
        "num(pathline)": 0.5121331529936557,
        "min(distant)": 0.8895709637836835
    },
    "member17": {
        "max(u)": 0.4835808201308548,
        "max(v)": 0.7456748760166494,
        "max(length)": 0.9645728002929467,
        "num(pathline)": 0.5121331529936557,
        "min(distant)": 0.8895709637836835
    },
    "member18": {
        "max(u)": 0.4835808201308548,
        "max(v)": 0.7456748760166494,
        "max(length)": 0.9645728002929467,
        "num(pathline)": 0.5121331529936557,
        "min(distant)": 0.8895709637836835
    },
    "member19": {
        "max(u)": 0.4835808201308548,
        "max(v)": 0.7456748760166494,
        "max(length)": 0.9645728002929467,
        "num(pathline)": 0.5121331529936557,
        "min(distant)": 0.8895709637836835
    },
    "member20": {
        "max(u)": 0.4835808201308548,
        "max(v)": 0.7456748760166494,
        "max(length)": 0.9645728002929467,
        "num(pathline)": 0.5121331529936557,
        "min(distant)": 0.8895709637836835
    }
}