{
    "member1": {
        "max(u)": 0.2129767424801544,
        "max(v)": 0.4971742330416815,
        "max(length)": 0.20132055094353496,
        "num(pathline)": 0.9541236370392898,
        "min(distant)": 0.11601264928270394
    },
    "member2": {
        "max(u)": 0.2129767424801544,
        "max(v)": 0.4971742330416815,
        "max(length)": 0.20132055094353496,
        "num(pathline)": 0.9541236370392898,
        "min(distant)": 0.11601264928270394
    },
    "member3": {
        "max(u)": 0.2129767424801544,
        "max(v)": 0.4971742330416815,
        "max(length)": 0.20132055094353496,
        "num(pathline)": 0.9541236370392898,
        "min(distant)": 0.11601264928270394
    },
    "member4": {
        "max(u)": 0.2129767424801544,
        "max(v)": 0.4971742330416815,
        "max(length)": 0.20132055094353496,
        "num(pathline)": 0.9541236370392898,
        "min(distant)": 0.11601264928270394
    },
    "member5": {
        "max(u)": 0.2129767424801544,
        "max(v)": 0.4971742330416815,
        "max(length)": 0.20132055094353496,
        "num(pathline)": 0.9541236370392898,
        "min(distant)": 0.11601264928270394
    },
    "member6": {
        "max(u)": 0.2129767424801544,
        "max(v)": 0.4971742330416815,
        "max(length)": 0.20132055094353496,
        "num(pathline)": 0.9541236370392898,
        "min(distant)": 0.11601264928270394
    },
    "member7": {
        "max(u)": 0.2129767424801544,
        "max(v)": 0.4971742330416815,
        "max(length)": 0.20132055094353496,
        "num(pathline)": 0.9541236370392898,
        "min(distant)": 0.11601264928270394
    },
    "member8": {
        "max(u)": 0.2129767424801544,
        "max(v)": 0.4971742330416815,
        "max(length)": 0.20132055094353496,
        "num(pathline)": 0.9541236370392898,
        "min(distant)": 0.11601264928270394
    },
    "member9": {
        "max(u)": 0.2129767424801544,
        "max(v)": 0.4971742330416815,
        "max(length)": 0.20132055094353496,
        "num(pathline)": 0.9541236370392898,
        "min(distant)": 0.11601264928270394
    },
    "member10": {
        "max(u)": 0.2129767424801544,
        "max(v)": 0.4971742330416815,
        "max(length)": 0.20132055094353496,
        "num(pathline)": 0.9541236370392898,
        "min(distant)": 0.11601264928270394
    },
    "member11": {
        "max(u)": 0.2129767424801544,
        "max(v)": 0.4971742330416815,
        "max(length)": 0.20132055094353496,
        "num(pathline)": 0.9541236370392898,
        "min(distant)": 0.11601264928270394
    },
    "member12": {
        "max(u)": 0.2129767424801544,
        "max(v)": 0.4971742330416815,
        "max(length)": 0.20132055094353496,
        "num(pathline)": 0.9541236370392898,
        "min(distant)": 0.11601264928270394
    },
    "member13": {
        "max(u)": 0.2129767424801544,
        "max(v)": 0.4971742330416815,
        "max(length)": 0.20132055094353496,
        "num(pathline)": 0.9541236370392898,
        "min(distant)": 0.11601264928270394
    },
    "member14": {
        "max(u)": 0.2129767424801544,
        "max(v)": 0.4971742330416815,
        "max(length)": 0.20132055094353496,
        "num(pathline)": 0.9541236370392898,
        "min(distant)": 0.11601264928270394
    },
    "member15": {
        "max(u)": 0.2129767424801544,
        "max(v)": 0.4971742330416815,
        "max(length)": 0.20132055094353496,
        "num(pathline)": 0.9541236370392898,
        "min(distant)": 0.11601264928270394
    },
    "member16": {
        "max(u)": 0.2129767424801544,
        "max(v)": 0.4971742330416815,
        "max(length)": 0.20132055094353496,
        "num(pathline)": 0.9541236370392898,
        "min(distant)": 0.11601264928270394
    },
    "member17": {
        "max(u)": 0.2129767424801544,
        "max(v)": 0.4971742330416815,
        "max(length)": 0.20132055094353496,
        "num(pathline)": 0.9541236370392898,
        "min(distant)": 0.11601264928270394
    },
    "member18": {
        "max(u)": 0.2129767424801544,
        "max(v)": 0.4971742330416815,
        "max(length)": 0.20132055094353496,
        "num(pathline)": 0.9541236370392898,
        "min(distant)": 0.11601264928270394
    },
    "member19": {
        "max(u)": 0.2129767424801544,
        "max(v)": 0.4971742330416815,
        "max(length)": 0.20132055094353496,
        "num(pathline)": 0.9541236370392898,
        "min(distant)": 0.11601264928270394
    },
    "member20": {
        "max(u)": 0.2129767424801544,
        "max(v)": 0.4971742330416815,
        "max(length)": 0.20132055094353496,
        "num(pathline)": 0.9541236370392898,
        "min(distant)": 0.11601264928270394
    }
}