{
    "member1": {
        "max(u)": 0.133223041683878,
        "max(v)": 0.5397434134459453,
        "max(length)": 0.31176314294556773,
        "num(pathline)": 0.9639838751122515,
        "min(distant)": 0.8367434907268633
    },
    "member2": {
        "max(u)": 0.133223041683878,
        "max(v)": 0.5397434134459453,
        "max(length)": 0.31176314294556773,
        "num(pathline)": 0.9639838751122515,
        "min(distant)": 0.8367434907268633
    },
    "member3": {
        "max(u)": 0.133223041683878,
        "max(v)": 0.5397434134459453,
        "max(length)": 0.31176314294556773,
        "num(pathline)": 0.9639838751122515,
        "min(distant)": 0.8367434907268633
    },
    "member4": {
        "max(u)": 0.133223041683878,
        "max(v)": 0.5397434134459453,
        "max(length)": 0.31176314294556773,
        "num(pathline)": 0.9639838751122515,
        "min(distant)": 0.8367434907268633
    },
    "member5": {
        "max(u)": 0.133223041683878,
        "max(v)": 0.5397434134459453,
        "max(length)": 0.31176314294556773,
        "num(pathline)": 0.9639838751122515,
        "min(distant)": 0.8367434907268633
    },
    "member6": {
        "max(u)": 0.133223041683878,
        "max(v)": 0.5397434134459453,
        "max(length)": 0.31176314294556773,
        "num(pathline)": 0.9639838751122515,
        "min(distant)": 0.8367434907268633
    },
    "member7": {
        "max(u)": 0.133223041683878,
        "max(v)": 0.5397434134459453,
        "max(length)": 0.31176314294556773,
        "num(pathline)": 0.9639838751122515,
        "min(distant)": 0.8367434907268633
    },
    "member8": {
        "max(u)": 0.133223041683878,
        "max(v)": 0.5397434134459453,
        "max(length)": 0.31176314294556773,
        "num(pathline)": 0.9639838751122515,
        "min(distant)": 0.8367434907268633
    },
    "member9": {
        "max(u)": 0.133223041683878,
        "max(v)": 0.5397434134459453,
        "max(length)": 0.31176314294556773,
        "num(pathline)": 0.9639838751122515,
        "min(distant)": 0.8367434907268633
    },
    "member10": {
        "max(u)": 0.133223041683878,
        "max(v)": 0.5397434134459453,
        "max(length)": 0.31176314294556773,
        "num(pathline)": 0.9639838751122515,
        "min(distant)": 0.8367434907268633
    },
    "member11": {
        "max(u)": 0.133223041683878,
        "max(v)": 0.5397434134459453,
        "max(length)": 0.31176314294556773,
        "num(pathline)": 0.9639838751122515,
        "min(distant)": 0.8367434907268633
    },
    "member12": {
        "max(u)": 0.133223041683878,
        "max(v)": 0.5397434134459453,
        "max(length)": 0.31176314294556773,
        "num(pathline)": 0.9639838751122515,
        "min(distant)": 0.8367434907268633
    },
    "member13": {
        "max(u)": 0.133223041683878,
        "max(v)": 0.5397434134459453,
        "max(length)": 0.31176314294556773,
        "num(pathline)": 0.9639838751122515,
        "min(distant)": 0.8367434907268633
    },
    "member14": {
        "max(u)": 0.133223041683878,
        "max(v)": 0.5397434134459453,
        "max(length)": 0.31176314294556773,
        "num(pathline)": 0.9639838751122515,
        "min(distant)": 0.8367434907268633
    },
    "member15": {
        "max(u)": 0.133223041683878,
        "max(v)": 0.5397434134459453,
        "max(length)": 0.31176314294556773,
        "num(pathline)": 0.9639838751122515,
        "min(distant)": 0.8367434907268633
    },
    "member16": {
        "max(u)": 0.133223041683878,
        "max(v)": 0.5397434134459453,
        "max(length)": 0.31176314294556773,
        "num(pathline)": 0.9639838751122515,
        "min(distant)": 0.8367434907268633
    },
    "member17": {
        "max(u)": 0.133223041683878,
        "max(v)": 0.5397434134459453,
        "max(length)": 0.31176314294556773,
        "num(pathline)": 0.9639838751122515,
        "min(distant)": 0.8367434907268633
    },
    "member18": {
        "max(u)": 0.133223041683878,
        "max(v)": 0.5397434134459453,
        "max(length)": 0.31176314294556773,
        "num(pathline)": 0.9639838751122515,
        "min(distant)": 0.8367434907268633
    },
    "member19": {
        "max(u)": 0.133223041683878,
        "max(v)": 0.5397434134459453,
        "max(length)": 0.31176314294556773,
        "num(pathline)": 0.9639838751122515,
        "min(distant)": 0.8367434907268633
    },
    "member20": {
        "max(u)": 0.133223041683878,
        "max(v)": 0.5397434134459453,
        "max(length)": 0.31176314294556773,
        "num(pathline)": 0.9639838751122515,
        "min(distant)": 0.8367434907268633
    }
}