{
    "member1": {
        "max(u)": 0.894451650400849,
        "max(v)": 0.9710619227959997,
        "max(length)": 0.14019711780236654,
        "num(pathline)": 0.27109242146682955,
        "min(distant)": 0.9912603497235717
    },
    "member2": {
        "max(u)": 0.894451650400849,
        "max(v)": 0.9710619227959997,
        "max(length)": 0.14019711780236654,
        "num(pathline)": 0.27109242146682955,
        "min(distant)": 0.9912603497235717
    },
    "member3": {
        "max(u)": 0.894451650400849,
        "max(v)": 0.9710619227959997,
        "max(length)": 0.14019711780236654,
        "num(pathline)": 0.27109242146682955,
        "min(distant)": 0.9912603497235717
    },
    "member4": {
        "max(u)": 0.894451650400849,
        "max(v)": 0.9710619227959997,
        "max(length)": 0.14019711780236654,
        "num(pathline)": 0.27109242146682955,
        "min(distant)": 0.9912603497235717
    },
    "member5": {
        "max(u)": 0.894451650400849,
        "max(v)": 0.9710619227959997,
        "max(length)": 0.14019711780236654,
        "num(pathline)": 0.27109242146682955,
        "min(distant)": 0.9912603497235717
    },
    "member6": {
        "max(u)": 0.894451650400849,
        "max(v)": 0.9710619227959997,
        "max(length)": 0.14019711780236654,
        "num(pathline)": 0.27109242146682955,
        "min(distant)": 0.9912603497235717
    },
    "member7": {
        "max(u)": 0.894451650400849,
        "max(v)": 0.9710619227959997,
        "max(length)": 0.14019711780236654,
        "num(pathline)": 0.27109242146682955,
        "min(distant)": 0.9912603497235717
    },
    "member8": {
        "max(u)": 0.894451650400849,
        "max(v)": 0.9710619227959997,
        "max(length)": 0.14019711780236654,
        "num(pathline)": 0.27109242146682955,
        "min(distant)": 0.9912603497235717
    },
    "member9": {
        "max(u)": 0.894451650400849,
        "max(v)": 0.9710619227959997,
        "max(length)": 0.14019711780236654,
        "num(pathline)": 0.27109242146682955,
        "min(distant)": 0.9912603497235717
    },
    "member10": {
        "max(u)": 0.894451650400849,
        "max(v)": 0.9710619227959997,
        "max(length)": 0.14019711780236654,
        "num(pathline)": 0.27109242146682955,
        "min(distant)": 0.9912603497235717
    },
    "member11": {
        "max(u)": 0.894451650400849,
        "max(v)": 0.9710619227959997,
        "max(length)": 0.14019711780236654,
        "num(pathline)": 0.27109242146682955,
        "min(distant)": 0.9912603497235717
    },
    "member12": {
        "max(u)": 0.894451650400849,
        "max(v)": 0.9710619227959997,
        "max(length)": 0.14019711780236654,
        "num(pathline)": 0.27109242146682955,
        "min(distant)": 0.9912603497235717
    },
    "member13": {
        "max(u)": 0.894451650400849,
        "max(v)": 0.9710619227959997,
        "max(length)": 0.14019711780236654,
        "num(pathline)": 0.27109242146682955,
        "min(distant)": 0.9912603497235717
    },
    "member14": {
        "max(u)": 0.894451650400849,
        "max(v)": 0.9710619227959997,
        "max(length)": 0.14019711780236654,
        "num(pathline)": 0.27109242146682955,
        "min(distant)": 0.9912603497235717
    },
    "member15": {
        "max(u)": 0.894451650400849,
        "max(v)": 0.9710619227959997,
        "max(length)": 0.14019711780236654,
        "num(pathline)": 0.27109242146682955,
        "min(distant)": 0.9912603497235717
    },
    "member16": {
        "max(u)": 0.894451650400849,
        "max(v)": 0.9710619227959997,
        "max(length)": 0.14019711780236654,
        "num(pathline)": 0.27109242146682955,
        "min(distant)": 0.9912603497235717
    },
    "member17": {
        "max(u)": 0.894451650400849,
        "max(v)": 0.9710619227959997,
        "max(length)": 0.14019711780236654,
        "num(pathline)": 0.27109242146682955,
        "min(distant)": 0.9912603497235717
    },
    "member18": {
        "max(u)": 0.894451650400849,
        "max(v)": 0.9710619227959997,
        "max(length)": 0.14019711780236654,
        "num(pathline)": 0.27109242146682955,
        "min(distant)": 0.9912603497235717
    },
    "member19": {
        "max(u)": 0.894451650400849,
        "max(v)": 0.9710619227959997,
        "max(length)": 0.14019711780236654,
        "num(pathline)": 0.27109242146682955,
        "min(distant)": 0.9912603497235717
    },
    "member20": {
        "max(u)": 0.894451650400849,
        "max(v)": 0.9710619227959997,
        "max(length)": 0.14019711780236654,
        "num(pathline)": 0.27109242146682955,
        "min(distant)": 0.9912603497235717
    }
}