{
    "member1": {
        "max(u)": 0.8498782304414488,
        "max(v)": 0.0670803591489798,
        "max(length)": 0.3901947990208984,
        "num(pathline)": 0.8712764376282548,
        "min(distant)": 0.45878371371816906
    },
    "member2": {
        "max(u)": 0.8498782304414488,
        "max(v)": 0.0670803591489798,
        "max(length)": 0.3901947990208984,
        "num(pathline)": 0.8712764376282548,
        "min(distant)": 0.45878371371816906
    },
    "member3": {
        "max(u)": 0.8498782304414488,
        "max(v)": 0.0670803591489798,
        "max(length)": 0.3901947990208984,
        "num(pathline)": 0.8712764376282548,
        "min(distant)": 0.45878371371816906
    },
    "member4": {
        "max(u)": 0.8498782304414488,
        "max(v)": 0.0670803591489798,
        "max(length)": 0.3901947990208984,
        "num(pathline)": 0.8712764376282548,
        "min(distant)": 0.45878371371816906
    },
    "member5": {
        "max(u)": 0.8498782304414488,
        "max(v)": 0.0670803591489798,
        "max(length)": 0.3901947990208984,
        "num(pathline)": 0.8712764376282548,
        "min(distant)": 0.45878371371816906
    },
    "member6": {
        "max(u)": 0.8498782304414488,
        "max(v)": 0.0670803591489798,
        "max(length)": 0.3901947990208984,
        "num(pathline)": 0.8712764376282548,
        "min(distant)": 0.45878371371816906
    },
    "member7": {
        "max(u)": 0.8498782304414488,
        "max(v)": 0.0670803591489798,
        "max(length)": 0.3901947990208984,
        "num(pathline)": 0.8712764376282548,
        "min(distant)": 0.45878371371816906
    },
    "member8": {
        "max(u)": 0.8498782304414488,
        "max(v)": 0.0670803591489798,
        "max(length)": 0.3901947990208984,
        "num(pathline)": 0.8712764376282548,
        "min(distant)": 0.45878371371816906
    },
    "member9": {
        "max(u)": 0.8498782304414488,
        "max(v)": 0.0670803591489798,
        "max(length)": 0.3901947990208984,
        "num(pathline)": 0.8712764376282548,
        "min(distant)": 0.45878371371816906
    },
    "member10": {
        "max(u)": 0.8498782304414488,
        "max(v)": 0.0670803591489798,
        "max(length)": 0.3901947990208984,
        "num(pathline)": 0.8712764376282548,
        "min(distant)": 0.45878371371816906
    },
    "member11": {
        "max(u)": 0.8498782304414488,
        "max(v)": 0.0670803591489798,
        "max(length)": 0.3901947990208984,
        "num(pathline)": 0.8712764376282548,
        "min(distant)": 0.45878371371816906
    },
    "member12": {
        "max(u)": 0.8498782304414488,
        "max(v)": 0.0670803591489798,
        "max(length)": 0.3901947990208984,
        "num(pathline)": 0.8712764376282548,
        "min(distant)": 0.45878371371816906
    },
    "member13": {
        "max(u)": 0.8498782304414488,
        "max(v)": 0.0670803591489798,
        "max(length)": 0.3901947990208984,
        "num(pathline)": 0.8712764376282548,
        "min(distant)": 0.45878371371816906
    },
    "member14": {
        "max(u)": 0.8498782304414488,
        "max(v)": 0.0670803591489798,
        "max(length)": 0.3901947990208984,
        "num(pathline)": 0.8712764376282548,
        "min(distant)": 0.45878371371816906
    },
    "member15": {
        "max(u)": 0.8498782304414488,
        "max(v)": 0.0670803591489798,
        "max(length)": 0.3901947990208984,
        "num(pathline)": 0.8712764376282548,
        "min(distant)": 0.45878371371816906
    },
    "member16": {
        "max(u)": 0.8498782304414488,
        "max(v)": 0.0670803591489798,
        "max(length)": 0.3901947990208984,
        "num(pathline)": 0.8712764376282548,
        "min(distant)": 0.45878371371816906
    },
    "member17": {
        "max(u)": 0.8498782304414488,
        "max(v)": 0.0670803591489798,
        "max(length)": 0.3901947990208984,
        "num(pathline)": 0.8712764376282548,
        "min(distant)": 0.45878371371816906
    },
    "member18": {
        "max(u)": 0.8498782304414488,
        "max(v)": 0.0670803591489798,
        "max(length)": 0.3901947990208984,
        "num(pathline)": 0.8712764376282548,
        "min(distant)": 0.45878371371816906
    },
    "member19": {
        "max(u)": 0.8498782304414488,
        "max(v)": 0.0670803591489798,
        "max(length)": 0.3901947990208984,
        "num(pathline)": 0.8712764376282548,
        "min(distant)": 0.45878371371816906
    },
    "member20": {
        "max(u)": 0.8498782304414488,
        "max(v)": 0.0670803591489798,
        "max(length)": 0.3901947990208984,
        "num(pathline)": 0.8712764376282548,
        "min(distant)": 0.45878371371816906
    }
}