{
    "member1": {
        "max(u)": 0.09386155290081644,
        "max(v)": 0.3259099557102717,
        "max(length)": 0.5240147001383865,
        "num(pathline)": 0.729356118767611,
        "min(distant)": 0.6406672700331506
    },
    "member2": {
        "max(u)": 0.09386155290081644,
        "max(v)": 0.3259099557102717,
        "max(length)": 0.5240147001383865,
        "num(pathline)": 0.729356118767611,
        "min(distant)": 0.6406672700331506
    },
    "member3": {
        "max(u)": 0.09386155290081644,
        "max(v)": 0.3259099557102717,
        "max(length)": 0.5240147001383865,
        "num(pathline)": 0.729356118767611,
        "min(distant)": 0.6406672700331506
    },
    "member4": {
        "max(u)": 0.09386155290081644,
        "max(v)": 0.3259099557102717,
        "max(length)": 0.5240147001383865,
        "num(pathline)": 0.729356118767611,
        "min(distant)": 0.6406672700331506
    },
    "member5": {
        "max(u)": 0.09386155290081644,
        "max(v)": 0.3259099557102717,
        "max(length)": 0.5240147001383865,
        "num(pathline)": 0.729356118767611,
        "min(distant)": 0.6406672700331506
    },
    "member6": {
        "max(u)": 0.09386155290081644,
        "max(v)": 0.3259099557102717,
        "max(length)": 0.5240147001383865,
        "num(pathline)": 0.729356118767611,
        "min(distant)": 0.6406672700331506
    },
    "member7": {
        "max(u)": 0.09386155290081644,
        "max(v)": 0.3259099557102717,
        "max(length)": 0.5240147001383865,
        "num(pathline)": 0.729356118767611,
        "min(distant)": 0.6406672700331506
    },
    "member8": {
        "max(u)": 0.09386155290081644,
        "max(v)": 0.3259099557102717,
        "max(length)": 0.5240147001383865,
        "num(pathline)": 0.729356118767611,
        "min(distant)": 0.6406672700331506
    },
    "member9": {
        "max(u)": 0.09386155290081644,
        "max(v)": 0.3259099557102717,
        "max(length)": 0.5240147001383865,
        "num(pathline)": 0.729356118767611,
        "min(distant)": 0.6406672700331506
    },
    "member10": {
        "max(u)": 0.09386155290081644,
        "max(v)": 0.3259099557102717,
        "max(length)": 0.5240147001383865,
        "num(pathline)": 0.729356118767611,
        "min(distant)": 0.6406672700331506
    },
    "member11": {
        "max(u)": 0.09386155290081644,
        "max(v)": 0.3259099557102717,
        "max(length)": 0.5240147001383865,
        "num(pathline)": 0.729356118767611,
        "min(distant)": 0.6406672700331506
    },
    "member12": {
        "max(u)": 0.09386155290081644,
        "max(v)": 0.3259099557102717,
        "max(length)": 0.5240147001383865,
        "num(pathline)": 0.729356118767611,
        "min(distant)": 0.6406672700331506
    },
    "member13": {
        "max(u)": 0.09386155290081644,
        "max(v)": 0.3259099557102717,
        "max(length)": 0.5240147001383865,
        "num(pathline)": 0.729356118767611,
        "min(distant)": 0.6406672700331506
    },
    "member14": {
        "max(u)": 0.09386155290081644,
        "max(v)": 0.3259099557102717,
        "max(length)": 0.5240147001383865,
        "num(pathline)": 0.729356118767611,
        "min(distant)": 0.6406672700331506
    },
    "member15": {
        "max(u)": 0.09386155290081644,
        "max(v)": 0.3259099557102717,
        "max(length)": 0.5240147001383865,
        "num(pathline)": 0.729356118767611,
        "min(distant)": 0.6406672700331506
    },
    "member16": {
        "max(u)": 0.09386155290081644,
        "max(v)": 0.3259099557102717,
        "max(length)": 0.5240147001383865,
        "num(pathline)": 0.729356118767611,
        "min(distant)": 0.6406672700331506
    },
    "member17": {
        "max(u)": 0.09386155290081644,
        "max(v)": 0.3259099557102717,
        "max(length)": 0.5240147001383865,
        "num(pathline)": 0.729356118767611,
        "min(distant)": 0.6406672700331506
    },
    "member18": {
        "max(u)": 0.09386155290081644,
        "max(v)": 0.3259099557102717,
        "max(length)": 0.5240147001383865,
        "num(pathline)": 0.729356118767611,
        "min(distant)": 0.6406672700331506
    },
    "member19": {
        "max(u)": 0.09386155290081644,
        "max(v)": 0.3259099557102717,
        "max(length)": 0.5240147001383865,
        "num(pathline)": 0.729356118767611,
        "min(distant)": 0.6406672700331506
    },
    "member20": {
        "max(u)": 0.09386155290081644,
        "max(v)": 0.3259099557102717,
        "max(length)": 0.5240147001383865,
        "num(pathline)": 0.729356118767611,
        "min(distant)": 0.6406672700331506
    }
}