{
    "member1": {
        "max(u)": 0.9873382181576685,
        "max(v)": 0.4312515852491057,
        "max(length)": 0.8345828864813518,
        "num(pathline)": 0.06990475910587368,
        "min(distant)": 0.3575901058657368
    },
    "member2": {
        "max(u)": 0.9873382181576685,
        "max(v)": 0.4312515852491057,
        "max(length)": 0.8345828864813518,
        "num(pathline)": 0.06990475910587368,
        "min(distant)": 0.3575901058657368
    },
    "member3": {
        "max(u)": 0.9873382181576685,
        "max(v)": 0.4312515852491057,
        "max(length)": 0.8345828864813518,
        "num(pathline)": 0.06990475910587368,
        "min(distant)": 0.3575901058657368
    },
    "member4": {
        "max(u)": 0.9873382181576685,
        "max(v)": 0.4312515852491057,
        "max(length)": 0.8345828864813518,
        "num(pathline)": 0.06990475910587368,
        "min(distant)": 0.3575901058657368
    },
    "member5": {
        "max(u)": 0.9873382181576685,
        "max(v)": 0.4312515852491057,
        "max(length)": 0.8345828864813518,
        "num(pathline)": 0.06990475910587368,
        "min(distant)": 0.3575901058657368
    },
    "member6": {
        "max(u)": 0.9873382181576685,
        "max(v)": 0.4312515852491057,
        "max(length)": 0.8345828864813518,
        "num(pathline)": 0.06990475910587368,
        "min(distant)": 0.3575901058657368
    },
    "member7": {
        "max(u)": 0.9873382181576685,
        "max(v)": 0.4312515852491057,
        "max(length)": 0.8345828864813518,
        "num(pathline)": 0.06990475910587368,
        "min(distant)": 0.3575901058657368
    },
    "member8": {
        "max(u)": 0.9873382181576685,
        "max(v)": 0.4312515852491057,
        "max(length)": 0.8345828864813518,
        "num(pathline)": 0.06990475910587368,
        "min(distant)": 0.3575901058657368
    },
    "member9": {
        "max(u)": 0.9873382181576685,
        "max(v)": 0.4312515852491057,
        "max(length)": 0.8345828864813518,
        "num(pathline)": 0.06990475910587368,
        "min(distant)": 0.3575901058657368
    },
    "member10": {
        "max(u)": 0.9873382181576685,
        "max(v)": 0.4312515852491057,
        "max(length)": 0.8345828864813518,
        "num(pathline)": 0.06990475910587368,
        "min(distant)": 0.3575901058657368
    },
    "member11": {
        "max(u)": 0.9873382181576685,
        "max(v)": 0.4312515852491057,
        "max(length)": 0.8345828864813518,
        "num(pathline)": 0.06990475910587368,
        "min(distant)": 0.3575901058657368
    },
    "member12": {
        "max(u)": 0.9873382181576685,
        "max(v)": 0.4312515852491057,
        "max(length)": 0.8345828864813518,
        "num(pathline)": 0.06990475910587368,
        "min(distant)": 0.3575901058657368
    },
    "member13": {
        "max(u)": 0.9873382181576685,
        "max(v)": 0.4312515852491057,
        "max(length)": 0.8345828864813518,
        "num(pathline)": 0.06990475910587368,
        "min(distant)": 0.3575901058657368
    },
    "member14": {
        "max(u)": 0.9873382181576685,
        "max(v)": 0.4312515852491057,
        "max(length)": 0.8345828864813518,
        "num(pathline)": 0.06990475910587368,
        "min(distant)": 0.3575901058657368
    },
    "member15": {
        "max(u)": 0.9873382181576685,
        "max(v)": 0.4312515852491057,
        "max(length)": 0.8345828864813518,
        "num(pathline)": 0.06990475910587368,
        "min(distant)": 0.3575901058657368
    },
    "member16": {
        "max(u)": 0.9873382181576685,
        "max(v)": 0.4312515852491057,
        "max(length)": 0.8345828864813518,
        "num(pathline)": 0.06990475910587368,
        "min(distant)": 0.3575901058657368
    },
    "member17": {
        "max(u)": 0.9873382181576685,
        "max(v)": 0.4312515852491057,
        "max(length)": 0.8345828864813518,
        "num(pathline)": 0.06990475910587368,
        "min(distant)": 0.3575901058657368
    },
    "member18": {
        "max(u)": 0.9873382181576685,
        "max(v)": 0.4312515852491057,
        "max(length)": 0.8345828864813518,
        "num(pathline)": 0.06990475910587368,
        "min(distant)": 0.3575901058657368
    },
    "member19": {
        "max(u)": 0.9873382181576685,
        "max(v)": 0.4312515852491057,
        "max(length)": 0.8345828864813518,
        "num(pathline)": 0.06990475910587368,
        "min(distant)": 0.3575901058657368
    },
    "member20": {
        "max(u)": 0.9873382181576685,
        "max(v)": 0.4312515852491057,
        "max(length)": 0.8345828864813518,
        "num(pathline)": 0.06990475910587368,
        "min(distant)": 0.3575901058657368
    }
}