{
    "member1": {
        "max(u)": 0.5354396912608184,
        "max(v)": 0.4943245339842799,
        "max(length)": 0.20541406468648493,
        "num(pathline)": 0.5223539000892677,
        "min(distant)": 0.1447267574077693
    },
    "member2": {
        "max(u)": 0.5354396912608184,
        "max(v)": 0.4943245339842799,
        "max(length)": 0.20541406468648493,
        "num(pathline)": 0.5223539000892677,
        "min(distant)": 0.1447267574077693
    },
    "member3": {
        "max(u)": 0.5354396912608184,
        "max(v)": 0.4943245339842799,
        "max(length)": 0.20541406468648493,
        "num(pathline)": 0.5223539000892677,
        "min(distant)": 0.1447267574077693
    },
    "member4": {
        "max(u)": 0.5354396912608184,
        "max(v)": 0.4943245339842799,
        "max(length)": 0.20541406468648493,
        "num(pathline)": 0.5223539000892677,
        "min(distant)": 0.1447267574077693
    },
    "member5": {
        "max(u)": 0.5354396912608184,
        "max(v)": 0.4943245339842799,
        "max(length)": 0.20541406468648493,
        "num(pathline)": 0.5223539000892677,
        "min(distant)": 0.1447267574077693
    },
    "member6": {
        "max(u)": 0.5354396912608184,
        "max(v)": 0.4943245339842799,
        "max(length)": 0.20541406468648493,
        "num(pathline)": 0.5223539000892677,
        "min(distant)": 0.1447267574077693
    },
    "member7": {
        "max(u)": 0.5354396912608184,
        "max(v)": 0.4943245339842799,
        "max(length)": 0.20541406468648493,
        "num(pathline)": 0.5223539000892677,
        "min(distant)": 0.1447267574077693
    },
    "member8": {
        "max(u)": 0.5354396912608184,
        "max(v)": 0.4943245339842799,
        "max(length)": 0.20541406468648493,
        "num(pathline)": 0.5223539000892677,
        "min(distant)": 0.1447267574077693
    },
    "member9": {
        "max(u)": 0.5354396912608184,
        "max(v)": 0.4943245339842799,
        "max(length)": 0.20541406468648493,
        "num(pathline)": 0.5223539000892677,
        "min(distant)": 0.1447267574077693
    },
    "member10": {
        "max(u)": 0.5354396912608184,
        "max(v)": 0.4943245339842799,
        "max(length)": 0.20541406468648493,
        "num(pathline)": 0.5223539000892677,
        "min(distant)": 0.1447267574077693
    },
    "member11": {
        "max(u)": 0.5354396912608184,
        "max(v)": 0.4943245339842799,
        "max(length)": 0.20541406468648493,
        "num(pathline)": 0.5223539000892677,
        "min(distant)": 0.1447267574077693
    },
    "member12": {
        "max(u)": 0.5354396912608184,
        "max(v)": 0.4943245339842799,
        "max(length)": 0.20541406468648493,
        "num(pathline)": 0.5223539000892677,
        "min(distant)": 0.1447267574077693
    },
    "member13": {
        "max(u)": 0.5354396912608184,
        "max(v)": 0.4943245339842799,
        "max(length)": 0.20541406468648493,
        "num(pathline)": 0.5223539000892677,
        "min(distant)": 0.1447267574077693
    },
    "member14": {
        "max(u)": 0.5354396912608184,
        "max(v)": 0.4943245339842799,
        "max(length)": 0.20541406468648493,
        "num(pathline)": 0.5223539000892677,
        "min(distant)": 0.1447267574077693
    },
    "member15": {
        "max(u)": 0.5354396912608184,
        "max(v)": 0.4943245339842799,
        "max(length)": 0.20541406468648493,
        "num(pathline)": 0.5223539000892677,
        "min(distant)": 0.1447267574077693
    },
    "member16": {
        "max(u)": 0.5354396912608184,
        "max(v)": 0.4943245339842799,
        "max(length)": 0.20541406468648493,
        "num(pathline)": 0.5223539000892677,
        "min(distant)": 0.1447267574077693
    },
    "member17": {
        "max(u)": 0.5354396912608184,
        "max(v)": 0.4943245339842799,
        "max(length)": 0.20541406468648493,
        "num(pathline)": 0.5223539000892677,
        "min(distant)": 0.1447267574077693
    },
    "member18": {
        "max(u)": 0.5354396912608184,
        "max(v)": 0.4943245339842799,
        "max(length)": 0.20541406468648493,
        "num(pathline)": 0.5223539000892677,
        "min(distant)": 0.1447267574077693
    },
    "member19": {
        "max(u)": 0.5354396912608184,
        "max(v)": 0.4943245339842799,
        "max(length)": 0.20541406468648493,
        "num(pathline)": 0.5223539000892677,
        "min(distant)": 0.1447267574077693
    },
    "member20": {
        "max(u)": 0.5354396912608184,
        "max(v)": 0.4943245339842799,
        "max(length)": 0.20541406468648493,
        "num(pathline)": 0.5223539000892677,
        "min(distant)": 0.1447267574077693
    }
}