{
    "member1": {
        "max(u)": 0.6819771941730006,
        "max(v)": 0.10969590669404783,
        "max(length)": 0.4481959121741236,
        "num(pathline)": 0.4982146713148937,
        "min(distant)": 0.3101934311354799
    },
    "member2": {
        "max(u)": 0.6819771941730006,
        "max(v)": 0.10969590669404783,
        "max(length)": 0.4481959121741236,
        "num(pathline)": 0.4982146713148937,
        "min(distant)": 0.3101934311354799
    },
    "member3": {
        "max(u)": 0.6819771941730006,
        "max(v)": 0.10969590669404783,
        "max(length)": 0.4481959121741236,
        "num(pathline)": 0.4982146713148937,
        "min(distant)": 0.3101934311354799
    },
    "member4": {
        "max(u)": 0.6819771941730006,
        "max(v)": 0.10969590669404783,
        "max(length)": 0.4481959121741236,
        "num(pathline)": 0.4982146713148937,
        "min(distant)": 0.3101934311354799
    },
    "member5": {
        "max(u)": 0.6819771941730006,
        "max(v)": 0.10969590669404783,
        "max(length)": 0.4481959121741236,
        "num(pathline)": 0.4982146713148937,
        "min(distant)": 0.3101934311354799
    },
    "member6": {
        "max(u)": 0.6819771941730006,
        "max(v)": 0.10969590669404783,
        "max(length)": 0.4481959121741236,
        "num(pathline)": 0.4982146713148937,
        "min(distant)": 0.3101934311354799
    },
    "member7": {
        "max(u)": 0.6819771941730006,
        "max(v)": 0.10969590669404783,
        "max(length)": 0.4481959121741236,
        "num(pathline)": 0.4982146713148937,
        "min(distant)": 0.3101934311354799
    },
    "member8": {
        "max(u)": 0.6819771941730006,
        "max(v)": 0.10969590669404783,
        "max(length)": 0.4481959121741236,
        "num(pathline)": 0.4982146713148937,
        "min(distant)": 0.3101934311354799
    },
    "member9": {
        "max(u)": 0.6819771941730006,
        "max(v)": 0.10969590669404783,
        "max(length)": 0.4481959121741236,
        "num(pathline)": 0.4982146713148937,
        "min(distant)": 0.3101934311354799
    },
    "member10": {
        "max(u)": 0.6819771941730006,
        "max(v)": 0.10969590669404783,
        "max(length)": 0.4481959121741236,
        "num(pathline)": 0.4982146713148937,
        "min(distant)": 0.3101934311354799
    },
    "member11": {
        "max(u)": 0.6819771941730006,
        "max(v)": 0.10969590669404783,
        "max(length)": 0.4481959121741236,
        "num(pathline)": 0.4982146713148937,
        "min(distant)": 0.3101934311354799
    },
    "member12": {
        "max(u)": 0.6819771941730006,
        "max(v)": 0.10969590669404783,
        "max(length)": 0.4481959121741236,
        "num(pathline)": 0.4982146713148937,
        "min(distant)": 0.3101934311354799
    },
    "member13": {
        "max(u)": 0.6819771941730006,
        "max(v)": 0.10969590669404783,
        "max(length)": 0.4481959121741236,
        "num(pathline)": 0.4982146713148937,
        "min(distant)": 0.3101934311354799
    },
    "member14": {
        "max(u)": 0.6819771941730006,
        "max(v)": 0.10969590669404783,
        "max(length)": 0.4481959121741236,
        "num(pathline)": 0.4982146713148937,
        "min(distant)": 0.3101934311354799
    },
    "member15": {
        "max(u)": 0.6819771941730006,
        "max(v)": 0.10969590669404783,
        "max(length)": 0.4481959121741236,
        "num(pathline)": 0.4982146713148937,
        "min(distant)": 0.3101934311354799
    },
    "member16": {
        "max(u)": 0.6819771941730006,
        "max(v)": 0.10969590669404783,
        "max(length)": 0.4481959121741236,
        "num(pathline)": 0.4982146713148937,
        "min(distant)": 0.3101934311354799
    },
    "member17": {
        "max(u)": 0.6819771941730006,
        "max(v)": 0.10969590669404783,
        "max(length)": 0.4481959121741236,
        "num(pathline)": 0.4982146713148937,
        "min(distant)": 0.3101934311354799
    },
    "member18": {
        "max(u)": 0.6819771941730006,
        "max(v)": 0.10969590669404783,
        "max(length)": 0.4481959121741236,
        "num(pathline)": 0.4982146713148937,
        "min(distant)": 0.3101934311354799
    },
    "member19": {
        "max(u)": 0.6819771941730006,
        "max(v)": 0.10969590669404783,
        "max(length)": 0.4481959121741236,
        "num(pathline)": 0.4982146713148937,
        "min(distant)": 0.3101934311354799
    },
    "member20": {
        "max(u)": 0.6819771941730006,
        "max(v)": 0.10969590669404783,
        "max(length)": 0.4481959121741236,
        "num(pathline)": 0.4982146713148937,
        "min(distant)": 0.3101934311354799
    }
}