{
    "member1": {
        "max(u)": 0.05868525318438522,
        "max(v)": 0.115337007903341,
        "max(length)": 0.4205471779124811,
        "num(pathline)": 0.02209071879894875,
        "min(distant)": 0.5025737609470873
    },
    "member2": {
        "max(u)": 0.05868525318438522,
        "max(v)": 0.115337007903341,
        "max(length)": 0.4205471779124811,
        "num(pathline)": 0.02209071879894875,
        "min(distant)": 0.5025737609470873
    },
    "member3": {
        "max(u)": 0.05868525318438522,
        "max(v)": 0.115337007903341,
        "max(length)": 0.4205471779124811,
        "num(pathline)": 0.02209071879894875,
        "min(distant)": 0.5025737609470873
    },
    "member4": {
        "max(u)": 0.05868525318438522,
        "max(v)": 0.115337007903341,
        "max(length)": 0.4205471779124811,
        "num(pathline)": 0.02209071879894875,
        "min(distant)": 0.5025737609470873
    },
    "member5": {
        "max(u)": 0.05868525318438522,
        "max(v)": 0.115337007903341,
        "max(length)": 0.4205471779124811,
        "num(pathline)": 0.02209071879894875,
        "min(distant)": 0.5025737609470873
    },
    "member6": {
        "max(u)": 0.05868525318438522,
        "max(v)": 0.115337007903341,
        "max(length)": 0.4205471779124811,
        "num(pathline)": 0.02209071879894875,
        "min(distant)": 0.5025737609470873
    },
    "member7": {
        "max(u)": 0.05868525318438522,
        "max(v)": 0.115337007903341,
        "max(length)": 0.4205471779124811,
        "num(pathline)": 0.02209071879894875,
        "min(distant)": 0.5025737609470873
    },
    "member8": {
        "max(u)": 0.05868525318438522,
        "max(v)": 0.115337007903341,
        "max(length)": 0.4205471779124811,
        "num(pathline)": 0.02209071879894875,
        "min(distant)": 0.5025737609470873
    },
    "member9": {
        "max(u)": 0.05868525318438522,
        "max(v)": 0.115337007903341,
        "max(length)": 0.4205471779124811,
        "num(pathline)": 0.02209071879894875,
        "min(distant)": 0.5025737609470873
    },
    "member10": {
        "max(u)": 0.05868525318438522,
        "max(v)": 0.115337007903341,
        "max(length)": 0.4205471779124811,
        "num(pathline)": 0.02209071879894875,
        "min(distant)": 0.5025737609470873
    },
    "member11": {
        "max(u)": 0.05868525318438522,
        "max(v)": 0.115337007903341,
        "max(length)": 0.4205471779124811,
        "num(pathline)": 0.02209071879894875,
        "min(distant)": 0.5025737609470873
    },
    "member12": {
        "max(u)": 0.05868525318438522,
        "max(v)": 0.115337007903341,
        "max(length)": 0.4205471779124811,
        "num(pathline)": 0.02209071879894875,
        "min(distant)": 0.5025737609470873
    },
    "member13": {
        "max(u)": 0.05868525318438522,
        "max(v)": 0.115337007903341,
        "max(length)": 0.4205471779124811,
        "num(pathline)": 0.02209071879894875,
        "min(distant)": 0.5025737609470873
    },
    "member14": {
        "max(u)": 0.05868525318438522,
        "max(v)": 0.115337007903341,
        "max(length)": 0.4205471779124811,
        "num(pathline)": 0.02209071879894875,
        "min(distant)": 0.5025737609470873
    },
    "member15": {
        "max(u)": 0.05868525318438522,
        "max(v)": 0.115337007903341,
        "max(length)": 0.4205471779124811,
        "num(pathline)": 0.02209071879894875,
        "min(distant)": 0.5025737609470873
    },
    "member16": {
        "max(u)": 0.05868525318438522,
        "max(v)": 0.115337007903341,
        "max(length)": 0.4205471779124811,
        "num(pathline)": 0.02209071879894875,
        "min(distant)": 0.5025737609470873
    },
    "member17": {
        "max(u)": 0.05868525318438522,
        "max(v)": 0.115337007903341,
        "max(length)": 0.4205471779124811,
        "num(pathline)": 0.02209071879894875,
        "min(distant)": 0.5025737609470873
    },
    "member18": {
        "max(u)": 0.05868525318438522,
        "max(v)": 0.115337007903341,
        "max(length)": 0.4205471779124811,
        "num(pathline)": 0.02209071879894875,
        "min(distant)": 0.5025737609470873
    },
    "member19": {
        "max(u)": 0.05868525318438522,
        "max(v)": 0.115337007903341,
        "max(length)": 0.4205471779124811,
        "num(pathline)": 0.02209071879894875,
        "min(distant)": 0.5025737609470873
    },
    "member20": {
        "max(u)": 0.05868525318438522,
        "max(v)": 0.115337007903341,
        "max(length)": 0.4205471779124811,
        "num(pathline)": 0.02209071879894875,
        "min(distant)": 0.5025737609470873
    }
}