{
    "member1": {
        "max(u)": 0.10235886012301898,
        "max(v)": 0.22316495836004324,
        "max(length)": 0.7352572221471574,
        "num(pathline)": 0.07327448916367085,
        "min(distant)": 0.6665170960001379
    },
    "member2": {
        "max(u)": 0.10235886012301898,
        "max(v)": 0.22316495836004324,
        "max(length)": 0.7352572221471574,
        "num(pathline)": 0.07327448916367085,
        "min(distant)": 0.6665170960001379
    },
    "member3": {
        "max(u)": 0.10235886012301898,
        "max(v)": 0.22316495836004324,
        "max(length)": 0.7352572221471574,
        "num(pathline)": 0.07327448916367085,
        "min(distant)": 0.6665170960001379
    },
    "member4": {
        "max(u)": 0.10235886012301898,
        "max(v)": 0.22316495836004324,
        "max(length)": 0.7352572221471574,
        "num(pathline)": 0.07327448916367085,
        "min(distant)": 0.6665170960001379
    },
    "member5": {
        "max(u)": 0.10235886012301898,
        "max(v)": 0.22316495836004324,
        "max(length)": 0.7352572221471574,
        "num(pathline)": 0.07327448916367085,
        "min(distant)": 0.6665170960001379
    },
    "member6": {
        "max(u)": 0.10235886012301898,
        "max(v)": 0.22316495836004324,
        "max(length)": 0.7352572221471574,
        "num(pathline)": 0.07327448916367085,
        "min(distant)": 0.6665170960001379
    },
    "member7": {
        "max(u)": 0.10235886012301898,
        "max(v)": 0.22316495836004324,
        "max(length)": 0.7352572221471574,
        "num(pathline)": 0.07327448916367085,
        "min(distant)": 0.6665170960001379
    },
    "member8": {
        "max(u)": 0.10235886012301898,
        "max(v)": 0.22316495836004324,
        "max(length)": 0.7352572221471574,
        "num(pathline)": 0.07327448916367085,
        "min(distant)": 0.6665170960001379
    },
    "member9": {
        "max(u)": 0.10235886012301898,
        "max(v)": 0.22316495836004324,
        "max(length)": 0.7352572221471574,
        "num(pathline)": 0.07327448916367085,
        "min(distant)": 0.6665170960001379
    },
    "member10": {
        "max(u)": 0.10235886012301898,
        "max(v)": 0.22316495836004324,
        "max(length)": 0.7352572221471574,
        "num(pathline)": 0.07327448916367085,
        "min(distant)": 0.6665170960001379
    },
    "member11": {
        "max(u)": 0.10235886012301898,
        "max(v)": 0.22316495836004324,
        "max(length)": 0.7352572221471574,
        "num(pathline)": 0.07327448916367085,
        "min(distant)": 0.6665170960001379
    },
    "member12": {
        "max(u)": 0.10235886012301898,
        "max(v)": 0.22316495836004324,
        "max(length)": 0.7352572221471574,
        "num(pathline)": 0.07327448916367085,
        "min(distant)": 0.6665170960001379
    },
    "member13": {
        "max(u)": 0.10235886012301898,
        "max(v)": 0.22316495836004324,
        "max(length)": 0.7352572221471574,
        "num(pathline)": 0.07327448916367085,
        "min(distant)": 0.6665170960001379
    },
    "member14": {
        "max(u)": 0.10235886012301898,
        "max(v)": 0.22316495836004324,
        "max(length)": 0.7352572221471574,
        "num(pathline)": 0.07327448916367085,
        "min(distant)": 0.6665170960001379
    },
    "member15": {
        "max(u)": 0.10235886012301898,
        "max(v)": 0.22316495836004324,
        "max(length)": 0.7352572221471574,
        "num(pathline)": 0.07327448916367085,
        "min(distant)": 0.6665170960001379
    },
    "member16": {
        "max(u)": 0.10235886012301898,
        "max(v)": 0.22316495836004324,
        "max(length)": 0.7352572221471574,
        "num(pathline)": 0.07327448916367085,
        "min(distant)": 0.6665170960001379
    },
    "member17": {
        "max(u)": 0.10235886012301898,
        "max(v)": 0.22316495836004324,
        "max(length)": 0.7352572221471574,
        "num(pathline)": 0.07327448916367085,
        "min(distant)": 0.6665170960001379
    },
    "member18": {
        "max(u)": 0.10235886012301898,
        "max(v)": 0.22316495836004324,
        "max(length)": 0.7352572221471574,
        "num(pathline)": 0.07327448916367085,
        "min(distant)": 0.6665170960001379
    },
    "member19": {
        "max(u)": 0.10235886012301898,
        "max(v)": 0.22316495836004324,
        "max(length)": 0.7352572221471574,
        "num(pathline)": 0.07327448916367085,
        "min(distant)": 0.6665170960001379
    },
    "member20": {
        "max(u)": 0.10235886012301898,
        "max(v)": 0.22316495836004324,
        "max(length)": 0.7352572221471574,
        "num(pathline)": 0.07327448916367085,
        "min(distant)": 0.6665170960001379
    }
}