{
    "member1": {
        "max(u)": 0.6659975146056577,
        "max(v)": 0.07111369963854508,
        "max(length)": 0.33516942358340307,
        "num(pathline)": 0.46197135546184653,
        "min(distant)": 0.9710720137909573
    },
    "member2": {
        "max(u)": 0.6659975146056577,
        "max(v)": 0.07111369963854508,
        "max(length)": 0.33516942358340307,
        "num(pathline)": 0.46197135546184653,
        "min(distant)": 0.9710720137909573
    },
    "member3": {
        "max(u)": 0.6659975146056577,
        "max(v)": 0.07111369963854508,
        "max(length)": 0.33516942358340307,
        "num(pathline)": 0.46197135546184653,
        "min(distant)": 0.9710720137909573
    },
    "member4": {
        "max(u)": 0.6659975146056577,
        "max(v)": 0.07111369963854508,
        "max(length)": 0.33516942358340307,
        "num(pathline)": 0.46197135546184653,
        "min(distant)": 0.9710720137909573
    },
    "member5": {
        "max(u)": 0.6659975146056577,
        "max(v)": 0.07111369963854508,
        "max(length)": 0.33516942358340307,
        "num(pathline)": 0.46197135546184653,
        "min(distant)": 0.9710720137909573
    },
    "member6": {
        "max(u)": 0.6659975146056577,
        "max(v)": 0.07111369963854508,
        "max(length)": 0.33516942358340307,
        "num(pathline)": 0.46197135546184653,
        "min(distant)": 0.9710720137909573
    },
    "member7": {
        "max(u)": 0.6659975146056577,
        "max(v)": 0.07111369963854508,
        "max(length)": 0.33516942358340307,
        "num(pathline)": 0.46197135546184653,
        "min(distant)": 0.9710720137909573
    },
    "member8": {
        "max(u)": 0.6659975146056577,
        "max(v)": 0.07111369963854508,
        "max(length)": 0.33516942358340307,
        "num(pathline)": 0.46197135546184653,
        "min(distant)": 0.9710720137909573
    },
    "member9": {
        "max(u)": 0.6659975146056577,
        "max(v)": 0.07111369963854508,
        "max(length)": 0.33516942358340307,
        "num(pathline)": 0.46197135546184653,
        "min(distant)": 0.9710720137909573
    },
    "member10": {
        "max(u)": 0.6659975146056577,
        "max(v)": 0.07111369963854508,
        "max(length)": 0.33516942358340307,
        "num(pathline)": 0.46197135546184653,
        "min(distant)": 0.9710720137909573
    },
    "member11": {
        "max(u)": 0.6659975146056577,
        "max(v)": 0.07111369963854508,
        "max(length)": 0.33516942358340307,
        "num(pathline)": 0.46197135546184653,
        "min(distant)": 0.9710720137909573
    },
    "member12": {
        "max(u)": 0.6659975146056577,
        "max(v)": 0.07111369963854508,
        "max(length)": 0.33516942358340307,
        "num(pathline)": 0.46197135546184653,
        "min(distant)": 0.9710720137909573
    },
    "member13": {
        "max(u)": 0.6659975146056577,
        "max(v)": 0.07111369963854508,
        "max(length)": 0.33516942358340307,
        "num(pathline)": 0.46197135546184653,
        "min(distant)": 0.9710720137909573
    },
    "member14": {
        "max(u)": 0.6659975146056577,
        "max(v)": 0.07111369963854508,
        "max(length)": 0.33516942358340307,
        "num(pathline)": 0.46197135546184653,
        "min(distant)": 0.9710720137909573
    },
    "member15": {
        "max(u)": 0.6659975146056577,
        "max(v)": 0.07111369963854508,
        "max(length)": 0.33516942358340307,
        "num(pathline)": 0.46197135546184653,
        "min(distant)": 0.9710720137909573
    },
    "member16": {
        "max(u)": 0.6659975146056577,
        "max(v)": 0.07111369963854508,
        "max(length)": 0.33516942358340307,
        "num(pathline)": 0.46197135546184653,
        "min(distant)": 0.9710720137909573
    },
    "member17": {
        "max(u)": 0.6659975146056577,
        "max(v)": 0.07111369963854508,
        "max(length)": 0.33516942358340307,
        "num(pathline)": 0.46197135546184653,
        "min(distant)": 0.9710720137909573
    },
    "member18": {
        "max(u)": 0.6659975146056577,
        "max(v)": 0.07111369963854508,
        "max(length)": 0.33516942358340307,
        "num(pathline)": 0.46197135546184653,
        "min(distant)": 0.9710720137909573
    },
    "member19": {
        "max(u)": 0.6659975146056577,
        "max(v)": 0.07111369963854508,
        "max(length)": 0.33516942358340307,
        "num(pathline)": 0.46197135546184653,
        "min(distant)": 0.9710720137909573
    },
    "member20": {
        "max(u)": 0.6659975146056577,
        "max(v)": 0.07111369963854508,
        "max(length)": 0.33516942358340307,
        "num(pathline)": 0.46197135546184653,
        "min(distant)": 0.9710720137909573
    }
}