{
    "member1": {
        "max(u)": 0.19132213702908685,
        "max(v)": 0.10594228304795805,
        "max(length)": 0.2624505877151734,
        "num(pathline)": 0.5154043779270414,
        "min(distant)": 0.9932670159714988
    },
    "member2": {
        "max(u)": 0.19132213702908685,
        "max(v)": 0.10594228304795805,
        "max(length)": 0.2624505877151734,
        "num(pathline)": 0.5154043779270414,
        "min(distant)": 0.9932670159714988
    },
    "member3": {
        "max(u)": 0.19132213702908685,
        "max(v)": 0.10594228304795805,
        "max(length)": 0.2624505877151734,
        "num(pathline)": 0.5154043779270414,
        "min(distant)": 0.9932670159714988
    },
    "member4": {
        "max(u)": 0.19132213702908685,
        "max(v)": 0.10594228304795805,
        "max(length)": 0.2624505877151734,
        "num(pathline)": 0.5154043779270414,
        "min(distant)": 0.9932670159714988
    },
    "member5": {
        "max(u)": 0.19132213702908685,
        "max(v)": 0.10594228304795805,
        "max(length)": 0.2624505877151734,
        "num(pathline)": 0.5154043779270414,
        "min(distant)": 0.9932670159714988
    },
    "member6": {
        "max(u)": 0.19132213702908685,
        "max(v)": 0.10594228304795805,
        "max(length)": 0.2624505877151734,
        "num(pathline)": 0.5154043779270414,
        "min(distant)": 0.9932670159714988
    },
    "member7": {
        "max(u)": 0.19132213702908685,
        "max(v)": 0.10594228304795805,
        "max(length)": 0.2624505877151734,
        "num(pathline)": 0.5154043779270414,
        "min(distant)": 0.9932670159714988
    },
    "member8": {
        "max(u)": 0.19132213702908685,
        "max(v)": 0.10594228304795805,
        "max(length)": 0.2624505877151734,
        "num(pathline)": 0.5154043779270414,
        "min(distant)": 0.9932670159714988
    },
    "member9": {
        "max(u)": 0.19132213702908685,
        "max(v)": 0.10594228304795805,
        "max(length)": 0.2624505877151734,
        "num(pathline)": 0.5154043779270414,
        "min(distant)": 0.9932670159714988
    },
    "member10": {
        "max(u)": 0.19132213702908685,
        "max(v)": 0.10594228304795805,
        "max(length)": 0.2624505877151734,
        "num(pathline)": 0.5154043779270414,
        "min(distant)": 0.9932670159714988
    },
    "member11": {
        "max(u)": 0.19132213702908685,
        "max(v)": 0.10594228304795805,
        "max(length)": 0.2624505877151734,
        "num(pathline)": 0.5154043779270414,
        "min(distant)": 0.9932670159714988
    },
    "member12": {
        "max(u)": 0.19132213702908685,
        "max(v)": 0.10594228304795805,
        "max(length)": 0.2624505877151734,
        "num(pathline)": 0.5154043779270414,
        "min(distant)": 0.9932670159714988
    },
    "member13": {
        "max(u)": 0.19132213702908685,
        "max(v)": 0.10594228304795805,
        "max(length)": 0.2624505877151734,
        "num(pathline)": 0.5154043779270414,
        "min(distant)": 0.9932670159714988
    },
    "member14": {
        "max(u)": 0.19132213702908685,
        "max(v)": 0.10594228304795805,
        "max(length)": 0.2624505877151734,
        "num(pathline)": 0.5154043779270414,
        "min(distant)": 0.9932670159714988
    },
    "member15": {
        "max(u)": 0.19132213702908685,
        "max(v)": 0.10594228304795805,
        "max(length)": 0.2624505877151734,
        "num(pathline)": 0.5154043779270414,
        "min(distant)": 0.9932670159714988
    },
    "member16": {
        "max(u)": 0.19132213702908685,
        "max(v)": 0.10594228304795805,
        "max(length)": 0.2624505877151734,
        "num(pathline)": 0.5154043779270414,
        "min(distant)": 0.9932670159714988
    },
    "member17": {
        "max(u)": 0.19132213702908685,
        "max(v)": 0.10594228304795805,
        "max(length)": 0.2624505877151734,
        "num(pathline)": 0.5154043779270414,
        "min(distant)": 0.9932670159714988
    },
    "member18": {
        "max(u)": 0.19132213702908685,
        "max(v)": 0.10594228304795805,
        "max(length)": 0.2624505877151734,
        "num(pathline)": 0.5154043779270414,
        "min(distant)": 0.9932670159714988
    },
    "member19": {
        "max(u)": 0.19132213702908685,
        "max(v)": 0.10594228304795805,
        "max(length)": 0.2624505877151734,
        "num(pathline)": 0.5154043779270414,
        "min(distant)": 0.9932670159714988
    },
    "member20": {
        "max(u)": 0.19132213702908685,
        "max(v)": 0.10594228304795805,
        "max(length)": 0.2624505877151734,
        "num(pathline)": 0.5154043779270414,
        "min(distant)": 0.9932670159714988
    }
}