{
    "member1": {
        "max(u)": 0.3096643256999013,
        "max(v)": 0.7253908931908264,
        "max(length)": 0.6492671504450693,
        "num(pathline)": 0.00784530711861331,
        "min(distant)": 0.6823365598592749
    },
    "member2": {
        "max(u)": 0.3096643256999013,
        "max(v)": 0.7253908931908264,
        "max(length)": 0.6492671504450693,
        "num(pathline)": 0.00784530711861331,
        "min(distant)": 0.6823365598592749
    },
    "member3": {
        "max(u)": 0.3096643256999013,
        "max(v)": 0.7253908931908264,
        "max(length)": 0.6492671504450693,
        "num(pathline)": 0.00784530711861331,
        "min(distant)": 0.6823365598592749
    },
    "member4": {
        "max(u)": 0.3096643256999013,
        "max(v)": 0.7253908931908264,
        "max(length)": 0.6492671504450693,
        "num(pathline)": 0.00784530711861331,
        "min(distant)": 0.6823365598592749
    },
    "member5": {
        "max(u)": 0.3096643256999013,
        "max(v)": 0.7253908931908264,
        "max(length)": 0.6492671504450693,
        "num(pathline)": 0.00784530711861331,
        "min(distant)": 0.6823365598592749
    },
    "member6": {
        "max(u)": 0.3096643256999013,
        "max(v)": 0.7253908931908264,
        "max(length)": 0.6492671504450693,
        "num(pathline)": 0.00784530711861331,
        "min(distant)": 0.6823365598592749
    },
    "member7": {
        "max(u)": 0.3096643256999013,
        "max(v)": 0.7253908931908264,
        "max(length)": 0.6492671504450693,
        "num(pathline)": 0.00784530711861331,
        "min(distant)": 0.6823365598592749
    },
    "member8": {
        "max(u)": 0.3096643256999013,
        "max(v)": 0.7253908931908264,
        "max(length)": 0.6492671504450693,
        "num(pathline)": 0.00784530711861331,
        "min(distant)": 0.6823365598592749
    },
    "member9": {
        "max(u)": 0.3096643256999013,
        "max(v)": 0.7253908931908264,
        "max(length)": 0.6492671504450693,
        "num(pathline)": 0.00784530711861331,
        "min(distant)": 0.6823365598592749
    },
    "member10": {
        "max(u)": 0.3096643256999013,
        "max(v)": 0.7253908931908264,
        "max(length)": 0.6492671504450693,
        "num(pathline)": 0.00784530711861331,
        "min(distant)": 0.6823365598592749
    },
    "member11": {
        "max(u)": 0.3096643256999013,
        "max(v)": 0.7253908931908264,
        "max(length)": 0.6492671504450693,
        "num(pathline)": 0.00784530711861331,
        "min(distant)": 0.6823365598592749
    },
    "member12": {
        "max(u)": 0.3096643256999013,
        "max(v)": 0.7253908931908264,
        "max(length)": 0.6492671504450693,
        "num(pathline)": 0.00784530711861331,
        "min(distant)": 0.6823365598592749
    },
    "member13": {
        "max(u)": 0.3096643256999013,
        "max(v)": 0.7253908931908264,
        "max(length)": 0.6492671504450693,
        "num(pathline)": 0.00784530711861331,
        "min(distant)": 0.6823365598592749
    },
    "member14": {
        "max(u)": 0.3096643256999013,
        "max(v)": 0.7253908931908264,
        "max(length)": 0.6492671504450693,
        "num(pathline)": 0.00784530711861331,
        "min(distant)": 0.6823365598592749
    },
    "member15": {
        "max(u)": 0.3096643256999013,
        "max(v)": 0.7253908931908264,
        "max(length)": 0.6492671504450693,
        "num(pathline)": 0.00784530711861331,
        "min(distant)": 0.6823365598592749
    },
    "member16": {
        "max(u)": 0.3096643256999013,
        "max(v)": 0.7253908931908264,
        "max(length)": 0.6492671504450693,
        "num(pathline)": 0.00784530711861331,
        "min(distant)": 0.6823365598592749
    },
    "member17": {
        "max(u)": 0.3096643256999013,
        "max(v)": 0.7253908931908264,
        "max(length)": 0.6492671504450693,
        "num(pathline)": 0.00784530711861331,
        "min(distant)": 0.6823365598592749
    },
    "member18": {
        "max(u)": 0.3096643256999013,
        "max(v)": 0.7253908931908264,
        "max(length)": 0.6492671504450693,
        "num(pathline)": 0.00784530711861331,
        "min(distant)": 0.6823365598592749
    },
    "member19": {
        "max(u)": 0.3096643256999013,
        "max(v)": 0.7253908931908264,
        "max(length)": 0.6492671504450693,
        "num(pathline)": 0.00784530711861331,
        "min(distant)": 0.6823365598592749
    },
    "member20": {
        "max(u)": 0.3096643256999013,
        "max(v)": 0.7253908931908264,
        "max(length)": 0.6492671504450693,
        "num(pathline)": 0.00784530711861331,
        "min(distant)": 0.6823365598592749
    }
}