{
    "member1": {
        "max(u)": 0.0625254136218063,
        "max(v)": 0.9924978286562455,
        "max(length)": 0.9994632817187712,
        "num(pathline)": 0.5851072508840398,
        "min(distant)": 0.6663402506890674
    },
    "member2": {
        "max(u)": 0.0625254136218063,
        "max(v)": 0.9924978286562455,
        "max(length)": 0.9994632817187712,
        "num(pathline)": 0.5851072508840398,
        "min(distant)": 0.6663402506890674
    },
    "member3": {
        "max(u)": 0.0625254136218063,
        "max(v)": 0.9924978286562455,
        "max(length)": 0.9994632817187712,
        "num(pathline)": 0.5851072508840398,
        "min(distant)": 0.6663402506890674
    },
    "member4": {
        "max(u)": 0.0625254136218063,
        "max(v)": 0.9924978286562455,
        "max(length)": 0.9994632817187712,
        "num(pathline)": 0.5851072508840398,
        "min(distant)": 0.6663402506890674
    },
    "member5": {
        "max(u)": 0.0625254136218063,
        "max(v)": 0.9924978286562455,
        "max(length)": 0.9994632817187712,
        "num(pathline)": 0.5851072508840398,
        "min(distant)": 0.6663402506890674
    },
    "member6": {
        "max(u)": 0.0625254136218063,
        "max(v)": 0.9924978286562455,
        "max(length)": 0.9994632817187712,
        "num(pathline)": 0.5851072508840398,
        "min(distant)": 0.6663402506890674
    },
    "member7": {
        "max(u)": 0.0625254136218063,
        "max(v)": 0.9924978286562455,
        "max(length)": 0.9994632817187712,
        "num(pathline)": 0.5851072508840398,
        "min(distant)": 0.6663402506890674
    },
    "member8": {
        "max(u)": 0.0625254136218063,
        "max(v)": 0.9924978286562455,
        "max(length)": 0.9994632817187712,
        "num(pathline)": 0.5851072508840398,
        "min(distant)": 0.6663402506890674
    },
    "member9": {
        "max(u)": 0.0625254136218063,
        "max(v)": 0.9924978286562455,
        "max(length)": 0.9994632817187712,
        "num(pathline)": 0.5851072508840398,
        "min(distant)": 0.6663402506890674
    },
    "member10": {
        "max(u)": 0.0625254136218063,
        "max(v)": 0.9924978286562455,
        "max(length)": 0.9994632817187712,
        "num(pathline)": 0.5851072508840398,
        "min(distant)": 0.6663402506890674
    },
    "member11": {
        "max(u)": 0.0625254136218063,
        "max(v)": 0.9924978286562455,
        "max(length)": 0.9994632817187712,
        "num(pathline)": 0.5851072508840398,
        "min(distant)": 0.6663402506890674
    },
    "member12": {
        "max(u)": 0.0625254136218063,
        "max(v)": 0.9924978286562455,
        "max(length)": 0.9994632817187712,
        "num(pathline)": 0.5851072508840398,
        "min(distant)": 0.6663402506890674
    },
    "member13": {
        "max(u)": 0.0625254136218063,
        "max(v)": 0.9924978286562455,
        "max(length)": 0.9994632817187712,
        "num(pathline)": 0.5851072508840398,
        "min(distant)": 0.6663402506890674
    },
    "member14": {
        "max(u)": 0.0625254136218063,
        "max(v)": 0.9924978286562455,
        "max(length)": 0.9994632817187712,
        "num(pathline)": 0.5851072508840398,
        "min(distant)": 0.6663402506890674
    },
    "member15": {
        "max(u)": 0.0625254136218063,
        "max(v)": 0.9924978286562455,
        "max(length)": 0.9994632817187712,
        "num(pathline)": 0.5851072508840398,
        "min(distant)": 0.6663402506890674
    },
    "member16": {
        "max(u)": 0.0625254136218063,
        "max(v)": 0.9924978286562455,
        "max(length)": 0.9994632817187712,
        "num(pathline)": 0.5851072508840398,
        "min(distant)": 0.6663402506890674
    },
    "member17": {
        "max(u)": 0.0625254136218063,
        "max(v)": 0.9924978286562455,
        "max(length)": 0.9994632817187712,
        "num(pathline)": 0.5851072508840398,
        "min(distant)": 0.6663402506890674
    },
    "member18": {
        "max(u)": 0.0625254136218063,
        "max(v)": 0.9924978286562455,
        "max(length)": 0.9994632817187712,
        "num(pathline)": 0.5851072508840398,
        "min(distant)": 0.6663402506890674
    },
    "member19": {
        "max(u)": 0.0625254136218063,
        "max(v)": 0.9924978286562455,
        "max(length)": 0.9994632817187712,
        "num(pathline)": 0.5851072508840398,
        "min(distant)": 0.6663402506890674
    },
    "member20": {
        "max(u)": 0.0625254136218063,
        "max(v)": 0.9924978286562455,
        "max(length)": 0.9994632817187712,
        "num(pathline)": 0.5851072508840398,
        "min(distant)": 0.6663402506890674
    }
}