{
    "member1": {
        "max(u)": 0.631592119398811,
        "max(v)": 0.9829678023275497,
        "max(length)": 0.3606610901037154,
        "num(pathline)": 0.4733700576218687,
        "min(distant)": 0.7415430064520072
    },
    "member2": {
        "max(u)": 0.631592119398811,
        "max(v)": 0.9829678023275497,
        "max(length)": 0.3606610901037154,
        "num(pathline)": 0.4733700576218687,
        "min(distant)": 0.7415430064520072
    },
    "member3": {
        "max(u)": 0.631592119398811,
        "max(v)": 0.9829678023275497,
        "max(length)": 0.3606610901037154,
        "num(pathline)": 0.4733700576218687,
        "min(distant)": 0.7415430064520072
    },
    "member4": {
        "max(u)": 0.631592119398811,
        "max(v)": 0.9829678023275497,
        "max(length)": 0.3606610901037154,
        "num(pathline)": 0.4733700576218687,
        "min(distant)": 0.7415430064520072
    },
    "member5": {
        "max(u)": 0.631592119398811,
        "max(v)": 0.9829678023275497,
        "max(length)": 0.3606610901037154,
        "num(pathline)": 0.4733700576218687,
        "min(distant)": 0.7415430064520072
    },
    "member6": {
        "max(u)": 0.631592119398811,
        "max(v)": 0.9829678023275497,
        "max(length)": 0.3606610901037154,
        "num(pathline)": 0.4733700576218687,
        "min(distant)": 0.7415430064520072
    },
    "member7": {
        "max(u)": 0.631592119398811,
        "max(v)": 0.9829678023275497,
        "max(length)": 0.3606610901037154,
        "num(pathline)": 0.4733700576218687,
        "min(distant)": 0.7415430064520072
    },
    "member8": {
        "max(u)": 0.631592119398811,
        "max(v)": 0.9829678023275497,
        "max(length)": 0.3606610901037154,
        "num(pathline)": 0.4733700576218687,
        "min(distant)": 0.7415430064520072
    },
    "member9": {
        "max(u)": 0.631592119398811,
        "max(v)": 0.9829678023275497,
        "max(length)": 0.3606610901037154,
        "num(pathline)": 0.4733700576218687,
        "min(distant)": 0.7415430064520072
    },
    "member10": {
        "max(u)": 0.631592119398811,
        "max(v)": 0.9829678023275497,
        "max(length)": 0.3606610901037154,
        "num(pathline)": 0.4733700576218687,
        "min(distant)": 0.7415430064520072
    },
    "member11": {
        "max(u)": 0.631592119398811,
        "max(v)": 0.9829678023275497,
        "max(length)": 0.3606610901037154,
        "num(pathline)": 0.4733700576218687,
        "min(distant)": 0.7415430064520072
    },
    "member12": {
        "max(u)": 0.631592119398811,
        "max(v)": 0.9829678023275497,
        "max(length)": 0.3606610901037154,
        "num(pathline)": 0.4733700576218687,
        "min(distant)": 0.7415430064520072
    },
    "member13": {
        "max(u)": 0.631592119398811,
        "max(v)": 0.9829678023275497,
        "max(length)": 0.3606610901037154,
        "num(pathline)": 0.4733700576218687,
        "min(distant)": 0.7415430064520072
    },
    "member14": {
        "max(u)": 0.631592119398811,
        "max(v)": 0.9829678023275497,
        "max(length)": 0.3606610901037154,
        "num(pathline)": 0.4733700576218687,
        "min(distant)": 0.7415430064520072
    },
    "member15": {
        "max(u)": 0.631592119398811,
        "max(v)": 0.9829678023275497,
        "max(length)": 0.3606610901037154,
        "num(pathline)": 0.4733700576218687,
        "min(distant)": 0.7415430064520072
    },
    "member16": {
        "max(u)": 0.631592119398811,
        "max(v)": 0.9829678023275497,
        "max(length)": 0.3606610901037154,
        "num(pathline)": 0.4733700576218687,
        "min(distant)": 0.7415430064520072
    },
    "member17": {
        "max(u)": 0.631592119398811,
        "max(v)": 0.9829678023275497,
        "max(length)": 0.3606610901037154,
        "num(pathline)": 0.4733700576218687,
        "min(distant)": 0.7415430064520072
    },
    "member18": {
        "max(u)": 0.631592119398811,
        "max(v)": 0.9829678023275497,
        "max(length)": 0.3606610901037154,
        "num(pathline)": 0.4733700576218687,
        "min(distant)": 0.7415430064520072
    },
    "member19": {
        "max(u)": 0.631592119398811,
        "max(v)": 0.9829678023275497,
        "max(length)": 0.3606610901037154,
        "num(pathline)": 0.4733700576218687,
        "min(distant)": 0.7415430064520072
    },
    "member20": {
        "max(u)": 0.631592119398811,
        "max(v)": 0.9829678023275497,
        "max(length)": 0.3606610901037154,
        "num(pathline)": 0.4733700576218687,
        "min(distant)": 0.7415430064520072
    }
}