{
    "member1": {
        "max(u)": 0.3480965121483769,
        "max(v)": 0.7475396646512351,
        "max(length)": 0.42982373476480595,
        "num(pathline)": 0.01197415476844732,
        "min(distant)": 0.306630052476769
    },
    "member2": {
        "max(u)": 0.3480965121483769,
        "max(v)": 0.7475396646512351,
        "max(length)": 0.42982373476480595,
        "num(pathline)": 0.01197415476844732,
        "min(distant)": 0.306630052476769
    },
    "member3": {
        "max(u)": 0.3480965121483769,
        "max(v)": 0.7475396646512351,
        "max(length)": 0.42982373476480595,
        "num(pathline)": 0.01197415476844732,
        "min(distant)": 0.306630052476769
    },
    "member4": {
        "max(u)": 0.3480965121483769,
        "max(v)": 0.7475396646512351,
        "max(length)": 0.42982373476480595,
        "num(pathline)": 0.01197415476844732,
        "min(distant)": 0.306630052476769
    },
    "member5": {
        "max(u)": 0.3480965121483769,
        "max(v)": 0.7475396646512351,
        "max(length)": 0.42982373476480595,
        "num(pathline)": 0.01197415476844732,
        "min(distant)": 0.306630052476769
    },
    "member6": {
        "max(u)": 0.3480965121483769,
        "max(v)": 0.7475396646512351,
        "max(length)": 0.42982373476480595,
        "num(pathline)": 0.01197415476844732,
        "min(distant)": 0.306630052476769
    },
    "member7": {
        "max(u)": 0.3480965121483769,
        "max(v)": 0.7475396646512351,
        "max(length)": 0.42982373476480595,
        "num(pathline)": 0.01197415476844732,
        "min(distant)": 0.306630052476769
    },
    "member8": {
        "max(u)": 0.3480965121483769,
        "max(v)": 0.7475396646512351,
        "max(length)": 0.42982373476480595,
        "num(pathline)": 0.01197415476844732,
        "min(distant)": 0.306630052476769
    },
    "member9": {
        "max(u)": 0.3480965121483769,
        "max(v)": 0.7475396646512351,
        "max(length)": 0.42982373476480595,
        "num(pathline)": 0.01197415476844732,
        "min(distant)": 0.306630052476769
    },
    "member10": {
        "max(u)": 0.3480965121483769,
        "max(v)": 0.7475396646512351,
        "max(length)": 0.42982373476480595,
        "num(pathline)": 0.01197415476844732,
        "min(distant)": 0.306630052476769
    },
    "member11": {
        "max(u)": 0.3480965121483769,
        "max(v)": 0.7475396646512351,
        "max(length)": 0.42982373476480595,
        "num(pathline)": 0.01197415476844732,
        "min(distant)": 0.306630052476769
    },
    "member12": {
        "max(u)": 0.3480965121483769,
        "max(v)": 0.7475396646512351,
        "max(length)": 0.42982373476480595,
        "num(pathline)": 0.01197415476844732,
        "min(distant)": 0.306630052476769
    },
    "member13": {
        "max(u)": 0.3480965121483769,
        "max(v)": 0.7475396646512351,
        "max(length)": 0.42982373476480595,
        "num(pathline)": 0.01197415476844732,
        "min(distant)": 0.306630052476769
    },
    "member14": {
        "max(u)": 0.3480965121483769,
        "max(v)": 0.7475396646512351,
        "max(length)": 0.42982373476480595,
        "num(pathline)": 0.01197415476844732,
        "min(distant)": 0.306630052476769
    },
    "member15": {
        "max(u)": 0.3480965121483769,
        "max(v)": 0.7475396646512351,
        "max(length)": 0.42982373476480595,
        "num(pathline)": 0.01197415476844732,
        "min(distant)": 0.306630052476769
    },
    "member16": {
        "max(u)": 0.3480965121483769,
        "max(v)": 0.7475396646512351,
        "max(length)": 0.42982373476480595,
        "num(pathline)": 0.01197415476844732,
        "min(distant)": 0.306630052476769
    },
    "member17": {
        "max(u)": 0.3480965121483769,
        "max(v)": 0.7475396646512351,
        "max(length)": 0.42982373476480595,
        "num(pathline)": 0.01197415476844732,
        "min(distant)": 0.306630052476769
    },
    "member18": {
        "max(u)": 0.3480965121483769,
        "max(v)": 0.7475396646512351,
        "max(length)": 0.42982373476480595,
        "num(pathline)": 0.01197415476844732,
        "min(distant)": 0.306630052476769
    },
    "member19": {
        "max(u)": 0.3480965121483769,
        "max(v)": 0.7475396646512351,
        "max(length)": 0.42982373476480595,
        "num(pathline)": 0.01197415476844732,
        "min(distant)": 0.306630052476769
    },
    "member20": {
        "max(u)": 0.3480965121483769,
        "max(v)": 0.7475396646512351,
        "max(length)": 0.42982373476480595,
        "num(pathline)": 0.01197415476844732,
        "min(distant)": 0.306630052476769
    }
}