{
    "member1": {
        "max(u)": 0.04363474224597952,
        "max(v)": 0.01517077142552592,
        "max(length)": 0.025895038836927897,
        "num(pathline)": 0.7151171519534121,
        "min(distant)": 0.7540958233020686
    },
    "member2": {
        "max(u)": 0.04363474224597952,
        "max(v)": 0.01517077142552592,
        "max(length)": 0.025895038836927897,
        "num(pathline)": 0.7151171519534121,
        "min(distant)": 0.7540958233020686
    },
    "member3": {
        "max(u)": 0.04363474224597952,
        "max(v)": 0.01517077142552592,
        "max(length)": 0.025895038836927897,
        "num(pathline)": 0.7151171519534121,
        "min(distant)": 0.7540958233020686
    },
    "member4": {
        "max(u)": 0.04363474224597952,
        "max(v)": 0.01517077142552592,
        "max(length)": 0.025895038836927897,
        "num(pathline)": 0.7151171519534121,
        "min(distant)": 0.7540958233020686
    },
    "member5": {
        "max(u)": 0.04363474224597952,
        "max(v)": 0.01517077142552592,
        "max(length)": 0.025895038836927897,
        "num(pathline)": 0.7151171519534121,
        "min(distant)": 0.7540958233020686
    },
    "member6": {
        "max(u)": 0.04363474224597952,
        "max(v)": 0.01517077142552592,
        "max(length)": 0.025895038836927897,
        "num(pathline)": 0.7151171519534121,
        "min(distant)": 0.7540958233020686
    },
    "member7": {
        "max(u)": 0.04363474224597952,
        "max(v)": 0.01517077142552592,
        "max(length)": 0.025895038836927897,
        "num(pathline)": 0.7151171519534121,
        "min(distant)": 0.7540958233020686
    },
    "member8": {
        "max(u)": 0.04363474224597952,
        "max(v)": 0.01517077142552592,
        "max(length)": 0.025895038836927897,
        "num(pathline)": 0.7151171519534121,
        "min(distant)": 0.7540958233020686
    },
    "member9": {
        "max(u)": 0.04363474224597952,
        "max(v)": 0.01517077142552592,
        "max(length)": 0.025895038836927897,
        "num(pathline)": 0.7151171519534121,
        "min(distant)": 0.7540958233020686
    },
    "member10": {
        "max(u)": 0.04363474224597952,
        "max(v)": 0.01517077142552592,
        "max(length)": 0.025895038836927897,
        "num(pathline)": 0.7151171519534121,
        "min(distant)": 0.7540958233020686
    },
    "member11": {
        "max(u)": 0.04363474224597952,
        "max(v)": 0.01517077142552592,
        "max(length)": 0.025895038836927897,
        "num(pathline)": 0.7151171519534121,
        "min(distant)": 0.7540958233020686
    },
    "member12": {
        "max(u)": 0.04363474224597952,
        "max(v)": 0.01517077142552592,
        "max(length)": 0.025895038836927897,
        "num(pathline)": 0.7151171519534121,
        "min(distant)": 0.7540958233020686
    },
    "member13": {
        "max(u)": 0.04363474224597952,
        "max(v)": 0.01517077142552592,
        "max(length)": 0.025895038836927897,
        "num(pathline)": 0.7151171519534121,
        "min(distant)": 0.7540958233020686
    },
    "member14": {
        "max(u)": 0.04363474224597952,
        "max(v)": 0.01517077142552592,
        "max(length)": 0.025895038836927897,
        "num(pathline)": 0.7151171519534121,
        "min(distant)": 0.7540958233020686
    },
    "member15": {
        "max(u)": 0.04363474224597952,
        "max(v)": 0.01517077142552592,
        "max(length)": 0.025895038836927897,
        "num(pathline)": 0.7151171519534121,
        "min(distant)": 0.7540958233020686
    },
    "member16": {
        "max(u)": 0.04363474224597952,
        "max(v)": 0.01517077142552592,
        "max(length)": 0.025895038836927897,
        "num(pathline)": 0.7151171519534121,
        "min(distant)": 0.7540958233020686
    },
    "member17": {
        "max(u)": 0.04363474224597952,
        "max(v)": 0.01517077142552592,
        "max(length)": 0.025895038836927897,
        "num(pathline)": 0.7151171519534121,
        "min(distant)": 0.7540958233020686
    },
    "member18": {
        "max(u)": 0.04363474224597952,
        "max(v)": 0.01517077142552592,
        "max(length)": 0.025895038836927897,
        "num(pathline)": 0.7151171519534121,
        "min(distant)": 0.7540958233020686
    },
    "member19": {
        "max(u)": 0.04363474224597952,
        "max(v)": 0.01517077142552592,
        "max(length)": 0.025895038836927897,
        "num(pathline)": 0.7151171519534121,
        "min(distant)": 0.7540958233020686
    },
    "member20": {
        "max(u)": 0.04363474224597952,
        "max(v)": 0.01517077142552592,
        "max(length)": 0.025895038836927897,
        "num(pathline)": 0.7151171519534121,
        "min(distant)": 0.7540958233020686
    }
}