{
    "member1": {
        "max(u)": 0.5018628423479191,
        "max(v)": 0.3929968832733236,
        "max(length)": 0.5558082434567557,
        "num(pathline)": 0.8300251986988624,
        "min(distant)": 0.39026654889106793
    },
    "member2": {
        "max(u)": 0.5018628423479191,
        "max(v)": 0.3929968832733236,
        "max(length)": 0.5558082434567557,
        "num(pathline)": 0.8300251986988624,
        "min(distant)": 0.39026654889106793
    },
    "member3": {
        "max(u)": 0.5018628423479191,
        "max(v)": 0.3929968832733236,
        "max(length)": 0.5558082434567557,
        "num(pathline)": 0.8300251986988624,
        "min(distant)": 0.39026654889106793
    },
    "member4": {
        "max(u)": 0.5018628423479191,
        "max(v)": 0.3929968832733236,
        "max(length)": 0.5558082434567557,
        "num(pathline)": 0.8300251986988624,
        "min(distant)": 0.39026654889106793
    },
    "member5": {
        "max(u)": 0.5018628423479191,
        "max(v)": 0.3929968832733236,
        "max(length)": 0.5558082434567557,
        "num(pathline)": 0.8300251986988624,
        "min(distant)": 0.39026654889106793
    },
    "member6": {
        "max(u)": 0.5018628423479191,
        "max(v)": 0.3929968832733236,
        "max(length)": 0.5558082434567557,
        "num(pathline)": 0.8300251986988624,
        "min(distant)": 0.39026654889106793
    },
    "member7": {
        "max(u)": 0.5018628423479191,
        "max(v)": 0.3929968832733236,
        "max(length)": 0.5558082434567557,
        "num(pathline)": 0.8300251986988624,
        "min(distant)": 0.39026654889106793
    },
    "member8": {
        "max(u)": 0.5018628423479191,
        "max(v)": 0.3929968832733236,
        "max(length)": 0.5558082434567557,
        "num(pathline)": 0.8300251986988624,
        "min(distant)": 0.39026654889106793
    },
    "member9": {
        "max(u)": 0.5018628423479191,
        "max(v)": 0.3929968832733236,
        "max(length)": 0.5558082434567557,
        "num(pathline)": 0.8300251986988624,
        "min(distant)": 0.39026654889106793
    },
    "member10": {
        "max(u)": 0.5018628423479191,
        "max(v)": 0.3929968832733236,
        "max(length)": 0.5558082434567557,
        "num(pathline)": 0.8300251986988624,
        "min(distant)": 0.39026654889106793
    },
    "member11": {
        "max(u)": 0.5018628423479191,
        "max(v)": 0.3929968832733236,
        "max(length)": 0.5558082434567557,
        "num(pathline)": 0.8300251986988624,
        "min(distant)": 0.39026654889106793
    },
    "member12": {
        "max(u)": 0.5018628423479191,
        "max(v)": 0.3929968832733236,
        "max(length)": 0.5558082434567557,
        "num(pathline)": 0.8300251986988624,
        "min(distant)": 0.39026654889106793
    },
    "member13": {
        "max(u)": 0.5018628423479191,
        "max(v)": 0.3929968832733236,
        "max(length)": 0.5558082434567557,
        "num(pathline)": 0.8300251986988624,
        "min(distant)": 0.39026654889106793
    },
    "member14": {
        "max(u)": 0.5018628423479191,
        "max(v)": 0.3929968832733236,
        "max(length)": 0.5558082434567557,
        "num(pathline)": 0.8300251986988624,
        "min(distant)": 0.39026654889106793
    },
    "member15": {
        "max(u)": 0.5018628423479191,
        "max(v)": 0.3929968832733236,
        "max(length)": 0.5558082434567557,
        "num(pathline)": 0.8300251986988624,
        "min(distant)": 0.39026654889106793
    },
    "member16": {
        "max(u)": 0.5018628423479191,
        "max(v)": 0.3929968832733236,
        "max(length)": 0.5558082434567557,
        "num(pathline)": 0.8300251986988624,
        "min(distant)": 0.39026654889106793
    },
    "member17": {
        "max(u)": 0.5018628423479191,
        "max(v)": 0.3929968832733236,
        "max(length)": 0.5558082434567557,
        "num(pathline)": 0.8300251986988624,
        "min(distant)": 0.39026654889106793
    },
    "member18": {
        "max(u)": 0.5018628423479191,
        "max(v)": 0.3929968832733236,
        "max(length)": 0.5558082434567557,
        "num(pathline)": 0.8300251986988624,
        "min(distant)": 0.39026654889106793
    },
    "member19": {
        "max(u)": 0.5018628423479191,
        "max(v)": 0.3929968832733236,
        "max(length)": 0.5558082434567557,
        "num(pathline)": 0.8300251986988624,
        "min(distant)": 0.39026654889106793
    },
    "member20": {
        "max(u)": 0.5018628423479191,
        "max(v)": 0.3929968832733236,
        "max(length)": 0.5558082434567557,
        "num(pathline)": 0.8300251986988624,
        "min(distant)": 0.39026654889106793
    }
}