{
    "member1": {
        "max(u)": 0.2901992313041185,
        "max(v)": 0.5700552219787793,
        "max(length)": 0.1644901663167464,
        "num(pathline)": 0.3823274530968438,
        "min(distant)": 0.6870727052713143
    },
    "member2": {
        "max(u)": 0.2901992313041185,
        "max(v)": 0.5700552219787793,
        "max(length)": 0.1644901663167464,
        "num(pathline)": 0.3823274530968438,
        "min(distant)": 0.6870727052713143
    },
    "member3": {
        "max(u)": 0.2901992313041185,
        "max(v)": 0.5700552219787793,
        "max(length)": 0.1644901663167464,
        "num(pathline)": 0.3823274530968438,
        "min(distant)": 0.6870727052713143
    },
    "member4": {
        "max(u)": 0.2901992313041185,
        "max(v)": 0.5700552219787793,
        "max(length)": 0.1644901663167464,
        "num(pathline)": 0.3823274530968438,
        "min(distant)": 0.6870727052713143
    },
    "member5": {
        "max(u)": 0.2901992313041185,
        "max(v)": 0.5700552219787793,
        "max(length)": 0.1644901663167464,
        "num(pathline)": 0.3823274530968438,
        "min(distant)": 0.6870727052713143
    },
    "member6": {
        "max(u)": 0.2901992313041185,
        "max(v)": 0.5700552219787793,
        "max(length)": 0.1644901663167464,
        "num(pathline)": 0.3823274530968438,
        "min(distant)": 0.6870727052713143
    },
    "member7": {
        "max(u)": 0.2901992313041185,
        "max(v)": 0.5700552219787793,
        "max(length)": 0.1644901663167464,
        "num(pathline)": 0.3823274530968438,
        "min(distant)": 0.6870727052713143
    },
    "member8": {
        "max(u)": 0.2901992313041185,
        "max(v)": 0.5700552219787793,
        "max(length)": 0.1644901663167464,
        "num(pathline)": 0.3823274530968438,
        "min(distant)": 0.6870727052713143
    },
    "member9": {
        "max(u)": 0.2901992313041185,
        "max(v)": 0.5700552219787793,
        "max(length)": 0.1644901663167464,
        "num(pathline)": 0.3823274530968438,
        "min(distant)": 0.6870727052713143
    },
    "member10": {
        "max(u)": 0.2901992313041185,
        "max(v)": 0.5700552219787793,
        "max(length)": 0.1644901663167464,
        "num(pathline)": 0.3823274530968438,
        "min(distant)": 0.6870727052713143
    },
    "member11": {
        "max(u)": 0.2901992313041185,
        "max(v)": 0.5700552219787793,
        "max(length)": 0.1644901663167464,
        "num(pathline)": 0.3823274530968438,
        "min(distant)": 0.6870727052713143
    },
    "member12": {
        "max(u)": 0.2901992313041185,
        "max(v)": 0.5700552219787793,
        "max(length)": 0.1644901663167464,
        "num(pathline)": 0.3823274530968438,
        "min(distant)": 0.6870727052713143
    },
    "member13": {
        "max(u)": 0.2901992313041185,
        "max(v)": 0.5700552219787793,
        "max(length)": 0.1644901663167464,
        "num(pathline)": 0.3823274530968438,
        "min(distant)": 0.6870727052713143
    },
    "member14": {
        "max(u)": 0.2901992313041185,
        "max(v)": 0.5700552219787793,
        "max(length)": 0.1644901663167464,
        "num(pathline)": 0.3823274530968438,
        "min(distant)": 0.6870727052713143
    },
    "member15": {
        "max(u)": 0.2901992313041185,
        "max(v)": 0.5700552219787793,
        "max(length)": 0.1644901663167464,
        "num(pathline)": 0.3823274530968438,
        "min(distant)": 0.6870727052713143
    },
    "member16": {
        "max(u)": 0.2901992313041185,
        "max(v)": 0.5700552219787793,
        "max(length)": 0.1644901663167464,
        "num(pathline)": 0.3823274530968438,
        "min(distant)": 0.6870727052713143
    },
    "member17": {
        "max(u)": 0.2901992313041185,
        "max(v)": 0.5700552219787793,
        "max(length)": 0.1644901663167464,
        "num(pathline)": 0.3823274530968438,
        "min(distant)": 0.6870727052713143
    },
    "member18": {
        "max(u)": 0.2901992313041185,
        "max(v)": 0.5700552219787793,
        "max(length)": 0.1644901663167464,
        "num(pathline)": 0.3823274530968438,
        "min(distant)": 0.6870727052713143
    },
    "member19": {
        "max(u)": 0.2901992313041185,
        "max(v)": 0.5700552219787793,
        "max(length)": 0.1644901663167464,
        "num(pathline)": 0.3823274530968438,
        "min(distant)": 0.6870727052713143
    },
    "member20": {
        "max(u)": 0.2901992313041185,
        "max(v)": 0.5700552219787793,
        "max(length)": 0.1644901663167464,
        "num(pathline)": 0.3823274530968438,
        "min(distant)": 0.6870727052713143
    }
}