{
    "member1": {
        "max(u)": 0.7952338535551919,
        "max(v)": 0.014812583552111458,
        "max(length)": 0.20143549657983773,
        "num(pathline)": 0.9401977068629842,
        "min(distant)": 0.8662196844238925
    },
    "member2": {
        "max(u)": 0.7952338535551919,
        "max(v)": 0.014812583552111458,
        "max(length)": 0.20143549657983773,
        "num(pathline)": 0.9401977068629842,
        "min(distant)": 0.8662196844238925
    },
    "member3": {
        "max(u)": 0.7952338535551919,
        "max(v)": 0.014812583552111458,
        "max(length)": 0.20143549657983773,
        "num(pathline)": 0.9401977068629842,
        "min(distant)": 0.8662196844238925
    },
    "member4": {
        "max(u)": 0.7952338535551919,
        "max(v)": 0.014812583552111458,
        "max(length)": 0.20143549657983773,
        "num(pathline)": 0.9401977068629842,
        "min(distant)": 0.8662196844238925
    },
    "member5": {
        "max(u)": 0.7952338535551919,
        "max(v)": 0.014812583552111458,
        "max(length)": 0.20143549657983773,
        "num(pathline)": 0.9401977068629842,
        "min(distant)": 0.8662196844238925
    },
    "member6": {
        "max(u)": 0.7952338535551919,
        "max(v)": 0.014812583552111458,
        "max(length)": 0.20143549657983773,
        "num(pathline)": 0.9401977068629842,
        "min(distant)": 0.8662196844238925
    },
    "member7": {
        "max(u)": 0.7952338535551919,
        "max(v)": 0.014812583552111458,
        "max(length)": 0.20143549657983773,
        "num(pathline)": 0.9401977068629842,
        "min(distant)": 0.8662196844238925
    },
    "member8": {
        "max(u)": 0.7952338535551919,
        "max(v)": 0.014812583552111458,
        "max(length)": 0.20143549657983773,
        "num(pathline)": 0.9401977068629842,
        "min(distant)": 0.8662196844238925
    },
    "member9": {
        "max(u)": 0.7952338535551919,
        "max(v)": 0.014812583552111458,
        "max(length)": 0.20143549657983773,
        "num(pathline)": 0.9401977068629842,
        "min(distant)": 0.8662196844238925
    },
    "member10": {
        "max(u)": 0.7952338535551919,
        "max(v)": 0.014812583552111458,
        "max(length)": 0.20143549657983773,
        "num(pathline)": 0.9401977068629842,
        "min(distant)": 0.8662196844238925
    },
    "member11": {
        "max(u)": 0.7952338535551919,
        "max(v)": 0.014812583552111458,
        "max(length)": 0.20143549657983773,
        "num(pathline)": 0.9401977068629842,
        "min(distant)": 0.8662196844238925
    },
    "member12": {
        "max(u)": 0.7952338535551919,
        "max(v)": 0.014812583552111458,
        "max(length)": 0.20143549657983773,
        "num(pathline)": 0.9401977068629842,
        "min(distant)": 0.8662196844238925
    },
    "member13": {
        "max(u)": 0.7952338535551919,
        "max(v)": 0.014812583552111458,
        "max(length)": 0.20143549657983773,
        "num(pathline)": 0.9401977068629842,
        "min(distant)": 0.8662196844238925
    },
    "member14": {
        "max(u)": 0.7952338535551919,
        "max(v)": 0.014812583552111458,
        "max(length)": 0.20143549657983773,
        "num(pathline)": 0.9401977068629842,
        "min(distant)": 0.8662196844238925
    },
    "member15": {
        "max(u)": 0.7952338535551919,
        "max(v)": 0.014812583552111458,
        "max(length)": 0.20143549657983773,
        "num(pathline)": 0.9401977068629842,
        "min(distant)": 0.8662196844238925
    },
    "member16": {
        "max(u)": 0.7952338535551919,
        "max(v)": 0.014812583552111458,
        "max(length)": 0.20143549657983773,
        "num(pathline)": 0.9401977068629842,
        "min(distant)": 0.8662196844238925
    },
    "member17": {
        "max(u)": 0.7952338535551919,
        "max(v)": 0.014812583552111458,
        "max(length)": 0.20143549657983773,
        "num(pathline)": 0.9401977068629842,
        "min(distant)": 0.8662196844238925
    },
    "member18": {
        "max(u)": 0.7952338535551919,
        "max(v)": 0.014812583552111458,
        "max(length)": 0.20143549657983773,
        "num(pathline)": 0.9401977068629842,
        "min(distant)": 0.8662196844238925
    },
    "member19": {
        "max(u)": 0.7952338535551919,
        "max(v)": 0.014812583552111458,
        "max(length)": 0.20143549657983773,
        "num(pathline)": 0.9401977068629842,
        "min(distant)": 0.8662196844238925
    },
    "member20": {
        "max(u)": 0.7952338535551919,
        "max(v)": 0.014812583552111458,
        "max(length)": 0.20143549657983773,
        "num(pathline)": 0.9401977068629842,
        "min(distant)": 0.8662196844238925
    }
}