{
    "member1": {
        "max(u)": 0.21592288141736737,
        "max(v)": 0.050472026106591295,
        "max(length)": 0.44878397204022447,
        "num(pathline)": 0.13625838643082144,
        "min(distant)": 0.9891203426646484
    },
    "member2": {
        "max(u)": 0.21592288141736737,
        "max(v)": 0.050472026106591295,
        "max(length)": 0.44878397204022447,
        "num(pathline)": 0.13625838643082144,
        "min(distant)": 0.9891203426646484
    },
    "member3": {
        "max(u)": 0.21592288141736737,
        "max(v)": 0.050472026106591295,
        "max(length)": 0.44878397204022447,
        "num(pathline)": 0.13625838643082144,
        "min(distant)": 0.9891203426646484
    },
    "member4": {
        "max(u)": 0.21592288141736737,
        "max(v)": 0.050472026106591295,
        "max(length)": 0.44878397204022447,
        "num(pathline)": 0.13625838643082144,
        "min(distant)": 0.9891203426646484
    },
    "member5": {
        "max(u)": 0.21592288141736737,
        "max(v)": 0.050472026106591295,
        "max(length)": 0.44878397204022447,
        "num(pathline)": 0.13625838643082144,
        "min(distant)": 0.9891203426646484
    },
    "member6": {
        "max(u)": 0.21592288141736737,
        "max(v)": 0.050472026106591295,
        "max(length)": 0.44878397204022447,
        "num(pathline)": 0.13625838643082144,
        "min(distant)": 0.9891203426646484
    },
    "member7": {
        "max(u)": 0.21592288141736737,
        "max(v)": 0.050472026106591295,
        "max(length)": 0.44878397204022447,
        "num(pathline)": 0.13625838643082144,
        "min(distant)": 0.9891203426646484
    },
    "member8": {
        "max(u)": 0.21592288141736737,
        "max(v)": 0.050472026106591295,
        "max(length)": 0.44878397204022447,
        "num(pathline)": 0.13625838643082144,
        "min(distant)": 0.9891203426646484
    },
    "member9": {
        "max(u)": 0.21592288141736737,
        "max(v)": 0.050472026106591295,
        "max(length)": 0.44878397204022447,
        "num(pathline)": 0.13625838643082144,
        "min(distant)": 0.9891203426646484
    },
    "member10": {
        "max(u)": 0.21592288141736737,
        "max(v)": 0.050472026106591295,
        "max(length)": 0.44878397204022447,
        "num(pathline)": 0.13625838643082144,
        "min(distant)": 0.9891203426646484
    },
    "member11": {
        "max(u)": 0.21592288141736737,
        "max(v)": 0.050472026106591295,
        "max(length)": 0.44878397204022447,
        "num(pathline)": 0.13625838643082144,
        "min(distant)": 0.9891203426646484
    },
    "member12": {
        "max(u)": 0.21592288141736737,
        "max(v)": 0.050472026106591295,
        "max(length)": 0.44878397204022447,
        "num(pathline)": 0.13625838643082144,
        "min(distant)": 0.9891203426646484
    },
    "member13": {
        "max(u)": 0.21592288141736737,
        "max(v)": 0.050472026106591295,
        "max(length)": 0.44878397204022447,
        "num(pathline)": 0.13625838643082144,
        "min(distant)": 0.9891203426646484
    },
    "member14": {
        "max(u)": 0.21592288141736737,
        "max(v)": 0.050472026106591295,
        "max(length)": 0.44878397204022447,
        "num(pathline)": 0.13625838643082144,
        "min(distant)": 0.9891203426646484
    },
    "member15": {
        "max(u)": 0.21592288141736737,
        "max(v)": 0.050472026106591295,
        "max(length)": 0.44878397204022447,
        "num(pathline)": 0.13625838643082144,
        "min(distant)": 0.9891203426646484
    },
    "member16": {
        "max(u)": 0.21592288141736737,
        "max(v)": 0.050472026106591295,
        "max(length)": 0.44878397204022447,
        "num(pathline)": 0.13625838643082144,
        "min(distant)": 0.9891203426646484
    },
    "member17": {
        "max(u)": 0.21592288141736737,
        "max(v)": 0.050472026106591295,
        "max(length)": 0.44878397204022447,
        "num(pathline)": 0.13625838643082144,
        "min(distant)": 0.9891203426646484
    },
    "member18": {
        "max(u)": 0.21592288141736737,
        "max(v)": 0.050472026106591295,
        "max(length)": 0.44878397204022447,
        "num(pathline)": 0.13625838643082144,
        "min(distant)": 0.9891203426646484
    },
    "member19": {
        "max(u)": 0.21592288141736737,
        "max(v)": 0.050472026106591295,
        "max(length)": 0.44878397204022447,
        "num(pathline)": 0.13625838643082144,
        "min(distant)": 0.9891203426646484
    },
    "member20": {
        "max(u)": 0.21592288141736737,
        "max(v)": 0.050472026106591295,
        "max(length)": 0.44878397204022447,
        "num(pathline)": 0.13625838643082144,
        "min(distant)": 0.9891203426646484
    }
}