{
    "member1": {
        "max(u)": 0.1001251145865315,
        "max(v)": 0.39230581335034,
        "max(length)": 0.5677067802099739,
        "num(pathline)": 0.1732775195823414,
        "min(distant)": 0.5826182782380956
    },
    "member2": {
        "max(u)": 0.1001251145865315,
        "max(v)": 0.39230581335034,
        "max(length)": 0.5677067802099739,
        "num(pathline)": 0.1732775195823414,
        "min(distant)": 0.5826182782380956
    },
    "member3": {
        "max(u)": 0.1001251145865315,
        "max(v)": 0.39230581335034,
        "max(length)": 0.5677067802099739,
        "num(pathline)": 0.1732775195823414,
        "min(distant)": 0.5826182782380956
    },
    "member4": {
        "max(u)": 0.1001251145865315,
        "max(v)": 0.39230581335034,
        "max(length)": 0.5677067802099739,
        "num(pathline)": 0.1732775195823414,
        "min(distant)": 0.5826182782380956
    },
    "member5": {
        "max(u)": 0.1001251145865315,
        "max(v)": 0.39230581335034,
        "max(length)": 0.5677067802099739,
        "num(pathline)": 0.1732775195823414,
        "min(distant)": 0.5826182782380956
    },
    "member6": {
        "max(u)": 0.1001251145865315,
        "max(v)": 0.39230581335034,
        "max(length)": 0.5677067802099739,
        "num(pathline)": 0.1732775195823414,
        "min(distant)": 0.5826182782380956
    },
    "member7": {
        "max(u)": 0.1001251145865315,
        "max(v)": 0.39230581335034,
        "max(length)": 0.5677067802099739,
        "num(pathline)": 0.1732775195823414,
        "min(distant)": 0.5826182782380956
    },
    "member8": {
        "max(u)": 0.1001251145865315,
        "max(v)": 0.39230581335034,
        "max(length)": 0.5677067802099739,
        "num(pathline)": 0.1732775195823414,
        "min(distant)": 0.5826182782380956
    },
    "member9": {
        "max(u)": 0.1001251145865315,
        "max(v)": 0.39230581335034,
        "max(length)": 0.5677067802099739,
        "num(pathline)": 0.1732775195823414,
        "min(distant)": 0.5826182782380956
    },
    "member10": {
        "max(u)": 0.1001251145865315,
        "max(v)": 0.39230581335034,
        "max(length)": 0.5677067802099739,
        "num(pathline)": 0.1732775195823414,
        "min(distant)": 0.5826182782380956
    },
    "member11": {
        "max(u)": 0.1001251145865315,
        "max(v)": 0.39230581335034,
        "max(length)": 0.5677067802099739,
        "num(pathline)": 0.1732775195823414,
        "min(distant)": 0.5826182782380956
    },
    "member12": {
        "max(u)": 0.1001251145865315,
        "max(v)": 0.39230581335034,
        "max(length)": 0.5677067802099739,
        "num(pathline)": 0.1732775195823414,
        "min(distant)": 0.5826182782380956
    },
    "member13": {
        "max(u)": 0.1001251145865315,
        "max(v)": 0.39230581335034,
        "max(length)": 0.5677067802099739,
        "num(pathline)": 0.1732775195823414,
        "min(distant)": 0.5826182782380956
    },
    "member14": {
        "max(u)": 0.1001251145865315,
        "max(v)": 0.39230581335034,
        "max(length)": 0.5677067802099739,
        "num(pathline)": 0.1732775195823414,
        "min(distant)": 0.5826182782380956
    },
    "member15": {
        "max(u)": 0.1001251145865315,
        "max(v)": 0.39230581335034,
        "max(length)": 0.5677067802099739,
        "num(pathline)": 0.1732775195823414,
        "min(distant)": 0.5826182782380956
    },
    "member16": {
        "max(u)": 0.1001251145865315,
        "max(v)": 0.39230581335034,
        "max(length)": 0.5677067802099739,
        "num(pathline)": 0.1732775195823414,
        "min(distant)": 0.5826182782380956
    },
    "member17": {
        "max(u)": 0.1001251145865315,
        "max(v)": 0.39230581335034,
        "max(length)": 0.5677067802099739,
        "num(pathline)": 0.1732775195823414,
        "min(distant)": 0.5826182782380956
    },
    "member18": {
        "max(u)": 0.1001251145865315,
        "max(v)": 0.39230581335034,
        "max(length)": 0.5677067802099739,
        "num(pathline)": 0.1732775195823414,
        "min(distant)": 0.5826182782380956
    },
    "member19": {
        "max(u)": 0.1001251145865315,
        "max(v)": 0.39230581335034,
        "max(length)": 0.5677067802099739,
        "num(pathline)": 0.1732775195823414,
        "min(distant)": 0.5826182782380956
    },
    "member20": {
        "max(u)": 0.1001251145865315,
        "max(v)": 0.39230581335034,
        "max(length)": 0.5677067802099739,
        "num(pathline)": 0.1732775195823414,
        "min(distant)": 0.5826182782380956
    }
}