{
    "member1": {
        "max(u)": 0.06695431772938165,
        "max(v)": 0.7709023150663294,
        "max(length)": 0.7177174084778843,
        "num(pathline)": 0.07409376859899275,
        "min(distant)": 0.29177923604699063
    },
    "member2": {
        "max(u)": 0.06695431772938165,
        "max(v)": 0.7709023150663294,
        "max(length)": 0.7177174084778843,
        "num(pathline)": 0.07409376859899275,
        "min(distant)": 0.29177923604699063
    },
    "member3": {
        "max(u)": 0.06695431772938165,
        "max(v)": 0.7709023150663294,
        "max(length)": 0.7177174084778843,
        "num(pathline)": 0.07409376859899275,
        "min(distant)": 0.29177923604699063
    },
    "member4": {
        "max(u)": 0.06695431772938165,
        "max(v)": 0.7709023150663294,
        "max(length)": 0.7177174084778843,
        "num(pathline)": 0.07409376859899275,
        "min(distant)": 0.29177923604699063
    },
    "member5": {
        "max(u)": 0.06695431772938165,
        "max(v)": 0.7709023150663294,
        "max(length)": 0.7177174084778843,
        "num(pathline)": 0.07409376859899275,
        "min(distant)": 0.29177923604699063
    },
    "member6": {
        "max(u)": 0.06695431772938165,
        "max(v)": 0.7709023150663294,
        "max(length)": 0.7177174084778843,
        "num(pathline)": 0.07409376859899275,
        "min(distant)": 0.29177923604699063
    },
    "member7": {
        "max(u)": 0.06695431772938165,
        "max(v)": 0.7709023150663294,
        "max(length)": 0.7177174084778843,
        "num(pathline)": 0.07409376859899275,
        "min(distant)": 0.29177923604699063
    },
    "member8": {
        "max(u)": 0.06695431772938165,
        "max(v)": 0.7709023150663294,
        "max(length)": 0.7177174084778843,
        "num(pathline)": 0.07409376859899275,
        "min(distant)": 0.29177923604699063
    },
    "member9": {
        "max(u)": 0.06695431772938165,
        "max(v)": 0.7709023150663294,
        "max(length)": 0.7177174084778843,
        "num(pathline)": 0.07409376859899275,
        "min(distant)": 0.29177923604699063
    },
    "member10": {
        "max(u)": 0.06695431772938165,
        "max(v)": 0.7709023150663294,
        "max(length)": 0.7177174084778843,
        "num(pathline)": 0.07409376859899275,
        "min(distant)": 0.29177923604699063
    },
    "member11": {
        "max(u)": 0.06695431772938165,
        "max(v)": 0.7709023150663294,
        "max(length)": 0.7177174084778843,
        "num(pathline)": 0.07409376859899275,
        "min(distant)": 0.29177923604699063
    },
    "member12": {
        "max(u)": 0.06695431772938165,
        "max(v)": 0.7709023150663294,
        "max(length)": 0.7177174084778843,
        "num(pathline)": 0.07409376859899275,
        "min(distant)": 0.29177923604699063
    },
    "member13": {
        "max(u)": 0.06695431772938165,
        "max(v)": 0.7709023150663294,
        "max(length)": 0.7177174084778843,
        "num(pathline)": 0.07409376859899275,
        "min(distant)": 0.29177923604699063
    },
    "member14": {
        "max(u)": 0.06695431772938165,
        "max(v)": 0.7709023150663294,
        "max(length)": 0.7177174084778843,
        "num(pathline)": 0.07409376859899275,
        "min(distant)": 0.29177923604699063
    },
    "member15": {
        "max(u)": 0.06695431772938165,
        "max(v)": 0.7709023150663294,
        "max(length)": 0.7177174084778843,
        "num(pathline)": 0.07409376859899275,
        "min(distant)": 0.29177923604699063
    },
    "member16": {
        "max(u)": 0.06695431772938165,
        "max(v)": 0.7709023150663294,
        "max(length)": 0.7177174084778843,
        "num(pathline)": 0.07409376859899275,
        "min(distant)": 0.29177923604699063
    },
    "member17": {
        "max(u)": 0.06695431772938165,
        "max(v)": 0.7709023150663294,
        "max(length)": 0.7177174084778843,
        "num(pathline)": 0.07409376859899275,
        "min(distant)": 0.29177923604699063
    },
    "member18": {
        "max(u)": 0.06695431772938165,
        "max(v)": 0.7709023150663294,
        "max(length)": 0.7177174084778843,
        "num(pathline)": 0.07409376859899275,
        "min(distant)": 0.29177923604699063
    },
    "member19": {
        "max(u)": 0.06695431772938165,
        "max(v)": 0.7709023150663294,
        "max(length)": 0.7177174084778843,
        "num(pathline)": 0.07409376859899275,
        "min(distant)": 0.29177923604699063
    },
    "member20": {
        "max(u)": 0.06695431772938165,
        "max(v)": 0.7709023150663294,
        "max(length)": 0.7177174084778843,
        "num(pathline)": 0.07409376859899275,
        "min(distant)": 0.29177923604699063
    }
}