{
    "member1": {
        "max(u)": 0.7107228673649982,
        "max(v)": 0.8767420317990229,
        "max(length)": 0.052911352145426305,
        "num(pathline)": 0.7462104301283344,
        "min(distant)": 0.21474366998120675
    },
    "member2": {
        "max(u)": 0.7107228673649982,
        "max(v)": 0.8767420317990229,
        "max(length)": 0.052911352145426305,
        "num(pathline)": 0.7462104301283344,
        "min(distant)": 0.21474366998120675
    },
    "member3": {
        "max(u)": 0.7107228673649982,
        "max(v)": 0.8767420317990229,
        "max(length)": 0.052911352145426305,
        "num(pathline)": 0.7462104301283344,
        "min(distant)": 0.21474366998120675
    },
    "member4": {
        "max(u)": 0.7107228673649982,
        "max(v)": 0.8767420317990229,
        "max(length)": 0.052911352145426305,
        "num(pathline)": 0.7462104301283344,
        "min(distant)": 0.21474366998120675
    },
    "member5": {
        "max(u)": 0.7107228673649982,
        "max(v)": 0.8767420317990229,
        "max(length)": 0.052911352145426305,
        "num(pathline)": 0.7462104301283344,
        "min(distant)": 0.21474366998120675
    },
    "member6": {
        "max(u)": 0.7107228673649982,
        "max(v)": 0.8767420317990229,
        "max(length)": 0.052911352145426305,
        "num(pathline)": 0.7462104301283344,
        "min(distant)": 0.21474366998120675
    },
    "member7": {
        "max(u)": 0.7107228673649982,
        "max(v)": 0.8767420317990229,
        "max(length)": 0.052911352145426305,
        "num(pathline)": 0.7462104301283344,
        "min(distant)": 0.21474366998120675
    },
    "member8": {
        "max(u)": 0.7107228673649982,
        "max(v)": 0.8767420317990229,
        "max(length)": 0.052911352145426305,
        "num(pathline)": 0.7462104301283344,
        "min(distant)": 0.21474366998120675
    },
    "member9": {
        "max(u)": 0.7107228673649982,
        "max(v)": 0.8767420317990229,
        "max(length)": 0.052911352145426305,
        "num(pathline)": 0.7462104301283344,
        "min(distant)": 0.21474366998120675
    },
    "member10": {
        "max(u)": 0.7107228673649982,
        "max(v)": 0.8767420317990229,
        "max(length)": 0.052911352145426305,
        "num(pathline)": 0.7462104301283344,
        "min(distant)": 0.21474366998120675
    },
    "member11": {
        "max(u)": 0.7107228673649982,
        "max(v)": 0.8767420317990229,
        "max(length)": 0.052911352145426305,
        "num(pathline)": 0.7462104301283344,
        "min(distant)": 0.21474366998120675
    },
    "member12": {
        "max(u)": 0.7107228673649982,
        "max(v)": 0.8767420317990229,
        "max(length)": 0.052911352145426305,
        "num(pathline)": 0.7462104301283344,
        "min(distant)": 0.21474366998120675
    },
    "member13": {
        "max(u)": 0.7107228673649982,
        "max(v)": 0.8767420317990229,
        "max(length)": 0.052911352145426305,
        "num(pathline)": 0.7462104301283344,
        "min(distant)": 0.21474366998120675
    },
    "member14": {
        "max(u)": 0.7107228673649982,
        "max(v)": 0.8767420317990229,
        "max(length)": 0.052911352145426305,
        "num(pathline)": 0.7462104301283344,
        "min(distant)": 0.21474366998120675
    },
    "member15": {
        "max(u)": 0.7107228673649982,
        "max(v)": 0.8767420317990229,
        "max(length)": 0.052911352145426305,
        "num(pathline)": 0.7462104301283344,
        "min(distant)": 0.21474366998120675
    },
    "member16": {
        "max(u)": 0.7107228673649982,
        "max(v)": 0.8767420317990229,
        "max(length)": 0.052911352145426305,
        "num(pathline)": 0.7462104301283344,
        "min(distant)": 0.21474366998120675
    },
    "member17": {
        "max(u)": 0.7107228673649982,
        "max(v)": 0.8767420317990229,
        "max(length)": 0.052911352145426305,
        "num(pathline)": 0.7462104301283344,
        "min(distant)": 0.21474366998120675
    },
    "member18": {
        "max(u)": 0.7107228673649982,
        "max(v)": 0.8767420317990229,
        "max(length)": 0.052911352145426305,
        "num(pathline)": 0.7462104301283344,
        "min(distant)": 0.21474366998120675
    },
    "member19": {
        "max(u)": 0.7107228673649982,
        "max(v)": 0.8767420317990229,
        "max(length)": 0.052911352145426305,
        "num(pathline)": 0.7462104301283344,
        "min(distant)": 0.21474366998120675
    },
    "member20": {
        "max(u)": 0.7107228673649982,
        "max(v)": 0.8767420317990229,
        "max(length)": 0.052911352145426305,
        "num(pathline)": 0.7462104301283344,
        "min(distant)": 0.21474366998120675
    }
}