{
    "member1": {
        "max(u)": 0.681658021861997,
        "max(v)": 0.6492791896511793,
        "max(length)": 0.5374259409237473,
        "num(pathline)": 0.5672161334891586,
        "min(distant)": 0.19574872481422478
    },
    "member2": {
        "max(u)": 0.681658021861997,
        "max(v)": 0.6492791896511793,
        "max(length)": 0.5374259409237473,
        "num(pathline)": 0.5672161334891586,
        "min(distant)": 0.19574872481422478
    },
    "member3": {
        "max(u)": 0.681658021861997,
        "max(v)": 0.6492791896511793,
        "max(length)": 0.5374259409237473,
        "num(pathline)": 0.5672161334891586,
        "min(distant)": 0.19574872481422478
    },
    "member4": {
        "max(u)": 0.681658021861997,
        "max(v)": 0.6492791896511793,
        "max(length)": 0.5374259409237473,
        "num(pathline)": 0.5672161334891586,
        "min(distant)": 0.19574872481422478
    },
    "member5": {
        "max(u)": 0.681658021861997,
        "max(v)": 0.6492791896511793,
        "max(length)": 0.5374259409237473,
        "num(pathline)": 0.5672161334891586,
        "min(distant)": 0.19574872481422478
    },
    "member6": {
        "max(u)": 0.681658021861997,
        "max(v)": 0.6492791896511793,
        "max(length)": 0.5374259409237473,
        "num(pathline)": 0.5672161334891586,
        "min(distant)": 0.19574872481422478
    },
    "member7": {
        "max(u)": 0.681658021861997,
        "max(v)": 0.6492791896511793,
        "max(length)": 0.5374259409237473,
        "num(pathline)": 0.5672161334891586,
        "min(distant)": 0.19574872481422478
    },
    "member8": {
        "max(u)": 0.681658021861997,
        "max(v)": 0.6492791896511793,
        "max(length)": 0.5374259409237473,
        "num(pathline)": 0.5672161334891586,
        "min(distant)": 0.19574872481422478
    },
    "member9": {
        "max(u)": 0.681658021861997,
        "max(v)": 0.6492791896511793,
        "max(length)": 0.5374259409237473,
        "num(pathline)": 0.5672161334891586,
        "min(distant)": 0.19574872481422478
    },
    "member10": {
        "max(u)": 0.681658021861997,
        "max(v)": 0.6492791896511793,
        "max(length)": 0.5374259409237473,
        "num(pathline)": 0.5672161334891586,
        "min(distant)": 0.19574872481422478
    },
    "member11": {
        "max(u)": 0.681658021861997,
        "max(v)": 0.6492791896511793,
        "max(length)": 0.5374259409237473,
        "num(pathline)": 0.5672161334891586,
        "min(distant)": 0.19574872481422478
    },
    "member12": {
        "max(u)": 0.681658021861997,
        "max(v)": 0.6492791896511793,
        "max(length)": 0.5374259409237473,
        "num(pathline)": 0.5672161334891586,
        "min(distant)": 0.19574872481422478
    },
    "member13": {
        "max(u)": 0.681658021861997,
        "max(v)": 0.6492791896511793,
        "max(length)": 0.5374259409237473,
        "num(pathline)": 0.5672161334891586,
        "min(distant)": 0.19574872481422478
    },
    "member14": {
        "max(u)": 0.681658021861997,
        "max(v)": 0.6492791896511793,
        "max(length)": 0.5374259409237473,
        "num(pathline)": 0.5672161334891586,
        "min(distant)": 0.19574872481422478
    },
    "member15": {
        "max(u)": 0.681658021861997,
        "max(v)": 0.6492791896511793,
        "max(length)": 0.5374259409237473,
        "num(pathline)": 0.5672161334891586,
        "min(distant)": 0.19574872481422478
    },
    "member16": {
        "max(u)": 0.681658021861997,
        "max(v)": 0.6492791896511793,
        "max(length)": 0.5374259409237473,
        "num(pathline)": 0.5672161334891586,
        "min(distant)": 0.19574872481422478
    },
    "member17": {
        "max(u)": 0.681658021861997,
        "max(v)": 0.6492791896511793,
        "max(length)": 0.5374259409237473,
        "num(pathline)": 0.5672161334891586,
        "min(distant)": 0.19574872481422478
    },
    "member18": {
        "max(u)": 0.681658021861997,
        "max(v)": 0.6492791896511793,
        "max(length)": 0.5374259409237473,
        "num(pathline)": 0.5672161334891586,
        "min(distant)": 0.19574872481422478
    },
    "member19": {
        "max(u)": 0.681658021861997,
        "max(v)": 0.6492791896511793,
        "max(length)": 0.5374259409237473,
        "num(pathline)": 0.5672161334891586,
        "min(distant)": 0.19574872481422478
    },
    "member20": {
        "max(u)": 0.681658021861997,
        "max(v)": 0.6492791896511793,
        "max(length)": 0.5374259409237473,
        "num(pathline)": 0.5672161334891586,
        "min(distant)": 0.19574872481422478
    }
}