{
    "member1": {
        "max(u)": 0.13221002038671148,
        "max(v)": 0.9821139943335698,
        "max(length)": 0.9247583969191152,
        "num(pathline)": 0.40776450656216123,
        "min(distant)": 0.36837269606397205
    },
    "member2": {
        "max(u)": 0.13221002038671148,
        "max(v)": 0.9821139943335698,
        "max(length)": 0.9247583969191152,
        "num(pathline)": 0.40776450656216123,
        "min(distant)": 0.36837269606397205
    },
    "member3": {
        "max(u)": 0.13221002038671148,
        "max(v)": 0.9821139943335698,
        "max(length)": 0.9247583969191152,
        "num(pathline)": 0.40776450656216123,
        "min(distant)": 0.36837269606397205
    },
    "member4": {
        "max(u)": 0.13221002038671148,
        "max(v)": 0.9821139943335698,
        "max(length)": 0.9247583969191152,
        "num(pathline)": 0.40776450656216123,
        "min(distant)": 0.36837269606397205
    },
    "member5": {
        "max(u)": 0.13221002038671148,
        "max(v)": 0.9821139943335698,
        "max(length)": 0.9247583969191152,
        "num(pathline)": 0.40776450656216123,
        "min(distant)": 0.36837269606397205
    },
    "member6": {
        "max(u)": 0.13221002038671148,
        "max(v)": 0.9821139943335698,
        "max(length)": 0.9247583969191152,
        "num(pathline)": 0.40776450656216123,
        "min(distant)": 0.36837269606397205
    },
    "member7": {
        "max(u)": 0.13221002038671148,
        "max(v)": 0.9821139943335698,
        "max(length)": 0.9247583969191152,
        "num(pathline)": 0.40776450656216123,
        "min(distant)": 0.36837269606397205
    },
    "member8": {
        "max(u)": 0.13221002038671148,
        "max(v)": 0.9821139943335698,
        "max(length)": 0.9247583969191152,
        "num(pathline)": 0.40776450656216123,
        "min(distant)": 0.36837269606397205
    },
    "member9": {
        "max(u)": 0.13221002038671148,
        "max(v)": 0.9821139943335698,
        "max(length)": 0.9247583969191152,
        "num(pathline)": 0.40776450656216123,
        "min(distant)": 0.36837269606397205
    },
    "member10": {
        "max(u)": 0.13221002038671148,
        "max(v)": 0.9821139943335698,
        "max(length)": 0.9247583969191152,
        "num(pathline)": 0.40776450656216123,
        "min(distant)": 0.36837269606397205
    },
    "member11": {
        "max(u)": 0.13221002038671148,
        "max(v)": 0.9821139943335698,
        "max(length)": 0.9247583969191152,
        "num(pathline)": 0.40776450656216123,
        "min(distant)": 0.36837269606397205
    },
    "member12": {
        "max(u)": 0.13221002038671148,
        "max(v)": 0.9821139943335698,
        "max(length)": 0.9247583969191152,
        "num(pathline)": 0.40776450656216123,
        "min(distant)": 0.36837269606397205
    },
    "member13": {
        "max(u)": 0.13221002038671148,
        "max(v)": 0.9821139943335698,
        "max(length)": 0.9247583969191152,
        "num(pathline)": 0.40776450656216123,
        "min(distant)": 0.36837269606397205
    },
    "member14": {
        "max(u)": 0.13221002038671148,
        "max(v)": 0.9821139943335698,
        "max(length)": 0.9247583969191152,
        "num(pathline)": 0.40776450656216123,
        "min(distant)": 0.36837269606397205
    },
    "member15": {
        "max(u)": 0.13221002038671148,
        "max(v)": 0.9821139943335698,
        "max(length)": 0.9247583969191152,
        "num(pathline)": 0.40776450656216123,
        "min(distant)": 0.36837269606397205
    },
    "member16": {
        "max(u)": 0.13221002038671148,
        "max(v)": 0.9821139943335698,
        "max(length)": 0.9247583969191152,
        "num(pathline)": 0.40776450656216123,
        "min(distant)": 0.36837269606397205
    },
    "member17": {
        "max(u)": 0.13221002038671148,
        "max(v)": 0.9821139943335698,
        "max(length)": 0.9247583969191152,
        "num(pathline)": 0.40776450656216123,
        "min(distant)": 0.36837269606397205
    },
    "member18": {
        "max(u)": 0.13221002038671148,
        "max(v)": 0.9821139943335698,
        "max(length)": 0.9247583969191152,
        "num(pathline)": 0.40776450656216123,
        "min(distant)": 0.36837269606397205
    },
    "member19": {
        "max(u)": 0.13221002038671148,
        "max(v)": 0.9821139943335698,
        "max(length)": 0.9247583969191152,
        "num(pathline)": 0.40776450656216123,
        "min(distant)": 0.36837269606397205
    },
    "member20": {
        "max(u)": 0.13221002038671148,
        "max(v)": 0.9821139943335698,
        "max(length)": 0.9247583969191152,
        "num(pathline)": 0.40776450656216123,
        "min(distant)": 0.36837269606397205
    }
}