{
    "member1": {
        "max(u)": 0.35836850575619383,
        "max(v)": 0.6231480391802439,
        "max(length)": 0.40385183670514924,
        "num(pathline)": 0.8717219806057634,
        "min(distant)": 0.2048640267084938
    },
    "member2": {
        "max(u)": 0.35836850575619383,
        "max(v)": 0.6231480391802439,
        "max(length)": 0.40385183670514924,
        "num(pathline)": 0.8717219806057634,
        "min(distant)": 0.2048640267084938
    },
    "member3": {
        "max(u)": 0.35836850575619383,
        "max(v)": 0.6231480391802439,
        "max(length)": 0.40385183670514924,
        "num(pathline)": 0.8717219806057634,
        "min(distant)": 0.2048640267084938
    },
    "member4": {
        "max(u)": 0.35836850575619383,
        "max(v)": 0.6231480391802439,
        "max(length)": 0.40385183670514924,
        "num(pathline)": 0.8717219806057634,
        "min(distant)": 0.2048640267084938
    },
    "member5": {
        "max(u)": 0.35836850575619383,
        "max(v)": 0.6231480391802439,
        "max(length)": 0.40385183670514924,
        "num(pathline)": 0.8717219806057634,
        "min(distant)": 0.2048640267084938
    },
    "member6": {
        "max(u)": 0.35836850575619383,
        "max(v)": 0.6231480391802439,
        "max(length)": 0.40385183670514924,
        "num(pathline)": 0.8717219806057634,
        "min(distant)": 0.2048640267084938
    },
    "member7": {
        "max(u)": 0.35836850575619383,
        "max(v)": 0.6231480391802439,
        "max(length)": 0.40385183670514924,
        "num(pathline)": 0.8717219806057634,
        "min(distant)": 0.2048640267084938
    },
    "member8": {
        "max(u)": 0.35836850575619383,
        "max(v)": 0.6231480391802439,
        "max(length)": 0.40385183670514924,
        "num(pathline)": 0.8717219806057634,
        "min(distant)": 0.2048640267084938
    },
    "member9": {
        "max(u)": 0.35836850575619383,
        "max(v)": 0.6231480391802439,
        "max(length)": 0.40385183670514924,
        "num(pathline)": 0.8717219806057634,
        "min(distant)": 0.2048640267084938
    },
    "member10": {
        "max(u)": 0.35836850575619383,
        "max(v)": 0.6231480391802439,
        "max(length)": 0.40385183670514924,
        "num(pathline)": 0.8717219806057634,
        "min(distant)": 0.2048640267084938
    },
    "member11": {
        "max(u)": 0.35836850575619383,
        "max(v)": 0.6231480391802439,
        "max(length)": 0.40385183670514924,
        "num(pathline)": 0.8717219806057634,
        "min(distant)": 0.2048640267084938
    },
    "member12": {
        "max(u)": 0.35836850575619383,
        "max(v)": 0.6231480391802439,
        "max(length)": 0.40385183670514924,
        "num(pathline)": 0.8717219806057634,
        "min(distant)": 0.2048640267084938
    },
    "member13": {
        "max(u)": 0.35836850575619383,
        "max(v)": 0.6231480391802439,
        "max(length)": 0.40385183670514924,
        "num(pathline)": 0.8717219806057634,
        "min(distant)": 0.2048640267084938
    },
    "member14": {
        "max(u)": 0.35836850575619383,
        "max(v)": 0.6231480391802439,
        "max(length)": 0.40385183670514924,
        "num(pathline)": 0.8717219806057634,
        "min(distant)": 0.2048640267084938
    },
    "member15": {
        "max(u)": 0.35836850575619383,
        "max(v)": 0.6231480391802439,
        "max(length)": 0.40385183670514924,
        "num(pathline)": 0.8717219806057634,
        "min(distant)": 0.2048640267084938
    },
    "member16": {
        "max(u)": 0.35836850575619383,
        "max(v)": 0.6231480391802439,
        "max(length)": 0.40385183670514924,
        "num(pathline)": 0.8717219806057634,
        "min(distant)": 0.2048640267084938
    },
    "member17": {
        "max(u)": 0.35836850575619383,
        "max(v)": 0.6231480391802439,
        "max(length)": 0.40385183670514924,
        "num(pathline)": 0.8717219806057634,
        "min(distant)": 0.2048640267084938
    },
    "member18": {
        "max(u)": 0.35836850575619383,
        "max(v)": 0.6231480391802439,
        "max(length)": 0.40385183670514924,
        "num(pathline)": 0.8717219806057634,
        "min(distant)": 0.2048640267084938
    },
    "member19": {
        "max(u)": 0.35836850575619383,
        "max(v)": 0.6231480391802439,
        "max(length)": 0.40385183670514924,
        "num(pathline)": 0.8717219806057634,
        "min(distant)": 0.2048640267084938
    },
    "member20": {
        "max(u)": 0.35836850575619383,
        "max(v)": 0.6231480391802439,
        "max(length)": 0.40385183670514924,
        "num(pathline)": 0.8717219806057634,
        "min(distant)": 0.2048640267084938
    }
}