{
    "member1": {
        "max(u)": 0.36378336271039124,
        "max(v)": 0.303780572311264,
        "max(length)": 0.06656707013988905,
        "num(pathline)": 0.7911393240711349,
        "min(distant)": 0.9546255104474163
    },
    "member2": {
        "max(u)": 0.36378336271039124,
        "max(v)": 0.303780572311264,
        "max(length)": 0.06656707013988905,
        "num(pathline)": 0.7911393240711349,
        "min(distant)": 0.9546255104474163
    },
    "member3": {
        "max(u)": 0.36378336271039124,
        "max(v)": 0.303780572311264,
        "max(length)": 0.06656707013988905,
        "num(pathline)": 0.7911393240711349,
        "min(distant)": 0.9546255104474163
    },
    "member4": {
        "max(u)": 0.36378336271039124,
        "max(v)": 0.303780572311264,
        "max(length)": 0.06656707013988905,
        "num(pathline)": 0.7911393240711349,
        "min(distant)": 0.9546255104474163
    },
    "member5": {
        "max(u)": 0.36378336271039124,
        "max(v)": 0.303780572311264,
        "max(length)": 0.06656707013988905,
        "num(pathline)": 0.7911393240711349,
        "min(distant)": 0.9546255104474163
    },
    "member6": {
        "max(u)": 0.36378336271039124,
        "max(v)": 0.303780572311264,
        "max(length)": 0.06656707013988905,
        "num(pathline)": 0.7911393240711349,
        "min(distant)": 0.9546255104474163
    },
    "member7": {
        "max(u)": 0.36378336271039124,
        "max(v)": 0.303780572311264,
        "max(length)": 0.06656707013988905,
        "num(pathline)": 0.7911393240711349,
        "min(distant)": 0.9546255104474163
    },
    "member8": {
        "max(u)": 0.36378336271039124,
        "max(v)": 0.303780572311264,
        "max(length)": 0.06656707013988905,
        "num(pathline)": 0.7911393240711349,
        "min(distant)": 0.9546255104474163
    },
    "member9": {
        "max(u)": 0.36378336271039124,
        "max(v)": 0.303780572311264,
        "max(length)": 0.06656707013988905,
        "num(pathline)": 0.7911393240711349,
        "min(distant)": 0.9546255104474163
    },
    "member10": {
        "max(u)": 0.36378336271039124,
        "max(v)": 0.303780572311264,
        "max(length)": 0.06656707013988905,
        "num(pathline)": 0.7911393240711349,
        "min(distant)": 0.9546255104474163
    },
    "member11": {
        "max(u)": 0.36378336271039124,
        "max(v)": 0.303780572311264,
        "max(length)": 0.06656707013988905,
        "num(pathline)": 0.7911393240711349,
        "min(distant)": 0.9546255104474163
    },
    "member12": {
        "max(u)": 0.36378336271039124,
        "max(v)": 0.303780572311264,
        "max(length)": 0.06656707013988905,
        "num(pathline)": 0.7911393240711349,
        "min(distant)": 0.9546255104474163
    },
    "member13": {
        "max(u)": 0.36378336271039124,
        "max(v)": 0.303780572311264,
        "max(length)": 0.06656707013988905,
        "num(pathline)": 0.7911393240711349,
        "min(distant)": 0.9546255104474163
    },
    "member14": {
        "max(u)": 0.36378336271039124,
        "max(v)": 0.303780572311264,
        "max(length)": 0.06656707013988905,
        "num(pathline)": 0.7911393240711349,
        "min(distant)": 0.9546255104474163
    },
    "member15": {
        "max(u)": 0.36378336271039124,
        "max(v)": 0.303780572311264,
        "max(length)": 0.06656707013988905,
        "num(pathline)": 0.7911393240711349,
        "min(distant)": 0.9546255104474163
    },
    "member16": {
        "max(u)": 0.36378336271039124,
        "max(v)": 0.303780572311264,
        "max(length)": 0.06656707013988905,
        "num(pathline)": 0.7911393240711349,
        "min(distant)": 0.9546255104474163
    },
    "member17": {
        "max(u)": 0.36378336271039124,
        "max(v)": 0.303780572311264,
        "max(length)": 0.06656707013988905,
        "num(pathline)": 0.7911393240711349,
        "min(distant)": 0.9546255104474163
    },
    "member18": {
        "max(u)": 0.36378336271039124,
        "max(v)": 0.303780572311264,
        "max(length)": 0.06656707013988905,
        "num(pathline)": 0.7911393240711349,
        "min(distant)": 0.9546255104474163
    },
    "member19": {
        "max(u)": 0.36378336271039124,
        "max(v)": 0.303780572311264,
        "max(length)": 0.06656707013988905,
        "num(pathline)": 0.7911393240711349,
        "min(distant)": 0.9546255104474163
    },
    "member20": {
        "max(u)": 0.36378336271039124,
        "max(v)": 0.303780572311264,
        "max(length)": 0.06656707013988905,
        "num(pathline)": 0.7911393240711349,
        "min(distant)": 0.9546255104474163
    }
}