{
    "member1": {
        "max(u)": 0.2053477230823184,
        "max(v)": 0.13133730154056278,
        "max(length)": 0.5175550834700018,
        "num(pathline)": 0.6894156471005471,
        "min(distant)": 0.9336417947322742
    },
    "member2": {
        "max(u)": 0.2053477230823184,
        "max(v)": 0.13133730154056278,
        "max(length)": 0.5175550834700018,
        "num(pathline)": 0.6894156471005471,
        "min(distant)": 0.9336417947322742
    },
    "member3": {
        "max(u)": 0.2053477230823184,
        "max(v)": 0.13133730154056278,
        "max(length)": 0.5175550834700018,
        "num(pathline)": 0.6894156471005471,
        "min(distant)": 0.9336417947322742
    },
    "member4": {
        "max(u)": 0.2053477230823184,
        "max(v)": 0.13133730154056278,
        "max(length)": 0.5175550834700018,
        "num(pathline)": 0.6894156471005471,
        "min(distant)": 0.9336417947322742
    },
    "member5": {
        "max(u)": 0.2053477230823184,
        "max(v)": 0.13133730154056278,
        "max(length)": 0.5175550834700018,
        "num(pathline)": 0.6894156471005471,
        "min(distant)": 0.9336417947322742
    },
    "member6": {
        "max(u)": 0.2053477230823184,
        "max(v)": 0.13133730154056278,
        "max(length)": 0.5175550834700018,
        "num(pathline)": 0.6894156471005471,
        "min(distant)": 0.9336417947322742
    },
    "member7": {
        "max(u)": 0.2053477230823184,
        "max(v)": 0.13133730154056278,
        "max(length)": 0.5175550834700018,
        "num(pathline)": 0.6894156471005471,
        "min(distant)": 0.9336417947322742
    },
    "member8": {
        "max(u)": 0.2053477230823184,
        "max(v)": 0.13133730154056278,
        "max(length)": 0.5175550834700018,
        "num(pathline)": 0.6894156471005471,
        "min(distant)": 0.9336417947322742
    },
    "member9": {
        "max(u)": 0.2053477230823184,
        "max(v)": 0.13133730154056278,
        "max(length)": 0.5175550834700018,
        "num(pathline)": 0.6894156471005471,
        "min(distant)": 0.9336417947322742
    },
    "member10": {
        "max(u)": 0.2053477230823184,
        "max(v)": 0.13133730154056278,
        "max(length)": 0.5175550834700018,
        "num(pathline)": 0.6894156471005471,
        "min(distant)": 0.9336417947322742
    },
    "member11": {
        "max(u)": 0.2053477230823184,
        "max(v)": 0.13133730154056278,
        "max(length)": 0.5175550834700018,
        "num(pathline)": 0.6894156471005471,
        "min(distant)": 0.9336417947322742
    },
    "member12": {
        "max(u)": 0.2053477230823184,
        "max(v)": 0.13133730154056278,
        "max(length)": 0.5175550834700018,
        "num(pathline)": 0.6894156471005471,
        "min(distant)": 0.9336417947322742
    },
    "member13": {
        "max(u)": 0.2053477230823184,
        "max(v)": 0.13133730154056278,
        "max(length)": 0.5175550834700018,
        "num(pathline)": 0.6894156471005471,
        "min(distant)": 0.9336417947322742
    },
    "member14": {
        "max(u)": 0.2053477230823184,
        "max(v)": 0.13133730154056278,
        "max(length)": 0.5175550834700018,
        "num(pathline)": 0.6894156471005471,
        "min(distant)": 0.9336417947322742
    },
    "member15": {
        "max(u)": 0.2053477230823184,
        "max(v)": 0.13133730154056278,
        "max(length)": 0.5175550834700018,
        "num(pathline)": 0.6894156471005471,
        "min(distant)": 0.9336417947322742
    },
    "member16": {
        "max(u)": 0.2053477230823184,
        "max(v)": 0.13133730154056278,
        "max(length)": 0.5175550834700018,
        "num(pathline)": 0.6894156471005471,
        "min(distant)": 0.9336417947322742
    },
    "member17": {
        "max(u)": 0.2053477230823184,
        "max(v)": 0.13133730154056278,
        "max(length)": 0.5175550834700018,
        "num(pathline)": 0.6894156471005471,
        "min(distant)": 0.9336417947322742
    },
    "member18": {
        "max(u)": 0.2053477230823184,
        "max(v)": 0.13133730154056278,
        "max(length)": 0.5175550834700018,
        "num(pathline)": 0.6894156471005471,
        "min(distant)": 0.9336417947322742
    },
    "member19": {
        "max(u)": 0.2053477230823184,
        "max(v)": 0.13133730154056278,
        "max(length)": 0.5175550834700018,
        "num(pathline)": 0.6894156471005471,
        "min(distant)": 0.9336417947322742
    },
    "member20": {
        "max(u)": 0.2053477230823184,
        "max(v)": 0.13133730154056278,
        "max(length)": 0.5175550834700018,
        "num(pathline)": 0.6894156471005471,
        "min(distant)": 0.9336417947322742
    }
}