{
    "member1": {
        "max(u)": 0.33397925484438773,
        "max(v)": 0.7357656568206342,
        "max(length)": 0.26865756997901746,
        "num(pathline)": 0.12139352380438417,
        "min(distant)": 0.9397426859553132
    },
    "member2": {
        "max(u)": 0.33397925484438773,
        "max(v)": 0.7357656568206342,
        "max(length)": 0.26865756997901746,
        "num(pathline)": 0.12139352380438417,
        "min(distant)": 0.9397426859553132
    },
    "member3": {
        "max(u)": 0.33397925484438773,
        "max(v)": 0.7357656568206342,
        "max(length)": 0.26865756997901746,
        "num(pathline)": 0.12139352380438417,
        "min(distant)": 0.9397426859553132
    },
    "member4": {
        "max(u)": 0.33397925484438773,
        "max(v)": 0.7357656568206342,
        "max(length)": 0.26865756997901746,
        "num(pathline)": 0.12139352380438417,
        "min(distant)": 0.9397426859553132
    },
    "member5": {
        "max(u)": 0.33397925484438773,
        "max(v)": 0.7357656568206342,
        "max(length)": 0.26865756997901746,
        "num(pathline)": 0.12139352380438417,
        "min(distant)": 0.9397426859553132
    },
    "member6": {
        "max(u)": 0.33397925484438773,
        "max(v)": 0.7357656568206342,
        "max(length)": 0.26865756997901746,
        "num(pathline)": 0.12139352380438417,
        "min(distant)": 0.9397426859553132
    },
    "member7": {
        "max(u)": 0.33397925484438773,
        "max(v)": 0.7357656568206342,
        "max(length)": 0.26865756997901746,
        "num(pathline)": 0.12139352380438417,
        "min(distant)": 0.9397426859553132
    },
    "member8": {
        "max(u)": 0.33397925484438773,
        "max(v)": 0.7357656568206342,
        "max(length)": 0.26865756997901746,
        "num(pathline)": 0.12139352380438417,
        "min(distant)": 0.9397426859553132
    },
    "member9": {
        "max(u)": 0.33397925484438773,
        "max(v)": 0.7357656568206342,
        "max(length)": 0.26865756997901746,
        "num(pathline)": 0.12139352380438417,
        "min(distant)": 0.9397426859553132
    },
    "member10": {
        "max(u)": 0.33397925484438773,
        "max(v)": 0.7357656568206342,
        "max(length)": 0.26865756997901746,
        "num(pathline)": 0.12139352380438417,
        "min(distant)": 0.9397426859553132
    },
    "member11": {
        "max(u)": 0.33397925484438773,
        "max(v)": 0.7357656568206342,
        "max(length)": 0.26865756997901746,
        "num(pathline)": 0.12139352380438417,
        "min(distant)": 0.9397426859553132
    },
    "member12": {
        "max(u)": 0.33397925484438773,
        "max(v)": 0.7357656568206342,
        "max(length)": 0.26865756997901746,
        "num(pathline)": 0.12139352380438417,
        "min(distant)": 0.9397426859553132
    },
    "member13": {
        "max(u)": 0.33397925484438773,
        "max(v)": 0.7357656568206342,
        "max(length)": 0.26865756997901746,
        "num(pathline)": 0.12139352380438417,
        "min(distant)": 0.9397426859553132
    },
    "member14": {
        "max(u)": 0.33397925484438773,
        "max(v)": 0.7357656568206342,
        "max(length)": 0.26865756997901746,
        "num(pathline)": 0.12139352380438417,
        "min(distant)": 0.9397426859553132
    },
    "member15": {
        "max(u)": 0.33397925484438773,
        "max(v)": 0.7357656568206342,
        "max(length)": 0.26865756997901746,
        "num(pathline)": 0.12139352380438417,
        "min(distant)": 0.9397426859553132
    },
    "member16": {
        "max(u)": 0.33397925484438773,
        "max(v)": 0.7357656568206342,
        "max(length)": 0.26865756997901746,
        "num(pathline)": 0.12139352380438417,
        "min(distant)": 0.9397426859553132
    },
    "member17": {
        "max(u)": 0.33397925484438773,
        "max(v)": 0.7357656568206342,
        "max(length)": 0.26865756997901746,
        "num(pathline)": 0.12139352380438417,
        "min(distant)": 0.9397426859553132
    },
    "member18": {
        "max(u)": 0.33397925484438773,
        "max(v)": 0.7357656568206342,
        "max(length)": 0.26865756997901746,
        "num(pathline)": 0.12139352380438417,
        "min(distant)": 0.9397426859553132
    },
    "member19": {
        "max(u)": 0.33397925484438773,
        "max(v)": 0.7357656568206342,
        "max(length)": 0.26865756997901746,
        "num(pathline)": 0.12139352380438417,
        "min(distant)": 0.9397426859553132
    },
    "member20": {
        "max(u)": 0.33397925484438773,
        "max(v)": 0.7357656568206342,
        "max(length)": 0.26865756997901746,
        "num(pathline)": 0.12139352380438417,
        "min(distant)": 0.9397426859553132
    }
}