{
    "member1": {
        "max(u)": 0.5132542279850106,
        "max(v)": 0.925677578048534,
        "max(length)": 0.8496725135984226,
        "num(pathline)": 0.11141334861503083,
        "min(distant)": 0.3477362351193859
    },
    "member2": {
        "max(u)": 0.5132542279850106,
        "max(v)": 0.925677578048534,
        "max(length)": 0.8496725135984226,
        "num(pathline)": 0.11141334861503083,
        "min(distant)": 0.3477362351193859
    },
    "member3": {
        "max(u)": 0.5132542279850106,
        "max(v)": 0.925677578048534,
        "max(length)": 0.8496725135984226,
        "num(pathline)": 0.11141334861503083,
        "min(distant)": 0.3477362351193859
    },
    "member4": {
        "max(u)": 0.5132542279850106,
        "max(v)": 0.925677578048534,
        "max(length)": 0.8496725135984226,
        "num(pathline)": 0.11141334861503083,
        "min(distant)": 0.3477362351193859
    },
    "member5": {
        "max(u)": 0.5132542279850106,
        "max(v)": 0.925677578048534,
        "max(length)": 0.8496725135984226,
        "num(pathline)": 0.11141334861503083,
        "min(distant)": 0.3477362351193859
    },
    "member6": {
        "max(u)": 0.5132542279850106,
        "max(v)": 0.925677578048534,
        "max(length)": 0.8496725135984226,
        "num(pathline)": 0.11141334861503083,
        "min(distant)": 0.3477362351193859
    },
    "member7": {
        "max(u)": 0.5132542279850106,
        "max(v)": 0.925677578048534,
        "max(length)": 0.8496725135984226,
        "num(pathline)": 0.11141334861503083,
        "min(distant)": 0.3477362351193859
    },
    "member8": {
        "max(u)": 0.5132542279850106,
        "max(v)": 0.925677578048534,
        "max(length)": 0.8496725135984226,
        "num(pathline)": 0.11141334861503083,
        "min(distant)": 0.3477362351193859
    },
    "member9": {
        "max(u)": 0.5132542279850106,
        "max(v)": 0.925677578048534,
        "max(length)": 0.8496725135984226,
        "num(pathline)": 0.11141334861503083,
        "min(distant)": 0.3477362351193859
    },
    "member10": {
        "max(u)": 0.5132542279850106,
        "max(v)": 0.925677578048534,
        "max(length)": 0.8496725135984226,
        "num(pathline)": 0.11141334861503083,
        "min(distant)": 0.3477362351193859
    },
    "member11": {
        "max(u)": 0.5132542279850106,
        "max(v)": 0.925677578048534,
        "max(length)": 0.8496725135984226,
        "num(pathline)": 0.11141334861503083,
        "min(distant)": 0.3477362351193859
    },
    "member12": {
        "max(u)": 0.5132542279850106,
        "max(v)": 0.925677578048534,
        "max(length)": 0.8496725135984226,
        "num(pathline)": 0.11141334861503083,
        "min(distant)": 0.3477362351193859
    },
    "member13": {
        "max(u)": 0.5132542279850106,
        "max(v)": 0.925677578048534,
        "max(length)": 0.8496725135984226,
        "num(pathline)": 0.11141334861503083,
        "min(distant)": 0.3477362351193859
    },
    "member14": {
        "max(u)": 0.5132542279850106,
        "max(v)": 0.925677578048534,
        "max(length)": 0.8496725135984226,
        "num(pathline)": 0.11141334861503083,
        "min(distant)": 0.3477362351193859
    },
    "member15": {
        "max(u)": 0.5132542279850106,
        "max(v)": 0.925677578048534,
        "max(length)": 0.8496725135984226,
        "num(pathline)": 0.11141334861503083,
        "min(distant)": 0.3477362351193859
    },
    "member16": {
        "max(u)": 0.5132542279850106,
        "max(v)": 0.925677578048534,
        "max(length)": 0.8496725135984226,
        "num(pathline)": 0.11141334861503083,
        "min(distant)": 0.3477362351193859
    },
    "member17": {
        "max(u)": 0.5132542279850106,
        "max(v)": 0.925677578048534,
        "max(length)": 0.8496725135984226,
        "num(pathline)": 0.11141334861503083,
        "min(distant)": 0.3477362351193859
    },
    "member18": {
        "max(u)": 0.5132542279850106,
        "max(v)": 0.925677578048534,
        "max(length)": 0.8496725135984226,
        "num(pathline)": 0.11141334861503083,
        "min(distant)": 0.3477362351193859
    },
    "member19": {
        "max(u)": 0.5132542279850106,
        "max(v)": 0.925677578048534,
        "max(length)": 0.8496725135984226,
        "num(pathline)": 0.11141334861503083,
        "min(distant)": 0.3477362351193859
    },
    "member20": {
        "max(u)": 0.5132542279850106,
        "max(v)": 0.925677578048534,
        "max(length)": 0.8496725135984226,
        "num(pathline)": 0.11141334861503083,
        "min(distant)": 0.3477362351193859
    }
}