{
    "member1": {
        "max(u)": 0.7927013699799196,
        "max(v)": 0.9981533165789118,
        "max(length)": 0.8781918731511986,
        "num(pathline)": 0.805944907945326,
        "min(distant)": 0.4592436737852097
    },
    "member2": {
        "max(u)": 0.7927013699799196,
        "max(v)": 0.9981533165789118,
        "max(length)": 0.8781918731511986,
        "num(pathline)": 0.805944907945326,
        "min(distant)": 0.4592436737852097
    },
    "member3": {
        "max(u)": 0.7927013699799196,
        "max(v)": 0.9981533165789118,
        "max(length)": 0.8781918731511986,
        "num(pathline)": 0.805944907945326,
        "min(distant)": 0.4592436737852097
    },
    "member4": {
        "max(u)": 0.7927013699799196,
        "max(v)": 0.9981533165789118,
        "max(length)": 0.8781918731511986,
        "num(pathline)": 0.805944907945326,
        "min(distant)": 0.4592436737852097
    },
    "member5": {
        "max(u)": 0.7927013699799196,
        "max(v)": 0.9981533165789118,
        "max(length)": 0.8781918731511986,
        "num(pathline)": 0.805944907945326,
        "min(distant)": 0.4592436737852097
    },
    "member6": {
        "max(u)": 0.7927013699799196,
        "max(v)": 0.9981533165789118,
        "max(length)": 0.8781918731511986,
        "num(pathline)": 0.805944907945326,
        "min(distant)": 0.4592436737852097
    },
    "member7": {
        "max(u)": 0.7927013699799196,
        "max(v)": 0.9981533165789118,
        "max(length)": 0.8781918731511986,
        "num(pathline)": 0.805944907945326,
        "min(distant)": 0.4592436737852097
    },
    "member8": {
        "max(u)": 0.7927013699799196,
        "max(v)": 0.9981533165789118,
        "max(length)": 0.8781918731511986,
        "num(pathline)": 0.805944907945326,
        "min(distant)": 0.4592436737852097
    },
    "member9": {
        "max(u)": 0.7927013699799196,
        "max(v)": 0.9981533165789118,
        "max(length)": 0.8781918731511986,
        "num(pathline)": 0.805944907945326,
        "min(distant)": 0.4592436737852097
    },
    "member10": {
        "max(u)": 0.7927013699799196,
        "max(v)": 0.9981533165789118,
        "max(length)": 0.8781918731511986,
        "num(pathline)": 0.805944907945326,
        "min(distant)": 0.4592436737852097
    },
    "member11": {
        "max(u)": 0.7927013699799196,
        "max(v)": 0.9981533165789118,
        "max(length)": 0.8781918731511986,
        "num(pathline)": 0.805944907945326,
        "min(distant)": 0.4592436737852097
    },
    "member12": {
        "max(u)": 0.7927013699799196,
        "max(v)": 0.9981533165789118,
        "max(length)": 0.8781918731511986,
        "num(pathline)": 0.805944907945326,
        "min(distant)": 0.4592436737852097
    },
    "member13": {
        "max(u)": 0.7927013699799196,
        "max(v)": 0.9981533165789118,
        "max(length)": 0.8781918731511986,
        "num(pathline)": 0.805944907945326,
        "min(distant)": 0.4592436737852097
    },
    "member14": {
        "max(u)": 0.7927013699799196,
        "max(v)": 0.9981533165789118,
        "max(length)": 0.8781918731511986,
        "num(pathline)": 0.805944907945326,
        "min(distant)": 0.4592436737852097
    },
    "member15": {
        "max(u)": 0.7927013699799196,
        "max(v)": 0.9981533165789118,
        "max(length)": 0.8781918731511986,
        "num(pathline)": 0.805944907945326,
        "min(distant)": 0.4592436737852097
    },
    "member16": {
        "max(u)": 0.7927013699799196,
        "max(v)": 0.9981533165789118,
        "max(length)": 0.8781918731511986,
        "num(pathline)": 0.805944907945326,
        "min(distant)": 0.4592436737852097
    },
    "member17": {
        "max(u)": 0.7927013699799196,
        "max(v)": 0.9981533165789118,
        "max(length)": 0.8781918731511986,
        "num(pathline)": 0.805944907945326,
        "min(distant)": 0.4592436737852097
    },
    "member18": {
        "max(u)": 0.7927013699799196,
        "max(v)": 0.9981533165789118,
        "max(length)": 0.8781918731511986,
        "num(pathline)": 0.805944907945326,
        "min(distant)": 0.4592436737852097
    },
    "member19": {
        "max(u)": 0.7927013699799196,
        "max(v)": 0.9981533165789118,
        "max(length)": 0.8781918731511986,
        "num(pathline)": 0.805944907945326,
        "min(distant)": 0.4592436737852097
    },
    "member20": {
        "max(u)": 0.7927013699799196,
        "max(v)": 0.9981533165789118,
        "max(length)": 0.8781918731511986,
        "num(pathline)": 0.805944907945326,
        "min(distant)": 0.4592436737852097
    }
}