{
    "member1": {
        "max(u)": 0.6161613646906151,
        "max(v)": 0.09273089491700337,
        "max(length)": 0.7934931436108317,
        "num(pathline)": 0.5882972696476108,
        "min(distant)": 0.9589761029177118
    },
    "member2": {
        "max(u)": 0.6161613646906151,
        "max(v)": 0.09273089491700337,
        "max(length)": 0.7934931436108317,
        "num(pathline)": 0.5882972696476108,
        "min(distant)": 0.9589761029177118
    },
    "member3": {
        "max(u)": 0.6161613646906151,
        "max(v)": 0.09273089491700337,
        "max(length)": 0.7934931436108317,
        "num(pathline)": 0.5882972696476108,
        "min(distant)": 0.9589761029177118
    },
    "member4": {
        "max(u)": 0.6161613646906151,
        "max(v)": 0.09273089491700337,
        "max(length)": 0.7934931436108317,
        "num(pathline)": 0.5882972696476108,
        "min(distant)": 0.9589761029177118
    },
    "member5": {
        "max(u)": 0.6161613646906151,
        "max(v)": 0.09273089491700337,
        "max(length)": 0.7934931436108317,
        "num(pathline)": 0.5882972696476108,
        "min(distant)": 0.9589761029177118
    },
    "member6": {
        "max(u)": 0.6161613646906151,
        "max(v)": 0.09273089491700337,
        "max(length)": 0.7934931436108317,
        "num(pathline)": 0.5882972696476108,
        "min(distant)": 0.9589761029177118
    },
    "member7": {
        "max(u)": 0.6161613646906151,
        "max(v)": 0.09273089491700337,
        "max(length)": 0.7934931436108317,
        "num(pathline)": 0.5882972696476108,
        "min(distant)": 0.9589761029177118
    },
    "member8": {
        "max(u)": 0.6161613646906151,
        "max(v)": 0.09273089491700337,
        "max(length)": 0.7934931436108317,
        "num(pathline)": 0.5882972696476108,
        "min(distant)": 0.9589761029177118
    },
    "member9": {
        "max(u)": 0.6161613646906151,
        "max(v)": 0.09273089491700337,
        "max(length)": 0.7934931436108317,
        "num(pathline)": 0.5882972696476108,
        "min(distant)": 0.9589761029177118
    },
    "member10": {
        "max(u)": 0.6161613646906151,
        "max(v)": 0.09273089491700337,
        "max(length)": 0.7934931436108317,
        "num(pathline)": 0.5882972696476108,
        "min(distant)": 0.9589761029177118
    },
    "member11": {
        "max(u)": 0.6161613646906151,
        "max(v)": 0.09273089491700337,
        "max(length)": 0.7934931436108317,
        "num(pathline)": 0.5882972696476108,
        "min(distant)": 0.9589761029177118
    },
    "member12": {
        "max(u)": 0.6161613646906151,
        "max(v)": 0.09273089491700337,
        "max(length)": 0.7934931436108317,
        "num(pathline)": 0.5882972696476108,
        "min(distant)": 0.9589761029177118
    },
    "member13": {
        "max(u)": 0.6161613646906151,
        "max(v)": 0.09273089491700337,
        "max(length)": 0.7934931436108317,
        "num(pathline)": 0.5882972696476108,
        "min(distant)": 0.9589761029177118
    },
    "member14": {
        "max(u)": 0.6161613646906151,
        "max(v)": 0.09273089491700337,
        "max(length)": 0.7934931436108317,
        "num(pathline)": 0.5882972696476108,
        "min(distant)": 0.9589761029177118
    },
    "member15": {
        "max(u)": 0.6161613646906151,
        "max(v)": 0.09273089491700337,
        "max(length)": 0.7934931436108317,
        "num(pathline)": 0.5882972696476108,
        "min(distant)": 0.9589761029177118
    },
    "member16": {
        "max(u)": 0.6161613646906151,
        "max(v)": 0.09273089491700337,
        "max(length)": 0.7934931436108317,
        "num(pathline)": 0.5882972696476108,
        "min(distant)": 0.9589761029177118
    },
    "member17": {
        "max(u)": 0.6161613646906151,
        "max(v)": 0.09273089491700337,
        "max(length)": 0.7934931436108317,
        "num(pathline)": 0.5882972696476108,
        "min(distant)": 0.9589761029177118
    },
    "member18": {
        "max(u)": 0.6161613646906151,
        "max(v)": 0.09273089491700337,
        "max(length)": 0.7934931436108317,
        "num(pathline)": 0.5882972696476108,
        "min(distant)": 0.9589761029177118
    },
    "member19": {
        "max(u)": 0.6161613646906151,
        "max(v)": 0.09273089491700337,
        "max(length)": 0.7934931436108317,
        "num(pathline)": 0.5882972696476108,
        "min(distant)": 0.9589761029177118
    },
    "member20": {
        "max(u)": 0.6161613646906151,
        "max(v)": 0.09273089491700337,
        "max(length)": 0.7934931436108317,
        "num(pathline)": 0.5882972696476108,
        "min(distant)": 0.9589761029177118
    }
}