{
    "member1": {
        "max(u)": 0.6832104503836708,
        "max(v)": 0.6711845501253809,
        "max(length)": 0.9737999161332511,
        "num(pathline)": 0.6717247678250918,
        "min(distant)": 0.25505811790869903
    },
    "member2": {
        "max(u)": 0.6832104503836708,
        "max(v)": 0.6711845501253809,
        "max(length)": 0.9737999161332511,
        "num(pathline)": 0.6717247678250918,
        "min(distant)": 0.25505811790869903
    },
    "member3": {
        "max(u)": 0.6832104503836708,
        "max(v)": 0.6711845501253809,
        "max(length)": 0.9737999161332511,
        "num(pathline)": 0.6717247678250918,
        "min(distant)": 0.25505811790869903
    },
    "member4": {
        "max(u)": 0.6832104503836708,
        "max(v)": 0.6711845501253809,
        "max(length)": 0.9737999161332511,
        "num(pathline)": 0.6717247678250918,
        "min(distant)": 0.25505811790869903
    },
    "member5": {
        "max(u)": 0.6832104503836708,
        "max(v)": 0.6711845501253809,
        "max(length)": 0.9737999161332511,
        "num(pathline)": 0.6717247678250918,
        "min(distant)": 0.25505811790869903
    },
    "member6": {
        "max(u)": 0.6832104503836708,
        "max(v)": 0.6711845501253809,
        "max(length)": 0.9737999161332511,
        "num(pathline)": 0.6717247678250918,
        "min(distant)": 0.25505811790869903
    },
    "member7": {
        "max(u)": 0.6832104503836708,
        "max(v)": 0.6711845501253809,
        "max(length)": 0.9737999161332511,
        "num(pathline)": 0.6717247678250918,
        "min(distant)": 0.25505811790869903
    },
    "member8": {
        "max(u)": 0.6832104503836708,
        "max(v)": 0.6711845501253809,
        "max(length)": 0.9737999161332511,
        "num(pathline)": 0.6717247678250918,
        "min(distant)": 0.25505811790869903
    },
    "member9": {
        "max(u)": 0.6832104503836708,
        "max(v)": 0.6711845501253809,
        "max(length)": 0.9737999161332511,
        "num(pathline)": 0.6717247678250918,
        "min(distant)": 0.25505811790869903
    },
    "member10": {
        "max(u)": 0.6832104503836708,
        "max(v)": 0.6711845501253809,
        "max(length)": 0.9737999161332511,
        "num(pathline)": 0.6717247678250918,
        "min(distant)": 0.25505811790869903
    },
    "member11": {
        "max(u)": 0.6832104503836708,
        "max(v)": 0.6711845501253809,
        "max(length)": 0.9737999161332511,
        "num(pathline)": 0.6717247678250918,
        "min(distant)": 0.25505811790869903
    },
    "member12": {
        "max(u)": 0.6832104503836708,
        "max(v)": 0.6711845501253809,
        "max(length)": 0.9737999161332511,
        "num(pathline)": 0.6717247678250918,
        "min(distant)": 0.25505811790869903
    },
    "member13": {
        "max(u)": 0.6832104503836708,
        "max(v)": 0.6711845501253809,
        "max(length)": 0.9737999161332511,
        "num(pathline)": 0.6717247678250918,
        "min(distant)": 0.25505811790869903
    },
    "member14": {
        "max(u)": 0.6832104503836708,
        "max(v)": 0.6711845501253809,
        "max(length)": 0.9737999161332511,
        "num(pathline)": 0.6717247678250918,
        "min(distant)": 0.25505811790869903
    },
    "member15": {
        "max(u)": 0.6832104503836708,
        "max(v)": 0.6711845501253809,
        "max(length)": 0.9737999161332511,
        "num(pathline)": 0.6717247678250918,
        "min(distant)": 0.25505811790869903
    },
    "member16": {
        "max(u)": 0.6832104503836708,
        "max(v)": 0.6711845501253809,
        "max(length)": 0.9737999161332511,
        "num(pathline)": 0.6717247678250918,
        "min(distant)": 0.25505811790869903
    },
    "member17": {
        "max(u)": 0.6832104503836708,
        "max(v)": 0.6711845501253809,
        "max(length)": 0.9737999161332511,
        "num(pathline)": 0.6717247678250918,
        "min(distant)": 0.25505811790869903
    },
    "member18": {
        "max(u)": 0.6832104503836708,
        "max(v)": 0.6711845501253809,
        "max(length)": 0.9737999161332511,
        "num(pathline)": 0.6717247678250918,
        "min(distant)": 0.25505811790869903
    },
    "member19": {
        "max(u)": 0.6832104503836708,
        "max(v)": 0.6711845501253809,
        "max(length)": 0.9737999161332511,
        "num(pathline)": 0.6717247678250918,
        "min(distant)": 0.25505811790869903
    },
    "member20": {
        "max(u)": 0.6832104503836708,
        "max(v)": 0.6711845501253809,
        "max(length)": 0.9737999161332511,
        "num(pathline)": 0.6717247678250918,
        "min(distant)": 0.25505811790869903
    }
}