{
    "member1": {
        "max(u)": 0.8603333472608133,
        "max(v)": 0.48532041962687744,
        "max(length)": 0.06164007177127451,
        "num(pathline)": 0.9646206970748831,
        "min(distant)": 0.07567792004433493
    },
    "member2": {
        "max(u)": 0.8603333472608133,
        "max(v)": 0.48532041962687744,
        "max(length)": 0.06164007177127451,
        "num(pathline)": 0.9646206970748831,
        "min(distant)": 0.07567792004433493
    },
    "member3": {
        "max(u)": 0.8603333472608133,
        "max(v)": 0.48532041962687744,
        "max(length)": 0.06164007177127451,
        "num(pathline)": 0.9646206970748831,
        "min(distant)": 0.07567792004433493
    },
    "member4": {
        "max(u)": 0.8603333472608133,
        "max(v)": 0.48532041962687744,
        "max(length)": 0.06164007177127451,
        "num(pathline)": 0.9646206970748831,
        "min(distant)": 0.07567792004433493
    },
    "member5": {
        "max(u)": 0.8603333472608133,
        "max(v)": 0.48532041962687744,
        "max(length)": 0.06164007177127451,
        "num(pathline)": 0.9646206970748831,
        "min(distant)": 0.07567792004433493
    },
    "member6": {
        "max(u)": 0.8603333472608133,
        "max(v)": 0.48532041962687744,
        "max(length)": 0.06164007177127451,
        "num(pathline)": 0.9646206970748831,
        "min(distant)": 0.07567792004433493
    },
    "member7": {
        "max(u)": 0.8603333472608133,
        "max(v)": 0.48532041962687744,
        "max(length)": 0.06164007177127451,
        "num(pathline)": 0.9646206970748831,
        "min(distant)": 0.07567792004433493
    },
    "member8": {
        "max(u)": 0.8603333472608133,
        "max(v)": 0.48532041962687744,
        "max(length)": 0.06164007177127451,
        "num(pathline)": 0.9646206970748831,
        "min(distant)": 0.07567792004433493
    },
    "member9": {
        "max(u)": 0.8603333472608133,
        "max(v)": 0.48532041962687744,
        "max(length)": 0.06164007177127451,
        "num(pathline)": 0.9646206970748831,
        "min(distant)": 0.07567792004433493
    },
    "member10": {
        "max(u)": 0.8603333472608133,
        "max(v)": 0.48532041962687744,
        "max(length)": 0.06164007177127451,
        "num(pathline)": 0.9646206970748831,
        "min(distant)": 0.07567792004433493
    },
    "member11": {
        "max(u)": 0.8603333472608133,
        "max(v)": 0.48532041962687744,
        "max(length)": 0.06164007177127451,
        "num(pathline)": 0.9646206970748831,
        "min(distant)": 0.07567792004433493
    },
    "member12": {
        "max(u)": 0.8603333472608133,
        "max(v)": 0.48532041962687744,
        "max(length)": 0.06164007177127451,
        "num(pathline)": 0.9646206970748831,
        "min(distant)": 0.07567792004433493
    },
    "member13": {
        "max(u)": 0.8603333472608133,
        "max(v)": 0.48532041962687744,
        "max(length)": 0.06164007177127451,
        "num(pathline)": 0.9646206970748831,
        "min(distant)": 0.07567792004433493
    },
    "member14": {
        "max(u)": 0.8603333472608133,
        "max(v)": 0.48532041962687744,
        "max(length)": 0.06164007177127451,
        "num(pathline)": 0.9646206970748831,
        "min(distant)": 0.07567792004433493
    },
    "member15": {
        "max(u)": 0.8603333472608133,
        "max(v)": 0.48532041962687744,
        "max(length)": 0.06164007177127451,
        "num(pathline)": 0.9646206970748831,
        "min(distant)": 0.07567792004433493
    },
    "member16": {
        "max(u)": 0.8603333472608133,
        "max(v)": 0.48532041962687744,
        "max(length)": 0.06164007177127451,
        "num(pathline)": 0.9646206970748831,
        "min(distant)": 0.07567792004433493
    },
    "member17": {
        "max(u)": 0.8603333472608133,
        "max(v)": 0.48532041962687744,
        "max(length)": 0.06164007177127451,
        "num(pathline)": 0.9646206970748831,
        "min(distant)": 0.07567792004433493
    },
    "member18": {
        "max(u)": 0.8603333472608133,
        "max(v)": 0.48532041962687744,
        "max(length)": 0.06164007177127451,
        "num(pathline)": 0.9646206970748831,
        "min(distant)": 0.07567792004433493
    },
    "member19": {
        "max(u)": 0.8603333472608133,
        "max(v)": 0.48532041962687744,
        "max(length)": 0.06164007177127451,
        "num(pathline)": 0.9646206970748831,
        "min(distant)": 0.07567792004433493
    },
    "member20": {
        "max(u)": 0.8603333472608133,
        "max(v)": 0.48532041962687744,
        "max(length)": 0.06164007177127451,
        "num(pathline)": 0.9646206970748831,
        "min(distant)": 0.07567792004433493
    }
}