{
    "member1": {
        "max(u)": 0.21022671544448246,
        "max(v)": 0.29060155842992064,
        "max(length)": 0.262766284826633,
        "num(pathline)": 0.35312209138815276,
        "min(distant)": 0.9833953320283381
    },
    "member2": {
        "max(u)": 0.21022671544448246,
        "max(v)": 0.29060155842992064,
        "max(length)": 0.262766284826633,
        "num(pathline)": 0.35312209138815276,
        "min(distant)": 0.9833953320283381
    },
    "member3": {
        "max(u)": 0.21022671544448246,
        "max(v)": 0.29060155842992064,
        "max(length)": 0.262766284826633,
        "num(pathline)": 0.35312209138815276,
        "min(distant)": 0.9833953320283381
    },
    "member4": {
        "max(u)": 0.21022671544448246,
        "max(v)": 0.29060155842992064,
        "max(length)": 0.262766284826633,
        "num(pathline)": 0.35312209138815276,
        "min(distant)": 0.9833953320283381
    },
    "member5": {
        "max(u)": 0.21022671544448246,
        "max(v)": 0.29060155842992064,
        "max(length)": 0.262766284826633,
        "num(pathline)": 0.35312209138815276,
        "min(distant)": 0.9833953320283381
    },
    "member6": {
        "max(u)": 0.21022671544448246,
        "max(v)": 0.29060155842992064,
        "max(length)": 0.262766284826633,
        "num(pathline)": 0.35312209138815276,
        "min(distant)": 0.9833953320283381
    },
    "member7": {
        "max(u)": 0.21022671544448246,
        "max(v)": 0.29060155842992064,
        "max(length)": 0.262766284826633,
        "num(pathline)": 0.35312209138815276,
        "min(distant)": 0.9833953320283381
    },
    "member8": {
        "max(u)": 0.21022671544448246,
        "max(v)": 0.29060155842992064,
        "max(length)": 0.262766284826633,
        "num(pathline)": 0.35312209138815276,
        "min(distant)": 0.9833953320283381
    },
    "member9": {
        "max(u)": 0.21022671544448246,
        "max(v)": 0.29060155842992064,
        "max(length)": 0.262766284826633,
        "num(pathline)": 0.35312209138815276,
        "min(distant)": 0.9833953320283381
    },
    "member10": {
        "max(u)": 0.21022671544448246,
        "max(v)": 0.29060155842992064,
        "max(length)": 0.262766284826633,
        "num(pathline)": 0.35312209138815276,
        "min(distant)": 0.9833953320283381
    },
    "member11": {
        "max(u)": 0.21022671544448246,
        "max(v)": 0.29060155842992064,
        "max(length)": 0.262766284826633,
        "num(pathline)": 0.35312209138815276,
        "min(distant)": 0.9833953320283381
    },
    "member12": {
        "max(u)": 0.21022671544448246,
        "max(v)": 0.29060155842992064,
        "max(length)": 0.262766284826633,
        "num(pathline)": 0.35312209138815276,
        "min(distant)": 0.9833953320283381
    },
    "member13": {
        "max(u)": 0.21022671544448246,
        "max(v)": 0.29060155842992064,
        "max(length)": 0.262766284826633,
        "num(pathline)": 0.35312209138815276,
        "min(distant)": 0.9833953320283381
    },
    "member14": {
        "max(u)": 0.21022671544448246,
        "max(v)": 0.29060155842992064,
        "max(length)": 0.262766284826633,
        "num(pathline)": 0.35312209138815276,
        "min(distant)": 0.9833953320283381
    },
    "member15": {
        "max(u)": 0.21022671544448246,
        "max(v)": 0.29060155842992064,
        "max(length)": 0.262766284826633,
        "num(pathline)": 0.35312209138815276,
        "min(distant)": 0.9833953320283381
    },
    "member16": {
        "max(u)": 0.21022671544448246,
        "max(v)": 0.29060155842992064,
        "max(length)": 0.262766284826633,
        "num(pathline)": 0.35312209138815276,
        "min(distant)": 0.9833953320283381
    },
    "member17": {
        "max(u)": 0.21022671544448246,
        "max(v)": 0.29060155842992064,
        "max(length)": 0.262766284826633,
        "num(pathline)": 0.35312209138815276,
        "min(distant)": 0.9833953320283381
    },
    "member18": {
        "max(u)": 0.21022671544448246,
        "max(v)": 0.29060155842992064,
        "max(length)": 0.262766284826633,
        "num(pathline)": 0.35312209138815276,
        "min(distant)": 0.9833953320283381
    },
    "member19": {
        "max(u)": 0.21022671544448246,
        "max(v)": 0.29060155842992064,
        "max(length)": 0.262766284826633,
        "num(pathline)": 0.35312209138815276,
        "min(distant)": 0.9833953320283381
    },
    "member20": {
        "max(u)": 0.21022671544448246,
        "max(v)": 0.29060155842992064,
        "max(length)": 0.262766284826633,
        "num(pathline)": 0.35312209138815276,
        "min(distant)": 0.9833953320283381
    }
}