{
    "member1": {
        "max(u)": 0.6057704236736497,
        "max(v)": 0.512593909313214,
        "max(length)": 0.17646163626643419,
        "num(pathline)": 0.5736102496580425,
        "min(distant)": 0.14040557301660006
    },
    "member2": {
        "max(u)": 0.6057704236736497,
        "max(v)": 0.512593909313214,
        "max(length)": 0.17646163626643419,
        "num(pathline)": 0.5736102496580425,
        "min(distant)": 0.14040557301660006
    },
    "member3": {
        "max(u)": 0.6057704236736497,
        "max(v)": 0.512593909313214,
        "max(length)": 0.17646163626643419,
        "num(pathline)": 0.5736102496580425,
        "min(distant)": 0.14040557301660006
    },
    "member4": {
        "max(u)": 0.6057704236736497,
        "max(v)": 0.512593909313214,
        "max(length)": 0.17646163626643419,
        "num(pathline)": 0.5736102496580425,
        "min(distant)": 0.14040557301660006
    },
    "member5": {
        "max(u)": 0.6057704236736497,
        "max(v)": 0.512593909313214,
        "max(length)": 0.17646163626643419,
        "num(pathline)": 0.5736102496580425,
        "min(distant)": 0.14040557301660006
    },
    "member6": {
        "max(u)": 0.6057704236736497,
        "max(v)": 0.512593909313214,
        "max(length)": 0.17646163626643419,
        "num(pathline)": 0.5736102496580425,
        "min(distant)": 0.14040557301660006
    },
    "member7": {
        "max(u)": 0.6057704236736497,
        "max(v)": 0.512593909313214,
        "max(length)": 0.17646163626643419,
        "num(pathline)": 0.5736102496580425,
        "min(distant)": 0.14040557301660006
    },
    "member8": {
        "max(u)": 0.6057704236736497,
        "max(v)": 0.512593909313214,
        "max(length)": 0.17646163626643419,
        "num(pathline)": 0.5736102496580425,
        "min(distant)": 0.14040557301660006
    },
    "member9": {
        "max(u)": 0.6057704236736497,
        "max(v)": 0.512593909313214,
        "max(length)": 0.17646163626643419,
        "num(pathline)": 0.5736102496580425,
        "min(distant)": 0.14040557301660006
    },
    "member10": {
        "max(u)": 0.6057704236736497,
        "max(v)": 0.512593909313214,
        "max(length)": 0.17646163626643419,
        "num(pathline)": 0.5736102496580425,
        "min(distant)": 0.14040557301660006
    },
    "member11": {
        "max(u)": 0.6057704236736497,
        "max(v)": 0.512593909313214,
        "max(length)": 0.17646163626643419,
        "num(pathline)": 0.5736102496580425,
        "min(distant)": 0.14040557301660006
    },
    "member12": {
        "max(u)": 0.6057704236736497,
        "max(v)": 0.512593909313214,
        "max(length)": 0.17646163626643419,
        "num(pathline)": 0.5736102496580425,
        "min(distant)": 0.14040557301660006
    },
    "member13": {
        "max(u)": 0.6057704236736497,
        "max(v)": 0.512593909313214,
        "max(length)": 0.17646163626643419,
        "num(pathline)": 0.5736102496580425,
        "min(distant)": 0.14040557301660006
    },
    "member14": {
        "max(u)": 0.6057704236736497,
        "max(v)": 0.512593909313214,
        "max(length)": 0.17646163626643419,
        "num(pathline)": 0.5736102496580425,
        "min(distant)": 0.14040557301660006
    },
    "member15": {
        "max(u)": 0.6057704236736497,
        "max(v)": 0.512593909313214,
        "max(length)": 0.17646163626643419,
        "num(pathline)": 0.5736102496580425,
        "min(distant)": 0.14040557301660006
    },
    "member16": {
        "max(u)": 0.6057704236736497,
        "max(v)": 0.512593909313214,
        "max(length)": 0.17646163626643419,
        "num(pathline)": 0.5736102496580425,
        "min(distant)": 0.14040557301660006
    },
    "member17": {
        "max(u)": 0.6057704236736497,
        "max(v)": 0.512593909313214,
        "max(length)": 0.17646163626643419,
        "num(pathline)": 0.5736102496580425,
        "min(distant)": 0.14040557301660006
    },
    "member18": {
        "max(u)": 0.6057704236736497,
        "max(v)": 0.512593909313214,
        "max(length)": 0.17646163626643419,
        "num(pathline)": 0.5736102496580425,
        "min(distant)": 0.14040557301660006
    },
    "member19": {
        "max(u)": 0.6057704236736497,
        "max(v)": 0.512593909313214,
        "max(length)": 0.17646163626643419,
        "num(pathline)": 0.5736102496580425,
        "min(distant)": 0.14040557301660006
    },
    "member20": {
        "max(u)": 0.6057704236736497,
        "max(v)": 0.512593909313214,
        "max(length)": 0.17646163626643419,
        "num(pathline)": 0.5736102496580425,
        "min(distant)": 0.14040557301660006
    }
}