{
    "member1": {
        "max(u)": 0.5978517032313897,
        "max(v)": 0.15023893709343472,
        "max(length)": 0.538294266168768,
        "num(pathline)": 0.18338998727121825,
        "min(distant)": 0.11604674061769249
    },
    "member2": {
        "max(u)": 0.5978517032313897,
        "max(v)": 0.15023893709343472,
        "max(length)": 0.538294266168768,
        "num(pathline)": 0.18338998727121825,
        "min(distant)": 0.11604674061769249
    },
    "member3": {
        "max(u)": 0.5978517032313897,
        "max(v)": 0.15023893709343472,
        "max(length)": 0.538294266168768,
        "num(pathline)": 0.18338998727121825,
        "min(distant)": 0.11604674061769249
    },
    "member4": {
        "max(u)": 0.5978517032313897,
        "max(v)": 0.15023893709343472,
        "max(length)": 0.538294266168768,
        "num(pathline)": 0.18338998727121825,
        "min(distant)": 0.11604674061769249
    },
    "member5": {
        "max(u)": 0.5978517032313897,
        "max(v)": 0.15023893709343472,
        "max(length)": 0.538294266168768,
        "num(pathline)": 0.18338998727121825,
        "min(distant)": 0.11604674061769249
    },
    "member6": {
        "max(u)": 0.5978517032313897,
        "max(v)": 0.15023893709343472,
        "max(length)": 0.538294266168768,
        "num(pathline)": 0.18338998727121825,
        "min(distant)": 0.11604674061769249
    },
    "member7": {
        "max(u)": 0.5978517032313897,
        "max(v)": 0.15023893709343472,
        "max(length)": 0.538294266168768,
        "num(pathline)": 0.18338998727121825,
        "min(distant)": 0.11604674061769249
    },
    "member8": {
        "max(u)": 0.5978517032313897,
        "max(v)": 0.15023893709343472,
        "max(length)": 0.538294266168768,
        "num(pathline)": 0.18338998727121825,
        "min(distant)": 0.11604674061769249
    },
    "member9": {
        "max(u)": 0.5978517032313897,
        "max(v)": 0.15023893709343472,
        "max(length)": 0.538294266168768,
        "num(pathline)": 0.18338998727121825,
        "min(distant)": 0.11604674061769249
    },
    "member10": {
        "max(u)": 0.5978517032313897,
        "max(v)": 0.15023893709343472,
        "max(length)": 0.538294266168768,
        "num(pathline)": 0.18338998727121825,
        "min(distant)": 0.11604674061769249
    },
    "member11": {
        "max(u)": 0.5978517032313897,
        "max(v)": 0.15023893709343472,
        "max(length)": 0.538294266168768,
        "num(pathline)": 0.18338998727121825,
        "min(distant)": 0.11604674061769249
    },
    "member12": {
        "max(u)": 0.5978517032313897,
        "max(v)": 0.15023893709343472,
        "max(length)": 0.538294266168768,
        "num(pathline)": 0.18338998727121825,
        "min(distant)": 0.11604674061769249
    },
    "member13": {
        "max(u)": 0.5978517032313897,
        "max(v)": 0.15023893709343472,
        "max(length)": 0.538294266168768,
        "num(pathline)": 0.18338998727121825,
        "min(distant)": 0.11604674061769249
    },
    "member14": {
        "max(u)": 0.5978517032313897,
        "max(v)": 0.15023893709343472,
        "max(length)": 0.538294266168768,
        "num(pathline)": 0.18338998727121825,
        "min(distant)": 0.11604674061769249
    },
    "member15": {
        "max(u)": 0.5978517032313897,
        "max(v)": 0.15023893709343472,
        "max(length)": 0.538294266168768,
        "num(pathline)": 0.18338998727121825,
        "min(distant)": 0.11604674061769249
    },
    "member16": {
        "max(u)": 0.5978517032313897,
        "max(v)": 0.15023893709343472,
        "max(length)": 0.538294266168768,
        "num(pathline)": 0.18338998727121825,
        "min(distant)": 0.11604674061769249
    },
    "member17": {
        "max(u)": 0.5978517032313897,
        "max(v)": 0.15023893709343472,
        "max(length)": 0.538294266168768,
        "num(pathline)": 0.18338998727121825,
        "min(distant)": 0.11604674061769249
    },
    "member18": {
        "max(u)": 0.5978517032313897,
        "max(v)": 0.15023893709343472,
        "max(length)": 0.538294266168768,
        "num(pathline)": 0.18338998727121825,
        "min(distant)": 0.11604674061769249
    },
    "member19": {
        "max(u)": 0.5978517032313897,
        "max(v)": 0.15023893709343472,
        "max(length)": 0.538294266168768,
        "num(pathline)": 0.18338998727121825,
        "min(distant)": 0.11604674061769249
    },
    "member20": {
        "max(u)": 0.5978517032313897,
        "max(v)": 0.15023893709343472,
        "max(length)": 0.538294266168768,
        "num(pathline)": 0.18338998727121825,
        "min(distant)": 0.11604674061769249
    }
}