{
    "member1": {
        "max(u)": 0.34912811913291064,
        "max(v)": 0.01586183145289133,
        "max(length)": 0.8415054471606027,
        "num(pathline)": 0.09100166676468247,
        "min(distant)": 0.8134477378555974
    },
    "member2": {
        "max(u)": 0.34912811913291064,
        "max(v)": 0.01586183145289133,
        "max(length)": 0.8415054471606027,
        "num(pathline)": 0.09100166676468247,
        "min(distant)": 0.8134477378555974
    },
    "member3": {
        "max(u)": 0.34912811913291064,
        "max(v)": 0.01586183145289133,
        "max(length)": 0.8415054471606027,
        "num(pathline)": 0.09100166676468247,
        "min(distant)": 0.8134477378555974
    },
    "member4": {
        "max(u)": 0.34912811913291064,
        "max(v)": 0.01586183145289133,
        "max(length)": 0.8415054471606027,
        "num(pathline)": 0.09100166676468247,
        "min(distant)": 0.8134477378555974
    },
    "member5": {
        "max(u)": 0.34912811913291064,
        "max(v)": 0.01586183145289133,
        "max(length)": 0.8415054471606027,
        "num(pathline)": 0.09100166676468247,
        "min(distant)": 0.8134477378555974
    },
    "member6": {
        "max(u)": 0.34912811913291064,
        "max(v)": 0.01586183145289133,
        "max(length)": 0.8415054471606027,
        "num(pathline)": 0.09100166676468247,
        "min(distant)": 0.8134477378555974
    },
    "member7": {
        "max(u)": 0.34912811913291064,
        "max(v)": 0.01586183145289133,
        "max(length)": 0.8415054471606027,
        "num(pathline)": 0.09100166676468247,
        "min(distant)": 0.8134477378555974
    },
    "member8": {
        "max(u)": 0.34912811913291064,
        "max(v)": 0.01586183145289133,
        "max(length)": 0.8415054471606027,
        "num(pathline)": 0.09100166676468247,
        "min(distant)": 0.8134477378555974
    },
    "member9": {
        "max(u)": 0.34912811913291064,
        "max(v)": 0.01586183145289133,
        "max(length)": 0.8415054471606027,
        "num(pathline)": 0.09100166676468247,
        "min(distant)": 0.8134477378555974
    },
    "member10": {
        "max(u)": 0.34912811913291064,
        "max(v)": 0.01586183145289133,
        "max(length)": 0.8415054471606027,
        "num(pathline)": 0.09100166676468247,
        "min(distant)": 0.8134477378555974
    },
    "member11": {
        "max(u)": 0.34912811913291064,
        "max(v)": 0.01586183145289133,
        "max(length)": 0.8415054471606027,
        "num(pathline)": 0.09100166676468247,
        "min(distant)": 0.8134477378555974
    },
    "member12": {
        "max(u)": 0.34912811913291064,
        "max(v)": 0.01586183145289133,
        "max(length)": 0.8415054471606027,
        "num(pathline)": 0.09100166676468247,
        "min(distant)": 0.8134477378555974
    },
    "member13": {
        "max(u)": 0.34912811913291064,
        "max(v)": 0.01586183145289133,
        "max(length)": 0.8415054471606027,
        "num(pathline)": 0.09100166676468247,
        "min(distant)": 0.8134477378555974
    },
    "member14": {
        "max(u)": 0.34912811913291064,
        "max(v)": 0.01586183145289133,
        "max(length)": 0.8415054471606027,
        "num(pathline)": 0.09100166676468247,
        "min(distant)": 0.8134477378555974
    },
    "member15": {
        "max(u)": 0.34912811913291064,
        "max(v)": 0.01586183145289133,
        "max(length)": 0.8415054471606027,
        "num(pathline)": 0.09100166676468247,
        "min(distant)": 0.8134477378555974
    },
    "member16": {
        "max(u)": 0.34912811913291064,
        "max(v)": 0.01586183145289133,
        "max(length)": 0.8415054471606027,
        "num(pathline)": 0.09100166676468247,
        "min(distant)": 0.8134477378555974
    },
    "member17": {
        "max(u)": 0.34912811913291064,
        "max(v)": 0.01586183145289133,
        "max(length)": 0.8415054471606027,
        "num(pathline)": 0.09100166676468247,
        "min(distant)": 0.8134477378555974
    },
    "member18": {
        "max(u)": 0.34912811913291064,
        "max(v)": 0.01586183145289133,
        "max(length)": 0.8415054471606027,
        "num(pathline)": 0.09100166676468247,
        "min(distant)": 0.8134477378555974
    },
    "member19": {
        "max(u)": 0.34912811913291064,
        "max(v)": 0.01586183145289133,
        "max(length)": 0.8415054471606027,
        "num(pathline)": 0.09100166676468247,
        "min(distant)": 0.8134477378555974
    },
    "member20": {
        "max(u)": 0.34912811913291064,
        "max(v)": 0.01586183145289133,
        "max(length)": 0.8415054471606027,
        "num(pathline)": 0.09100166676468247,
        "min(distant)": 0.8134477378555974
    }
}