{
    "member1": {
        "max(u)": 0.3648825861213355,
        "max(v)": 0.9636890772240175,
        "max(length)": 0.5087945261612978,
        "num(pathline)": 0.8621275074221626,
        "min(distant)": 0.3854317831481443
    },
    "member2": {
        "max(u)": 0.3648825861213355,
        "max(v)": 0.9636890772240175,
        "max(length)": 0.5087945261612978,
        "num(pathline)": 0.8621275074221626,
        "min(distant)": 0.3854317831481443
    },
    "member3": {
        "max(u)": 0.3648825861213355,
        "max(v)": 0.9636890772240175,
        "max(length)": 0.5087945261612978,
        "num(pathline)": 0.8621275074221626,
        "min(distant)": 0.3854317831481443
    },
    "member4": {
        "max(u)": 0.3648825861213355,
        "max(v)": 0.9636890772240175,
        "max(length)": 0.5087945261612978,
        "num(pathline)": 0.8621275074221626,
        "min(distant)": 0.3854317831481443
    },
    "member5": {
        "max(u)": 0.3648825861213355,
        "max(v)": 0.9636890772240175,
        "max(length)": 0.5087945261612978,
        "num(pathline)": 0.8621275074221626,
        "min(distant)": 0.3854317831481443
    },
    "member6": {
        "max(u)": 0.3648825861213355,
        "max(v)": 0.9636890772240175,
        "max(length)": 0.5087945261612978,
        "num(pathline)": 0.8621275074221626,
        "min(distant)": 0.3854317831481443
    },
    "member7": {
        "max(u)": 0.3648825861213355,
        "max(v)": 0.9636890772240175,
        "max(length)": 0.5087945261612978,
        "num(pathline)": 0.8621275074221626,
        "min(distant)": 0.3854317831481443
    },
    "member8": {
        "max(u)": 0.3648825861213355,
        "max(v)": 0.9636890772240175,
        "max(length)": 0.5087945261612978,
        "num(pathline)": 0.8621275074221626,
        "min(distant)": 0.3854317831481443
    },
    "member9": {
        "max(u)": 0.3648825861213355,
        "max(v)": 0.9636890772240175,
        "max(length)": 0.5087945261612978,
        "num(pathline)": 0.8621275074221626,
        "min(distant)": 0.3854317831481443
    },
    "member10": {
        "max(u)": 0.3648825861213355,
        "max(v)": 0.9636890772240175,
        "max(length)": 0.5087945261612978,
        "num(pathline)": 0.8621275074221626,
        "min(distant)": 0.3854317831481443
    },
    "member11": {
        "max(u)": 0.3648825861213355,
        "max(v)": 0.9636890772240175,
        "max(length)": 0.5087945261612978,
        "num(pathline)": 0.8621275074221626,
        "min(distant)": 0.3854317831481443
    },
    "member12": {
        "max(u)": 0.3648825861213355,
        "max(v)": 0.9636890772240175,
        "max(length)": 0.5087945261612978,
        "num(pathline)": 0.8621275074221626,
        "min(distant)": 0.3854317831481443
    },
    "member13": {
        "max(u)": 0.3648825861213355,
        "max(v)": 0.9636890772240175,
        "max(length)": 0.5087945261612978,
        "num(pathline)": 0.8621275074221626,
        "min(distant)": 0.3854317831481443
    },
    "member14": {
        "max(u)": 0.3648825861213355,
        "max(v)": 0.9636890772240175,
        "max(length)": 0.5087945261612978,
        "num(pathline)": 0.8621275074221626,
        "min(distant)": 0.3854317831481443
    },
    "member15": {
        "max(u)": 0.3648825861213355,
        "max(v)": 0.9636890772240175,
        "max(length)": 0.5087945261612978,
        "num(pathline)": 0.8621275074221626,
        "min(distant)": 0.3854317831481443
    },
    "member16": {
        "max(u)": 0.3648825861213355,
        "max(v)": 0.9636890772240175,
        "max(length)": 0.5087945261612978,
        "num(pathline)": 0.8621275074221626,
        "min(distant)": 0.3854317831481443
    },
    "member17": {
        "max(u)": 0.3648825861213355,
        "max(v)": 0.9636890772240175,
        "max(length)": 0.5087945261612978,
        "num(pathline)": 0.8621275074221626,
        "min(distant)": 0.3854317831481443
    },
    "member18": {
        "max(u)": 0.3648825861213355,
        "max(v)": 0.9636890772240175,
        "max(length)": 0.5087945261612978,
        "num(pathline)": 0.8621275074221626,
        "min(distant)": 0.3854317831481443
    },
    "member19": {
        "max(u)": 0.3648825861213355,
        "max(v)": 0.9636890772240175,
        "max(length)": 0.5087945261612978,
        "num(pathline)": 0.8621275074221626,
        "min(distant)": 0.3854317831481443
    },
    "member20": {
        "max(u)": 0.3648825861213355,
        "max(v)": 0.9636890772240175,
        "max(length)": 0.5087945261612978,
        "num(pathline)": 0.8621275074221626,
        "min(distant)": 0.3854317831481443
    }
}