{
    "member1": {
        "max(u)": 0.4749005889130874,
        "max(v)": 0.5008840124496202,
        "max(length)": 0.6727780874975123,
        "num(pathline)": 0.3053659906189883,
        "min(distant)": 0.7701163942241818
    },
    "member2": {
        "max(u)": 0.4749005889130874,
        "max(v)": 0.5008840124496202,
        "max(length)": 0.6727780874975123,
        "num(pathline)": 0.3053659906189883,
        "min(distant)": 0.7701163942241818
    },
    "member3": {
        "max(u)": 0.4749005889130874,
        "max(v)": 0.5008840124496202,
        "max(length)": 0.6727780874975123,
        "num(pathline)": 0.3053659906189883,
        "min(distant)": 0.7701163942241818
    },
    "member4": {
        "max(u)": 0.4749005889130874,
        "max(v)": 0.5008840124496202,
        "max(length)": 0.6727780874975123,
        "num(pathline)": 0.3053659906189883,
        "min(distant)": 0.7701163942241818
    },
    "member5": {
        "max(u)": 0.4749005889130874,
        "max(v)": 0.5008840124496202,
        "max(length)": 0.6727780874975123,
        "num(pathline)": 0.3053659906189883,
        "min(distant)": 0.7701163942241818
    },
    "member6": {
        "max(u)": 0.4749005889130874,
        "max(v)": 0.5008840124496202,
        "max(length)": 0.6727780874975123,
        "num(pathline)": 0.3053659906189883,
        "min(distant)": 0.7701163942241818
    },
    "member7": {
        "max(u)": 0.4749005889130874,
        "max(v)": 0.5008840124496202,
        "max(length)": 0.6727780874975123,
        "num(pathline)": 0.3053659906189883,
        "min(distant)": 0.7701163942241818
    },
    "member8": {
        "max(u)": 0.4749005889130874,
        "max(v)": 0.5008840124496202,
        "max(length)": 0.6727780874975123,
        "num(pathline)": 0.3053659906189883,
        "min(distant)": 0.7701163942241818
    },
    "member9": {
        "max(u)": 0.4749005889130874,
        "max(v)": 0.5008840124496202,
        "max(length)": 0.6727780874975123,
        "num(pathline)": 0.3053659906189883,
        "min(distant)": 0.7701163942241818
    },
    "member10": {
        "max(u)": 0.4749005889130874,
        "max(v)": 0.5008840124496202,
        "max(length)": 0.6727780874975123,
        "num(pathline)": 0.3053659906189883,
        "min(distant)": 0.7701163942241818
    },
    "member11": {
        "max(u)": 0.4749005889130874,
        "max(v)": 0.5008840124496202,
        "max(length)": 0.6727780874975123,
        "num(pathline)": 0.3053659906189883,
        "min(distant)": 0.7701163942241818
    },
    "member12": {
        "max(u)": 0.4749005889130874,
        "max(v)": 0.5008840124496202,
        "max(length)": 0.6727780874975123,
        "num(pathline)": 0.3053659906189883,
        "min(distant)": 0.7701163942241818
    },
    "member13": {
        "max(u)": 0.4749005889130874,
        "max(v)": 0.5008840124496202,
        "max(length)": 0.6727780874975123,
        "num(pathline)": 0.3053659906189883,
        "min(distant)": 0.7701163942241818
    },
    "member14": {
        "max(u)": 0.4749005889130874,
        "max(v)": 0.5008840124496202,
        "max(length)": 0.6727780874975123,
        "num(pathline)": 0.3053659906189883,
        "min(distant)": 0.7701163942241818
    },
    "member15": {
        "max(u)": 0.4749005889130874,
        "max(v)": 0.5008840124496202,
        "max(length)": 0.6727780874975123,
        "num(pathline)": 0.3053659906189883,
        "min(distant)": 0.7701163942241818
    },
    "member16": {
        "max(u)": 0.4749005889130874,
        "max(v)": 0.5008840124496202,
        "max(length)": 0.6727780874975123,
        "num(pathline)": 0.3053659906189883,
        "min(distant)": 0.7701163942241818
    },
    "member17": {
        "max(u)": 0.4749005889130874,
        "max(v)": 0.5008840124496202,
        "max(length)": 0.6727780874975123,
        "num(pathline)": 0.3053659906189883,
        "min(distant)": 0.7701163942241818
    },
    "member18": {
        "max(u)": 0.4749005889130874,
        "max(v)": 0.5008840124496202,
        "max(length)": 0.6727780874975123,
        "num(pathline)": 0.3053659906189883,
        "min(distant)": 0.7701163942241818
    },
    "member19": {
        "max(u)": 0.4749005889130874,
        "max(v)": 0.5008840124496202,
        "max(length)": 0.6727780874975123,
        "num(pathline)": 0.3053659906189883,
        "min(distant)": 0.7701163942241818
    },
    "member20": {
        "max(u)": 0.4749005889130874,
        "max(v)": 0.5008840124496202,
        "max(length)": 0.6727780874975123,
        "num(pathline)": 0.3053659906189883,
        "min(distant)": 0.7701163942241818
    }
}