{
    "member1": {
        "max(u)": 0.47914587210382353,
        "max(v)": 0.2891848485112617,
        "max(length)": 0.5321046423355357,
        "num(pathline)": 0.25384126615383695,
        "min(distant)": 0.33157962974494437
    },
    "member2": {
        "max(u)": 0.47914587210382353,
        "max(v)": 0.2891848485112617,
        "max(length)": 0.5321046423355357,
        "num(pathline)": 0.25384126615383695,
        "min(distant)": 0.33157962974494437
    },
    "member3": {
        "max(u)": 0.47914587210382353,
        "max(v)": 0.2891848485112617,
        "max(length)": 0.5321046423355357,
        "num(pathline)": 0.25384126615383695,
        "min(distant)": 0.33157962974494437
    },
    "member4": {
        "max(u)": 0.47914587210382353,
        "max(v)": 0.2891848485112617,
        "max(length)": 0.5321046423355357,
        "num(pathline)": 0.25384126615383695,
        "min(distant)": 0.33157962974494437
    },
    "member5": {
        "max(u)": 0.47914587210382353,
        "max(v)": 0.2891848485112617,
        "max(length)": 0.5321046423355357,
        "num(pathline)": 0.25384126615383695,
        "min(distant)": 0.33157962974494437
    },
    "member6": {
        "max(u)": 0.47914587210382353,
        "max(v)": 0.2891848485112617,
        "max(length)": 0.5321046423355357,
        "num(pathline)": 0.25384126615383695,
        "min(distant)": 0.33157962974494437
    },
    "member7": {
        "max(u)": 0.47914587210382353,
        "max(v)": 0.2891848485112617,
        "max(length)": 0.5321046423355357,
        "num(pathline)": 0.25384126615383695,
        "min(distant)": 0.33157962974494437
    },
    "member8": {
        "max(u)": 0.47914587210382353,
        "max(v)": 0.2891848485112617,
        "max(length)": 0.5321046423355357,
        "num(pathline)": 0.25384126615383695,
        "min(distant)": 0.33157962974494437
    },
    "member9": {
        "max(u)": 0.47914587210382353,
        "max(v)": 0.2891848485112617,
        "max(length)": 0.5321046423355357,
        "num(pathline)": 0.25384126615383695,
        "min(distant)": 0.33157962974494437
    },
    "member10": {
        "max(u)": 0.47914587210382353,
        "max(v)": 0.2891848485112617,
        "max(length)": 0.5321046423355357,
        "num(pathline)": 0.25384126615383695,
        "min(distant)": 0.33157962974494437
    },
    "member11": {
        "max(u)": 0.47914587210382353,
        "max(v)": 0.2891848485112617,
        "max(length)": 0.5321046423355357,
        "num(pathline)": 0.25384126615383695,
        "min(distant)": 0.33157962974494437
    },
    "member12": {
        "max(u)": 0.47914587210382353,
        "max(v)": 0.2891848485112617,
        "max(length)": 0.5321046423355357,
        "num(pathline)": 0.25384126615383695,
        "min(distant)": 0.33157962974494437
    },
    "member13": {
        "max(u)": 0.47914587210382353,
        "max(v)": 0.2891848485112617,
        "max(length)": 0.5321046423355357,
        "num(pathline)": 0.25384126615383695,
        "min(distant)": 0.33157962974494437
    },
    "member14": {
        "max(u)": 0.47914587210382353,
        "max(v)": 0.2891848485112617,
        "max(length)": 0.5321046423355357,
        "num(pathline)": 0.25384126615383695,
        "min(distant)": 0.33157962974494437
    },
    "member15": {
        "max(u)": 0.47914587210382353,
        "max(v)": 0.2891848485112617,
        "max(length)": 0.5321046423355357,
        "num(pathline)": 0.25384126615383695,
        "min(distant)": 0.33157962974494437
    },
    "member16": {
        "max(u)": 0.47914587210382353,
        "max(v)": 0.2891848485112617,
        "max(length)": 0.5321046423355357,
        "num(pathline)": 0.25384126615383695,
        "min(distant)": 0.33157962974494437
    },
    "member17": {
        "max(u)": 0.47914587210382353,
        "max(v)": 0.2891848485112617,
        "max(length)": 0.5321046423355357,
        "num(pathline)": 0.25384126615383695,
        "min(distant)": 0.33157962974494437
    },
    "member18": {
        "max(u)": 0.47914587210382353,
        "max(v)": 0.2891848485112617,
        "max(length)": 0.5321046423355357,
        "num(pathline)": 0.25384126615383695,
        "min(distant)": 0.33157962974494437
    },
    "member19": {
        "max(u)": 0.47914587210382353,
        "max(v)": 0.2891848485112617,
        "max(length)": 0.5321046423355357,
        "num(pathline)": 0.25384126615383695,
        "min(distant)": 0.33157962974494437
    },
    "member20": {
        "max(u)": 0.47914587210382353,
        "max(v)": 0.2891848485112617,
        "max(length)": 0.5321046423355357,
        "num(pathline)": 0.25384126615383695,
        "min(distant)": 0.33157962974494437
    }
}