{
    "member1": {
        "max(u)": 0.70553790636196,
        "max(v)": 0.5477082621280873,
        "max(length)": 0.8770150792113277,
        "num(pathline)": 0.5792305585201607,
        "min(distant)": 0.8645636011299939
    },
    "member2": {
        "max(u)": 0.70553790636196,
        "max(v)": 0.5477082621280873,
        "max(length)": 0.8770150792113277,
        "num(pathline)": 0.5792305585201607,
        "min(distant)": 0.8645636011299939
    },
    "member3": {
        "max(u)": 0.70553790636196,
        "max(v)": 0.5477082621280873,
        "max(length)": 0.8770150792113277,
        "num(pathline)": 0.5792305585201607,
        "min(distant)": 0.8645636011299939
    },
    "member4": {
        "max(u)": 0.70553790636196,
        "max(v)": 0.5477082621280873,
        "max(length)": 0.8770150792113277,
        "num(pathline)": 0.5792305585201607,
        "min(distant)": 0.8645636011299939
    },
    "member5": {
        "max(u)": 0.70553790636196,
        "max(v)": 0.5477082621280873,
        "max(length)": 0.8770150792113277,
        "num(pathline)": 0.5792305585201607,
        "min(distant)": 0.8645636011299939
    },
    "member6": {
        "max(u)": 0.70553790636196,
        "max(v)": 0.5477082621280873,
        "max(length)": 0.8770150792113277,
        "num(pathline)": 0.5792305585201607,
        "min(distant)": 0.8645636011299939
    },
    "member7": {
        "max(u)": 0.70553790636196,
        "max(v)": 0.5477082621280873,
        "max(length)": 0.8770150792113277,
        "num(pathline)": 0.5792305585201607,
        "min(distant)": 0.8645636011299939
    },
    "member8": {
        "max(u)": 0.70553790636196,
        "max(v)": 0.5477082621280873,
        "max(length)": 0.8770150792113277,
        "num(pathline)": 0.5792305585201607,
        "min(distant)": 0.8645636011299939
    },
    "member9": {
        "max(u)": 0.70553790636196,
        "max(v)": 0.5477082621280873,
        "max(length)": 0.8770150792113277,
        "num(pathline)": 0.5792305585201607,
        "min(distant)": 0.8645636011299939
    },
    "member10": {
        "max(u)": 0.70553790636196,
        "max(v)": 0.5477082621280873,
        "max(length)": 0.8770150792113277,
        "num(pathline)": 0.5792305585201607,
        "min(distant)": 0.8645636011299939
    },
    "member11": {
        "max(u)": 0.70553790636196,
        "max(v)": 0.5477082621280873,
        "max(length)": 0.8770150792113277,
        "num(pathline)": 0.5792305585201607,
        "min(distant)": 0.8645636011299939
    },
    "member12": {
        "max(u)": 0.70553790636196,
        "max(v)": 0.5477082621280873,
        "max(length)": 0.8770150792113277,
        "num(pathline)": 0.5792305585201607,
        "min(distant)": 0.8645636011299939
    },
    "member13": {
        "max(u)": 0.70553790636196,
        "max(v)": 0.5477082621280873,
        "max(length)": 0.8770150792113277,
        "num(pathline)": 0.5792305585201607,
        "min(distant)": 0.8645636011299939
    },
    "member14": {
        "max(u)": 0.70553790636196,
        "max(v)": 0.5477082621280873,
        "max(length)": 0.8770150792113277,
        "num(pathline)": 0.5792305585201607,
        "min(distant)": 0.8645636011299939
    },
    "member15": {
        "max(u)": 0.70553790636196,
        "max(v)": 0.5477082621280873,
        "max(length)": 0.8770150792113277,
        "num(pathline)": 0.5792305585201607,
        "min(distant)": 0.8645636011299939
    },
    "member16": {
        "max(u)": 0.70553790636196,
        "max(v)": 0.5477082621280873,
        "max(length)": 0.8770150792113277,
        "num(pathline)": 0.5792305585201607,
        "min(distant)": 0.8645636011299939
    },
    "member17": {
        "max(u)": 0.70553790636196,
        "max(v)": 0.5477082621280873,
        "max(length)": 0.8770150792113277,
        "num(pathline)": 0.5792305585201607,
        "min(distant)": 0.8645636011299939
    },
    "member18": {
        "max(u)": 0.70553790636196,
        "max(v)": 0.5477082621280873,
        "max(length)": 0.8770150792113277,
        "num(pathline)": 0.5792305585201607,
        "min(distant)": 0.8645636011299939
    },
    "member19": {
        "max(u)": 0.70553790636196,
        "max(v)": 0.5477082621280873,
        "max(length)": 0.8770150792113277,
        "num(pathline)": 0.5792305585201607,
        "min(distant)": 0.8645636011299939
    },
    "member20": {
        "max(u)": 0.70553790636196,
        "max(v)": 0.5477082621280873,
        "max(length)": 0.8770150792113277,
        "num(pathline)": 0.5792305585201607,
        "min(distant)": 0.8645636011299939
    }
}