{
    "member1": {
        "max(u)": 0.8865362782068029,
        "max(v)": 0.5765984169992787,
        "max(length)": 0.2157377459941111,
        "num(pathline)": 0.05956922568396228,
        "min(distant)": 0.1583879841684268
    },
    "member2": {
        "max(u)": 0.8865362782068029,
        "max(v)": 0.5765984169992787,
        "max(length)": 0.2157377459941111,
        "num(pathline)": 0.05956922568396228,
        "min(distant)": 0.1583879841684268
    },
    "member3": {
        "max(u)": 0.8865362782068029,
        "max(v)": 0.5765984169992787,
        "max(length)": 0.2157377459941111,
        "num(pathline)": 0.05956922568396228,
        "min(distant)": 0.1583879841684268
    },
    "member4": {
        "max(u)": 0.8865362782068029,
        "max(v)": 0.5765984169992787,
        "max(length)": 0.2157377459941111,
        "num(pathline)": 0.05956922568396228,
        "min(distant)": 0.1583879841684268
    },
    "member5": {
        "max(u)": 0.8865362782068029,
        "max(v)": 0.5765984169992787,
        "max(length)": 0.2157377459941111,
        "num(pathline)": 0.05956922568396228,
        "min(distant)": 0.1583879841684268
    },
    "member6": {
        "max(u)": 0.8865362782068029,
        "max(v)": 0.5765984169992787,
        "max(length)": 0.2157377459941111,
        "num(pathline)": 0.05956922568396228,
        "min(distant)": 0.1583879841684268
    },
    "member7": {
        "max(u)": 0.8865362782068029,
        "max(v)": 0.5765984169992787,
        "max(length)": 0.2157377459941111,
        "num(pathline)": 0.05956922568396228,
        "min(distant)": 0.1583879841684268
    },
    "member8": {
        "max(u)": 0.8865362782068029,
        "max(v)": 0.5765984169992787,
        "max(length)": 0.2157377459941111,
        "num(pathline)": 0.05956922568396228,
        "min(distant)": 0.1583879841684268
    },
    "member9": {
        "max(u)": 0.8865362782068029,
        "max(v)": 0.5765984169992787,
        "max(length)": 0.2157377459941111,
        "num(pathline)": 0.05956922568396228,
        "min(distant)": 0.1583879841684268
    },
    "member10": {
        "max(u)": 0.8865362782068029,
        "max(v)": 0.5765984169992787,
        "max(length)": 0.2157377459941111,
        "num(pathline)": 0.05956922568396228,
        "min(distant)": 0.1583879841684268
    },
    "member11": {
        "max(u)": 0.8865362782068029,
        "max(v)": 0.5765984169992787,
        "max(length)": 0.2157377459941111,
        "num(pathline)": 0.05956922568396228,
        "min(distant)": 0.1583879841684268
    },
    "member12": {
        "max(u)": 0.8865362782068029,
        "max(v)": 0.5765984169992787,
        "max(length)": 0.2157377459941111,
        "num(pathline)": 0.05956922568396228,
        "min(distant)": 0.1583879841684268
    },
    "member13": {
        "max(u)": 0.8865362782068029,
        "max(v)": 0.5765984169992787,
        "max(length)": 0.2157377459941111,
        "num(pathline)": 0.05956922568396228,
        "min(distant)": 0.1583879841684268
    },
    "member14": {
        "max(u)": 0.8865362782068029,
        "max(v)": 0.5765984169992787,
        "max(length)": 0.2157377459941111,
        "num(pathline)": 0.05956922568396228,
        "min(distant)": 0.1583879841684268
    },
    "member15": {
        "max(u)": 0.8865362782068029,
        "max(v)": 0.5765984169992787,
        "max(length)": 0.2157377459941111,
        "num(pathline)": 0.05956922568396228,
        "min(distant)": 0.1583879841684268
    },
    "member16": {
        "max(u)": 0.8865362782068029,
        "max(v)": 0.5765984169992787,
        "max(length)": 0.2157377459941111,
        "num(pathline)": 0.05956922568396228,
        "min(distant)": 0.1583879841684268
    },
    "member17": {
        "max(u)": 0.8865362782068029,
        "max(v)": 0.5765984169992787,
        "max(length)": 0.2157377459941111,
        "num(pathline)": 0.05956922568396228,
        "min(distant)": 0.1583879841684268
    },
    "member18": {
        "max(u)": 0.8865362782068029,
        "max(v)": 0.5765984169992787,
        "max(length)": 0.2157377459941111,
        "num(pathline)": 0.05956922568396228,
        "min(distant)": 0.1583879841684268
    },
    "member19": {
        "max(u)": 0.8865362782068029,
        "max(v)": 0.5765984169992787,
        "max(length)": 0.2157377459941111,
        "num(pathline)": 0.05956922568396228,
        "min(distant)": 0.1583879841684268
    },
    "member20": {
        "max(u)": 0.8865362782068029,
        "max(v)": 0.5765984169992787,
        "max(length)": 0.2157377459941111,
        "num(pathline)": 0.05956922568396228,
        "min(distant)": 0.1583879841684268
    }
}