{
    "member1": {
        "max(u)": 0.5982679051549747,
        "max(v)": 0.7684256864595549,
        "max(length)": 0.7069154636234248,
        "num(pathline)": 0.09985352154377303,
        "min(distant)": 0.5300923882028371
    },
    "member2": {
        "max(u)": 0.5982679051549747,
        "max(v)": 0.7684256864595549,
        "max(length)": 0.7069154636234248,
        "num(pathline)": 0.09985352154377303,
        "min(distant)": 0.5300923882028371
    },
    "member3": {
        "max(u)": 0.5982679051549747,
        "max(v)": 0.7684256864595549,
        "max(length)": 0.7069154636234248,
        "num(pathline)": 0.09985352154377303,
        "min(distant)": 0.5300923882028371
    },
    "member4": {
        "max(u)": 0.5982679051549747,
        "max(v)": 0.7684256864595549,
        "max(length)": 0.7069154636234248,
        "num(pathline)": 0.09985352154377303,
        "min(distant)": 0.5300923882028371
    },
    "member5": {
        "max(u)": 0.5982679051549747,
        "max(v)": 0.7684256864595549,
        "max(length)": 0.7069154636234248,
        "num(pathline)": 0.09985352154377303,
        "min(distant)": 0.5300923882028371
    },
    "member6": {
        "max(u)": 0.5982679051549747,
        "max(v)": 0.7684256864595549,
        "max(length)": 0.7069154636234248,
        "num(pathline)": 0.09985352154377303,
        "min(distant)": 0.5300923882028371
    },
    "member7": {
        "max(u)": 0.5982679051549747,
        "max(v)": 0.7684256864595549,
        "max(length)": 0.7069154636234248,
        "num(pathline)": 0.09985352154377303,
        "min(distant)": 0.5300923882028371
    },
    "member8": {
        "max(u)": 0.5982679051549747,
        "max(v)": 0.7684256864595549,
        "max(length)": 0.7069154636234248,
        "num(pathline)": 0.09985352154377303,
        "min(distant)": 0.5300923882028371
    },
    "member9": {
        "max(u)": 0.5982679051549747,
        "max(v)": 0.7684256864595549,
        "max(length)": 0.7069154636234248,
        "num(pathline)": 0.09985352154377303,
        "min(distant)": 0.5300923882028371
    },
    "member10": {
        "max(u)": 0.5982679051549747,
        "max(v)": 0.7684256864595549,
        "max(length)": 0.7069154636234248,
        "num(pathline)": 0.09985352154377303,
        "min(distant)": 0.5300923882028371
    },
    "member11": {
        "max(u)": 0.5982679051549747,
        "max(v)": 0.7684256864595549,
        "max(length)": 0.7069154636234248,
        "num(pathline)": 0.09985352154377303,
        "min(distant)": 0.5300923882028371
    },
    "member12": {
        "max(u)": 0.5982679051549747,
        "max(v)": 0.7684256864595549,
        "max(length)": 0.7069154636234248,
        "num(pathline)": 0.09985352154377303,
        "min(distant)": 0.5300923882028371
    },
    "member13": {
        "max(u)": 0.5982679051549747,
        "max(v)": 0.7684256864595549,
        "max(length)": 0.7069154636234248,
        "num(pathline)": 0.09985352154377303,
        "min(distant)": 0.5300923882028371
    },
    "member14": {
        "max(u)": 0.5982679051549747,
        "max(v)": 0.7684256864595549,
        "max(length)": 0.7069154636234248,
        "num(pathline)": 0.09985352154377303,
        "min(distant)": 0.5300923882028371
    },
    "member15": {
        "max(u)": 0.5982679051549747,
        "max(v)": 0.7684256864595549,
        "max(length)": 0.7069154636234248,
        "num(pathline)": 0.09985352154377303,
        "min(distant)": 0.5300923882028371
    },
    "member16": {
        "max(u)": 0.5982679051549747,
        "max(v)": 0.7684256864595549,
        "max(length)": 0.7069154636234248,
        "num(pathline)": 0.09985352154377303,
        "min(distant)": 0.5300923882028371
    },
    "member17": {
        "max(u)": 0.5982679051549747,
        "max(v)": 0.7684256864595549,
        "max(length)": 0.7069154636234248,
        "num(pathline)": 0.09985352154377303,
        "min(distant)": 0.5300923882028371
    },
    "member18": {
        "max(u)": 0.5982679051549747,
        "max(v)": 0.7684256864595549,
        "max(length)": 0.7069154636234248,
        "num(pathline)": 0.09985352154377303,
        "min(distant)": 0.5300923882028371
    },
    "member19": {
        "max(u)": 0.5982679051549747,
        "max(v)": 0.7684256864595549,
        "max(length)": 0.7069154636234248,
        "num(pathline)": 0.09985352154377303,
        "min(distant)": 0.5300923882028371
    },
    "member20": {
        "max(u)": 0.5982679051549747,
        "max(v)": 0.7684256864595549,
        "max(length)": 0.7069154636234248,
        "num(pathline)": 0.09985352154377303,
        "min(distant)": 0.5300923882028371
    }
}