{
    "member1": {
        "max(u)": 0.8560232605411701,
        "max(v)": 0.9521663272427608,
        "max(length)": 0.8006031441831676,
        "num(pathline)": 0.23730139906536507,
        "min(distant)": 0.23359782622626568
    },
    "member2": {
        "max(u)": 0.8560232605411701,
        "max(v)": 0.9521663272427608,
        "max(length)": 0.8006031441831676,
        "num(pathline)": 0.23730139906536507,
        "min(distant)": 0.23359782622626568
    },
    "member3": {
        "max(u)": 0.8560232605411701,
        "max(v)": 0.9521663272427608,
        "max(length)": 0.8006031441831676,
        "num(pathline)": 0.23730139906536507,
        "min(distant)": 0.23359782622626568
    },
    "member4": {
        "max(u)": 0.8560232605411701,
        "max(v)": 0.9521663272427608,
        "max(length)": 0.8006031441831676,
        "num(pathline)": 0.23730139906536507,
        "min(distant)": 0.23359782622626568
    },
    "member5": {
        "max(u)": 0.8560232605411701,
        "max(v)": 0.9521663272427608,
        "max(length)": 0.8006031441831676,
        "num(pathline)": 0.23730139906536507,
        "min(distant)": 0.23359782622626568
    },
    "member6": {
        "max(u)": 0.8560232605411701,
        "max(v)": 0.9521663272427608,
        "max(length)": 0.8006031441831676,
        "num(pathline)": 0.23730139906536507,
        "min(distant)": 0.23359782622626568
    },
    "member7": {
        "max(u)": 0.8560232605411701,
        "max(v)": 0.9521663272427608,
        "max(length)": 0.8006031441831676,
        "num(pathline)": 0.23730139906536507,
        "min(distant)": 0.23359782622626568
    },
    "member8": {
        "max(u)": 0.8560232605411701,
        "max(v)": 0.9521663272427608,
        "max(length)": 0.8006031441831676,
        "num(pathline)": 0.23730139906536507,
        "min(distant)": 0.23359782622626568
    },
    "member9": {
        "max(u)": 0.8560232605411701,
        "max(v)": 0.9521663272427608,
        "max(length)": 0.8006031441831676,
        "num(pathline)": 0.23730139906536507,
        "min(distant)": 0.23359782622626568
    },
    "member10": {
        "max(u)": 0.8560232605411701,
        "max(v)": 0.9521663272427608,
        "max(length)": 0.8006031441831676,
        "num(pathline)": 0.23730139906536507,
        "min(distant)": 0.23359782622626568
    },
    "member11": {
        "max(u)": 0.8560232605411701,
        "max(v)": 0.9521663272427608,
        "max(length)": 0.8006031441831676,
        "num(pathline)": 0.23730139906536507,
        "min(distant)": 0.23359782622626568
    },
    "member12": {
        "max(u)": 0.8560232605411701,
        "max(v)": 0.9521663272427608,
        "max(length)": 0.8006031441831676,
        "num(pathline)": 0.23730139906536507,
        "min(distant)": 0.23359782622626568
    },
    "member13": {
        "max(u)": 0.8560232605411701,
        "max(v)": 0.9521663272427608,
        "max(length)": 0.8006031441831676,
        "num(pathline)": 0.23730139906536507,
        "min(distant)": 0.23359782622626568
    },
    "member14": {
        "max(u)": 0.8560232605411701,
        "max(v)": 0.9521663272427608,
        "max(length)": 0.8006031441831676,
        "num(pathline)": 0.23730139906536507,
        "min(distant)": 0.23359782622626568
    },
    "member15": {
        "max(u)": 0.8560232605411701,
        "max(v)": 0.9521663272427608,
        "max(length)": 0.8006031441831676,
        "num(pathline)": 0.23730139906536507,
        "min(distant)": 0.23359782622626568
    },
    "member16": {
        "max(u)": 0.8560232605411701,
        "max(v)": 0.9521663272427608,
        "max(length)": 0.8006031441831676,
        "num(pathline)": 0.23730139906536507,
        "min(distant)": 0.23359782622626568
    },
    "member17": {
        "max(u)": 0.8560232605411701,
        "max(v)": 0.9521663272427608,
        "max(length)": 0.8006031441831676,
        "num(pathline)": 0.23730139906536507,
        "min(distant)": 0.23359782622626568
    },
    "member18": {
        "max(u)": 0.8560232605411701,
        "max(v)": 0.9521663272427608,
        "max(length)": 0.8006031441831676,
        "num(pathline)": 0.23730139906536507,
        "min(distant)": 0.23359782622626568
    },
    "member19": {
        "max(u)": 0.8560232605411701,
        "max(v)": 0.9521663272427608,
        "max(length)": 0.8006031441831676,
        "num(pathline)": 0.23730139906536507,
        "min(distant)": 0.23359782622626568
    },
    "member20": {
        "max(u)": 0.8560232605411701,
        "max(v)": 0.9521663272427608,
        "max(length)": 0.8006031441831676,
        "num(pathline)": 0.23730139906536507,
        "min(distant)": 0.23359782622626568
    }
}