{
    "member1": {
        "max(u)": 0.6866573650657916,
        "max(v)": 0.8734626193462004,
        "max(length)": 0.03680516902334563,
        "num(pathline)": 0.526007370968957,
        "min(distant)": 0.7586943282934072
    },
    "member2": {
        "max(u)": 0.6866573650657916,
        "max(v)": 0.8734626193462004,
        "max(length)": 0.03680516902334563,
        "num(pathline)": 0.526007370968957,
        "min(distant)": 0.7586943282934072
    },
    "member3": {
        "max(u)": 0.6866573650657916,
        "max(v)": 0.8734626193462004,
        "max(length)": 0.03680516902334563,
        "num(pathline)": 0.526007370968957,
        "min(distant)": 0.7586943282934072
    },
    "member4": {
        "max(u)": 0.6866573650657916,
        "max(v)": 0.8734626193462004,
        "max(length)": 0.03680516902334563,
        "num(pathline)": 0.526007370968957,
        "min(distant)": 0.7586943282934072
    },
    "member5": {
        "max(u)": 0.6866573650657916,
        "max(v)": 0.8734626193462004,
        "max(length)": 0.03680516902334563,
        "num(pathline)": 0.526007370968957,
        "min(distant)": 0.7586943282934072
    },
    "member6": {
        "max(u)": 0.6866573650657916,
        "max(v)": 0.8734626193462004,
        "max(length)": 0.03680516902334563,
        "num(pathline)": 0.526007370968957,
        "min(distant)": 0.7586943282934072
    },
    "member7": {
        "max(u)": 0.6866573650657916,
        "max(v)": 0.8734626193462004,
        "max(length)": 0.03680516902334563,
        "num(pathline)": 0.526007370968957,
        "min(distant)": 0.7586943282934072
    },
    "member8": {
        "max(u)": 0.6866573650657916,
        "max(v)": 0.8734626193462004,
        "max(length)": 0.03680516902334563,
        "num(pathline)": 0.526007370968957,
        "min(distant)": 0.7586943282934072
    },
    "member9": {
        "max(u)": 0.6866573650657916,
        "max(v)": 0.8734626193462004,
        "max(length)": 0.03680516902334563,
        "num(pathline)": 0.526007370968957,
        "min(distant)": 0.7586943282934072
    },
    "member10": {
        "max(u)": 0.6866573650657916,
        "max(v)": 0.8734626193462004,
        "max(length)": 0.03680516902334563,
        "num(pathline)": 0.526007370968957,
        "min(distant)": 0.7586943282934072
    },
    "member11": {
        "max(u)": 0.6866573650657916,
        "max(v)": 0.8734626193462004,
        "max(length)": 0.03680516902334563,
        "num(pathline)": 0.526007370968957,
        "min(distant)": 0.7586943282934072
    },
    "member12": {
        "max(u)": 0.6866573650657916,
        "max(v)": 0.8734626193462004,
        "max(length)": 0.03680516902334563,
        "num(pathline)": 0.526007370968957,
        "min(distant)": 0.7586943282934072
    },
    "member13": {
        "max(u)": 0.6866573650657916,
        "max(v)": 0.8734626193462004,
        "max(length)": 0.03680516902334563,
        "num(pathline)": 0.526007370968957,
        "min(distant)": 0.7586943282934072
    },
    "member14": {
        "max(u)": 0.6866573650657916,
        "max(v)": 0.8734626193462004,
        "max(length)": 0.03680516902334563,
        "num(pathline)": 0.526007370968957,
        "min(distant)": 0.7586943282934072
    },
    "member15": {
        "max(u)": 0.6866573650657916,
        "max(v)": 0.8734626193462004,
        "max(length)": 0.03680516902334563,
        "num(pathline)": 0.526007370968957,
        "min(distant)": 0.7586943282934072
    },
    "member16": {
        "max(u)": 0.6866573650657916,
        "max(v)": 0.8734626193462004,
        "max(length)": 0.03680516902334563,
        "num(pathline)": 0.526007370968957,
        "min(distant)": 0.7586943282934072
    },
    "member17": {
        "max(u)": 0.6866573650657916,
        "max(v)": 0.8734626193462004,
        "max(length)": 0.03680516902334563,
        "num(pathline)": 0.526007370968957,
        "min(distant)": 0.7586943282934072
    },
    "member18": {
        "max(u)": 0.6866573650657916,
        "max(v)": 0.8734626193462004,
        "max(length)": 0.03680516902334563,
        "num(pathline)": 0.526007370968957,
        "min(distant)": 0.7586943282934072
    },
    "member19": {
        "max(u)": 0.6866573650657916,
        "max(v)": 0.8734626193462004,
        "max(length)": 0.03680516902334563,
        "num(pathline)": 0.526007370968957,
        "min(distant)": 0.7586943282934072
    },
    "member20": {
        "max(u)": 0.6866573650657916,
        "max(v)": 0.8734626193462004,
        "max(length)": 0.03680516902334563,
        "num(pathline)": 0.526007370968957,
        "min(distant)": 0.7586943282934072
    }
}