{
    "member1": {
        "max(u)": 0.3615568140335156,
        "max(v)": 0.9088645953731302,
        "max(length)": 0.23641645104632847,
        "num(pathline)": 0.8091589425938452,
        "min(distant)": 0.7411657961175007
    },
    "member2": {
        "max(u)": 0.3615568140335156,
        "max(v)": 0.9088645953731302,
        "max(length)": 0.23641645104632847,
        "num(pathline)": 0.8091589425938452,
        "min(distant)": 0.7411657961175007
    },
    "member3": {
        "max(u)": 0.3615568140335156,
        "max(v)": 0.9088645953731302,
        "max(length)": 0.23641645104632847,
        "num(pathline)": 0.8091589425938452,
        "min(distant)": 0.7411657961175007
    },
    "member4": {
        "max(u)": 0.3615568140335156,
        "max(v)": 0.9088645953731302,
        "max(length)": 0.23641645104632847,
        "num(pathline)": 0.8091589425938452,
        "min(distant)": 0.7411657961175007
    },
    "member5": {
        "max(u)": 0.3615568140335156,
        "max(v)": 0.9088645953731302,
        "max(length)": 0.23641645104632847,
        "num(pathline)": 0.8091589425938452,
        "min(distant)": 0.7411657961175007
    },
    "member6": {
        "max(u)": 0.3615568140335156,
        "max(v)": 0.9088645953731302,
        "max(length)": 0.23641645104632847,
        "num(pathline)": 0.8091589425938452,
        "min(distant)": 0.7411657961175007
    },
    "member7": {
        "max(u)": 0.3615568140335156,
        "max(v)": 0.9088645953731302,
        "max(length)": 0.23641645104632847,
        "num(pathline)": 0.8091589425938452,
        "min(distant)": 0.7411657961175007
    },
    "member8": {
        "max(u)": 0.3615568140335156,
        "max(v)": 0.9088645953731302,
        "max(length)": 0.23641645104632847,
        "num(pathline)": 0.8091589425938452,
        "min(distant)": 0.7411657961175007
    },
    "member9": {
        "max(u)": 0.3615568140335156,
        "max(v)": 0.9088645953731302,
        "max(length)": 0.23641645104632847,
        "num(pathline)": 0.8091589425938452,
        "min(distant)": 0.7411657961175007
    },
    "member10": {
        "max(u)": 0.3615568140335156,
        "max(v)": 0.9088645953731302,
        "max(length)": 0.23641645104632847,
        "num(pathline)": 0.8091589425938452,
        "min(distant)": 0.7411657961175007
    },
    "member11": {
        "max(u)": 0.3615568140335156,
        "max(v)": 0.9088645953731302,
        "max(length)": 0.23641645104632847,
        "num(pathline)": 0.8091589425938452,
        "min(distant)": 0.7411657961175007
    },
    "member12": {
        "max(u)": 0.3615568140335156,
        "max(v)": 0.9088645953731302,
        "max(length)": 0.23641645104632847,
        "num(pathline)": 0.8091589425938452,
        "min(distant)": 0.7411657961175007
    },
    "member13": {
        "max(u)": 0.3615568140335156,
        "max(v)": 0.9088645953731302,
        "max(length)": 0.23641645104632847,
        "num(pathline)": 0.8091589425938452,
        "min(distant)": 0.7411657961175007
    },
    "member14": {
        "max(u)": 0.3615568140335156,
        "max(v)": 0.9088645953731302,
        "max(length)": 0.23641645104632847,
        "num(pathline)": 0.8091589425938452,
        "min(distant)": 0.7411657961175007
    },
    "member15": {
        "max(u)": 0.3615568140335156,
        "max(v)": 0.9088645953731302,
        "max(length)": 0.23641645104632847,
        "num(pathline)": 0.8091589425938452,
        "min(distant)": 0.7411657961175007
    },
    "member16": {
        "max(u)": 0.3615568140335156,
        "max(v)": 0.9088645953731302,
        "max(length)": 0.23641645104632847,
        "num(pathline)": 0.8091589425938452,
        "min(distant)": 0.7411657961175007
    },
    "member17": {
        "max(u)": 0.3615568140335156,
        "max(v)": 0.9088645953731302,
        "max(length)": 0.23641645104632847,
        "num(pathline)": 0.8091589425938452,
        "min(distant)": 0.7411657961175007
    },
    "member18": {
        "max(u)": 0.3615568140335156,
        "max(v)": 0.9088645953731302,
        "max(length)": 0.23641645104632847,
        "num(pathline)": 0.8091589425938452,
        "min(distant)": 0.7411657961175007
    },
    "member19": {
        "max(u)": 0.3615568140335156,
        "max(v)": 0.9088645953731302,
        "max(length)": 0.23641645104632847,
        "num(pathline)": 0.8091589425938452,
        "min(distant)": 0.7411657961175007
    },
    "member20": {
        "max(u)": 0.3615568140335156,
        "max(v)": 0.9088645953731302,
        "max(length)": 0.23641645104632847,
        "num(pathline)": 0.8091589425938452,
        "min(distant)": 0.7411657961175007
    }
}