{
    "member1": {
        "max(u)": 0.08250759573336053,
        "max(v)": 0.2585256819977525,
        "max(length)": 0.26656332672178806,
        "num(pathline)": 0.7798749256661028,
        "min(distant)": 0.34239248115413723
    },
    "member2": {
        "max(u)": 0.08250759573336053,
        "max(v)": 0.2585256819977525,
        "max(length)": 0.26656332672178806,
        "num(pathline)": 0.7798749256661028,
        "min(distant)": 0.34239248115413723
    },
    "member3": {
        "max(u)": 0.08250759573336053,
        "max(v)": 0.2585256819977525,
        "max(length)": 0.26656332672178806,
        "num(pathline)": 0.7798749256661028,
        "min(distant)": 0.34239248115413723
    },
    "member4": {
        "max(u)": 0.08250759573336053,
        "max(v)": 0.2585256819977525,
        "max(length)": 0.26656332672178806,
        "num(pathline)": 0.7798749256661028,
        "min(distant)": 0.34239248115413723
    },
    "member5": {
        "max(u)": 0.08250759573336053,
        "max(v)": 0.2585256819977525,
        "max(length)": 0.26656332672178806,
        "num(pathline)": 0.7798749256661028,
        "min(distant)": 0.34239248115413723
    },
    "member6": {
        "max(u)": 0.08250759573336053,
        "max(v)": 0.2585256819977525,
        "max(length)": 0.26656332672178806,
        "num(pathline)": 0.7798749256661028,
        "min(distant)": 0.34239248115413723
    },
    "member7": {
        "max(u)": 0.08250759573336053,
        "max(v)": 0.2585256819977525,
        "max(length)": 0.26656332672178806,
        "num(pathline)": 0.7798749256661028,
        "min(distant)": 0.34239248115413723
    },
    "member8": {
        "max(u)": 0.08250759573336053,
        "max(v)": 0.2585256819977525,
        "max(length)": 0.26656332672178806,
        "num(pathline)": 0.7798749256661028,
        "min(distant)": 0.34239248115413723
    },
    "member9": {
        "max(u)": 0.08250759573336053,
        "max(v)": 0.2585256819977525,
        "max(length)": 0.26656332672178806,
        "num(pathline)": 0.7798749256661028,
        "min(distant)": 0.34239248115413723
    },
    "member10": {
        "max(u)": 0.08250759573336053,
        "max(v)": 0.2585256819977525,
        "max(length)": 0.26656332672178806,
        "num(pathline)": 0.7798749256661028,
        "min(distant)": 0.34239248115413723
    },
    "member11": {
        "max(u)": 0.08250759573336053,
        "max(v)": 0.2585256819977525,
        "max(length)": 0.26656332672178806,
        "num(pathline)": 0.7798749256661028,
        "min(distant)": 0.34239248115413723
    },
    "member12": {
        "max(u)": 0.08250759573336053,
        "max(v)": 0.2585256819977525,
        "max(length)": 0.26656332672178806,
        "num(pathline)": 0.7798749256661028,
        "min(distant)": 0.34239248115413723
    },
    "member13": {
        "max(u)": 0.08250759573336053,
        "max(v)": 0.2585256819977525,
        "max(length)": 0.26656332672178806,
        "num(pathline)": 0.7798749256661028,
        "min(distant)": 0.34239248115413723
    },
    "member14": {
        "max(u)": 0.08250759573336053,
        "max(v)": 0.2585256819977525,
        "max(length)": 0.26656332672178806,
        "num(pathline)": 0.7798749256661028,
        "min(distant)": 0.34239248115413723
    },
    "member15": {
        "max(u)": 0.08250759573336053,
        "max(v)": 0.2585256819977525,
        "max(length)": 0.26656332672178806,
        "num(pathline)": 0.7798749256661028,
        "min(distant)": 0.34239248115413723
    },
    "member16": {
        "max(u)": 0.08250759573336053,
        "max(v)": 0.2585256819977525,
        "max(length)": 0.26656332672178806,
        "num(pathline)": 0.7798749256661028,
        "min(distant)": 0.34239248115413723
    },
    "member17": {
        "max(u)": 0.08250759573336053,
        "max(v)": 0.2585256819977525,
        "max(length)": 0.26656332672178806,
        "num(pathline)": 0.7798749256661028,
        "min(distant)": 0.34239248115413723
    },
    "member18": {
        "max(u)": 0.08250759573336053,
        "max(v)": 0.2585256819977525,
        "max(length)": 0.26656332672178806,
        "num(pathline)": 0.7798749256661028,
        "min(distant)": 0.34239248115413723
    },
    "member19": {
        "max(u)": 0.08250759573336053,
        "max(v)": 0.2585256819977525,
        "max(length)": 0.26656332672178806,
        "num(pathline)": 0.7798749256661028,
        "min(distant)": 0.34239248115413723
    },
    "member20": {
        "max(u)": 0.08250759573336053,
        "max(v)": 0.2585256819977525,
        "max(length)": 0.26656332672178806,
        "num(pathline)": 0.7798749256661028,
        "min(distant)": 0.34239248115413723
    }
}