{
    "member1": {
        "max(u)": 0.48771114728471754,
        "max(v)": 0.8058546426103717,
        "max(length)": 0.8256554155794218,
        "num(pathline)": 0.8651822104578355,
        "min(distant)": 0.744641375876164
    },
    "member2": {
        "max(u)": 0.48771114728471754,
        "max(v)": 0.8058546426103717,
        "max(length)": 0.8256554155794218,
        "num(pathline)": 0.8651822104578355,
        "min(distant)": 0.744641375876164
    },
    "member3": {
        "max(u)": 0.48771114728471754,
        "max(v)": 0.8058546426103717,
        "max(length)": 0.8256554155794218,
        "num(pathline)": 0.8651822104578355,
        "min(distant)": 0.744641375876164
    },
    "member4": {
        "max(u)": 0.48771114728471754,
        "max(v)": 0.8058546426103717,
        "max(length)": 0.8256554155794218,
        "num(pathline)": 0.8651822104578355,
        "min(distant)": 0.744641375876164
    },
    "member5": {
        "max(u)": 0.48771114728471754,
        "max(v)": 0.8058546426103717,
        "max(length)": 0.8256554155794218,
        "num(pathline)": 0.8651822104578355,
        "min(distant)": 0.744641375876164
    },
    "member6": {
        "max(u)": 0.48771114728471754,
        "max(v)": 0.8058546426103717,
        "max(length)": 0.8256554155794218,
        "num(pathline)": 0.8651822104578355,
        "min(distant)": 0.744641375876164
    },
    "member7": {
        "max(u)": 0.48771114728471754,
        "max(v)": 0.8058546426103717,
        "max(length)": 0.8256554155794218,
        "num(pathline)": 0.8651822104578355,
        "min(distant)": 0.744641375876164
    },
    "member8": {
        "max(u)": 0.48771114728471754,
        "max(v)": 0.8058546426103717,
        "max(length)": 0.8256554155794218,
        "num(pathline)": 0.8651822104578355,
        "min(distant)": 0.744641375876164
    },
    "member9": {
        "max(u)": 0.48771114728471754,
        "max(v)": 0.8058546426103717,
        "max(length)": 0.8256554155794218,
        "num(pathline)": 0.8651822104578355,
        "min(distant)": 0.744641375876164
    },
    "member10": {
        "max(u)": 0.48771114728471754,
        "max(v)": 0.8058546426103717,
        "max(length)": 0.8256554155794218,
        "num(pathline)": 0.8651822104578355,
        "min(distant)": 0.744641375876164
    },
    "member11": {
        "max(u)": 0.48771114728471754,
        "max(v)": 0.8058546426103717,
        "max(length)": 0.8256554155794218,
        "num(pathline)": 0.8651822104578355,
        "min(distant)": 0.744641375876164
    },
    "member12": {
        "max(u)": 0.48771114728471754,
        "max(v)": 0.8058546426103717,
        "max(length)": 0.8256554155794218,
        "num(pathline)": 0.8651822104578355,
        "min(distant)": 0.744641375876164
    },
    "member13": {
        "max(u)": 0.48771114728471754,
        "max(v)": 0.8058546426103717,
        "max(length)": 0.8256554155794218,
        "num(pathline)": 0.8651822104578355,
        "min(distant)": 0.744641375876164
    },
    "member14": {
        "max(u)": 0.48771114728471754,
        "max(v)": 0.8058546426103717,
        "max(length)": 0.8256554155794218,
        "num(pathline)": 0.8651822104578355,
        "min(distant)": 0.744641375876164
    },
    "member15": {
        "max(u)": 0.48771114728471754,
        "max(v)": 0.8058546426103717,
        "max(length)": 0.8256554155794218,
        "num(pathline)": 0.8651822104578355,
        "min(distant)": 0.744641375876164
    },
    "member16": {
        "max(u)": 0.48771114728471754,
        "max(v)": 0.8058546426103717,
        "max(length)": 0.8256554155794218,
        "num(pathline)": 0.8651822104578355,
        "min(distant)": 0.744641375876164
    },
    "member17": {
        "max(u)": 0.48771114728471754,
        "max(v)": 0.8058546426103717,
        "max(length)": 0.8256554155794218,
        "num(pathline)": 0.8651822104578355,
        "min(distant)": 0.744641375876164
    },
    "member18": {
        "max(u)": 0.48771114728471754,
        "max(v)": 0.8058546426103717,
        "max(length)": 0.8256554155794218,
        "num(pathline)": 0.8651822104578355,
        "min(distant)": 0.744641375876164
    },
    "member19": {
        "max(u)": 0.48771114728471754,
        "max(v)": 0.8058546426103717,
        "max(length)": 0.8256554155794218,
        "num(pathline)": 0.8651822104578355,
        "min(distant)": 0.744641375876164
    },
    "member20": {
        "max(u)": 0.48771114728471754,
        "max(v)": 0.8058546426103717,
        "max(length)": 0.8256554155794218,
        "num(pathline)": 0.8651822104578355,
        "min(distant)": 0.744641375876164
    }
}