{
    "member1": {
        "max(u)": 0.5821978060481866,
        "max(v)": 0.9531975883060694,
        "max(length)": 0.39574138150119065,
        "num(pathline)": 0.4279817988409449,
        "min(distant)": 0.19493046811439807
    },
    "member2": {
        "max(u)": 0.5821978060481866,
        "max(v)": 0.9531975883060694,
        "max(length)": 0.39574138150119065,
        "num(pathline)": 0.4279817988409449,
        "min(distant)": 0.19493046811439807
    },
    "member3": {
        "max(u)": 0.5821978060481866,
        "max(v)": 0.9531975883060694,
        "max(length)": 0.39574138150119065,
        "num(pathline)": 0.4279817988409449,
        "min(distant)": 0.19493046811439807
    },
    "member4": {
        "max(u)": 0.5821978060481866,
        "max(v)": 0.9531975883060694,
        "max(length)": 0.39574138150119065,
        "num(pathline)": 0.4279817988409449,
        "min(distant)": 0.19493046811439807
    },
    "member5": {
        "max(u)": 0.5821978060481866,
        "max(v)": 0.9531975883060694,
        "max(length)": 0.39574138150119065,
        "num(pathline)": 0.4279817988409449,
        "min(distant)": 0.19493046811439807
    },
    "member6": {
        "max(u)": 0.5821978060481866,
        "max(v)": 0.9531975883060694,
        "max(length)": 0.39574138150119065,
        "num(pathline)": 0.4279817988409449,
        "min(distant)": 0.19493046811439807
    },
    "member7": {
        "max(u)": 0.5821978060481866,
        "max(v)": 0.9531975883060694,
        "max(length)": 0.39574138150119065,
        "num(pathline)": 0.4279817988409449,
        "min(distant)": 0.19493046811439807
    },
    "member8": {
        "max(u)": 0.5821978060481866,
        "max(v)": 0.9531975883060694,
        "max(length)": 0.39574138150119065,
        "num(pathline)": 0.4279817988409449,
        "min(distant)": 0.19493046811439807
    },
    "member9": {
        "max(u)": 0.5821978060481866,
        "max(v)": 0.9531975883060694,
        "max(length)": 0.39574138150119065,
        "num(pathline)": 0.4279817988409449,
        "min(distant)": 0.19493046811439807
    },
    "member10": {
        "max(u)": 0.5821978060481866,
        "max(v)": 0.9531975883060694,
        "max(length)": 0.39574138150119065,
        "num(pathline)": 0.4279817988409449,
        "min(distant)": 0.19493046811439807
    },
    "member11": {
        "max(u)": 0.5821978060481866,
        "max(v)": 0.9531975883060694,
        "max(length)": 0.39574138150119065,
        "num(pathline)": 0.4279817988409449,
        "min(distant)": 0.19493046811439807
    },
    "member12": {
        "max(u)": 0.5821978060481866,
        "max(v)": 0.9531975883060694,
        "max(length)": 0.39574138150119065,
        "num(pathline)": 0.4279817988409449,
        "min(distant)": 0.19493046811439807
    },
    "member13": {
        "max(u)": 0.5821978060481866,
        "max(v)": 0.9531975883060694,
        "max(length)": 0.39574138150119065,
        "num(pathline)": 0.4279817988409449,
        "min(distant)": 0.19493046811439807
    },
    "member14": {
        "max(u)": 0.5821978060481866,
        "max(v)": 0.9531975883060694,
        "max(length)": 0.39574138150119065,
        "num(pathline)": 0.4279817988409449,
        "min(distant)": 0.19493046811439807
    },
    "member15": {
        "max(u)": 0.5821978060481866,
        "max(v)": 0.9531975883060694,
        "max(length)": 0.39574138150119065,
        "num(pathline)": 0.4279817988409449,
        "min(distant)": 0.19493046811439807
    },
    "member16": {
        "max(u)": 0.5821978060481866,
        "max(v)": 0.9531975883060694,
        "max(length)": 0.39574138150119065,
        "num(pathline)": 0.4279817988409449,
        "min(distant)": 0.19493046811439807
    },
    "member17": {
        "max(u)": 0.5821978060481866,
        "max(v)": 0.9531975883060694,
        "max(length)": 0.39574138150119065,
        "num(pathline)": 0.4279817988409449,
        "min(distant)": 0.19493046811439807
    },
    "member18": {
        "max(u)": 0.5821978060481866,
        "max(v)": 0.9531975883060694,
        "max(length)": 0.39574138150119065,
        "num(pathline)": 0.4279817988409449,
        "min(distant)": 0.19493046811439807
    },
    "member19": {
        "max(u)": 0.5821978060481866,
        "max(v)": 0.9531975883060694,
        "max(length)": 0.39574138150119065,
        "num(pathline)": 0.4279817988409449,
        "min(distant)": 0.19493046811439807
    },
    "member20": {
        "max(u)": 0.5821978060481866,
        "max(v)": 0.9531975883060694,
        "max(length)": 0.39574138150119065,
        "num(pathline)": 0.4279817988409449,
        "min(distant)": 0.19493046811439807
    }
}