{
    "member1": {
        "max(u)": 0.8812302693212863,
        "max(v)": 0.5787809166055641,
        "max(length)": 0.6865510942136254,
        "num(pathline)": 0.4585762473804976,
        "min(distant)": 0.36384111521995355
    },
    "member2": {
        "max(u)": 0.8812302693212863,
        "max(v)": 0.5787809166055641,
        "max(length)": 0.6865510942136254,
        "num(pathline)": 0.4585762473804976,
        "min(distant)": 0.36384111521995355
    },
    "member3": {
        "max(u)": 0.8812302693212863,
        "max(v)": 0.5787809166055641,
        "max(length)": 0.6865510942136254,
        "num(pathline)": 0.4585762473804976,
        "min(distant)": 0.36384111521995355
    },
    "member4": {
        "max(u)": 0.8812302693212863,
        "max(v)": 0.5787809166055641,
        "max(length)": 0.6865510942136254,
        "num(pathline)": 0.4585762473804976,
        "min(distant)": 0.36384111521995355
    },
    "member5": {
        "max(u)": 0.8812302693212863,
        "max(v)": 0.5787809166055641,
        "max(length)": 0.6865510942136254,
        "num(pathline)": 0.4585762473804976,
        "min(distant)": 0.36384111521995355
    },
    "member6": {
        "max(u)": 0.8812302693212863,
        "max(v)": 0.5787809166055641,
        "max(length)": 0.6865510942136254,
        "num(pathline)": 0.4585762473804976,
        "min(distant)": 0.36384111521995355
    },
    "member7": {
        "max(u)": 0.8812302693212863,
        "max(v)": 0.5787809166055641,
        "max(length)": 0.6865510942136254,
        "num(pathline)": 0.4585762473804976,
        "min(distant)": 0.36384111521995355
    },
    "member8": {
        "max(u)": 0.8812302693212863,
        "max(v)": 0.5787809166055641,
        "max(length)": 0.6865510942136254,
        "num(pathline)": 0.4585762473804976,
        "min(distant)": 0.36384111521995355
    },
    "member9": {
        "max(u)": 0.8812302693212863,
        "max(v)": 0.5787809166055641,
        "max(length)": 0.6865510942136254,
        "num(pathline)": 0.4585762473804976,
        "min(distant)": 0.36384111521995355
    },
    "member10": {
        "max(u)": 0.8812302693212863,
        "max(v)": 0.5787809166055641,
        "max(length)": 0.6865510942136254,
        "num(pathline)": 0.4585762473804976,
        "min(distant)": 0.36384111521995355
    },
    "member11": {
        "max(u)": 0.8812302693212863,
        "max(v)": 0.5787809166055641,
        "max(length)": 0.6865510942136254,
        "num(pathline)": 0.4585762473804976,
        "min(distant)": 0.36384111521995355
    },
    "member12": {
        "max(u)": 0.8812302693212863,
        "max(v)": 0.5787809166055641,
        "max(length)": 0.6865510942136254,
        "num(pathline)": 0.4585762473804976,
        "min(distant)": 0.36384111521995355
    },
    "member13": {
        "max(u)": 0.8812302693212863,
        "max(v)": 0.5787809166055641,
        "max(length)": 0.6865510942136254,
        "num(pathline)": 0.4585762473804976,
        "min(distant)": 0.36384111521995355
    },
    "member14": {
        "max(u)": 0.8812302693212863,
        "max(v)": 0.5787809166055641,
        "max(length)": 0.6865510942136254,
        "num(pathline)": 0.4585762473804976,
        "min(distant)": 0.36384111521995355
    },
    "member15": {
        "max(u)": 0.8812302693212863,
        "max(v)": 0.5787809166055641,
        "max(length)": 0.6865510942136254,
        "num(pathline)": 0.4585762473804976,
        "min(distant)": 0.36384111521995355
    },
    "member16": {
        "max(u)": 0.8812302693212863,
        "max(v)": 0.5787809166055641,
        "max(length)": 0.6865510942136254,
        "num(pathline)": 0.4585762473804976,
        "min(distant)": 0.36384111521995355
    },
    "member17": {
        "max(u)": 0.8812302693212863,
        "max(v)": 0.5787809166055641,
        "max(length)": 0.6865510942136254,
        "num(pathline)": 0.4585762473804976,
        "min(distant)": 0.36384111521995355
    },
    "member18": {
        "max(u)": 0.8812302693212863,
        "max(v)": 0.5787809166055641,
        "max(length)": 0.6865510942136254,
        "num(pathline)": 0.4585762473804976,
        "min(distant)": 0.36384111521995355
    },
    "member19": {
        "max(u)": 0.8812302693212863,
        "max(v)": 0.5787809166055641,
        "max(length)": 0.6865510942136254,
        "num(pathline)": 0.4585762473804976,
        "min(distant)": 0.36384111521995355
    },
    "member20": {
        "max(u)": 0.8812302693212863,
        "max(v)": 0.5787809166055641,
        "max(length)": 0.6865510942136254,
        "num(pathline)": 0.4585762473804976,
        "min(distant)": 0.36384111521995355
    }
}