{
    "member1": {
        "max(u)": 0.17007137272598472,
        "max(v)": 0.04980430096351052,
        "max(length)": 0.881643131232624,
        "num(pathline)": 0.9693107298907887,
        "min(distant)": 0.6132361464239867
    },
    "member2": {
        "max(u)": 0.17007137272598472,
        "max(v)": 0.04980430096351052,
        "max(length)": 0.881643131232624,
        "num(pathline)": 0.9693107298907887,
        "min(distant)": 0.6132361464239867
    },
    "member3": {
        "max(u)": 0.17007137272598472,
        "max(v)": 0.04980430096351052,
        "max(length)": 0.881643131232624,
        "num(pathline)": 0.9693107298907887,
        "min(distant)": 0.6132361464239867
    },
    "member4": {
        "max(u)": 0.17007137272598472,
        "max(v)": 0.04980430096351052,
        "max(length)": 0.881643131232624,
        "num(pathline)": 0.9693107298907887,
        "min(distant)": 0.6132361464239867
    },
    "member5": {
        "max(u)": 0.17007137272598472,
        "max(v)": 0.04980430096351052,
        "max(length)": 0.881643131232624,
        "num(pathline)": 0.9693107298907887,
        "min(distant)": 0.6132361464239867
    },
    "member6": {
        "max(u)": 0.17007137272598472,
        "max(v)": 0.04980430096351052,
        "max(length)": 0.881643131232624,
        "num(pathline)": 0.9693107298907887,
        "min(distant)": 0.6132361464239867
    },
    "member7": {
        "max(u)": 0.17007137272598472,
        "max(v)": 0.04980430096351052,
        "max(length)": 0.881643131232624,
        "num(pathline)": 0.9693107298907887,
        "min(distant)": 0.6132361464239867
    },
    "member8": {
        "max(u)": 0.17007137272598472,
        "max(v)": 0.04980430096351052,
        "max(length)": 0.881643131232624,
        "num(pathline)": 0.9693107298907887,
        "min(distant)": 0.6132361464239867
    },
    "member9": {
        "max(u)": 0.17007137272598472,
        "max(v)": 0.04980430096351052,
        "max(length)": 0.881643131232624,
        "num(pathline)": 0.9693107298907887,
        "min(distant)": 0.6132361464239867
    },
    "member10": {
        "max(u)": 0.17007137272598472,
        "max(v)": 0.04980430096351052,
        "max(length)": 0.881643131232624,
        "num(pathline)": 0.9693107298907887,
        "min(distant)": 0.6132361464239867
    },
    "member11": {
        "max(u)": 0.17007137272598472,
        "max(v)": 0.04980430096351052,
        "max(length)": 0.881643131232624,
        "num(pathline)": 0.9693107298907887,
        "min(distant)": 0.6132361464239867
    },
    "member12": {
        "max(u)": 0.17007137272598472,
        "max(v)": 0.04980430096351052,
        "max(length)": 0.881643131232624,
        "num(pathline)": 0.9693107298907887,
        "min(distant)": 0.6132361464239867
    },
    "member13": {
        "max(u)": 0.17007137272598472,
        "max(v)": 0.04980430096351052,
        "max(length)": 0.881643131232624,
        "num(pathline)": 0.9693107298907887,
        "min(distant)": 0.6132361464239867
    },
    "member14": {
        "max(u)": 0.17007137272598472,
        "max(v)": 0.04980430096351052,
        "max(length)": 0.881643131232624,
        "num(pathline)": 0.9693107298907887,
        "min(distant)": 0.6132361464239867
    },
    "member15": {
        "max(u)": 0.17007137272598472,
        "max(v)": 0.04980430096351052,
        "max(length)": 0.881643131232624,
        "num(pathline)": 0.9693107298907887,
        "min(distant)": 0.6132361464239867
    },
    "member16": {
        "max(u)": 0.17007137272598472,
        "max(v)": 0.04980430096351052,
        "max(length)": 0.881643131232624,
        "num(pathline)": 0.9693107298907887,
        "min(distant)": 0.6132361464239867
    },
    "member17": {
        "max(u)": 0.17007137272598472,
        "max(v)": 0.04980430096351052,
        "max(length)": 0.881643131232624,
        "num(pathline)": 0.9693107298907887,
        "min(distant)": 0.6132361464239867
    },
    "member18": {
        "max(u)": 0.17007137272598472,
        "max(v)": 0.04980430096351052,
        "max(length)": 0.881643131232624,
        "num(pathline)": 0.9693107298907887,
        "min(distant)": 0.6132361464239867
    },
    "member19": {
        "max(u)": 0.17007137272598472,
        "max(v)": 0.04980430096351052,
        "max(length)": 0.881643131232624,
        "num(pathline)": 0.9693107298907887,
        "min(distant)": 0.6132361464239867
    },
    "member20": {
        "max(u)": 0.17007137272598472,
        "max(v)": 0.04980430096351052,
        "max(length)": 0.881643131232624,
        "num(pathline)": 0.9693107298907887,
        "min(distant)": 0.6132361464239867
    }
}