{
    "member1": {
        "max(u)": 0.8173773266610505,
        "max(v)": 0.23822868400872788,
        "max(length)": 0.3747600579190006,
        "num(pathline)": 0.31661692052308155,
        "min(distant)": 0.4918578524247402
    },
    "member2": {
        "max(u)": 0.8173773266610505,
        "max(v)": 0.23822868400872788,
        "max(length)": 0.3747600579190006,
        "num(pathline)": 0.31661692052308155,
        "min(distant)": 0.4918578524247402
    },
    "member3": {
        "max(u)": 0.8173773266610505,
        "max(v)": 0.23822868400872788,
        "max(length)": 0.3747600579190006,
        "num(pathline)": 0.31661692052308155,
        "min(distant)": 0.4918578524247402
    },
    "member4": {
        "max(u)": 0.8173773266610505,
        "max(v)": 0.23822868400872788,
        "max(length)": 0.3747600579190006,
        "num(pathline)": 0.31661692052308155,
        "min(distant)": 0.4918578524247402
    },
    "member5": {
        "max(u)": 0.8173773266610505,
        "max(v)": 0.23822868400872788,
        "max(length)": 0.3747600579190006,
        "num(pathline)": 0.31661692052308155,
        "min(distant)": 0.4918578524247402
    },
    "member6": {
        "max(u)": 0.8173773266610505,
        "max(v)": 0.23822868400872788,
        "max(length)": 0.3747600579190006,
        "num(pathline)": 0.31661692052308155,
        "min(distant)": 0.4918578524247402
    },
    "member7": {
        "max(u)": 0.8173773266610505,
        "max(v)": 0.23822868400872788,
        "max(length)": 0.3747600579190006,
        "num(pathline)": 0.31661692052308155,
        "min(distant)": 0.4918578524247402
    },
    "member8": {
        "max(u)": 0.8173773266610505,
        "max(v)": 0.23822868400872788,
        "max(length)": 0.3747600579190006,
        "num(pathline)": 0.31661692052308155,
        "min(distant)": 0.4918578524247402
    },
    "member9": {
        "max(u)": 0.8173773266610505,
        "max(v)": 0.23822868400872788,
        "max(length)": 0.3747600579190006,
        "num(pathline)": 0.31661692052308155,
        "min(distant)": 0.4918578524247402
    },
    "member10": {
        "max(u)": 0.8173773266610505,
        "max(v)": 0.23822868400872788,
        "max(length)": 0.3747600579190006,
        "num(pathline)": 0.31661692052308155,
        "min(distant)": 0.4918578524247402
    },
    "member11": {
        "max(u)": 0.8173773266610505,
        "max(v)": 0.23822868400872788,
        "max(length)": 0.3747600579190006,
        "num(pathline)": 0.31661692052308155,
        "min(distant)": 0.4918578524247402
    },
    "member12": {
        "max(u)": 0.8173773266610505,
        "max(v)": 0.23822868400872788,
        "max(length)": 0.3747600579190006,
        "num(pathline)": 0.31661692052308155,
        "min(distant)": 0.4918578524247402
    },
    "member13": {
        "max(u)": 0.8173773266610505,
        "max(v)": 0.23822868400872788,
        "max(length)": 0.3747600579190006,
        "num(pathline)": 0.31661692052308155,
        "min(distant)": 0.4918578524247402
    },
    "member14": {
        "max(u)": 0.8173773266610505,
        "max(v)": 0.23822868400872788,
        "max(length)": 0.3747600579190006,
        "num(pathline)": 0.31661692052308155,
        "min(distant)": 0.4918578524247402
    },
    "member15": {
        "max(u)": 0.8173773266610505,
        "max(v)": 0.23822868400872788,
        "max(length)": 0.3747600579190006,
        "num(pathline)": 0.31661692052308155,
        "min(distant)": 0.4918578524247402
    },
    "member16": {
        "max(u)": 0.8173773266610505,
        "max(v)": 0.23822868400872788,
        "max(length)": 0.3747600579190006,
        "num(pathline)": 0.31661692052308155,
        "min(distant)": 0.4918578524247402
    },
    "member17": {
        "max(u)": 0.8173773266610505,
        "max(v)": 0.23822868400872788,
        "max(length)": 0.3747600579190006,
        "num(pathline)": 0.31661692052308155,
        "min(distant)": 0.4918578524247402
    },
    "member18": {
        "max(u)": 0.8173773266610505,
        "max(v)": 0.23822868400872788,
        "max(length)": 0.3747600579190006,
        "num(pathline)": 0.31661692052308155,
        "min(distant)": 0.4918578524247402
    },
    "member19": {
        "max(u)": 0.8173773266610505,
        "max(v)": 0.23822868400872788,
        "max(length)": 0.3747600579190006,
        "num(pathline)": 0.31661692052308155,
        "min(distant)": 0.4918578524247402
    },
    "member20": {
        "max(u)": 0.8173773266610505,
        "max(v)": 0.23822868400872788,
        "max(length)": 0.3747600579190006,
        "num(pathline)": 0.31661692052308155,
        "min(distant)": 0.4918578524247402
    }
}