{
    "member1": {
        "max(u)": 0.35984410276425205,
        "max(v)": 0.8150753510402825,
        "max(length)": 0.4212397716235514,
        "num(pathline)": 0.702811128957278,
        "min(distant)": 0.9040292202497952
    },
    "member2": {
        "max(u)": 0.35984410276425205,
        "max(v)": 0.8150753510402825,
        "max(length)": 0.4212397716235514,
        "num(pathline)": 0.702811128957278,
        "min(distant)": 0.9040292202497952
    },
    "member3": {
        "max(u)": 0.35984410276425205,
        "max(v)": 0.8150753510402825,
        "max(length)": 0.4212397716235514,
        "num(pathline)": 0.702811128957278,
        "min(distant)": 0.9040292202497952
    },
    "member4": {
        "max(u)": 0.35984410276425205,
        "max(v)": 0.8150753510402825,
        "max(length)": 0.4212397716235514,
        "num(pathline)": 0.702811128957278,
        "min(distant)": 0.9040292202497952
    },
    "member5": {
        "max(u)": 0.35984410276425205,
        "max(v)": 0.8150753510402825,
        "max(length)": 0.4212397716235514,
        "num(pathline)": 0.702811128957278,
        "min(distant)": 0.9040292202497952
    },
    "member6": {
        "max(u)": 0.35984410276425205,
        "max(v)": 0.8150753510402825,
        "max(length)": 0.4212397716235514,
        "num(pathline)": 0.702811128957278,
        "min(distant)": 0.9040292202497952
    },
    "member7": {
        "max(u)": 0.35984410276425205,
        "max(v)": 0.8150753510402825,
        "max(length)": 0.4212397716235514,
        "num(pathline)": 0.702811128957278,
        "min(distant)": 0.9040292202497952
    },
    "member8": {
        "max(u)": 0.35984410276425205,
        "max(v)": 0.8150753510402825,
        "max(length)": 0.4212397716235514,
        "num(pathline)": 0.702811128957278,
        "min(distant)": 0.9040292202497952
    },
    "member9": {
        "max(u)": 0.35984410276425205,
        "max(v)": 0.8150753510402825,
        "max(length)": 0.4212397716235514,
        "num(pathline)": 0.702811128957278,
        "min(distant)": 0.9040292202497952
    },
    "member10": {
        "max(u)": 0.35984410276425205,
        "max(v)": 0.8150753510402825,
        "max(length)": 0.4212397716235514,
        "num(pathline)": 0.702811128957278,
        "min(distant)": 0.9040292202497952
    },
    "member11": {
        "max(u)": 0.35984410276425205,
        "max(v)": 0.8150753510402825,
        "max(length)": 0.4212397716235514,
        "num(pathline)": 0.702811128957278,
        "min(distant)": 0.9040292202497952
    },
    "member12": {
        "max(u)": 0.35984410276425205,
        "max(v)": 0.8150753510402825,
        "max(length)": 0.4212397716235514,
        "num(pathline)": 0.702811128957278,
        "min(distant)": 0.9040292202497952
    },
    "member13": {
        "max(u)": 0.35984410276425205,
        "max(v)": 0.8150753510402825,
        "max(length)": 0.4212397716235514,
        "num(pathline)": 0.702811128957278,
        "min(distant)": 0.9040292202497952
    },
    "member14": {
        "max(u)": 0.35984410276425205,
        "max(v)": 0.8150753510402825,
        "max(length)": 0.4212397716235514,
        "num(pathline)": 0.702811128957278,
        "min(distant)": 0.9040292202497952
    },
    "member15": {
        "max(u)": 0.35984410276425205,
        "max(v)": 0.8150753510402825,
        "max(length)": 0.4212397716235514,
        "num(pathline)": 0.702811128957278,
        "min(distant)": 0.9040292202497952
    },
    "member16": {
        "max(u)": 0.35984410276425205,
        "max(v)": 0.8150753510402825,
        "max(length)": 0.4212397716235514,
        "num(pathline)": 0.702811128957278,
        "min(distant)": 0.9040292202497952
    },
    "member17": {
        "max(u)": 0.35984410276425205,
        "max(v)": 0.8150753510402825,
        "max(length)": 0.4212397716235514,
        "num(pathline)": 0.702811128957278,
        "min(distant)": 0.9040292202497952
    },
    "member18": {
        "max(u)": 0.35984410276425205,
        "max(v)": 0.8150753510402825,
        "max(length)": 0.4212397716235514,
        "num(pathline)": 0.702811128957278,
        "min(distant)": 0.9040292202497952
    },
    "member19": {
        "max(u)": 0.35984410276425205,
        "max(v)": 0.8150753510402825,
        "max(length)": 0.4212397716235514,
        "num(pathline)": 0.702811128957278,
        "min(distant)": 0.9040292202497952
    },
    "member20": {
        "max(u)": 0.35984410276425205,
        "max(v)": 0.8150753510402825,
        "max(length)": 0.4212397716235514,
        "num(pathline)": 0.702811128957278,
        "min(distant)": 0.9040292202497952
    }
}