{
    "member1": {
        "max(u)": 0.31691552030632175,
        "max(v)": 0.3260837849365946,
        "max(length)": 0.5718237102148025,
        "num(pathline)": 0.08428063404497765,
        "min(distant)": 0.4346663553434933
    },
    "member2": {
        "max(u)": 0.31691552030632175,
        "max(v)": 0.3260837849365946,
        "max(length)": 0.5718237102148025,
        "num(pathline)": 0.08428063404497765,
        "min(distant)": 0.4346663553434933
    },
    "member3": {
        "max(u)": 0.31691552030632175,
        "max(v)": 0.3260837849365946,
        "max(length)": 0.5718237102148025,
        "num(pathline)": 0.08428063404497765,
        "min(distant)": 0.4346663553434933
    },
    "member4": {
        "max(u)": 0.31691552030632175,
        "max(v)": 0.3260837849365946,
        "max(length)": 0.5718237102148025,
        "num(pathline)": 0.08428063404497765,
        "min(distant)": 0.4346663553434933
    },
    "member5": {
        "max(u)": 0.31691552030632175,
        "max(v)": 0.3260837849365946,
        "max(length)": 0.5718237102148025,
        "num(pathline)": 0.08428063404497765,
        "min(distant)": 0.4346663553434933
    },
    "member6": {
        "max(u)": 0.31691552030632175,
        "max(v)": 0.3260837849365946,
        "max(length)": 0.5718237102148025,
        "num(pathline)": 0.08428063404497765,
        "min(distant)": 0.4346663553434933
    },
    "member7": {
        "max(u)": 0.31691552030632175,
        "max(v)": 0.3260837849365946,
        "max(length)": 0.5718237102148025,
        "num(pathline)": 0.08428063404497765,
        "min(distant)": 0.4346663553434933
    },
    "member8": {
        "max(u)": 0.31691552030632175,
        "max(v)": 0.3260837849365946,
        "max(length)": 0.5718237102148025,
        "num(pathline)": 0.08428063404497765,
        "min(distant)": 0.4346663553434933
    },
    "member9": {
        "max(u)": 0.31691552030632175,
        "max(v)": 0.3260837849365946,
        "max(length)": 0.5718237102148025,
        "num(pathline)": 0.08428063404497765,
        "min(distant)": 0.4346663553434933
    },
    "member10": {
        "max(u)": 0.31691552030632175,
        "max(v)": 0.3260837849365946,
        "max(length)": 0.5718237102148025,
        "num(pathline)": 0.08428063404497765,
        "min(distant)": 0.4346663553434933
    },
    "member11": {
        "max(u)": 0.31691552030632175,
        "max(v)": 0.3260837849365946,
        "max(length)": 0.5718237102148025,
        "num(pathline)": 0.08428063404497765,
        "min(distant)": 0.4346663553434933
    },
    "member12": {
        "max(u)": 0.31691552030632175,
        "max(v)": 0.3260837849365946,
        "max(length)": 0.5718237102148025,
        "num(pathline)": 0.08428063404497765,
        "min(distant)": 0.4346663553434933
    },
    "member13": {
        "max(u)": 0.31691552030632175,
        "max(v)": 0.3260837849365946,
        "max(length)": 0.5718237102148025,
        "num(pathline)": 0.08428063404497765,
        "min(distant)": 0.4346663553434933
    },
    "member14": {
        "max(u)": 0.31691552030632175,
        "max(v)": 0.3260837849365946,
        "max(length)": 0.5718237102148025,
        "num(pathline)": 0.08428063404497765,
        "min(distant)": 0.4346663553434933
    },
    "member15": {
        "max(u)": 0.31691552030632175,
        "max(v)": 0.3260837849365946,
        "max(length)": 0.5718237102148025,
        "num(pathline)": 0.08428063404497765,
        "min(distant)": 0.4346663553434933
    },
    "member16": {
        "max(u)": 0.31691552030632175,
        "max(v)": 0.3260837849365946,
        "max(length)": 0.5718237102148025,
        "num(pathline)": 0.08428063404497765,
        "min(distant)": 0.4346663553434933
    },
    "member17": {
        "max(u)": 0.31691552030632175,
        "max(v)": 0.3260837849365946,
        "max(length)": 0.5718237102148025,
        "num(pathline)": 0.08428063404497765,
        "min(distant)": 0.4346663553434933
    },
    "member18": {
        "max(u)": 0.31691552030632175,
        "max(v)": 0.3260837849365946,
        "max(length)": 0.5718237102148025,
        "num(pathline)": 0.08428063404497765,
        "min(distant)": 0.4346663553434933
    },
    "member19": {
        "max(u)": 0.31691552030632175,
        "max(v)": 0.3260837849365946,
        "max(length)": 0.5718237102148025,
        "num(pathline)": 0.08428063404497765,
        "min(distant)": 0.4346663553434933
    },
    "member20": {
        "max(u)": 0.31691552030632175,
        "max(v)": 0.3260837849365946,
        "max(length)": 0.5718237102148025,
        "num(pathline)": 0.08428063404497765,
        "min(distant)": 0.4346663553434933
    }
}