{
    "member1": {
        "max(u)": 0.3513534402782603,
        "max(v)": 0.965678584500667,
        "max(length)": 0.47340720929153657,
        "num(pathline)": 0.6115647445559813,
        "min(distant)": 0.5517802515040906
    },
    "member2": {
        "max(u)": 0.3513534402782603,
        "max(v)": 0.965678584500667,
        "max(length)": 0.47340720929153657,
        "num(pathline)": 0.6115647445559813,
        "min(distant)": 0.5517802515040906
    },
    "member3": {
        "max(u)": 0.3513534402782603,
        "max(v)": 0.965678584500667,
        "max(length)": 0.47340720929153657,
        "num(pathline)": 0.6115647445559813,
        "min(distant)": 0.5517802515040906
    },
    "member4": {
        "max(u)": 0.3513534402782603,
        "max(v)": 0.965678584500667,
        "max(length)": 0.47340720929153657,
        "num(pathline)": 0.6115647445559813,
        "min(distant)": 0.5517802515040906
    },
    "member5": {
        "max(u)": 0.3513534402782603,
        "max(v)": 0.965678584500667,
        "max(length)": 0.47340720929153657,
        "num(pathline)": 0.6115647445559813,
        "min(distant)": 0.5517802515040906
    },
    "member6": {
        "max(u)": 0.3513534402782603,
        "max(v)": 0.965678584500667,
        "max(length)": 0.47340720929153657,
        "num(pathline)": 0.6115647445559813,
        "min(distant)": 0.5517802515040906
    },
    "member7": {
        "max(u)": 0.3513534402782603,
        "max(v)": 0.965678584500667,
        "max(length)": 0.47340720929153657,
        "num(pathline)": 0.6115647445559813,
        "min(distant)": 0.5517802515040906
    },
    "member8": {
        "max(u)": 0.3513534402782603,
        "max(v)": 0.965678584500667,
        "max(length)": 0.47340720929153657,
        "num(pathline)": 0.6115647445559813,
        "min(distant)": 0.5517802515040906
    },
    "member9": {
        "max(u)": 0.3513534402782603,
        "max(v)": 0.965678584500667,
        "max(length)": 0.47340720929153657,
        "num(pathline)": 0.6115647445559813,
        "min(distant)": 0.5517802515040906
    },
    "member10": {
        "max(u)": 0.3513534402782603,
        "max(v)": 0.965678584500667,
        "max(length)": 0.47340720929153657,
        "num(pathline)": 0.6115647445559813,
        "min(distant)": 0.5517802515040906
    },
    "member11": {
        "max(u)": 0.3513534402782603,
        "max(v)": 0.965678584500667,
        "max(length)": 0.47340720929153657,
        "num(pathline)": 0.6115647445559813,
        "min(distant)": 0.5517802515040906
    },
    "member12": {
        "max(u)": 0.3513534402782603,
        "max(v)": 0.965678584500667,
        "max(length)": 0.47340720929153657,
        "num(pathline)": 0.6115647445559813,
        "min(distant)": 0.5517802515040906
    },
    "member13": {
        "max(u)": 0.3513534402782603,
        "max(v)": 0.965678584500667,
        "max(length)": 0.47340720929153657,
        "num(pathline)": 0.6115647445559813,
        "min(distant)": 0.5517802515040906
    },
    "member14": {
        "max(u)": 0.3513534402782603,
        "max(v)": 0.965678584500667,
        "max(length)": 0.47340720929153657,
        "num(pathline)": 0.6115647445559813,
        "min(distant)": 0.5517802515040906
    },
    "member15": {
        "max(u)": 0.3513534402782603,
        "max(v)": 0.965678584500667,
        "max(length)": 0.47340720929153657,
        "num(pathline)": 0.6115647445559813,
        "min(distant)": 0.5517802515040906
    },
    "member16": {
        "max(u)": 0.3513534402782603,
        "max(v)": 0.965678584500667,
        "max(length)": 0.47340720929153657,
        "num(pathline)": 0.6115647445559813,
        "min(distant)": 0.5517802515040906
    },
    "member17": {
        "max(u)": 0.3513534402782603,
        "max(v)": 0.965678584500667,
        "max(length)": 0.47340720929153657,
        "num(pathline)": 0.6115647445559813,
        "min(distant)": 0.5517802515040906
    },
    "member18": {
        "max(u)": 0.3513534402782603,
        "max(v)": 0.965678584500667,
        "max(length)": 0.47340720929153657,
        "num(pathline)": 0.6115647445559813,
        "min(distant)": 0.5517802515040906
    },
    "member19": {
        "max(u)": 0.3513534402782603,
        "max(v)": 0.965678584500667,
        "max(length)": 0.47340720929153657,
        "num(pathline)": 0.6115647445559813,
        "min(distant)": 0.5517802515040906
    },
    "member20": {
        "max(u)": 0.3513534402782603,
        "max(v)": 0.965678584500667,
        "max(length)": 0.47340720929153657,
        "num(pathline)": 0.6115647445559813,
        "min(distant)": 0.5517802515040906
    }
}