{
    "member1": {
        "max(u)": 0.23334285008567612,
        "max(v)": 0.016267265652769702,
        "max(length)": 0.7363171706651092,
        "num(pathline)": 0.25670905506049413,
        "min(distant)": 0.8453604012908701
    },
    "member2": {
        "max(u)": 0.23334285008567612,
        "max(v)": 0.016267265652769702,
        "max(length)": 0.7363171706651092,
        "num(pathline)": 0.25670905506049413,
        "min(distant)": 0.8453604012908701
    },
    "member3": {
        "max(u)": 0.23334285008567612,
        "max(v)": 0.016267265652769702,
        "max(length)": 0.7363171706651092,
        "num(pathline)": 0.25670905506049413,
        "min(distant)": 0.8453604012908701
    },
    "member4": {
        "max(u)": 0.23334285008567612,
        "max(v)": 0.016267265652769702,
        "max(length)": 0.7363171706651092,
        "num(pathline)": 0.25670905506049413,
        "min(distant)": 0.8453604012908701
    },
    "member5": {
        "max(u)": 0.23334285008567612,
        "max(v)": 0.016267265652769702,
        "max(length)": 0.7363171706651092,
        "num(pathline)": 0.25670905506049413,
        "min(distant)": 0.8453604012908701
    },
    "member6": {
        "max(u)": 0.23334285008567612,
        "max(v)": 0.016267265652769702,
        "max(length)": 0.7363171706651092,
        "num(pathline)": 0.25670905506049413,
        "min(distant)": 0.8453604012908701
    },
    "member7": {
        "max(u)": 0.23334285008567612,
        "max(v)": 0.016267265652769702,
        "max(length)": 0.7363171706651092,
        "num(pathline)": 0.25670905506049413,
        "min(distant)": 0.8453604012908701
    },
    "member8": {
        "max(u)": 0.23334285008567612,
        "max(v)": 0.016267265652769702,
        "max(length)": 0.7363171706651092,
        "num(pathline)": 0.25670905506049413,
        "min(distant)": 0.8453604012908701
    },
    "member9": {
        "max(u)": 0.23334285008567612,
        "max(v)": 0.016267265652769702,
        "max(length)": 0.7363171706651092,
        "num(pathline)": 0.25670905506049413,
        "min(distant)": 0.8453604012908701
    },
    "member10": {
        "max(u)": 0.23334285008567612,
        "max(v)": 0.016267265652769702,
        "max(length)": 0.7363171706651092,
        "num(pathline)": 0.25670905506049413,
        "min(distant)": 0.8453604012908701
    },
    "member11": {
        "max(u)": 0.23334285008567612,
        "max(v)": 0.016267265652769702,
        "max(length)": 0.7363171706651092,
        "num(pathline)": 0.25670905506049413,
        "min(distant)": 0.8453604012908701
    },
    "member12": {
        "max(u)": 0.23334285008567612,
        "max(v)": 0.016267265652769702,
        "max(length)": 0.7363171706651092,
        "num(pathline)": 0.25670905506049413,
        "min(distant)": 0.8453604012908701
    },
    "member13": {
        "max(u)": 0.23334285008567612,
        "max(v)": 0.016267265652769702,
        "max(length)": 0.7363171706651092,
        "num(pathline)": 0.25670905506049413,
        "min(distant)": 0.8453604012908701
    },
    "member14": {
        "max(u)": 0.23334285008567612,
        "max(v)": 0.016267265652769702,
        "max(length)": 0.7363171706651092,
        "num(pathline)": 0.25670905506049413,
        "min(distant)": 0.8453604012908701
    },
    "member15": {
        "max(u)": 0.23334285008567612,
        "max(v)": 0.016267265652769702,
        "max(length)": 0.7363171706651092,
        "num(pathline)": 0.25670905506049413,
        "min(distant)": 0.8453604012908701
    },
    "member16": {
        "max(u)": 0.23334285008567612,
        "max(v)": 0.016267265652769702,
        "max(length)": 0.7363171706651092,
        "num(pathline)": 0.25670905506049413,
        "min(distant)": 0.8453604012908701
    },
    "member17": {
        "max(u)": 0.23334285008567612,
        "max(v)": 0.016267265652769702,
        "max(length)": 0.7363171706651092,
        "num(pathline)": 0.25670905506049413,
        "min(distant)": 0.8453604012908701
    },
    "member18": {
        "max(u)": 0.23334285008567612,
        "max(v)": 0.016267265652769702,
        "max(length)": 0.7363171706651092,
        "num(pathline)": 0.25670905506049413,
        "min(distant)": 0.8453604012908701
    },
    "member19": {
        "max(u)": 0.23334285008567612,
        "max(v)": 0.016267265652769702,
        "max(length)": 0.7363171706651092,
        "num(pathline)": 0.25670905506049413,
        "min(distant)": 0.8453604012908701
    },
    "member20": {
        "max(u)": 0.23334285008567612,
        "max(v)": 0.016267265652769702,
        "max(length)": 0.7363171706651092,
        "num(pathline)": 0.25670905506049413,
        "min(distant)": 0.8453604012908701
    }
}