{
    "member1": {
        "max(u)": 0.41133800722990455,
        "max(v)": 0.9652620301529923,
        "max(length)": 0.8008548103269925,
        "num(pathline)": 0.60292238897786,
        "min(distant)": 0.08989799796215137
    },
    "member2": {
        "max(u)": 0.41133800722990455,
        "max(v)": 0.9652620301529923,
        "max(length)": 0.8008548103269925,
        "num(pathline)": 0.60292238897786,
        "min(distant)": 0.08989799796215137
    },
    "member3": {
        "max(u)": 0.41133800722990455,
        "max(v)": 0.9652620301529923,
        "max(length)": 0.8008548103269925,
        "num(pathline)": 0.60292238897786,
        "min(distant)": 0.08989799796215137
    },
    "member4": {
        "max(u)": 0.41133800722990455,
        "max(v)": 0.9652620301529923,
        "max(length)": 0.8008548103269925,
        "num(pathline)": 0.60292238897786,
        "min(distant)": 0.08989799796215137
    },
    "member5": {
        "max(u)": 0.41133800722990455,
        "max(v)": 0.9652620301529923,
        "max(length)": 0.8008548103269925,
        "num(pathline)": 0.60292238897786,
        "min(distant)": 0.08989799796215137
    },
    "member6": {
        "max(u)": 0.41133800722990455,
        "max(v)": 0.9652620301529923,
        "max(length)": 0.8008548103269925,
        "num(pathline)": 0.60292238897786,
        "min(distant)": 0.08989799796215137
    },
    "member7": {
        "max(u)": 0.41133800722990455,
        "max(v)": 0.9652620301529923,
        "max(length)": 0.8008548103269925,
        "num(pathline)": 0.60292238897786,
        "min(distant)": 0.08989799796215137
    },
    "member8": {
        "max(u)": 0.41133800722990455,
        "max(v)": 0.9652620301529923,
        "max(length)": 0.8008548103269925,
        "num(pathline)": 0.60292238897786,
        "min(distant)": 0.08989799796215137
    },
    "member9": {
        "max(u)": 0.41133800722990455,
        "max(v)": 0.9652620301529923,
        "max(length)": 0.8008548103269925,
        "num(pathline)": 0.60292238897786,
        "min(distant)": 0.08989799796215137
    },
    "member10": {
        "max(u)": 0.41133800722990455,
        "max(v)": 0.9652620301529923,
        "max(length)": 0.8008548103269925,
        "num(pathline)": 0.60292238897786,
        "min(distant)": 0.08989799796215137
    },
    "member11": {
        "max(u)": 0.41133800722990455,
        "max(v)": 0.9652620301529923,
        "max(length)": 0.8008548103269925,
        "num(pathline)": 0.60292238897786,
        "min(distant)": 0.08989799796215137
    },
    "member12": {
        "max(u)": 0.41133800722990455,
        "max(v)": 0.9652620301529923,
        "max(length)": 0.8008548103269925,
        "num(pathline)": 0.60292238897786,
        "min(distant)": 0.08989799796215137
    },
    "member13": {
        "max(u)": 0.41133800722990455,
        "max(v)": 0.9652620301529923,
        "max(length)": 0.8008548103269925,
        "num(pathline)": 0.60292238897786,
        "min(distant)": 0.08989799796215137
    },
    "member14": {
        "max(u)": 0.41133800722990455,
        "max(v)": 0.9652620301529923,
        "max(length)": 0.8008548103269925,
        "num(pathline)": 0.60292238897786,
        "min(distant)": 0.08989799796215137
    },
    "member15": {
        "max(u)": 0.41133800722990455,
        "max(v)": 0.9652620301529923,
        "max(length)": 0.8008548103269925,
        "num(pathline)": 0.60292238897786,
        "min(distant)": 0.08989799796215137
    },
    "member16": {
        "max(u)": 0.41133800722990455,
        "max(v)": 0.9652620301529923,
        "max(length)": 0.8008548103269925,
        "num(pathline)": 0.60292238897786,
        "min(distant)": 0.08989799796215137
    },
    "member17": {
        "max(u)": 0.41133800722990455,
        "max(v)": 0.9652620301529923,
        "max(length)": 0.8008548103269925,
        "num(pathline)": 0.60292238897786,
        "min(distant)": 0.08989799796215137
    },
    "member18": {
        "max(u)": 0.41133800722990455,
        "max(v)": 0.9652620301529923,
        "max(length)": 0.8008548103269925,
        "num(pathline)": 0.60292238897786,
        "min(distant)": 0.08989799796215137
    },
    "member19": {
        "max(u)": 0.41133800722990455,
        "max(v)": 0.9652620301529923,
        "max(length)": 0.8008548103269925,
        "num(pathline)": 0.60292238897786,
        "min(distant)": 0.08989799796215137
    },
    "member20": {
        "max(u)": 0.41133800722990455,
        "max(v)": 0.9652620301529923,
        "max(length)": 0.8008548103269925,
        "num(pathline)": 0.60292238897786,
        "min(distant)": 0.08989799796215137
    }
}