{
    "member1": {
        "max(u)": 0.3404535382342089,
        "max(v)": 0.8853401563468739,
        "max(length)": 0.23136217805159898,
        "num(pathline)": 0.3288229727564308,
        "min(distant)": 0.24701792850060034
    },
    "member2": {
        "max(u)": 0.3404535382342089,
        "max(v)": 0.8853401563468739,
        "max(length)": 0.23136217805159898,
        "num(pathline)": 0.3288229727564308,
        "min(distant)": 0.24701792850060034
    },
    "member3": {
        "max(u)": 0.3404535382342089,
        "max(v)": 0.8853401563468739,
        "max(length)": 0.23136217805159898,
        "num(pathline)": 0.3288229727564308,
        "min(distant)": 0.24701792850060034
    },
    "member4": {
        "max(u)": 0.3404535382342089,
        "max(v)": 0.8853401563468739,
        "max(length)": 0.23136217805159898,
        "num(pathline)": 0.3288229727564308,
        "min(distant)": 0.24701792850060034
    },
    "member5": {
        "max(u)": 0.3404535382342089,
        "max(v)": 0.8853401563468739,
        "max(length)": 0.23136217805159898,
        "num(pathline)": 0.3288229727564308,
        "min(distant)": 0.24701792850060034
    },
    "member6": {
        "max(u)": 0.3404535382342089,
        "max(v)": 0.8853401563468739,
        "max(length)": 0.23136217805159898,
        "num(pathline)": 0.3288229727564308,
        "min(distant)": 0.24701792850060034
    },
    "member7": {
        "max(u)": 0.3404535382342089,
        "max(v)": 0.8853401563468739,
        "max(length)": 0.23136217805159898,
        "num(pathline)": 0.3288229727564308,
        "min(distant)": 0.24701792850060034
    },
    "member8": {
        "max(u)": 0.3404535382342089,
        "max(v)": 0.8853401563468739,
        "max(length)": 0.23136217805159898,
        "num(pathline)": 0.3288229727564308,
        "min(distant)": 0.24701792850060034
    },
    "member9": {
        "max(u)": 0.3404535382342089,
        "max(v)": 0.8853401563468739,
        "max(length)": 0.23136217805159898,
        "num(pathline)": 0.3288229727564308,
        "min(distant)": 0.24701792850060034
    },
    "member10": {
        "max(u)": 0.3404535382342089,
        "max(v)": 0.8853401563468739,
        "max(length)": 0.23136217805159898,
        "num(pathline)": 0.3288229727564308,
        "min(distant)": 0.24701792850060034
    },
    "member11": {
        "max(u)": 0.3404535382342089,
        "max(v)": 0.8853401563468739,
        "max(length)": 0.23136217805159898,
        "num(pathline)": 0.3288229727564308,
        "min(distant)": 0.24701792850060034
    },
    "member12": {
        "max(u)": 0.3404535382342089,
        "max(v)": 0.8853401563468739,
        "max(length)": 0.23136217805159898,
        "num(pathline)": 0.3288229727564308,
        "min(distant)": 0.24701792850060034
    },
    "member13": {
        "max(u)": 0.3404535382342089,
        "max(v)": 0.8853401563468739,
        "max(length)": 0.23136217805159898,
        "num(pathline)": 0.3288229727564308,
        "min(distant)": 0.24701792850060034
    },
    "member14": {
        "max(u)": 0.3404535382342089,
        "max(v)": 0.8853401563468739,
        "max(length)": 0.23136217805159898,
        "num(pathline)": 0.3288229727564308,
        "min(distant)": 0.24701792850060034
    },
    "member15": {
        "max(u)": 0.3404535382342089,
        "max(v)": 0.8853401563468739,
        "max(length)": 0.23136217805159898,
        "num(pathline)": 0.3288229727564308,
        "min(distant)": 0.24701792850060034
    },
    "member16": {
        "max(u)": 0.3404535382342089,
        "max(v)": 0.8853401563468739,
        "max(length)": 0.23136217805159898,
        "num(pathline)": 0.3288229727564308,
        "min(distant)": 0.24701792850060034
    },
    "member17": {
        "max(u)": 0.3404535382342089,
        "max(v)": 0.8853401563468739,
        "max(length)": 0.23136217805159898,
        "num(pathline)": 0.3288229727564308,
        "min(distant)": 0.24701792850060034
    },
    "member18": {
        "max(u)": 0.3404535382342089,
        "max(v)": 0.8853401563468739,
        "max(length)": 0.23136217805159898,
        "num(pathline)": 0.3288229727564308,
        "min(distant)": 0.24701792850060034
    },
    "member19": {
        "max(u)": 0.3404535382342089,
        "max(v)": 0.8853401563468739,
        "max(length)": 0.23136217805159898,
        "num(pathline)": 0.3288229727564308,
        "min(distant)": 0.24701792850060034
    },
    "member20": {
        "max(u)": 0.3404535382342089,
        "max(v)": 0.8853401563468739,
        "max(length)": 0.23136217805159898,
        "num(pathline)": 0.3288229727564308,
        "min(distant)": 0.24701792850060034
    }
}