{
    "member1": {
        "max(u)": 0.9649732220373322,
        "max(v)": 0.7723878677035787,
        "max(length)": 0.29823878645601876,
        "num(pathline)": 0.5170261012565555,
        "min(distant)": 0.9815185379209245
    },
    "member2": {
        "max(u)": 0.9649732220373322,
        "max(v)": 0.7723878677035787,
        "max(length)": 0.29823878645601876,
        "num(pathline)": 0.5170261012565555,
        "min(distant)": 0.9815185379209245
    },
    "member3": {
        "max(u)": 0.9649732220373322,
        "max(v)": 0.7723878677035787,
        "max(length)": 0.29823878645601876,
        "num(pathline)": 0.5170261012565555,
        "min(distant)": 0.9815185379209245
    },
    "member4": {
        "max(u)": 0.9649732220373322,
        "max(v)": 0.7723878677035787,
        "max(length)": 0.29823878645601876,
        "num(pathline)": 0.5170261012565555,
        "min(distant)": 0.9815185379209245
    },
    "member5": {
        "max(u)": 0.9649732220373322,
        "max(v)": 0.7723878677035787,
        "max(length)": 0.29823878645601876,
        "num(pathline)": 0.5170261012565555,
        "min(distant)": 0.9815185379209245
    },
    "member6": {
        "max(u)": 0.9649732220373322,
        "max(v)": 0.7723878677035787,
        "max(length)": 0.29823878645601876,
        "num(pathline)": 0.5170261012565555,
        "min(distant)": 0.9815185379209245
    },
    "member7": {
        "max(u)": 0.9649732220373322,
        "max(v)": 0.7723878677035787,
        "max(length)": 0.29823878645601876,
        "num(pathline)": 0.5170261012565555,
        "min(distant)": 0.9815185379209245
    },
    "member8": {
        "max(u)": 0.9649732220373322,
        "max(v)": 0.7723878677035787,
        "max(length)": 0.29823878645601876,
        "num(pathline)": 0.5170261012565555,
        "min(distant)": 0.9815185379209245
    },
    "member9": {
        "max(u)": 0.9649732220373322,
        "max(v)": 0.7723878677035787,
        "max(length)": 0.29823878645601876,
        "num(pathline)": 0.5170261012565555,
        "min(distant)": 0.9815185379209245
    },
    "member10": {
        "max(u)": 0.9649732220373322,
        "max(v)": 0.7723878677035787,
        "max(length)": 0.29823878645601876,
        "num(pathline)": 0.5170261012565555,
        "min(distant)": 0.9815185379209245
    },
    "member11": {
        "max(u)": 0.9649732220373322,
        "max(v)": 0.7723878677035787,
        "max(length)": 0.29823878645601876,
        "num(pathline)": 0.5170261012565555,
        "min(distant)": 0.9815185379209245
    },
    "member12": {
        "max(u)": 0.9649732220373322,
        "max(v)": 0.7723878677035787,
        "max(length)": 0.29823878645601876,
        "num(pathline)": 0.5170261012565555,
        "min(distant)": 0.9815185379209245
    },
    "member13": {
        "max(u)": 0.9649732220373322,
        "max(v)": 0.7723878677035787,
        "max(length)": 0.29823878645601876,
        "num(pathline)": 0.5170261012565555,
        "min(distant)": 0.9815185379209245
    },
    "member14": {
        "max(u)": 0.9649732220373322,
        "max(v)": 0.7723878677035787,
        "max(length)": 0.29823878645601876,
        "num(pathline)": 0.5170261012565555,
        "min(distant)": 0.9815185379209245
    },
    "member15": {
        "max(u)": 0.9649732220373322,
        "max(v)": 0.7723878677035787,
        "max(length)": 0.29823878645601876,
        "num(pathline)": 0.5170261012565555,
        "min(distant)": 0.9815185379209245
    },
    "member16": {
        "max(u)": 0.9649732220373322,
        "max(v)": 0.7723878677035787,
        "max(length)": 0.29823878645601876,
        "num(pathline)": 0.5170261012565555,
        "min(distant)": 0.9815185379209245
    },
    "member17": {
        "max(u)": 0.9649732220373322,
        "max(v)": 0.7723878677035787,
        "max(length)": 0.29823878645601876,
        "num(pathline)": 0.5170261012565555,
        "min(distant)": 0.9815185379209245
    },
    "member18": {
        "max(u)": 0.9649732220373322,
        "max(v)": 0.7723878677035787,
        "max(length)": 0.29823878645601876,
        "num(pathline)": 0.5170261012565555,
        "min(distant)": 0.9815185379209245
    },
    "member19": {
        "max(u)": 0.9649732220373322,
        "max(v)": 0.7723878677035787,
        "max(length)": 0.29823878645601876,
        "num(pathline)": 0.5170261012565555,
        "min(distant)": 0.9815185379209245
    },
    "member20": {
        "max(u)": 0.9649732220373322,
        "max(v)": 0.7723878677035787,
        "max(length)": 0.29823878645601876,
        "num(pathline)": 0.5170261012565555,
        "min(distant)": 0.9815185379209245
    }
}