{
    "member1": {
        "max(u)": 0.25343319007562926,
        "max(v)": 0.9550511622254697,
        "max(length)": 0.9526999213174213,
        "num(pathline)": 0.8531196681789002,
        "min(distant)": 0.5983812695174189
    },
    "member2": {
        "max(u)": 0.25343319007562926,
        "max(v)": 0.9550511622254697,
        "max(length)": 0.9526999213174213,
        "num(pathline)": 0.8531196681789002,
        "min(distant)": 0.5983812695174189
    },
    "member3": {
        "max(u)": 0.25343319007562926,
        "max(v)": 0.9550511622254697,
        "max(length)": 0.9526999213174213,
        "num(pathline)": 0.8531196681789002,
        "min(distant)": 0.5983812695174189
    },
    "member4": {
        "max(u)": 0.25343319007562926,
        "max(v)": 0.9550511622254697,
        "max(length)": 0.9526999213174213,
        "num(pathline)": 0.8531196681789002,
        "min(distant)": 0.5983812695174189
    },
    "member5": {
        "max(u)": 0.25343319007562926,
        "max(v)": 0.9550511622254697,
        "max(length)": 0.9526999213174213,
        "num(pathline)": 0.8531196681789002,
        "min(distant)": 0.5983812695174189
    },
    "member6": {
        "max(u)": 0.25343319007562926,
        "max(v)": 0.9550511622254697,
        "max(length)": 0.9526999213174213,
        "num(pathline)": 0.8531196681789002,
        "min(distant)": 0.5983812695174189
    },
    "member7": {
        "max(u)": 0.25343319007562926,
        "max(v)": 0.9550511622254697,
        "max(length)": 0.9526999213174213,
        "num(pathline)": 0.8531196681789002,
        "min(distant)": 0.5983812695174189
    },
    "member8": {
        "max(u)": 0.25343319007562926,
        "max(v)": 0.9550511622254697,
        "max(length)": 0.9526999213174213,
        "num(pathline)": 0.8531196681789002,
        "min(distant)": 0.5983812695174189
    },
    "member9": {
        "max(u)": 0.25343319007562926,
        "max(v)": 0.9550511622254697,
        "max(length)": 0.9526999213174213,
        "num(pathline)": 0.8531196681789002,
        "min(distant)": 0.5983812695174189
    },
    "member10": {
        "max(u)": 0.25343319007562926,
        "max(v)": 0.9550511622254697,
        "max(length)": 0.9526999213174213,
        "num(pathline)": 0.8531196681789002,
        "min(distant)": 0.5983812695174189
    },
    "member11": {
        "max(u)": 0.25343319007562926,
        "max(v)": 0.9550511622254697,
        "max(length)": 0.9526999213174213,
        "num(pathline)": 0.8531196681789002,
        "min(distant)": 0.5983812695174189
    },
    "member12": {
        "max(u)": 0.25343319007562926,
        "max(v)": 0.9550511622254697,
        "max(length)": 0.9526999213174213,
        "num(pathline)": 0.8531196681789002,
        "min(distant)": 0.5983812695174189
    },
    "member13": {
        "max(u)": 0.25343319007562926,
        "max(v)": 0.9550511622254697,
        "max(length)": 0.9526999213174213,
        "num(pathline)": 0.8531196681789002,
        "min(distant)": 0.5983812695174189
    },
    "member14": {
        "max(u)": 0.25343319007562926,
        "max(v)": 0.9550511622254697,
        "max(length)": 0.9526999213174213,
        "num(pathline)": 0.8531196681789002,
        "min(distant)": 0.5983812695174189
    },
    "member15": {
        "max(u)": 0.25343319007562926,
        "max(v)": 0.9550511622254697,
        "max(length)": 0.9526999213174213,
        "num(pathline)": 0.8531196681789002,
        "min(distant)": 0.5983812695174189
    },
    "member16": {
        "max(u)": 0.25343319007562926,
        "max(v)": 0.9550511622254697,
        "max(length)": 0.9526999213174213,
        "num(pathline)": 0.8531196681789002,
        "min(distant)": 0.5983812695174189
    },
    "member17": {
        "max(u)": 0.25343319007562926,
        "max(v)": 0.9550511622254697,
        "max(length)": 0.9526999213174213,
        "num(pathline)": 0.8531196681789002,
        "min(distant)": 0.5983812695174189
    },
    "member18": {
        "max(u)": 0.25343319007562926,
        "max(v)": 0.9550511622254697,
        "max(length)": 0.9526999213174213,
        "num(pathline)": 0.8531196681789002,
        "min(distant)": 0.5983812695174189
    },
    "member19": {
        "max(u)": 0.25343319007562926,
        "max(v)": 0.9550511622254697,
        "max(length)": 0.9526999213174213,
        "num(pathline)": 0.8531196681789002,
        "min(distant)": 0.5983812695174189
    },
    "member20": {
        "max(u)": 0.25343319007562926,
        "max(v)": 0.9550511622254697,
        "max(length)": 0.9526999213174213,
        "num(pathline)": 0.8531196681789002,
        "min(distant)": 0.5983812695174189
    }
}