{
    "member1": {
        "max(u)": 0.2638852474991399,
        "max(v)": 0.678653084372291,
        "max(length)": 0.9175059306181563,
        "num(pathline)": 0.11435456921059961,
        "min(distant)": 0.6225766223473108
    },
    "member2": {
        "max(u)": 0.2638852474991399,
        "max(v)": 0.678653084372291,
        "max(length)": 0.9175059306181563,
        "num(pathline)": 0.11435456921059961,
        "min(distant)": 0.6225766223473108
    },
    "member3": {
        "max(u)": 0.2638852474991399,
        "max(v)": 0.678653084372291,
        "max(length)": 0.9175059306181563,
        "num(pathline)": 0.11435456921059961,
        "min(distant)": 0.6225766223473108
    },
    "member4": {
        "max(u)": 0.2638852474991399,
        "max(v)": 0.678653084372291,
        "max(length)": 0.9175059306181563,
        "num(pathline)": 0.11435456921059961,
        "min(distant)": 0.6225766223473108
    },
    "member5": {
        "max(u)": 0.2638852474991399,
        "max(v)": 0.678653084372291,
        "max(length)": 0.9175059306181563,
        "num(pathline)": 0.11435456921059961,
        "min(distant)": 0.6225766223473108
    },
    "member6": {
        "max(u)": 0.2638852474991399,
        "max(v)": 0.678653084372291,
        "max(length)": 0.9175059306181563,
        "num(pathline)": 0.11435456921059961,
        "min(distant)": 0.6225766223473108
    },
    "member7": {
        "max(u)": 0.2638852474991399,
        "max(v)": 0.678653084372291,
        "max(length)": 0.9175059306181563,
        "num(pathline)": 0.11435456921059961,
        "min(distant)": 0.6225766223473108
    },
    "member8": {
        "max(u)": 0.2638852474991399,
        "max(v)": 0.678653084372291,
        "max(length)": 0.9175059306181563,
        "num(pathline)": 0.11435456921059961,
        "min(distant)": 0.6225766223473108
    },
    "member9": {
        "max(u)": 0.2638852474991399,
        "max(v)": 0.678653084372291,
        "max(length)": 0.9175059306181563,
        "num(pathline)": 0.11435456921059961,
        "min(distant)": 0.6225766223473108
    },
    "member10": {
        "max(u)": 0.2638852474991399,
        "max(v)": 0.678653084372291,
        "max(length)": 0.9175059306181563,
        "num(pathline)": 0.11435456921059961,
        "min(distant)": 0.6225766223473108
    },
    "member11": {
        "max(u)": 0.2638852474991399,
        "max(v)": 0.678653084372291,
        "max(length)": 0.9175059306181563,
        "num(pathline)": 0.11435456921059961,
        "min(distant)": 0.6225766223473108
    },
    "member12": {
        "max(u)": 0.2638852474991399,
        "max(v)": 0.678653084372291,
        "max(length)": 0.9175059306181563,
        "num(pathline)": 0.11435456921059961,
        "min(distant)": 0.6225766223473108
    },
    "member13": {
        "max(u)": 0.2638852474991399,
        "max(v)": 0.678653084372291,
        "max(length)": 0.9175059306181563,
        "num(pathline)": 0.11435456921059961,
        "min(distant)": 0.6225766223473108
    },
    "member14": {
        "max(u)": 0.2638852474991399,
        "max(v)": 0.678653084372291,
        "max(length)": 0.9175059306181563,
        "num(pathline)": 0.11435456921059961,
        "min(distant)": 0.6225766223473108
    },
    "member15": {
        "max(u)": 0.2638852474991399,
        "max(v)": 0.678653084372291,
        "max(length)": 0.9175059306181563,
        "num(pathline)": 0.11435456921059961,
        "min(distant)": 0.6225766223473108
    },
    "member16": {
        "max(u)": 0.2638852474991399,
        "max(v)": 0.678653084372291,
        "max(length)": 0.9175059306181563,
        "num(pathline)": 0.11435456921059961,
        "min(distant)": 0.6225766223473108
    },
    "member17": {
        "max(u)": 0.2638852474991399,
        "max(v)": 0.678653084372291,
        "max(length)": 0.9175059306181563,
        "num(pathline)": 0.11435456921059961,
        "min(distant)": 0.6225766223473108
    },
    "member18": {
        "max(u)": 0.2638852474991399,
        "max(v)": 0.678653084372291,
        "max(length)": 0.9175059306181563,
        "num(pathline)": 0.11435456921059961,
        "min(distant)": 0.6225766223473108
    },
    "member19": {
        "max(u)": 0.2638852474991399,
        "max(v)": 0.678653084372291,
        "max(length)": 0.9175059306181563,
        "num(pathline)": 0.11435456921059961,
        "min(distant)": 0.6225766223473108
    },
    "member20": {
        "max(u)": 0.2638852474991399,
        "max(v)": 0.678653084372291,
        "max(length)": 0.9175059306181563,
        "num(pathline)": 0.11435456921059961,
        "min(distant)": 0.6225766223473108
    }
}