{
    "member1": {
        "max(u)": 0.8186608891797789,
        "max(v)": 0.9876837406658191,
        "max(length)": 0.4988796812077477,
        "num(pathline)": 0.41011140255542755,
        "min(distant)": 0.09387916315890554
    },
    "member2": {
        "max(u)": 0.8186608891797789,
        "max(v)": 0.9876837406658191,
        "max(length)": 0.4988796812077477,
        "num(pathline)": 0.41011140255542755,
        "min(distant)": 0.09387916315890554
    },
    "member3": {
        "max(u)": 0.8186608891797789,
        "max(v)": 0.9876837406658191,
        "max(length)": 0.4988796812077477,
        "num(pathline)": 0.41011140255542755,
        "min(distant)": 0.09387916315890554
    },
    "member4": {
        "max(u)": 0.8186608891797789,
        "max(v)": 0.9876837406658191,
        "max(length)": 0.4988796812077477,
        "num(pathline)": 0.41011140255542755,
        "min(distant)": 0.09387916315890554
    },
    "member5": {
        "max(u)": 0.8186608891797789,
        "max(v)": 0.9876837406658191,
        "max(length)": 0.4988796812077477,
        "num(pathline)": 0.41011140255542755,
        "min(distant)": 0.09387916315890554
    },
    "member6": {
        "max(u)": 0.8186608891797789,
        "max(v)": 0.9876837406658191,
        "max(length)": 0.4988796812077477,
        "num(pathline)": 0.41011140255542755,
        "min(distant)": 0.09387916315890554
    },
    "member7": {
        "max(u)": 0.8186608891797789,
        "max(v)": 0.9876837406658191,
        "max(length)": 0.4988796812077477,
        "num(pathline)": 0.41011140255542755,
        "min(distant)": 0.09387916315890554
    },
    "member8": {
        "max(u)": 0.8186608891797789,
        "max(v)": 0.9876837406658191,
        "max(length)": 0.4988796812077477,
        "num(pathline)": 0.41011140255542755,
        "min(distant)": 0.09387916315890554
    },
    "member9": {
        "max(u)": 0.8186608891797789,
        "max(v)": 0.9876837406658191,
        "max(length)": 0.4988796812077477,
        "num(pathline)": 0.41011140255542755,
        "min(distant)": 0.09387916315890554
    },
    "member10": {
        "max(u)": 0.8186608891797789,
        "max(v)": 0.9876837406658191,
        "max(length)": 0.4988796812077477,
        "num(pathline)": 0.41011140255542755,
        "min(distant)": 0.09387916315890554
    },
    "member11": {
        "max(u)": 0.8186608891797789,
        "max(v)": 0.9876837406658191,
        "max(length)": 0.4988796812077477,
        "num(pathline)": 0.41011140255542755,
        "min(distant)": 0.09387916315890554
    },
    "member12": {
        "max(u)": 0.8186608891797789,
        "max(v)": 0.9876837406658191,
        "max(length)": 0.4988796812077477,
        "num(pathline)": 0.41011140255542755,
        "min(distant)": 0.09387916315890554
    },
    "member13": {
        "max(u)": 0.8186608891797789,
        "max(v)": 0.9876837406658191,
        "max(length)": 0.4988796812077477,
        "num(pathline)": 0.41011140255542755,
        "min(distant)": 0.09387916315890554
    },
    "member14": {
        "max(u)": 0.8186608891797789,
        "max(v)": 0.9876837406658191,
        "max(length)": 0.4988796812077477,
        "num(pathline)": 0.41011140255542755,
        "min(distant)": 0.09387916315890554
    },
    "member15": {
        "max(u)": 0.8186608891797789,
        "max(v)": 0.9876837406658191,
        "max(length)": 0.4988796812077477,
        "num(pathline)": 0.41011140255542755,
        "min(distant)": 0.09387916315890554
    },
    "member16": {
        "max(u)": 0.8186608891797789,
        "max(v)": 0.9876837406658191,
        "max(length)": 0.4988796812077477,
        "num(pathline)": 0.41011140255542755,
        "min(distant)": 0.09387916315890554
    },
    "member17": {
        "max(u)": 0.8186608891797789,
        "max(v)": 0.9876837406658191,
        "max(length)": 0.4988796812077477,
        "num(pathline)": 0.41011140255542755,
        "min(distant)": 0.09387916315890554
    },
    "member18": {
        "max(u)": 0.8186608891797789,
        "max(v)": 0.9876837406658191,
        "max(length)": 0.4988796812077477,
        "num(pathline)": 0.41011140255542755,
        "min(distant)": 0.09387916315890554
    },
    "member19": {
        "max(u)": 0.8186608891797789,
        "max(v)": 0.9876837406658191,
        "max(length)": 0.4988796812077477,
        "num(pathline)": 0.41011140255542755,
        "min(distant)": 0.09387916315890554
    },
    "member20": {
        "max(u)": 0.8186608891797789,
        "max(v)": 0.9876837406658191,
        "max(length)": 0.4988796812077477,
        "num(pathline)": 0.41011140255542755,
        "min(distant)": 0.09387916315890554
    }
}