{
    "member1": {
        "max(u)": 0.4431689036437396,
        "max(v)": 0.974636180181847,
        "max(length)": 0.759017265625787,
        "num(pathline)": 0.8838032627761404,
        "min(distant)": 0.26707957597188114
    },
    "member2": {
        "max(u)": 0.4431689036437396,
        "max(v)": 0.974636180181847,
        "max(length)": 0.759017265625787,
        "num(pathline)": 0.8838032627761404,
        "min(distant)": 0.26707957597188114
    },
    "member3": {
        "max(u)": 0.4431689036437396,
        "max(v)": 0.974636180181847,
        "max(length)": 0.759017265625787,
        "num(pathline)": 0.8838032627761404,
        "min(distant)": 0.26707957597188114
    },
    "member4": {
        "max(u)": 0.4431689036437396,
        "max(v)": 0.974636180181847,
        "max(length)": 0.759017265625787,
        "num(pathline)": 0.8838032627761404,
        "min(distant)": 0.26707957597188114
    },
    "member5": {
        "max(u)": 0.4431689036437396,
        "max(v)": 0.974636180181847,
        "max(length)": 0.759017265625787,
        "num(pathline)": 0.8838032627761404,
        "min(distant)": 0.26707957597188114
    },
    "member6": {
        "max(u)": 0.4431689036437396,
        "max(v)": 0.974636180181847,
        "max(length)": 0.759017265625787,
        "num(pathline)": 0.8838032627761404,
        "min(distant)": 0.26707957597188114
    },
    "member7": {
        "max(u)": 0.4431689036437396,
        "max(v)": 0.974636180181847,
        "max(length)": 0.759017265625787,
        "num(pathline)": 0.8838032627761404,
        "min(distant)": 0.26707957597188114
    },
    "member8": {
        "max(u)": 0.4431689036437396,
        "max(v)": 0.974636180181847,
        "max(length)": 0.759017265625787,
        "num(pathline)": 0.8838032627761404,
        "min(distant)": 0.26707957597188114
    },
    "member9": {
        "max(u)": 0.4431689036437396,
        "max(v)": 0.974636180181847,
        "max(length)": 0.759017265625787,
        "num(pathline)": 0.8838032627761404,
        "min(distant)": 0.26707957597188114
    },
    "member10": {
        "max(u)": 0.4431689036437396,
        "max(v)": 0.974636180181847,
        "max(length)": 0.759017265625787,
        "num(pathline)": 0.8838032627761404,
        "min(distant)": 0.26707957597188114
    },
    "member11": {
        "max(u)": 0.4431689036437396,
        "max(v)": 0.974636180181847,
        "max(length)": 0.759017265625787,
        "num(pathline)": 0.8838032627761404,
        "min(distant)": 0.26707957597188114
    },
    "member12": {
        "max(u)": 0.4431689036437396,
        "max(v)": 0.974636180181847,
        "max(length)": 0.759017265625787,
        "num(pathline)": 0.8838032627761404,
        "min(distant)": 0.26707957597188114
    },
    "member13": {
        "max(u)": 0.4431689036437396,
        "max(v)": 0.974636180181847,
        "max(length)": 0.759017265625787,
        "num(pathline)": 0.8838032627761404,
        "min(distant)": 0.26707957597188114
    },
    "member14": {
        "max(u)": 0.4431689036437396,
        "max(v)": 0.974636180181847,
        "max(length)": 0.759017265625787,
        "num(pathline)": 0.8838032627761404,
        "min(distant)": 0.26707957597188114
    },
    "member15": {
        "max(u)": 0.4431689036437396,
        "max(v)": 0.974636180181847,
        "max(length)": 0.759017265625787,
        "num(pathline)": 0.8838032627761404,
        "min(distant)": 0.26707957597188114
    },
    "member16": {
        "max(u)": 0.4431689036437396,
        "max(v)": 0.974636180181847,
        "max(length)": 0.759017265625787,
        "num(pathline)": 0.8838032627761404,
        "min(distant)": 0.26707957597188114
    },
    "member17": {
        "max(u)": 0.4431689036437396,
        "max(v)": 0.974636180181847,
        "max(length)": 0.759017265625787,
        "num(pathline)": 0.8838032627761404,
        "min(distant)": 0.26707957597188114
    },
    "member18": {
        "max(u)": 0.4431689036437396,
        "max(v)": 0.974636180181847,
        "max(length)": 0.759017265625787,
        "num(pathline)": 0.8838032627761404,
        "min(distant)": 0.26707957597188114
    },
    "member19": {
        "max(u)": 0.4431689036437396,
        "max(v)": 0.974636180181847,
        "max(length)": 0.759017265625787,
        "num(pathline)": 0.8838032627761404,
        "min(distant)": 0.26707957597188114
    },
    "member20": {
        "max(u)": 0.4431689036437396,
        "max(v)": 0.974636180181847,
        "max(length)": 0.759017265625787,
        "num(pathline)": 0.8838032627761404,
        "min(distant)": 0.26707957597188114
    }
}