{
    "member1": {
        "max(u)": 0.24439657374972124,
        "max(v)": 0.7477283724816941,
        "max(length)": 0.95518116675912,
        "num(pathline)": 0.7726807193799143,
        "min(distant)": 0.6729836162552003
    },
    "member2": {
        "max(u)": 0.24439657374972124,
        "max(v)": 0.7477283724816941,
        "max(length)": 0.95518116675912,
        "num(pathline)": 0.7726807193799143,
        "min(distant)": 0.6729836162552003
    },
    "member3": {
        "max(u)": 0.24439657374972124,
        "max(v)": 0.7477283724816941,
        "max(length)": 0.95518116675912,
        "num(pathline)": 0.7726807193799143,
        "min(distant)": 0.6729836162552003
    },
    "member4": {
        "max(u)": 0.24439657374972124,
        "max(v)": 0.7477283724816941,
        "max(length)": 0.95518116675912,
        "num(pathline)": 0.7726807193799143,
        "min(distant)": 0.6729836162552003
    },
    "member5": {
        "max(u)": 0.24439657374972124,
        "max(v)": 0.7477283724816941,
        "max(length)": 0.95518116675912,
        "num(pathline)": 0.7726807193799143,
        "min(distant)": 0.6729836162552003
    },
    "member6": {
        "max(u)": 0.24439657374972124,
        "max(v)": 0.7477283724816941,
        "max(length)": 0.95518116675912,
        "num(pathline)": 0.7726807193799143,
        "min(distant)": 0.6729836162552003
    },
    "member7": {
        "max(u)": 0.24439657374972124,
        "max(v)": 0.7477283724816941,
        "max(length)": 0.95518116675912,
        "num(pathline)": 0.7726807193799143,
        "min(distant)": 0.6729836162552003
    },
    "member8": {
        "max(u)": 0.24439657374972124,
        "max(v)": 0.7477283724816941,
        "max(length)": 0.95518116675912,
        "num(pathline)": 0.7726807193799143,
        "min(distant)": 0.6729836162552003
    },
    "member9": {
        "max(u)": 0.24439657374972124,
        "max(v)": 0.7477283724816941,
        "max(length)": 0.95518116675912,
        "num(pathline)": 0.7726807193799143,
        "min(distant)": 0.6729836162552003
    },
    "member10": {
        "max(u)": 0.24439657374972124,
        "max(v)": 0.7477283724816941,
        "max(length)": 0.95518116675912,
        "num(pathline)": 0.7726807193799143,
        "min(distant)": 0.6729836162552003
    },
    "member11": {
        "max(u)": 0.24439657374972124,
        "max(v)": 0.7477283724816941,
        "max(length)": 0.95518116675912,
        "num(pathline)": 0.7726807193799143,
        "min(distant)": 0.6729836162552003
    },
    "member12": {
        "max(u)": 0.24439657374972124,
        "max(v)": 0.7477283724816941,
        "max(length)": 0.95518116675912,
        "num(pathline)": 0.7726807193799143,
        "min(distant)": 0.6729836162552003
    },
    "member13": {
        "max(u)": 0.24439657374972124,
        "max(v)": 0.7477283724816941,
        "max(length)": 0.95518116675912,
        "num(pathline)": 0.7726807193799143,
        "min(distant)": 0.6729836162552003
    },
    "member14": {
        "max(u)": 0.24439657374972124,
        "max(v)": 0.7477283724816941,
        "max(length)": 0.95518116675912,
        "num(pathline)": 0.7726807193799143,
        "min(distant)": 0.6729836162552003
    },
    "member15": {
        "max(u)": 0.24439657374972124,
        "max(v)": 0.7477283724816941,
        "max(length)": 0.95518116675912,
        "num(pathline)": 0.7726807193799143,
        "min(distant)": 0.6729836162552003
    },
    "member16": {
        "max(u)": 0.24439657374972124,
        "max(v)": 0.7477283724816941,
        "max(length)": 0.95518116675912,
        "num(pathline)": 0.7726807193799143,
        "min(distant)": 0.6729836162552003
    },
    "member17": {
        "max(u)": 0.24439657374972124,
        "max(v)": 0.7477283724816941,
        "max(length)": 0.95518116675912,
        "num(pathline)": 0.7726807193799143,
        "min(distant)": 0.6729836162552003
    },
    "member18": {
        "max(u)": 0.24439657374972124,
        "max(v)": 0.7477283724816941,
        "max(length)": 0.95518116675912,
        "num(pathline)": 0.7726807193799143,
        "min(distant)": 0.6729836162552003
    },
    "member19": {
        "max(u)": 0.24439657374972124,
        "max(v)": 0.7477283724816941,
        "max(length)": 0.95518116675912,
        "num(pathline)": 0.7726807193799143,
        "min(distant)": 0.6729836162552003
    },
    "member20": {
        "max(u)": 0.24439657374972124,
        "max(v)": 0.7477283724816941,
        "max(length)": 0.95518116675912,
        "num(pathline)": 0.7726807193799143,
        "min(distant)": 0.6729836162552003
    }
}