{
    "member1": {
        "max(u)": 0.20543759848900922,
        "max(v)": 0.9977563562002245,
        "max(length)": 0.05260118114620693,
        "num(pathline)": 0.17779464144593615,
        "min(distant)": 0.22717756969693126
    },
    "member2": {
        "max(u)": 0.20543759848900922,
        "max(v)": 0.9977563562002245,
        "max(length)": 0.05260118114620693,
        "num(pathline)": 0.17779464144593615,
        "min(distant)": 0.22717756969693126
    },
    "member3": {
        "max(u)": 0.20543759848900922,
        "max(v)": 0.9977563562002245,
        "max(length)": 0.05260118114620693,
        "num(pathline)": 0.17779464144593615,
        "min(distant)": 0.22717756969693126
    },
    "member4": {
        "max(u)": 0.20543759848900922,
        "max(v)": 0.9977563562002245,
        "max(length)": 0.05260118114620693,
        "num(pathline)": 0.17779464144593615,
        "min(distant)": 0.22717756969693126
    },
    "member5": {
        "max(u)": 0.20543759848900922,
        "max(v)": 0.9977563562002245,
        "max(length)": 0.05260118114620693,
        "num(pathline)": 0.17779464144593615,
        "min(distant)": 0.22717756969693126
    },
    "member6": {
        "max(u)": 0.20543759848900922,
        "max(v)": 0.9977563562002245,
        "max(length)": 0.05260118114620693,
        "num(pathline)": 0.17779464144593615,
        "min(distant)": 0.22717756969693126
    },
    "member7": {
        "max(u)": 0.20543759848900922,
        "max(v)": 0.9977563562002245,
        "max(length)": 0.05260118114620693,
        "num(pathline)": 0.17779464144593615,
        "min(distant)": 0.22717756969693126
    },
    "member8": {
        "max(u)": 0.20543759848900922,
        "max(v)": 0.9977563562002245,
        "max(length)": 0.05260118114620693,
        "num(pathline)": 0.17779464144593615,
        "min(distant)": 0.22717756969693126
    },
    "member9": {
        "max(u)": 0.20543759848900922,
        "max(v)": 0.9977563562002245,
        "max(length)": 0.05260118114620693,
        "num(pathline)": 0.17779464144593615,
        "min(distant)": 0.22717756969693126
    },
    "member10": {
        "max(u)": 0.20543759848900922,
        "max(v)": 0.9977563562002245,
        "max(length)": 0.05260118114620693,
        "num(pathline)": 0.17779464144593615,
        "min(distant)": 0.22717756969693126
    },
    "member11": {
        "max(u)": 0.20543759848900922,
        "max(v)": 0.9977563562002245,
        "max(length)": 0.05260118114620693,
        "num(pathline)": 0.17779464144593615,
        "min(distant)": 0.22717756969693126
    },
    "member12": {
        "max(u)": 0.20543759848900922,
        "max(v)": 0.9977563562002245,
        "max(length)": 0.05260118114620693,
        "num(pathline)": 0.17779464144593615,
        "min(distant)": 0.22717756969693126
    },
    "member13": {
        "max(u)": 0.20543759848900922,
        "max(v)": 0.9977563562002245,
        "max(length)": 0.05260118114620693,
        "num(pathline)": 0.17779464144593615,
        "min(distant)": 0.22717756969693126
    },
    "member14": {
        "max(u)": 0.20543759848900922,
        "max(v)": 0.9977563562002245,
        "max(length)": 0.05260118114620693,
        "num(pathline)": 0.17779464144593615,
        "min(distant)": 0.22717756969693126
    },
    "member15": {
        "max(u)": 0.20543759848900922,
        "max(v)": 0.9977563562002245,
        "max(length)": 0.05260118114620693,
        "num(pathline)": 0.17779464144593615,
        "min(distant)": 0.22717756969693126
    },
    "member16": {
        "max(u)": 0.20543759848900922,
        "max(v)": 0.9977563562002245,
        "max(length)": 0.05260118114620693,
        "num(pathline)": 0.17779464144593615,
        "min(distant)": 0.22717756969693126
    },
    "member17": {
        "max(u)": 0.20543759848900922,
        "max(v)": 0.9977563562002245,
        "max(length)": 0.05260118114620693,
        "num(pathline)": 0.17779464144593615,
        "min(distant)": 0.22717756969693126
    },
    "member18": {
        "max(u)": 0.20543759848900922,
        "max(v)": 0.9977563562002245,
        "max(length)": 0.05260118114620693,
        "num(pathline)": 0.17779464144593615,
        "min(distant)": 0.22717756969693126
    },
    "member19": {
        "max(u)": 0.20543759848900922,
        "max(v)": 0.9977563562002245,
        "max(length)": 0.05260118114620693,
        "num(pathline)": 0.17779464144593615,
        "min(distant)": 0.22717756969693126
    },
    "member20": {
        "max(u)": 0.20543759848900922,
        "max(v)": 0.9977563562002245,
        "max(length)": 0.05260118114620693,
        "num(pathline)": 0.17779464144593615,
        "min(distant)": 0.22717756969693126
    }
}