{
    "member1": {
        "max(u)": 0.9625634199538905,
        "max(v)": 0.0036912993293116703,
        "max(length)": 0.8089580353504461,
        "num(pathline)": 0.14378252117334955,
        "min(distant)": 0.7982455932095623
    },
    "member2": {
        "max(u)": 0.9625634199538905,
        "max(v)": 0.0036912993293116703,
        "max(length)": 0.8089580353504461,
        "num(pathline)": 0.14378252117334955,
        "min(distant)": 0.7982455932095623
    },
    "member3": {
        "max(u)": 0.9625634199538905,
        "max(v)": 0.0036912993293116703,
        "max(length)": 0.8089580353504461,
        "num(pathline)": 0.14378252117334955,
        "min(distant)": 0.7982455932095623
    },
    "member4": {
        "max(u)": 0.9625634199538905,
        "max(v)": 0.0036912993293116703,
        "max(length)": 0.8089580353504461,
        "num(pathline)": 0.14378252117334955,
        "min(distant)": 0.7982455932095623
    },
    "member5": {
        "max(u)": 0.9625634199538905,
        "max(v)": 0.0036912993293116703,
        "max(length)": 0.8089580353504461,
        "num(pathline)": 0.14378252117334955,
        "min(distant)": 0.7982455932095623
    },
    "member6": {
        "max(u)": 0.9625634199538905,
        "max(v)": 0.0036912993293116703,
        "max(length)": 0.8089580353504461,
        "num(pathline)": 0.14378252117334955,
        "min(distant)": 0.7982455932095623
    },
    "member7": {
        "max(u)": 0.9625634199538905,
        "max(v)": 0.0036912993293116703,
        "max(length)": 0.8089580353504461,
        "num(pathline)": 0.14378252117334955,
        "min(distant)": 0.7982455932095623
    },
    "member8": {
        "max(u)": 0.9625634199538905,
        "max(v)": 0.0036912993293116703,
        "max(length)": 0.8089580353504461,
        "num(pathline)": 0.14378252117334955,
        "min(distant)": 0.7982455932095623
    },
    "member9": {
        "max(u)": 0.9625634199538905,
        "max(v)": 0.0036912993293116703,
        "max(length)": 0.8089580353504461,
        "num(pathline)": 0.14378252117334955,
        "min(distant)": 0.7982455932095623
    },
    "member10": {
        "max(u)": 0.9625634199538905,
        "max(v)": 0.0036912993293116703,
        "max(length)": 0.8089580353504461,
        "num(pathline)": 0.14378252117334955,
        "min(distant)": 0.7982455932095623
    },
    "member11": {
        "max(u)": 0.9625634199538905,
        "max(v)": 0.0036912993293116703,
        "max(length)": 0.8089580353504461,
        "num(pathline)": 0.14378252117334955,
        "min(distant)": 0.7982455932095623
    },
    "member12": {
        "max(u)": 0.9625634199538905,
        "max(v)": 0.0036912993293116703,
        "max(length)": 0.8089580353504461,
        "num(pathline)": 0.14378252117334955,
        "min(distant)": 0.7982455932095623
    },
    "member13": {
        "max(u)": 0.9625634199538905,
        "max(v)": 0.0036912993293116703,
        "max(length)": 0.8089580353504461,
        "num(pathline)": 0.14378252117334955,
        "min(distant)": 0.7982455932095623
    },
    "member14": {
        "max(u)": 0.9625634199538905,
        "max(v)": 0.0036912993293116703,
        "max(length)": 0.8089580353504461,
        "num(pathline)": 0.14378252117334955,
        "min(distant)": 0.7982455932095623
    },
    "member15": {
        "max(u)": 0.9625634199538905,
        "max(v)": 0.0036912993293116703,
        "max(length)": 0.8089580353504461,
        "num(pathline)": 0.14378252117334955,
        "min(distant)": 0.7982455932095623
    },
    "member16": {
        "max(u)": 0.9625634199538905,
        "max(v)": 0.0036912993293116703,
        "max(length)": 0.8089580353504461,
        "num(pathline)": 0.14378252117334955,
        "min(distant)": 0.7982455932095623
    },
    "member17": {
        "max(u)": 0.9625634199538905,
        "max(v)": 0.0036912993293116703,
        "max(length)": 0.8089580353504461,
        "num(pathline)": 0.14378252117334955,
        "min(distant)": 0.7982455932095623
    },
    "member18": {
        "max(u)": 0.9625634199538905,
        "max(v)": 0.0036912993293116703,
        "max(length)": 0.8089580353504461,
        "num(pathline)": 0.14378252117334955,
        "min(distant)": 0.7982455932095623
    },
    "member19": {
        "max(u)": 0.9625634199538905,
        "max(v)": 0.0036912993293116703,
        "max(length)": 0.8089580353504461,
        "num(pathline)": 0.14378252117334955,
        "min(distant)": 0.7982455932095623
    },
    "member20": {
        "max(u)": 0.9625634199538905,
        "max(v)": 0.0036912993293116703,
        "max(length)": 0.8089580353504461,
        "num(pathline)": 0.14378252117334955,
        "min(distant)": 0.7982455932095623
    }
}