{
    "member1": {
        "max(u)": 0.9694835114329031,
        "max(v)": 0.713777297617032,
        "max(length)": 0.00429577034476869,
        "num(pathline)": 0.886714941777994,
        "min(distant)": 0.3387255287943197
    },
    "member2": {
        "max(u)": 0.9694835114329031,
        "max(v)": 0.713777297617032,
        "max(length)": 0.00429577034476869,
        "num(pathline)": 0.886714941777994,
        "min(distant)": 0.3387255287943197
    },
    "member3": {
        "max(u)": 0.9694835114329031,
        "max(v)": 0.713777297617032,
        "max(length)": 0.00429577034476869,
        "num(pathline)": 0.886714941777994,
        "min(distant)": 0.3387255287943197
    },
    "member4": {
        "max(u)": 0.9694835114329031,
        "max(v)": 0.713777297617032,
        "max(length)": 0.00429577034476869,
        "num(pathline)": 0.886714941777994,
        "min(distant)": 0.3387255287943197
    },
    "member5": {
        "max(u)": 0.9694835114329031,
        "max(v)": 0.713777297617032,
        "max(length)": 0.00429577034476869,
        "num(pathline)": 0.886714941777994,
        "min(distant)": 0.3387255287943197
    },
    "member6": {
        "max(u)": 0.9694835114329031,
        "max(v)": 0.713777297617032,
        "max(length)": 0.00429577034476869,
        "num(pathline)": 0.886714941777994,
        "min(distant)": 0.3387255287943197
    },
    "member7": {
        "max(u)": 0.9694835114329031,
        "max(v)": 0.713777297617032,
        "max(length)": 0.00429577034476869,
        "num(pathline)": 0.886714941777994,
        "min(distant)": 0.3387255287943197
    },
    "member8": {
        "max(u)": 0.9694835114329031,
        "max(v)": 0.713777297617032,
        "max(length)": 0.00429577034476869,
        "num(pathline)": 0.886714941777994,
        "min(distant)": 0.3387255287943197
    },
    "member9": {
        "max(u)": 0.9694835114329031,
        "max(v)": 0.713777297617032,
        "max(length)": 0.00429577034476869,
        "num(pathline)": 0.886714941777994,
        "min(distant)": 0.3387255287943197
    },
    "member10": {
        "max(u)": 0.9694835114329031,
        "max(v)": 0.713777297617032,
        "max(length)": 0.00429577034476869,
        "num(pathline)": 0.886714941777994,
        "min(distant)": 0.3387255287943197
    },
    "member11": {
        "max(u)": 0.9694835114329031,
        "max(v)": 0.713777297617032,
        "max(length)": 0.00429577034476869,
        "num(pathline)": 0.886714941777994,
        "min(distant)": 0.3387255287943197
    },
    "member12": {
        "max(u)": 0.9694835114329031,
        "max(v)": 0.713777297617032,
        "max(length)": 0.00429577034476869,
        "num(pathline)": 0.886714941777994,
        "min(distant)": 0.3387255287943197
    },
    "member13": {
        "max(u)": 0.9694835114329031,
        "max(v)": 0.713777297617032,
        "max(length)": 0.00429577034476869,
        "num(pathline)": 0.886714941777994,
        "min(distant)": 0.3387255287943197
    },
    "member14": {
        "max(u)": 0.9694835114329031,
        "max(v)": 0.713777297617032,
        "max(length)": 0.00429577034476869,
        "num(pathline)": 0.886714941777994,
        "min(distant)": 0.3387255287943197
    },
    "member15": {
        "max(u)": 0.9694835114329031,
        "max(v)": 0.713777297617032,
        "max(length)": 0.00429577034476869,
        "num(pathline)": 0.886714941777994,
        "min(distant)": 0.3387255287943197
    },
    "member16": {
        "max(u)": 0.9694835114329031,
        "max(v)": 0.713777297617032,
        "max(length)": 0.00429577034476869,
        "num(pathline)": 0.886714941777994,
        "min(distant)": 0.3387255287943197
    },
    "member17": {
        "max(u)": 0.9694835114329031,
        "max(v)": 0.713777297617032,
        "max(length)": 0.00429577034476869,
        "num(pathline)": 0.886714941777994,
        "min(distant)": 0.3387255287943197
    },
    "member18": {
        "max(u)": 0.9694835114329031,
        "max(v)": 0.713777297617032,
        "max(length)": 0.00429577034476869,
        "num(pathline)": 0.886714941777994,
        "min(distant)": 0.3387255287943197
    },
    "member19": {
        "max(u)": 0.9694835114329031,
        "max(v)": 0.713777297617032,
        "max(length)": 0.00429577034476869,
        "num(pathline)": 0.886714941777994,
        "min(distant)": 0.3387255287943197
    },
    "member20": {
        "max(u)": 0.9694835114329031,
        "max(v)": 0.713777297617032,
        "max(length)": 0.00429577034476869,
        "num(pathline)": 0.886714941777994,
        "min(distant)": 0.3387255287943197
    }
}