{
    "member1": {
        "max(u)": 0.9560213614568835,
        "max(v)": 0.35620476127831413,
        "max(length)": 0.7681459499274164,
        "num(pathline)": 0.7507549849494612,
        "min(distant)": 0.7357953829914307
    },
    "member2": {
        "max(u)": 0.9560213614568835,
        "max(v)": 0.35620476127831413,
        "max(length)": 0.7681459499274164,
        "num(pathline)": 0.7507549849494612,
        "min(distant)": 0.7357953829914307
    },
    "member3": {
        "max(u)": 0.9560213614568835,
        "max(v)": 0.35620476127831413,
        "max(length)": 0.7681459499274164,
        "num(pathline)": 0.7507549849494612,
        "min(distant)": 0.7357953829914307
    },
    "member4": {
        "max(u)": 0.9560213614568835,
        "max(v)": 0.35620476127831413,
        "max(length)": 0.7681459499274164,
        "num(pathline)": 0.7507549849494612,
        "min(distant)": 0.7357953829914307
    },
    "member5": {
        "max(u)": 0.9560213614568835,
        "max(v)": 0.35620476127831413,
        "max(length)": 0.7681459499274164,
        "num(pathline)": 0.7507549849494612,
        "min(distant)": 0.7357953829914307
    },
    "member6": {
        "max(u)": 0.9560213614568835,
        "max(v)": 0.35620476127831413,
        "max(length)": 0.7681459499274164,
        "num(pathline)": 0.7507549849494612,
        "min(distant)": 0.7357953829914307
    },
    "member7": {
        "max(u)": 0.9560213614568835,
        "max(v)": 0.35620476127831413,
        "max(length)": 0.7681459499274164,
        "num(pathline)": 0.7507549849494612,
        "min(distant)": 0.7357953829914307
    },
    "member8": {
        "max(u)": 0.9560213614568835,
        "max(v)": 0.35620476127831413,
        "max(length)": 0.7681459499274164,
        "num(pathline)": 0.7507549849494612,
        "min(distant)": 0.7357953829914307
    },
    "member9": {
        "max(u)": 0.9560213614568835,
        "max(v)": 0.35620476127831413,
        "max(length)": 0.7681459499274164,
        "num(pathline)": 0.7507549849494612,
        "min(distant)": 0.7357953829914307
    },
    "member10": {
        "max(u)": 0.9560213614568835,
        "max(v)": 0.35620476127831413,
        "max(length)": 0.7681459499274164,
        "num(pathline)": 0.7507549849494612,
        "min(distant)": 0.7357953829914307
    },
    "member11": {
        "max(u)": 0.9560213614568835,
        "max(v)": 0.35620476127831413,
        "max(length)": 0.7681459499274164,
        "num(pathline)": 0.7507549849494612,
        "min(distant)": 0.7357953829914307
    },
    "member12": {
        "max(u)": 0.9560213614568835,
        "max(v)": 0.35620476127831413,
        "max(length)": 0.7681459499274164,
        "num(pathline)": 0.7507549849494612,
        "min(distant)": 0.7357953829914307
    },
    "member13": {
        "max(u)": 0.9560213614568835,
        "max(v)": 0.35620476127831413,
        "max(length)": 0.7681459499274164,
        "num(pathline)": 0.7507549849494612,
        "min(distant)": 0.7357953829914307
    },
    "member14": {
        "max(u)": 0.9560213614568835,
        "max(v)": 0.35620476127831413,
        "max(length)": 0.7681459499274164,
        "num(pathline)": 0.7507549849494612,
        "min(distant)": 0.7357953829914307
    },
    "member15": {
        "max(u)": 0.9560213614568835,
        "max(v)": 0.35620476127831413,
        "max(length)": 0.7681459499274164,
        "num(pathline)": 0.7507549849494612,
        "min(distant)": 0.7357953829914307
    },
    "member16": {
        "max(u)": 0.9560213614568835,
        "max(v)": 0.35620476127831413,
        "max(length)": 0.7681459499274164,
        "num(pathline)": 0.7507549849494612,
        "min(distant)": 0.7357953829914307
    },
    "member17": {
        "max(u)": 0.9560213614568835,
        "max(v)": 0.35620476127831413,
        "max(length)": 0.7681459499274164,
        "num(pathline)": 0.7507549849494612,
        "min(distant)": 0.7357953829914307
    },
    "member18": {
        "max(u)": 0.9560213614568835,
        "max(v)": 0.35620476127831413,
        "max(length)": 0.7681459499274164,
        "num(pathline)": 0.7507549849494612,
        "min(distant)": 0.7357953829914307
    },
    "member19": {
        "max(u)": 0.9560213614568835,
        "max(v)": 0.35620476127831413,
        "max(length)": 0.7681459499274164,
        "num(pathline)": 0.7507549849494612,
        "min(distant)": 0.7357953829914307
    },
    "member20": {
        "max(u)": 0.9560213614568835,
        "max(v)": 0.35620476127831413,
        "max(length)": 0.7681459499274164,
        "num(pathline)": 0.7507549849494612,
        "min(distant)": 0.7357953829914307
    }
}