{
    "member1": {
        "max(u)": 0.6973603392549396,
        "max(v)": 0.7361754878717505,
        "max(length)": 0.39436091430291453,
        "num(pathline)": 0.6813417821548773,
        "min(distant)": 0.9492263533143321
    },
    "member2": {
        "max(u)": 0.6973603392549396,
        "max(v)": 0.7361754878717505,
        "max(length)": 0.39436091430291453,
        "num(pathline)": 0.6813417821548773,
        "min(distant)": 0.9492263533143321
    },
    "member3": {
        "max(u)": 0.6973603392549396,
        "max(v)": 0.7361754878717505,
        "max(length)": 0.39436091430291453,
        "num(pathline)": 0.6813417821548773,
        "min(distant)": 0.9492263533143321
    },
    "member4": {
        "max(u)": 0.6973603392549396,
        "max(v)": 0.7361754878717505,
        "max(length)": 0.39436091430291453,
        "num(pathline)": 0.6813417821548773,
        "min(distant)": 0.9492263533143321
    },
    "member5": {
        "max(u)": 0.6973603392549396,
        "max(v)": 0.7361754878717505,
        "max(length)": 0.39436091430291453,
        "num(pathline)": 0.6813417821548773,
        "min(distant)": 0.9492263533143321
    },
    "member6": {
        "max(u)": 0.6973603392549396,
        "max(v)": 0.7361754878717505,
        "max(length)": 0.39436091430291453,
        "num(pathline)": 0.6813417821548773,
        "min(distant)": 0.9492263533143321
    },
    "member7": {
        "max(u)": 0.6973603392549396,
        "max(v)": 0.7361754878717505,
        "max(length)": 0.39436091430291453,
        "num(pathline)": 0.6813417821548773,
        "min(distant)": 0.9492263533143321
    },
    "member8": {
        "max(u)": 0.6973603392549396,
        "max(v)": 0.7361754878717505,
        "max(length)": 0.39436091430291453,
        "num(pathline)": 0.6813417821548773,
        "min(distant)": 0.9492263533143321
    },
    "member9": {
        "max(u)": 0.6973603392549396,
        "max(v)": 0.7361754878717505,
        "max(length)": 0.39436091430291453,
        "num(pathline)": 0.6813417821548773,
        "min(distant)": 0.9492263533143321
    },
    "member10": {
        "max(u)": 0.6973603392549396,
        "max(v)": 0.7361754878717505,
        "max(length)": 0.39436091430291453,
        "num(pathline)": 0.6813417821548773,
        "min(distant)": 0.9492263533143321
    },
    "member11": {
        "max(u)": 0.6973603392549396,
        "max(v)": 0.7361754878717505,
        "max(length)": 0.39436091430291453,
        "num(pathline)": 0.6813417821548773,
        "min(distant)": 0.9492263533143321
    },
    "member12": {
        "max(u)": 0.6973603392549396,
        "max(v)": 0.7361754878717505,
        "max(length)": 0.39436091430291453,
        "num(pathline)": 0.6813417821548773,
        "min(distant)": 0.9492263533143321
    },
    "member13": {
        "max(u)": 0.6973603392549396,
        "max(v)": 0.7361754878717505,
        "max(length)": 0.39436091430291453,
        "num(pathline)": 0.6813417821548773,
        "min(distant)": 0.9492263533143321
    },
    "member14": {
        "max(u)": 0.6973603392549396,
        "max(v)": 0.7361754878717505,
        "max(length)": 0.39436091430291453,
        "num(pathline)": 0.6813417821548773,
        "min(distant)": 0.9492263533143321
    },
    "member15": {
        "max(u)": 0.6973603392549396,
        "max(v)": 0.7361754878717505,
        "max(length)": 0.39436091430291453,
        "num(pathline)": 0.6813417821548773,
        "min(distant)": 0.9492263533143321
    },
    "member16": {
        "max(u)": 0.6973603392549396,
        "max(v)": 0.7361754878717505,
        "max(length)": 0.39436091430291453,
        "num(pathline)": 0.6813417821548773,
        "min(distant)": 0.9492263533143321
    },
    "member17": {
        "max(u)": 0.6973603392549396,
        "max(v)": 0.7361754878717505,
        "max(length)": 0.39436091430291453,
        "num(pathline)": 0.6813417821548773,
        "min(distant)": 0.9492263533143321
    },
    "member18": {
        "max(u)": 0.6973603392549396,
        "max(v)": 0.7361754878717505,
        "max(length)": 0.39436091430291453,
        "num(pathline)": 0.6813417821548773,
        "min(distant)": 0.9492263533143321
    },
    "member19": {
        "max(u)": 0.6973603392549396,
        "max(v)": 0.7361754878717505,
        "max(length)": 0.39436091430291453,
        "num(pathline)": 0.6813417821548773,
        "min(distant)": 0.9492263533143321
    },
    "member20": {
        "max(u)": 0.6973603392549396,
        "max(v)": 0.7361754878717505,
        "max(length)": 0.39436091430291453,
        "num(pathline)": 0.6813417821548773,
        "min(distant)": 0.9492263533143321
    }
}