{
    "member1": {
        "max(u)": 0.9603164322136737,
        "max(v)": 0.5296169719266794,
        "max(length)": 0.12060033409966797,
        "num(pathline)": 0.5770195427718868,
        "min(distant)": 0.6307714525961556
    },
    "member2": {
        "max(u)": 0.9603164322136737,
        "max(v)": 0.5296169719266794,
        "max(length)": 0.12060033409966797,
        "num(pathline)": 0.5770195427718868,
        "min(distant)": 0.6307714525961556
    },
    "member3": {
        "max(u)": 0.9603164322136737,
        "max(v)": 0.5296169719266794,
        "max(length)": 0.12060033409966797,
        "num(pathline)": 0.5770195427718868,
        "min(distant)": 0.6307714525961556
    },
    "member4": {
        "max(u)": 0.9603164322136737,
        "max(v)": 0.5296169719266794,
        "max(length)": 0.12060033409966797,
        "num(pathline)": 0.5770195427718868,
        "min(distant)": 0.6307714525961556
    },
    "member5": {
        "max(u)": 0.9603164322136737,
        "max(v)": 0.5296169719266794,
        "max(length)": 0.12060033409966797,
        "num(pathline)": 0.5770195427718868,
        "min(distant)": 0.6307714525961556
    },
    "member6": {
        "max(u)": 0.9603164322136737,
        "max(v)": 0.5296169719266794,
        "max(length)": 0.12060033409966797,
        "num(pathline)": 0.5770195427718868,
        "min(distant)": 0.6307714525961556
    },
    "member7": {
        "max(u)": 0.9603164322136737,
        "max(v)": 0.5296169719266794,
        "max(length)": 0.12060033409966797,
        "num(pathline)": 0.5770195427718868,
        "min(distant)": 0.6307714525961556
    },
    "member8": {
        "max(u)": 0.9603164322136737,
        "max(v)": 0.5296169719266794,
        "max(length)": 0.12060033409966797,
        "num(pathline)": 0.5770195427718868,
        "min(distant)": 0.6307714525961556
    },
    "member9": {
        "max(u)": 0.9603164322136737,
        "max(v)": 0.5296169719266794,
        "max(length)": 0.12060033409966797,
        "num(pathline)": 0.5770195427718868,
        "min(distant)": 0.6307714525961556
    },
    "member10": {
        "max(u)": 0.9603164322136737,
        "max(v)": 0.5296169719266794,
        "max(length)": 0.12060033409966797,
        "num(pathline)": 0.5770195427718868,
        "min(distant)": 0.6307714525961556
    },
    "member11": {
        "max(u)": 0.9603164322136737,
        "max(v)": 0.5296169719266794,
        "max(length)": 0.12060033409966797,
        "num(pathline)": 0.5770195427718868,
        "min(distant)": 0.6307714525961556
    },
    "member12": {
        "max(u)": 0.9603164322136737,
        "max(v)": 0.5296169719266794,
        "max(length)": 0.12060033409966797,
        "num(pathline)": 0.5770195427718868,
        "min(distant)": 0.6307714525961556
    },
    "member13": {
        "max(u)": 0.9603164322136737,
        "max(v)": 0.5296169719266794,
        "max(length)": 0.12060033409966797,
        "num(pathline)": 0.5770195427718868,
        "min(distant)": 0.6307714525961556
    },
    "member14": {
        "max(u)": 0.9603164322136737,
        "max(v)": 0.5296169719266794,
        "max(length)": 0.12060033409966797,
        "num(pathline)": 0.5770195427718868,
        "min(distant)": 0.6307714525961556
    },
    "member15": {
        "max(u)": 0.9603164322136737,
        "max(v)": 0.5296169719266794,
        "max(length)": 0.12060033409966797,
        "num(pathline)": 0.5770195427718868,
        "min(distant)": 0.6307714525961556
    },
    "member16": {
        "max(u)": 0.9603164322136737,
        "max(v)": 0.5296169719266794,
        "max(length)": 0.12060033409966797,
        "num(pathline)": 0.5770195427718868,
        "min(distant)": 0.6307714525961556
    },
    "member17": {
        "max(u)": 0.9603164322136737,
        "max(v)": 0.5296169719266794,
        "max(length)": 0.12060033409966797,
        "num(pathline)": 0.5770195427718868,
        "min(distant)": 0.6307714525961556
    },
    "member18": {
        "max(u)": 0.9603164322136737,
        "max(v)": 0.5296169719266794,
        "max(length)": 0.12060033409966797,
        "num(pathline)": 0.5770195427718868,
        "min(distant)": 0.6307714525961556
    },
    "member19": {
        "max(u)": 0.9603164322136737,
        "max(v)": 0.5296169719266794,
        "max(length)": 0.12060033409966797,
        "num(pathline)": 0.5770195427718868,
        "min(distant)": 0.6307714525961556
    },
    "member20": {
        "max(u)": 0.9603164322136737,
        "max(v)": 0.5296169719266794,
        "max(length)": 0.12060033409966797,
        "num(pathline)": 0.5770195427718868,
        "min(distant)": 0.6307714525961556
    }
}