{
    "member1": {
        "max(u)": 0.1236686577702305,
        "max(v)": 0.15801535834060176,
        "max(length)": 0.28906656498292493,
        "num(pathline)": 0.37365431135867533,
        "min(distant)": 0.611456840661798
    },
    "member2": {
        "max(u)": 0.1236686577702305,
        "max(v)": 0.15801535834060176,
        "max(length)": 0.28906656498292493,
        "num(pathline)": 0.37365431135867533,
        "min(distant)": 0.611456840661798
    },
    "member3": {
        "max(u)": 0.1236686577702305,
        "max(v)": 0.15801535834060176,
        "max(length)": 0.28906656498292493,
        "num(pathline)": 0.37365431135867533,
        "min(distant)": 0.611456840661798
    },
    "member4": {
        "max(u)": 0.1236686577702305,
        "max(v)": 0.15801535834060176,
        "max(length)": 0.28906656498292493,
        "num(pathline)": 0.37365431135867533,
        "min(distant)": 0.611456840661798
    },
    "member5": {
        "max(u)": 0.1236686577702305,
        "max(v)": 0.15801535834060176,
        "max(length)": 0.28906656498292493,
        "num(pathline)": 0.37365431135867533,
        "min(distant)": 0.611456840661798
    },
    "member6": {
        "max(u)": 0.1236686577702305,
        "max(v)": 0.15801535834060176,
        "max(length)": 0.28906656498292493,
        "num(pathline)": 0.37365431135867533,
        "min(distant)": 0.611456840661798
    },
    "member7": {
        "max(u)": 0.1236686577702305,
        "max(v)": 0.15801535834060176,
        "max(length)": 0.28906656498292493,
        "num(pathline)": 0.37365431135867533,
        "min(distant)": 0.611456840661798
    },
    "member8": {
        "max(u)": 0.1236686577702305,
        "max(v)": 0.15801535834060176,
        "max(length)": 0.28906656498292493,
        "num(pathline)": 0.37365431135867533,
        "min(distant)": 0.611456840661798
    },
    "member9": {
        "max(u)": 0.1236686577702305,
        "max(v)": 0.15801535834060176,
        "max(length)": 0.28906656498292493,
        "num(pathline)": 0.37365431135867533,
        "min(distant)": 0.611456840661798
    },
    "member10": {
        "max(u)": 0.1236686577702305,
        "max(v)": 0.15801535834060176,
        "max(length)": 0.28906656498292493,
        "num(pathline)": 0.37365431135867533,
        "min(distant)": 0.611456840661798
    },
    "member11": {
        "max(u)": 0.1236686577702305,
        "max(v)": 0.15801535834060176,
        "max(length)": 0.28906656498292493,
        "num(pathline)": 0.37365431135867533,
        "min(distant)": 0.611456840661798
    },
    "member12": {
        "max(u)": 0.1236686577702305,
        "max(v)": 0.15801535834060176,
        "max(length)": 0.28906656498292493,
        "num(pathline)": 0.37365431135867533,
        "min(distant)": 0.611456840661798
    },
    "member13": {
        "max(u)": 0.1236686577702305,
        "max(v)": 0.15801535834060176,
        "max(length)": 0.28906656498292493,
        "num(pathline)": 0.37365431135867533,
        "min(distant)": 0.611456840661798
    },
    "member14": {
        "max(u)": 0.1236686577702305,
        "max(v)": 0.15801535834060176,
        "max(length)": 0.28906656498292493,
        "num(pathline)": 0.37365431135867533,
        "min(distant)": 0.611456840661798
    },
    "member15": {
        "max(u)": 0.1236686577702305,
        "max(v)": 0.15801535834060176,
        "max(length)": 0.28906656498292493,
        "num(pathline)": 0.37365431135867533,
        "min(distant)": 0.611456840661798
    },
    "member16": {
        "max(u)": 0.1236686577702305,
        "max(v)": 0.15801535834060176,
        "max(length)": 0.28906656498292493,
        "num(pathline)": 0.37365431135867533,
        "min(distant)": 0.611456840661798
    },
    "member17": {
        "max(u)": 0.1236686577702305,
        "max(v)": 0.15801535834060176,
        "max(length)": 0.28906656498292493,
        "num(pathline)": 0.37365431135867533,
        "min(distant)": 0.611456840661798
    },
    "member18": {
        "max(u)": 0.1236686577702305,
        "max(v)": 0.15801535834060176,
        "max(length)": 0.28906656498292493,
        "num(pathline)": 0.37365431135867533,
        "min(distant)": 0.611456840661798
    },
    "member19": {
        "max(u)": 0.1236686577702305,
        "max(v)": 0.15801535834060176,
        "max(length)": 0.28906656498292493,
        "num(pathline)": 0.37365431135867533,
        "min(distant)": 0.611456840661798
    },
    "member20": {
        "max(u)": 0.1236686577702305,
        "max(v)": 0.15801535834060176,
        "max(length)": 0.28906656498292493,
        "num(pathline)": 0.37365431135867533,
        "min(distant)": 0.611456840661798
    }
}