{
    "member1": {
        "max(u)": 0.9826876924171764,
        "max(v)": 0.9574919919293762,
        "max(length)": 0.9266640999591028,
        "num(pathline)": 0.7748656861093157,
        "min(distant)": 0.59055449381925
    },
    "member2": {
        "max(u)": 0.9826876924171764,
        "max(v)": 0.9574919919293762,
        "max(length)": 0.9266640999591028,
        "num(pathline)": 0.7748656861093157,
        "min(distant)": 0.59055449381925
    },
    "member3": {
        "max(u)": 0.9826876924171764,
        "max(v)": 0.9574919919293762,
        "max(length)": 0.9266640999591028,
        "num(pathline)": 0.7748656861093157,
        "min(distant)": 0.59055449381925
    },
    "member4": {
        "max(u)": 0.9826876924171764,
        "max(v)": 0.9574919919293762,
        "max(length)": 0.9266640999591028,
        "num(pathline)": 0.7748656861093157,
        "min(distant)": 0.59055449381925
    },
    "member5": {
        "max(u)": 0.9826876924171764,
        "max(v)": 0.9574919919293762,
        "max(length)": 0.9266640999591028,
        "num(pathline)": 0.7748656861093157,
        "min(distant)": 0.59055449381925
    },
    "member6": {
        "max(u)": 0.9826876924171764,
        "max(v)": 0.9574919919293762,
        "max(length)": 0.9266640999591028,
        "num(pathline)": 0.7748656861093157,
        "min(distant)": 0.59055449381925
    },
    "member7": {
        "max(u)": 0.9826876924171764,
        "max(v)": 0.9574919919293762,
        "max(length)": 0.9266640999591028,
        "num(pathline)": 0.7748656861093157,
        "min(distant)": 0.59055449381925
    },
    "member8": {
        "max(u)": 0.9826876924171764,
        "max(v)": 0.9574919919293762,
        "max(length)": 0.9266640999591028,
        "num(pathline)": 0.7748656861093157,
        "min(distant)": 0.59055449381925
    },
    "member9": {
        "max(u)": 0.9826876924171764,
        "max(v)": 0.9574919919293762,
        "max(length)": 0.9266640999591028,
        "num(pathline)": 0.7748656861093157,
        "min(distant)": 0.59055449381925
    },
    "member10": {
        "max(u)": 0.9826876924171764,
        "max(v)": 0.9574919919293762,
        "max(length)": 0.9266640999591028,
        "num(pathline)": 0.7748656861093157,
        "min(distant)": 0.59055449381925
    },
    "member11": {
        "max(u)": 0.9826876924171764,
        "max(v)": 0.9574919919293762,
        "max(length)": 0.9266640999591028,
        "num(pathline)": 0.7748656861093157,
        "min(distant)": 0.59055449381925
    },
    "member12": {
        "max(u)": 0.9826876924171764,
        "max(v)": 0.9574919919293762,
        "max(length)": 0.9266640999591028,
        "num(pathline)": 0.7748656861093157,
        "min(distant)": 0.59055449381925
    },
    "member13": {
        "max(u)": 0.9826876924171764,
        "max(v)": 0.9574919919293762,
        "max(length)": 0.9266640999591028,
        "num(pathline)": 0.7748656861093157,
        "min(distant)": 0.59055449381925
    },
    "member14": {
        "max(u)": 0.9826876924171764,
        "max(v)": 0.9574919919293762,
        "max(length)": 0.9266640999591028,
        "num(pathline)": 0.7748656861093157,
        "min(distant)": 0.59055449381925
    },
    "member15": {
        "max(u)": 0.9826876924171764,
        "max(v)": 0.9574919919293762,
        "max(length)": 0.9266640999591028,
        "num(pathline)": 0.7748656861093157,
        "min(distant)": 0.59055449381925
    },
    "member16": {
        "max(u)": 0.9826876924171764,
        "max(v)": 0.9574919919293762,
        "max(length)": 0.9266640999591028,
        "num(pathline)": 0.7748656861093157,
        "min(distant)": 0.59055449381925
    },
    "member17": {
        "max(u)": 0.9826876924171764,
        "max(v)": 0.9574919919293762,
        "max(length)": 0.9266640999591028,
        "num(pathline)": 0.7748656861093157,
        "min(distant)": 0.59055449381925
    },
    "member18": {
        "max(u)": 0.9826876924171764,
        "max(v)": 0.9574919919293762,
        "max(length)": 0.9266640999591028,
        "num(pathline)": 0.7748656861093157,
        "min(distant)": 0.59055449381925
    },
    "member19": {
        "max(u)": 0.9826876924171764,
        "max(v)": 0.9574919919293762,
        "max(length)": 0.9266640999591028,
        "num(pathline)": 0.7748656861093157,
        "min(distant)": 0.59055449381925
    },
    "member20": {
        "max(u)": 0.9826876924171764,
        "max(v)": 0.9574919919293762,
        "max(length)": 0.9266640999591028,
        "num(pathline)": 0.7748656861093157,
        "min(distant)": 0.59055449381925
    }
}