{
    "member1": {
        "max(u)": 0.3355529309529037,
        "max(v)": 0.04034388155968782,
        "max(length)": 0.38162034655758936,
        "num(pathline)": 0.4228736236270184,
        "min(distant)": 0.6458651765823408
    },
    "member2": {
        "max(u)": 0.3355529309529037,
        "max(v)": 0.04034388155968782,
        "max(length)": 0.38162034655758936,
        "num(pathline)": 0.4228736236270184,
        "min(distant)": 0.6458651765823408
    },
    "member3": {
        "max(u)": 0.3355529309529037,
        "max(v)": 0.04034388155968782,
        "max(length)": 0.38162034655758936,
        "num(pathline)": 0.4228736236270184,
        "min(distant)": 0.6458651765823408
    },
    "member4": {
        "max(u)": 0.3355529309529037,
        "max(v)": 0.04034388155968782,
        "max(length)": 0.38162034655758936,
        "num(pathline)": 0.4228736236270184,
        "min(distant)": 0.6458651765823408
    },
    "member5": {
        "max(u)": 0.3355529309529037,
        "max(v)": 0.04034388155968782,
        "max(length)": 0.38162034655758936,
        "num(pathline)": 0.4228736236270184,
        "min(distant)": 0.6458651765823408
    },
    "member6": {
        "max(u)": 0.3355529309529037,
        "max(v)": 0.04034388155968782,
        "max(length)": 0.38162034655758936,
        "num(pathline)": 0.4228736236270184,
        "min(distant)": 0.6458651765823408
    },
    "member7": {
        "max(u)": 0.3355529309529037,
        "max(v)": 0.04034388155968782,
        "max(length)": 0.38162034655758936,
        "num(pathline)": 0.4228736236270184,
        "min(distant)": 0.6458651765823408
    },
    "member8": {
        "max(u)": 0.3355529309529037,
        "max(v)": 0.04034388155968782,
        "max(length)": 0.38162034655758936,
        "num(pathline)": 0.4228736236270184,
        "min(distant)": 0.6458651765823408
    },
    "member9": {
        "max(u)": 0.3355529309529037,
        "max(v)": 0.04034388155968782,
        "max(length)": 0.38162034655758936,
        "num(pathline)": 0.4228736236270184,
        "min(distant)": 0.6458651765823408
    },
    "member10": {
        "max(u)": 0.3355529309529037,
        "max(v)": 0.04034388155968782,
        "max(length)": 0.38162034655758936,
        "num(pathline)": 0.4228736236270184,
        "min(distant)": 0.6458651765823408
    },
    "member11": {
        "max(u)": 0.3355529309529037,
        "max(v)": 0.04034388155968782,
        "max(length)": 0.38162034655758936,
        "num(pathline)": 0.4228736236270184,
        "min(distant)": 0.6458651765823408
    },
    "member12": {
        "max(u)": 0.3355529309529037,
        "max(v)": 0.04034388155968782,
        "max(length)": 0.38162034655758936,
        "num(pathline)": 0.4228736236270184,
        "min(distant)": 0.6458651765823408
    },
    "member13": {
        "max(u)": 0.3355529309529037,
        "max(v)": 0.04034388155968782,
        "max(length)": 0.38162034655758936,
        "num(pathline)": 0.4228736236270184,
        "min(distant)": 0.6458651765823408
    },
    "member14": {
        "max(u)": 0.3355529309529037,
        "max(v)": 0.04034388155968782,
        "max(length)": 0.38162034655758936,
        "num(pathline)": 0.4228736236270184,
        "min(distant)": 0.6458651765823408
    },
    "member15": {
        "max(u)": 0.3355529309529037,
        "max(v)": 0.04034388155968782,
        "max(length)": 0.38162034655758936,
        "num(pathline)": 0.4228736236270184,
        "min(distant)": 0.6458651765823408
    },
    "member16": {
        "max(u)": 0.3355529309529037,
        "max(v)": 0.04034388155968782,
        "max(length)": 0.38162034655758936,
        "num(pathline)": 0.4228736236270184,
        "min(distant)": 0.6458651765823408
    },
    "member17": {
        "max(u)": 0.3355529309529037,
        "max(v)": 0.04034388155968782,
        "max(length)": 0.38162034655758936,
        "num(pathline)": 0.4228736236270184,
        "min(distant)": 0.6458651765823408
    },
    "member18": {
        "max(u)": 0.3355529309529037,
        "max(v)": 0.04034388155968782,
        "max(length)": 0.38162034655758936,
        "num(pathline)": 0.4228736236270184,
        "min(distant)": 0.6458651765823408
    },
    "member19": {
        "max(u)": 0.3355529309529037,
        "max(v)": 0.04034388155968782,
        "max(length)": 0.38162034655758936,
        "num(pathline)": 0.4228736236270184,
        "min(distant)": 0.6458651765823408
    },
    "member20": {
        "max(u)": 0.3355529309529037,
        "max(v)": 0.04034388155968782,
        "max(length)": 0.38162034655758936,
        "num(pathline)": 0.4228736236270184,
        "min(distant)": 0.6458651765823408
    }
}