{
    "member1": {
        "max(u)": 0.11077866619819077,
        "max(v)": 0.7973062107445819,
        "max(length)": 0.20221345894049847,
        "num(pathline)": 0.5825652366323538,
        "min(distant)": 0.07881121433854921
    },
    "member2": {
        "max(u)": 0.11077866619819077,
        "max(v)": 0.7973062107445819,
        "max(length)": 0.20221345894049847,
        "num(pathline)": 0.5825652366323538,
        "min(distant)": 0.07881121433854921
    },
    "member3": {
        "max(u)": 0.11077866619819077,
        "max(v)": 0.7973062107445819,
        "max(length)": 0.20221345894049847,
        "num(pathline)": 0.5825652366323538,
        "min(distant)": 0.07881121433854921
    },
    "member4": {
        "max(u)": 0.11077866619819077,
        "max(v)": 0.7973062107445819,
        "max(length)": 0.20221345894049847,
        "num(pathline)": 0.5825652366323538,
        "min(distant)": 0.07881121433854921
    },
    "member5": {
        "max(u)": 0.11077866619819077,
        "max(v)": 0.7973062107445819,
        "max(length)": 0.20221345894049847,
        "num(pathline)": 0.5825652366323538,
        "min(distant)": 0.07881121433854921
    },
    "member6": {
        "max(u)": 0.11077866619819077,
        "max(v)": 0.7973062107445819,
        "max(length)": 0.20221345894049847,
        "num(pathline)": 0.5825652366323538,
        "min(distant)": 0.07881121433854921
    },
    "member7": {
        "max(u)": 0.11077866619819077,
        "max(v)": 0.7973062107445819,
        "max(length)": 0.20221345894049847,
        "num(pathline)": 0.5825652366323538,
        "min(distant)": 0.07881121433854921
    },
    "member8": {
        "max(u)": 0.11077866619819077,
        "max(v)": 0.7973062107445819,
        "max(length)": 0.20221345894049847,
        "num(pathline)": 0.5825652366323538,
        "min(distant)": 0.07881121433854921
    },
    "member9": {
        "max(u)": 0.11077866619819077,
        "max(v)": 0.7973062107445819,
        "max(length)": 0.20221345894049847,
        "num(pathline)": 0.5825652366323538,
        "min(distant)": 0.07881121433854921
    },
    "member10": {
        "max(u)": 0.11077866619819077,
        "max(v)": 0.7973062107445819,
        "max(length)": 0.20221345894049847,
        "num(pathline)": 0.5825652366323538,
        "min(distant)": 0.07881121433854921
    },
    "member11": {
        "max(u)": 0.11077866619819077,
        "max(v)": 0.7973062107445819,
        "max(length)": 0.20221345894049847,
        "num(pathline)": 0.5825652366323538,
        "min(distant)": 0.07881121433854921
    },
    "member12": {
        "max(u)": 0.11077866619819077,
        "max(v)": 0.7973062107445819,
        "max(length)": 0.20221345894049847,
        "num(pathline)": 0.5825652366323538,
        "min(distant)": 0.07881121433854921
    },
    "member13": {
        "max(u)": 0.11077866619819077,
        "max(v)": 0.7973062107445819,
        "max(length)": 0.20221345894049847,
        "num(pathline)": 0.5825652366323538,
        "min(distant)": 0.07881121433854921
    },
    "member14": {
        "max(u)": 0.11077866619819077,
        "max(v)": 0.7973062107445819,
        "max(length)": 0.20221345894049847,
        "num(pathline)": 0.5825652366323538,
        "min(distant)": 0.07881121433854921
    },
    "member15": {
        "max(u)": 0.11077866619819077,
        "max(v)": 0.7973062107445819,
        "max(length)": 0.20221345894049847,
        "num(pathline)": 0.5825652366323538,
        "min(distant)": 0.07881121433854921
    },
    "member16": {
        "max(u)": 0.11077866619819077,
        "max(v)": 0.7973062107445819,
        "max(length)": 0.20221345894049847,
        "num(pathline)": 0.5825652366323538,
        "min(distant)": 0.07881121433854921
    },
    "member17": {
        "max(u)": 0.11077866619819077,
        "max(v)": 0.7973062107445819,
        "max(length)": 0.20221345894049847,
        "num(pathline)": 0.5825652366323538,
        "min(distant)": 0.07881121433854921
    },
    "member18": {
        "max(u)": 0.11077866619819077,
        "max(v)": 0.7973062107445819,
        "max(length)": 0.20221345894049847,
        "num(pathline)": 0.5825652366323538,
        "min(distant)": 0.07881121433854921
    },
    "member19": {
        "max(u)": 0.11077866619819077,
        "max(v)": 0.7973062107445819,
        "max(length)": 0.20221345894049847,
        "num(pathline)": 0.5825652366323538,
        "min(distant)": 0.07881121433854921
    },
    "member20": {
        "max(u)": 0.11077866619819077,
        "max(v)": 0.7973062107445819,
        "max(length)": 0.20221345894049847,
        "num(pathline)": 0.5825652366323538,
        "min(distant)": 0.07881121433854921
    }
}