{
    "member1": {
        "max(u)": 0.1632385805889952,
        "max(v)": 0.9281567788566523,
        "max(length)": 0.5092417554940402,
        "num(pathline)": 0.5935300482512795,
        "min(distant)": 0.44345382329150274
    },
    "member2": {
        "max(u)": 0.1632385805889952,
        "max(v)": 0.9281567788566523,
        "max(length)": 0.5092417554940402,
        "num(pathline)": 0.5935300482512795,
        "min(distant)": 0.44345382329150274
    },
    "member3": {
        "max(u)": 0.1632385805889952,
        "max(v)": 0.9281567788566523,
        "max(length)": 0.5092417554940402,
        "num(pathline)": 0.5935300482512795,
        "min(distant)": 0.44345382329150274
    },
    "member4": {
        "max(u)": 0.1632385805889952,
        "max(v)": 0.9281567788566523,
        "max(length)": 0.5092417554940402,
        "num(pathline)": 0.5935300482512795,
        "min(distant)": 0.44345382329150274
    },
    "member5": {
        "max(u)": 0.1632385805889952,
        "max(v)": 0.9281567788566523,
        "max(length)": 0.5092417554940402,
        "num(pathline)": 0.5935300482512795,
        "min(distant)": 0.44345382329150274
    },
    "member6": {
        "max(u)": 0.1632385805889952,
        "max(v)": 0.9281567788566523,
        "max(length)": 0.5092417554940402,
        "num(pathline)": 0.5935300482512795,
        "min(distant)": 0.44345382329150274
    },
    "member7": {
        "max(u)": 0.1632385805889952,
        "max(v)": 0.9281567788566523,
        "max(length)": 0.5092417554940402,
        "num(pathline)": 0.5935300482512795,
        "min(distant)": 0.44345382329150274
    },
    "member8": {
        "max(u)": 0.1632385805889952,
        "max(v)": 0.9281567788566523,
        "max(length)": 0.5092417554940402,
        "num(pathline)": 0.5935300482512795,
        "min(distant)": 0.44345382329150274
    },
    "member9": {
        "max(u)": 0.1632385805889952,
        "max(v)": 0.9281567788566523,
        "max(length)": 0.5092417554940402,
        "num(pathline)": 0.5935300482512795,
        "min(distant)": 0.44345382329150274
    },
    "member10": {
        "max(u)": 0.1632385805889952,
        "max(v)": 0.9281567788566523,
        "max(length)": 0.5092417554940402,
        "num(pathline)": 0.5935300482512795,
        "min(distant)": 0.44345382329150274
    },
    "member11": {
        "max(u)": 0.1632385805889952,
        "max(v)": 0.9281567788566523,
        "max(length)": 0.5092417554940402,
        "num(pathline)": 0.5935300482512795,
        "min(distant)": 0.44345382329150274
    },
    "member12": {
        "max(u)": 0.1632385805889952,
        "max(v)": 0.9281567788566523,
        "max(length)": 0.5092417554940402,
        "num(pathline)": 0.5935300482512795,
        "min(distant)": 0.44345382329150274
    },
    "member13": {
        "max(u)": 0.1632385805889952,
        "max(v)": 0.9281567788566523,
        "max(length)": 0.5092417554940402,
        "num(pathline)": 0.5935300482512795,
        "min(distant)": 0.44345382329150274
    },
    "member14": {
        "max(u)": 0.1632385805889952,
        "max(v)": 0.9281567788566523,
        "max(length)": 0.5092417554940402,
        "num(pathline)": 0.5935300482512795,
        "min(distant)": 0.44345382329150274
    },
    "member15": {
        "max(u)": 0.1632385805889952,
        "max(v)": 0.9281567788566523,
        "max(length)": 0.5092417554940402,
        "num(pathline)": 0.5935300482512795,
        "min(distant)": 0.44345382329150274
    },
    "member16": {
        "max(u)": 0.1632385805889952,
        "max(v)": 0.9281567788566523,
        "max(length)": 0.5092417554940402,
        "num(pathline)": 0.5935300482512795,
        "min(distant)": 0.44345382329150274
    },
    "member17": {
        "max(u)": 0.1632385805889952,
        "max(v)": 0.9281567788566523,
        "max(length)": 0.5092417554940402,
        "num(pathline)": 0.5935300482512795,
        "min(distant)": 0.44345382329150274
    },
    "member18": {
        "max(u)": 0.1632385805889952,
        "max(v)": 0.9281567788566523,
        "max(length)": 0.5092417554940402,
        "num(pathline)": 0.5935300482512795,
        "min(distant)": 0.44345382329150274
    },
    "member19": {
        "max(u)": 0.1632385805889952,
        "max(v)": 0.9281567788566523,
        "max(length)": 0.5092417554940402,
        "num(pathline)": 0.5935300482512795,
        "min(distant)": 0.44345382329150274
    },
    "member20": {
        "max(u)": 0.1632385805889952,
        "max(v)": 0.9281567788566523,
        "max(length)": 0.5092417554940402,
        "num(pathline)": 0.5935300482512795,
        "min(distant)": 0.44345382329150274
    }
}