{
    "member1": {
        "max(u)": 0.45337380780566794,
        "max(v)": 0.49633397365345755,
        "max(length)": 0.475071606643223,
        "num(pathline)": 0.9824697866622394,
        "min(distant)": 0.05927723355604775
    },
    "member2": {
        "max(u)": 0.45337380780566794,
        "max(v)": 0.49633397365345755,
        "max(length)": 0.475071606643223,
        "num(pathline)": 0.9824697866622394,
        "min(distant)": 0.05927723355604775
    },
    "member3": {
        "max(u)": 0.45337380780566794,
        "max(v)": 0.49633397365345755,
        "max(length)": 0.475071606643223,
        "num(pathline)": 0.9824697866622394,
        "min(distant)": 0.05927723355604775
    },
    "member4": {
        "max(u)": 0.45337380780566794,
        "max(v)": 0.49633397365345755,
        "max(length)": 0.475071606643223,
        "num(pathline)": 0.9824697866622394,
        "min(distant)": 0.05927723355604775
    },
    "member5": {
        "max(u)": 0.45337380780566794,
        "max(v)": 0.49633397365345755,
        "max(length)": 0.475071606643223,
        "num(pathline)": 0.9824697866622394,
        "min(distant)": 0.05927723355604775
    },
    "member6": {
        "max(u)": 0.45337380780566794,
        "max(v)": 0.49633397365345755,
        "max(length)": 0.475071606643223,
        "num(pathline)": 0.9824697866622394,
        "min(distant)": 0.05927723355604775
    },
    "member7": {
        "max(u)": 0.45337380780566794,
        "max(v)": 0.49633397365345755,
        "max(length)": 0.475071606643223,
        "num(pathline)": 0.9824697866622394,
        "min(distant)": 0.05927723355604775
    },
    "member8": {
        "max(u)": 0.45337380780566794,
        "max(v)": 0.49633397365345755,
        "max(length)": 0.475071606643223,
        "num(pathline)": 0.9824697866622394,
        "min(distant)": 0.05927723355604775
    },
    "member9": {
        "max(u)": 0.45337380780566794,
        "max(v)": 0.49633397365345755,
        "max(length)": 0.475071606643223,
        "num(pathline)": 0.9824697866622394,
        "min(distant)": 0.05927723355604775
    },
    "member10": {
        "max(u)": 0.45337380780566794,
        "max(v)": 0.49633397365345755,
        "max(length)": 0.475071606643223,
        "num(pathline)": 0.9824697866622394,
        "min(distant)": 0.05927723355604775
    },
    "member11": {
        "max(u)": 0.45337380780566794,
        "max(v)": 0.49633397365345755,
        "max(length)": 0.475071606643223,
        "num(pathline)": 0.9824697866622394,
        "min(distant)": 0.05927723355604775
    },
    "member12": {
        "max(u)": 0.45337380780566794,
        "max(v)": 0.49633397365345755,
        "max(length)": 0.475071606643223,
        "num(pathline)": 0.9824697866622394,
        "min(distant)": 0.05927723355604775
    },
    "member13": {
        "max(u)": 0.45337380780566794,
        "max(v)": 0.49633397365345755,
        "max(length)": 0.475071606643223,
        "num(pathline)": 0.9824697866622394,
        "min(distant)": 0.05927723355604775
    },
    "member14": {
        "max(u)": 0.45337380780566794,
        "max(v)": 0.49633397365345755,
        "max(length)": 0.475071606643223,
        "num(pathline)": 0.9824697866622394,
        "min(distant)": 0.05927723355604775
    },
    "member15": {
        "max(u)": 0.45337380780566794,
        "max(v)": 0.49633397365345755,
        "max(length)": 0.475071606643223,
        "num(pathline)": 0.9824697866622394,
        "min(distant)": 0.05927723355604775
    },
    "member16": {
        "max(u)": 0.45337380780566794,
        "max(v)": 0.49633397365345755,
        "max(length)": 0.475071606643223,
        "num(pathline)": 0.9824697866622394,
        "min(distant)": 0.05927723355604775
    },
    "member17": {
        "max(u)": 0.45337380780566794,
        "max(v)": 0.49633397365345755,
        "max(length)": 0.475071606643223,
        "num(pathline)": 0.9824697866622394,
        "min(distant)": 0.05927723355604775
    },
    "member18": {
        "max(u)": 0.45337380780566794,
        "max(v)": 0.49633397365345755,
        "max(length)": 0.475071606643223,
        "num(pathline)": 0.9824697866622394,
        "min(distant)": 0.05927723355604775
    },
    "member19": {
        "max(u)": 0.45337380780566794,
        "max(v)": 0.49633397365345755,
        "max(length)": 0.475071606643223,
        "num(pathline)": 0.9824697866622394,
        "min(distant)": 0.05927723355604775
    },
    "member20": {
        "max(u)": 0.45337380780566794,
        "max(v)": 0.49633397365345755,
        "max(length)": 0.475071606643223,
        "num(pathline)": 0.9824697866622394,
        "min(distant)": 0.05927723355604775
    }
}