{
    "member1": {
        "max(u)": 0.8064203849880771,
        "max(v)": 0.658015912437871,
        "max(length)": 0.6260545246849097,
        "num(pathline)": 0.41403061849727174,
        "min(distant)": 0.1962170986670806
    },
    "member2": {
        "max(u)": 0.8064203849880771,
        "max(v)": 0.658015912437871,
        "max(length)": 0.6260545246849097,
        "num(pathline)": 0.41403061849727174,
        "min(distant)": 0.1962170986670806
    },
    "member3": {
        "max(u)": 0.8064203849880771,
        "max(v)": 0.658015912437871,
        "max(length)": 0.6260545246849097,
        "num(pathline)": 0.41403061849727174,
        "min(distant)": 0.1962170986670806
    },
    "member4": {
        "max(u)": 0.8064203849880771,
        "max(v)": 0.658015912437871,
        "max(length)": 0.6260545246849097,
        "num(pathline)": 0.41403061849727174,
        "min(distant)": 0.1962170986670806
    },
    "member5": {
        "max(u)": 0.8064203849880771,
        "max(v)": 0.658015912437871,
        "max(length)": 0.6260545246849097,
        "num(pathline)": 0.41403061849727174,
        "min(distant)": 0.1962170986670806
    },
    "member6": {
        "max(u)": 0.8064203849880771,
        "max(v)": 0.658015912437871,
        "max(length)": 0.6260545246849097,
        "num(pathline)": 0.41403061849727174,
        "min(distant)": 0.1962170986670806
    },
    "member7": {
        "max(u)": 0.8064203849880771,
        "max(v)": 0.658015912437871,
        "max(length)": 0.6260545246849097,
        "num(pathline)": 0.41403061849727174,
        "min(distant)": 0.1962170986670806
    },
    "member8": {
        "max(u)": 0.8064203849880771,
        "max(v)": 0.658015912437871,
        "max(length)": 0.6260545246849097,
        "num(pathline)": 0.41403061849727174,
        "min(distant)": 0.1962170986670806
    },
    "member9": {
        "max(u)": 0.8064203849880771,
        "max(v)": 0.658015912437871,
        "max(length)": 0.6260545246849097,
        "num(pathline)": 0.41403061849727174,
        "min(distant)": 0.1962170986670806
    },
    "member10": {
        "max(u)": 0.8064203849880771,
        "max(v)": 0.658015912437871,
        "max(length)": 0.6260545246849097,
        "num(pathline)": 0.41403061849727174,
        "min(distant)": 0.1962170986670806
    },
    "member11": {
        "max(u)": 0.8064203849880771,
        "max(v)": 0.658015912437871,
        "max(length)": 0.6260545246849097,
        "num(pathline)": 0.41403061849727174,
        "min(distant)": 0.1962170986670806
    },
    "member12": {
        "max(u)": 0.8064203849880771,
        "max(v)": 0.658015912437871,
        "max(length)": 0.6260545246849097,
        "num(pathline)": 0.41403061849727174,
        "min(distant)": 0.1962170986670806
    },
    "member13": {
        "max(u)": 0.8064203849880771,
        "max(v)": 0.658015912437871,
        "max(length)": 0.6260545246849097,
        "num(pathline)": 0.41403061849727174,
        "min(distant)": 0.1962170986670806
    },
    "member14": {
        "max(u)": 0.8064203849880771,
        "max(v)": 0.658015912437871,
        "max(length)": 0.6260545246849097,
        "num(pathline)": 0.41403061849727174,
        "min(distant)": 0.1962170986670806
    },
    "member15": {
        "max(u)": 0.8064203849880771,
        "max(v)": 0.658015912437871,
        "max(length)": 0.6260545246849097,
        "num(pathline)": 0.41403061849727174,
        "min(distant)": 0.1962170986670806
    },
    "member16": {
        "max(u)": 0.8064203849880771,
        "max(v)": 0.658015912437871,
        "max(length)": 0.6260545246849097,
        "num(pathline)": 0.41403061849727174,
        "min(distant)": 0.1962170986670806
    },
    "member17": {
        "max(u)": 0.8064203849880771,
        "max(v)": 0.658015912437871,
        "max(length)": 0.6260545246849097,
        "num(pathline)": 0.41403061849727174,
        "min(distant)": 0.1962170986670806
    },
    "member18": {
        "max(u)": 0.8064203849880771,
        "max(v)": 0.658015912437871,
        "max(length)": 0.6260545246849097,
        "num(pathline)": 0.41403061849727174,
        "min(distant)": 0.1962170986670806
    },
    "member19": {
        "max(u)": 0.8064203849880771,
        "max(v)": 0.658015912437871,
        "max(length)": 0.6260545246849097,
        "num(pathline)": 0.41403061849727174,
        "min(distant)": 0.1962170986670806
    },
    "member20": {
        "max(u)": 0.8064203849880771,
        "max(v)": 0.658015912437871,
        "max(length)": 0.6260545246849097,
        "num(pathline)": 0.41403061849727174,
        "min(distant)": 0.1962170986670806
    }
}