{
    "member1": {
        "max(u)": 0.4895271336760867,
        "max(v)": 0.5903558551035536,
        "max(length)": 0.573649859487766,
        "num(pathline)": 0.7853430618698882,
        "min(distant)": 0.5918588771834076
    },
    "member2": {
        "max(u)": 0.4895271336760867,
        "max(v)": 0.5903558551035536,
        "max(length)": 0.573649859487766,
        "num(pathline)": 0.7853430618698882,
        "min(distant)": 0.5918588771834076
    },
    "member3": {
        "max(u)": 0.4895271336760867,
        "max(v)": 0.5903558551035536,
        "max(length)": 0.573649859487766,
        "num(pathline)": 0.7853430618698882,
        "min(distant)": 0.5918588771834076
    },
    "member4": {
        "max(u)": 0.4895271336760867,
        "max(v)": 0.5903558551035536,
        "max(length)": 0.573649859487766,
        "num(pathline)": 0.7853430618698882,
        "min(distant)": 0.5918588771834076
    },
    "member5": {
        "max(u)": 0.4895271336760867,
        "max(v)": 0.5903558551035536,
        "max(length)": 0.573649859487766,
        "num(pathline)": 0.7853430618698882,
        "min(distant)": 0.5918588771834076
    },
    "member6": {
        "max(u)": 0.4895271336760867,
        "max(v)": 0.5903558551035536,
        "max(length)": 0.573649859487766,
        "num(pathline)": 0.7853430618698882,
        "min(distant)": 0.5918588771834076
    },
    "member7": {
        "max(u)": 0.4895271336760867,
        "max(v)": 0.5903558551035536,
        "max(length)": 0.573649859487766,
        "num(pathline)": 0.7853430618698882,
        "min(distant)": 0.5918588771834076
    },
    "member8": {
        "max(u)": 0.4895271336760867,
        "max(v)": 0.5903558551035536,
        "max(length)": 0.573649859487766,
        "num(pathline)": 0.7853430618698882,
        "min(distant)": 0.5918588771834076
    },
    "member9": {
        "max(u)": 0.4895271336760867,
        "max(v)": 0.5903558551035536,
        "max(length)": 0.573649859487766,
        "num(pathline)": 0.7853430618698882,
        "min(distant)": 0.5918588771834076
    },
    "member10": {
        "max(u)": 0.4895271336760867,
        "max(v)": 0.5903558551035536,
        "max(length)": 0.573649859487766,
        "num(pathline)": 0.7853430618698882,
        "min(distant)": 0.5918588771834076
    },
    "member11": {
        "max(u)": 0.4895271336760867,
        "max(v)": 0.5903558551035536,
        "max(length)": 0.573649859487766,
        "num(pathline)": 0.7853430618698882,
        "min(distant)": 0.5918588771834076
    },
    "member12": {
        "max(u)": 0.4895271336760867,
        "max(v)": 0.5903558551035536,
        "max(length)": 0.573649859487766,
        "num(pathline)": 0.7853430618698882,
        "min(distant)": 0.5918588771834076
    },
    "member13": {
        "max(u)": 0.4895271336760867,
        "max(v)": 0.5903558551035536,
        "max(length)": 0.573649859487766,
        "num(pathline)": 0.7853430618698882,
        "min(distant)": 0.5918588771834076
    },
    "member14": {
        "max(u)": 0.4895271336760867,
        "max(v)": 0.5903558551035536,
        "max(length)": 0.573649859487766,
        "num(pathline)": 0.7853430618698882,
        "min(distant)": 0.5918588771834076
    },
    "member15": {
        "max(u)": 0.4895271336760867,
        "max(v)": 0.5903558551035536,
        "max(length)": 0.573649859487766,
        "num(pathline)": 0.7853430618698882,
        "min(distant)": 0.5918588771834076
    },
    "member16": {
        "max(u)": 0.4895271336760867,
        "max(v)": 0.5903558551035536,
        "max(length)": 0.573649859487766,
        "num(pathline)": 0.7853430618698882,
        "min(distant)": 0.5918588771834076
    },
    "member17": {
        "max(u)": 0.4895271336760867,
        "max(v)": 0.5903558551035536,
        "max(length)": 0.573649859487766,
        "num(pathline)": 0.7853430618698882,
        "min(distant)": 0.5918588771834076
    },
    "member18": {
        "max(u)": 0.4895271336760867,
        "max(v)": 0.5903558551035536,
        "max(length)": 0.573649859487766,
        "num(pathline)": 0.7853430618698882,
        "min(distant)": 0.5918588771834076
    },
    "member19": {
        "max(u)": 0.4895271336760867,
        "max(v)": 0.5903558551035536,
        "max(length)": 0.573649859487766,
        "num(pathline)": 0.7853430618698882,
        "min(distant)": 0.5918588771834076
    },
    "member20": {
        "max(u)": 0.4895271336760867,
        "max(v)": 0.5903558551035536,
        "max(length)": 0.573649859487766,
        "num(pathline)": 0.7853430618698882,
        "min(distant)": 0.5918588771834076
    }
}