{
    "member1": {
        "max(u)": 0.585232625842803,
        "max(v)": 0.8488982552514494,
        "max(length)": 0.2920432512967369,
        "num(pathline)": 0.9883339041345837,
        "min(distant)": 0.2094281392981826
    },
    "member2": {
        "max(u)": 0.585232625842803,
        "max(v)": 0.8488982552514494,
        "max(length)": 0.2920432512967369,
        "num(pathline)": 0.9883339041345837,
        "min(distant)": 0.2094281392981826
    },
    "member3": {
        "max(u)": 0.585232625842803,
        "max(v)": 0.8488982552514494,
        "max(length)": 0.2920432512967369,
        "num(pathline)": 0.9883339041345837,
        "min(distant)": 0.2094281392981826
    },
    "member4": {
        "max(u)": 0.585232625842803,
        "max(v)": 0.8488982552514494,
        "max(length)": 0.2920432512967369,
        "num(pathline)": 0.9883339041345837,
        "min(distant)": 0.2094281392981826
    },
    "member5": {
        "max(u)": 0.585232625842803,
        "max(v)": 0.8488982552514494,
        "max(length)": 0.2920432512967369,
        "num(pathline)": 0.9883339041345837,
        "min(distant)": 0.2094281392981826
    },
    "member6": {
        "max(u)": 0.585232625842803,
        "max(v)": 0.8488982552514494,
        "max(length)": 0.2920432512967369,
        "num(pathline)": 0.9883339041345837,
        "min(distant)": 0.2094281392981826
    },
    "member7": {
        "max(u)": 0.585232625842803,
        "max(v)": 0.8488982552514494,
        "max(length)": 0.2920432512967369,
        "num(pathline)": 0.9883339041345837,
        "min(distant)": 0.2094281392981826
    },
    "member8": {
        "max(u)": 0.585232625842803,
        "max(v)": 0.8488982552514494,
        "max(length)": 0.2920432512967369,
        "num(pathline)": 0.9883339041345837,
        "min(distant)": 0.2094281392981826
    },
    "member9": {
        "max(u)": 0.585232625842803,
        "max(v)": 0.8488982552514494,
        "max(length)": 0.2920432512967369,
        "num(pathline)": 0.9883339041345837,
        "min(distant)": 0.2094281392981826
    },
    "member10": {
        "max(u)": 0.585232625842803,
        "max(v)": 0.8488982552514494,
        "max(length)": 0.2920432512967369,
        "num(pathline)": 0.9883339041345837,
        "min(distant)": 0.2094281392981826
    },
    "member11": {
        "max(u)": 0.585232625842803,
        "max(v)": 0.8488982552514494,
        "max(length)": 0.2920432512967369,
        "num(pathline)": 0.9883339041345837,
        "min(distant)": 0.2094281392981826
    },
    "member12": {
        "max(u)": 0.585232625842803,
        "max(v)": 0.8488982552514494,
        "max(length)": 0.2920432512967369,
        "num(pathline)": 0.9883339041345837,
        "min(distant)": 0.2094281392981826
    },
    "member13": {
        "max(u)": 0.585232625842803,
        "max(v)": 0.8488982552514494,
        "max(length)": 0.2920432512967369,
        "num(pathline)": 0.9883339041345837,
        "min(distant)": 0.2094281392981826
    },
    "member14": {
        "max(u)": 0.585232625842803,
        "max(v)": 0.8488982552514494,
        "max(length)": 0.2920432512967369,
        "num(pathline)": 0.9883339041345837,
        "min(distant)": 0.2094281392981826
    },
    "member15": {
        "max(u)": 0.585232625842803,
        "max(v)": 0.8488982552514494,
        "max(length)": 0.2920432512967369,
        "num(pathline)": 0.9883339041345837,
        "min(distant)": 0.2094281392981826
    },
    "member16": {
        "max(u)": 0.585232625842803,
        "max(v)": 0.8488982552514494,
        "max(length)": 0.2920432512967369,
        "num(pathline)": 0.9883339041345837,
        "min(distant)": 0.2094281392981826
    },
    "member17": {
        "max(u)": 0.585232625842803,
        "max(v)": 0.8488982552514494,
        "max(length)": 0.2920432512967369,
        "num(pathline)": 0.9883339041345837,
        "min(distant)": 0.2094281392981826
    },
    "member18": {
        "max(u)": 0.585232625842803,
        "max(v)": 0.8488982552514494,
        "max(length)": 0.2920432512967369,
        "num(pathline)": 0.9883339041345837,
        "min(distant)": 0.2094281392981826
    },
    "member19": {
        "max(u)": 0.585232625842803,
        "max(v)": 0.8488982552514494,
        "max(length)": 0.2920432512967369,
        "num(pathline)": 0.9883339041345837,
        "min(distant)": 0.2094281392981826
    },
    "member20": {
        "max(u)": 0.585232625842803,
        "max(v)": 0.8488982552514494,
        "max(length)": 0.2920432512967369,
        "num(pathline)": 0.9883339041345837,
        "min(distant)": 0.2094281392981826
    }
}