{
    "member1": {
        "max(u)": 0.18733336938154643,
        "max(v)": 0.13302118459171575,
        "max(length)": 0.8083636264006537,
        "num(pathline)": 0.007279941388808497,
        "min(distant)": 0.07400245188932708
    },
    "member2": {
        "max(u)": 0.18733336938154643,
        "max(v)": 0.13302118459171575,
        "max(length)": 0.8083636264006537,
        "num(pathline)": 0.007279941388808497,
        "min(distant)": 0.07400245188932708
    },
    "member3": {
        "max(u)": 0.18733336938154643,
        "max(v)": 0.13302118459171575,
        "max(length)": 0.8083636264006537,
        "num(pathline)": 0.007279941388808497,
        "min(distant)": 0.07400245188932708
    },
    "member4": {
        "max(u)": 0.18733336938154643,
        "max(v)": 0.13302118459171575,
        "max(length)": 0.8083636264006537,
        "num(pathline)": 0.007279941388808497,
        "min(distant)": 0.07400245188932708
    },
    "member5": {
        "max(u)": 0.18733336938154643,
        "max(v)": 0.13302118459171575,
        "max(length)": 0.8083636264006537,
        "num(pathline)": 0.007279941388808497,
        "min(distant)": 0.07400245188932708
    },
    "member6": {
        "max(u)": 0.18733336938154643,
        "max(v)": 0.13302118459171575,
        "max(length)": 0.8083636264006537,
        "num(pathline)": 0.007279941388808497,
        "min(distant)": 0.07400245188932708
    },
    "member7": {
        "max(u)": 0.18733336938154643,
        "max(v)": 0.13302118459171575,
        "max(length)": 0.8083636264006537,
        "num(pathline)": 0.007279941388808497,
        "min(distant)": 0.07400245188932708
    },
    "member8": {
        "max(u)": 0.18733336938154643,
        "max(v)": 0.13302118459171575,
        "max(length)": 0.8083636264006537,
        "num(pathline)": 0.007279941388808497,
        "min(distant)": 0.07400245188932708
    },
    "member9": {
        "max(u)": 0.18733336938154643,
        "max(v)": 0.13302118459171575,
        "max(length)": 0.8083636264006537,
        "num(pathline)": 0.007279941388808497,
        "min(distant)": 0.07400245188932708
    },
    "member10": {
        "max(u)": 0.18733336938154643,
        "max(v)": 0.13302118459171575,
        "max(length)": 0.8083636264006537,
        "num(pathline)": 0.007279941388808497,
        "min(distant)": 0.07400245188932708
    },
    "member11": {
        "max(u)": 0.18733336938154643,
        "max(v)": 0.13302118459171575,
        "max(length)": 0.8083636264006537,
        "num(pathline)": 0.007279941388808497,
        "min(distant)": 0.07400245188932708
    },
    "member12": {
        "max(u)": 0.18733336938154643,
        "max(v)": 0.13302118459171575,
        "max(length)": 0.8083636264006537,
        "num(pathline)": 0.007279941388808497,
        "min(distant)": 0.07400245188932708
    },
    "member13": {
        "max(u)": 0.18733336938154643,
        "max(v)": 0.13302118459171575,
        "max(length)": 0.8083636264006537,
        "num(pathline)": 0.007279941388808497,
        "min(distant)": 0.07400245188932708
    },
    "member14": {
        "max(u)": 0.18733336938154643,
        "max(v)": 0.13302118459171575,
        "max(length)": 0.8083636264006537,
        "num(pathline)": 0.007279941388808497,
        "min(distant)": 0.07400245188932708
    },
    "member15": {
        "max(u)": 0.18733336938154643,
        "max(v)": 0.13302118459171575,
        "max(length)": 0.8083636264006537,
        "num(pathline)": 0.007279941388808497,
        "min(distant)": 0.07400245188932708
    },
    "member16": {
        "max(u)": 0.18733336938154643,
        "max(v)": 0.13302118459171575,
        "max(length)": 0.8083636264006537,
        "num(pathline)": 0.007279941388808497,
        "min(distant)": 0.07400245188932708
    },
    "member17": {
        "max(u)": 0.18733336938154643,
        "max(v)": 0.13302118459171575,
        "max(length)": 0.8083636264006537,
        "num(pathline)": 0.007279941388808497,
        "min(distant)": 0.07400245188932708
    },
    "member18": {
        "max(u)": 0.18733336938154643,
        "max(v)": 0.13302118459171575,
        "max(length)": 0.8083636264006537,
        "num(pathline)": 0.007279941388808497,
        "min(distant)": 0.07400245188932708
    },
    "member19": {
        "max(u)": 0.18733336938154643,
        "max(v)": 0.13302118459171575,
        "max(length)": 0.8083636264006537,
        "num(pathline)": 0.007279941388808497,
        "min(distant)": 0.07400245188932708
    },
    "member20": {
        "max(u)": 0.18733336938154643,
        "max(v)": 0.13302118459171575,
        "max(length)": 0.8083636264006537,
        "num(pathline)": 0.007279941388808497,
        "min(distant)": 0.07400245188932708
    }
}