{
    "member1": {
        "max(u)": 0.9124097874712912,
        "max(v)": 0.7542161272599703,
        "max(length)": 0.9682677766047602,
        "num(pathline)": 0.18347654268166702,
        "min(distant)": 0.8947232294479633
    },
    "member2": {
        "max(u)": 0.9124097874712912,
        "max(v)": 0.7542161272599703,
        "max(length)": 0.9682677766047602,
        "num(pathline)": 0.18347654268166702,
        "min(distant)": 0.8947232294479633
    },
    "member3": {
        "max(u)": 0.9124097874712912,
        "max(v)": 0.7542161272599703,
        "max(length)": 0.9682677766047602,
        "num(pathline)": 0.18347654268166702,
        "min(distant)": 0.8947232294479633
    },
    "member4": {
        "max(u)": 0.9124097874712912,
        "max(v)": 0.7542161272599703,
        "max(length)": 0.9682677766047602,
        "num(pathline)": 0.18347654268166702,
        "min(distant)": 0.8947232294479633
    },
    "member5": {
        "max(u)": 0.9124097874712912,
        "max(v)": 0.7542161272599703,
        "max(length)": 0.9682677766047602,
        "num(pathline)": 0.18347654268166702,
        "min(distant)": 0.8947232294479633
    },
    "member6": {
        "max(u)": 0.9124097874712912,
        "max(v)": 0.7542161272599703,
        "max(length)": 0.9682677766047602,
        "num(pathline)": 0.18347654268166702,
        "min(distant)": 0.8947232294479633
    },
    "member7": {
        "max(u)": 0.9124097874712912,
        "max(v)": 0.7542161272599703,
        "max(length)": 0.9682677766047602,
        "num(pathline)": 0.18347654268166702,
        "min(distant)": 0.8947232294479633
    },
    "member8": {
        "max(u)": 0.9124097874712912,
        "max(v)": 0.7542161272599703,
        "max(length)": 0.9682677766047602,
        "num(pathline)": 0.18347654268166702,
        "min(distant)": 0.8947232294479633
    },
    "member9": {
        "max(u)": 0.9124097874712912,
        "max(v)": 0.7542161272599703,
        "max(length)": 0.9682677766047602,
        "num(pathline)": 0.18347654268166702,
        "min(distant)": 0.8947232294479633
    },
    "member10": {
        "max(u)": 0.9124097874712912,
        "max(v)": 0.7542161272599703,
        "max(length)": 0.9682677766047602,
        "num(pathline)": 0.18347654268166702,
        "min(distant)": 0.8947232294479633
    },
    "member11": {
        "max(u)": 0.9124097874712912,
        "max(v)": 0.7542161272599703,
        "max(length)": 0.9682677766047602,
        "num(pathline)": 0.18347654268166702,
        "min(distant)": 0.8947232294479633
    },
    "member12": {
        "max(u)": 0.9124097874712912,
        "max(v)": 0.7542161272599703,
        "max(length)": 0.9682677766047602,
        "num(pathline)": 0.18347654268166702,
        "min(distant)": 0.8947232294479633
    },
    "member13": {
        "max(u)": 0.9124097874712912,
        "max(v)": 0.7542161272599703,
        "max(length)": 0.9682677766047602,
        "num(pathline)": 0.18347654268166702,
        "min(distant)": 0.8947232294479633
    },
    "member14": {
        "max(u)": 0.9124097874712912,
        "max(v)": 0.7542161272599703,
        "max(length)": 0.9682677766047602,
        "num(pathline)": 0.18347654268166702,
        "min(distant)": 0.8947232294479633
    },
    "member15": {
        "max(u)": 0.9124097874712912,
        "max(v)": 0.7542161272599703,
        "max(length)": 0.9682677766047602,
        "num(pathline)": 0.18347654268166702,
        "min(distant)": 0.8947232294479633
    },
    "member16": {
        "max(u)": 0.9124097874712912,
        "max(v)": 0.7542161272599703,
        "max(length)": 0.9682677766047602,
        "num(pathline)": 0.18347654268166702,
        "min(distant)": 0.8947232294479633
    },
    "member17": {
        "max(u)": 0.9124097874712912,
        "max(v)": 0.7542161272599703,
        "max(length)": 0.9682677766047602,
        "num(pathline)": 0.18347654268166702,
        "min(distant)": 0.8947232294479633
    },
    "member18": {
        "max(u)": 0.9124097874712912,
        "max(v)": 0.7542161272599703,
        "max(length)": 0.9682677766047602,
        "num(pathline)": 0.18347654268166702,
        "min(distant)": 0.8947232294479633
    },
    "member19": {
        "max(u)": 0.9124097874712912,
        "max(v)": 0.7542161272599703,
        "max(length)": 0.9682677766047602,
        "num(pathline)": 0.18347654268166702,
        "min(distant)": 0.8947232294479633
    },
    "member20": {
        "max(u)": 0.9124097874712912,
        "max(v)": 0.7542161272599703,
        "max(length)": 0.9682677766047602,
        "num(pathline)": 0.18347654268166702,
        "min(distant)": 0.8947232294479633
    }
}