{
    "member1": {
        "max(u)": 0.40773110581375505,
        "max(v)": 0.5028805407574405,
        "max(length)": 0.32967997963413087,
        "num(pathline)": 0.3801842975511367,
        "min(distant)": 0.8282997405270728
    },
    "member2": {
        "max(u)": 0.40773110581375505,
        "max(v)": 0.5028805407574405,
        "max(length)": 0.32967997963413087,
        "num(pathline)": 0.3801842975511367,
        "min(distant)": 0.8282997405270728
    },
    "member3": {
        "max(u)": 0.40773110581375505,
        "max(v)": 0.5028805407574405,
        "max(length)": 0.32967997963413087,
        "num(pathline)": 0.3801842975511367,
        "min(distant)": 0.8282997405270728
    },
    "member4": {
        "max(u)": 0.40773110581375505,
        "max(v)": 0.5028805407574405,
        "max(length)": 0.32967997963413087,
        "num(pathline)": 0.3801842975511367,
        "min(distant)": 0.8282997405270728
    },
    "member5": {
        "max(u)": 0.40773110581375505,
        "max(v)": 0.5028805407574405,
        "max(length)": 0.32967997963413087,
        "num(pathline)": 0.3801842975511367,
        "min(distant)": 0.8282997405270728
    },
    "member6": {
        "max(u)": 0.40773110581375505,
        "max(v)": 0.5028805407574405,
        "max(length)": 0.32967997963413087,
        "num(pathline)": 0.3801842975511367,
        "min(distant)": 0.8282997405270728
    },
    "member7": {
        "max(u)": 0.40773110581375505,
        "max(v)": 0.5028805407574405,
        "max(length)": 0.32967997963413087,
        "num(pathline)": 0.3801842975511367,
        "min(distant)": 0.8282997405270728
    },
    "member8": {
        "max(u)": 0.40773110581375505,
        "max(v)": 0.5028805407574405,
        "max(length)": 0.32967997963413087,
        "num(pathline)": 0.3801842975511367,
        "min(distant)": 0.8282997405270728
    },
    "member9": {
        "max(u)": 0.40773110581375505,
        "max(v)": 0.5028805407574405,
        "max(length)": 0.32967997963413087,
        "num(pathline)": 0.3801842975511367,
        "min(distant)": 0.8282997405270728
    },
    "member10": {
        "max(u)": 0.40773110581375505,
        "max(v)": 0.5028805407574405,
        "max(length)": 0.32967997963413087,
        "num(pathline)": 0.3801842975511367,
        "min(distant)": 0.8282997405270728
    },
    "member11": {
        "max(u)": 0.40773110581375505,
        "max(v)": 0.5028805407574405,
        "max(length)": 0.32967997963413087,
        "num(pathline)": 0.3801842975511367,
        "min(distant)": 0.8282997405270728
    },
    "member12": {
        "max(u)": 0.40773110581375505,
        "max(v)": 0.5028805407574405,
        "max(length)": 0.32967997963413087,
        "num(pathline)": 0.3801842975511367,
        "min(distant)": 0.8282997405270728
    },
    "member13": {
        "max(u)": 0.40773110581375505,
        "max(v)": 0.5028805407574405,
        "max(length)": 0.32967997963413087,
        "num(pathline)": 0.3801842975511367,
        "min(distant)": 0.8282997405270728
    },
    "member14": {
        "max(u)": 0.40773110581375505,
        "max(v)": 0.5028805407574405,
        "max(length)": 0.32967997963413087,
        "num(pathline)": 0.3801842975511367,
        "min(distant)": 0.8282997405270728
    },
    "member15": {
        "max(u)": 0.40773110581375505,
        "max(v)": 0.5028805407574405,
        "max(length)": 0.32967997963413087,
        "num(pathline)": 0.3801842975511367,
        "min(distant)": 0.8282997405270728
    },
    "member16": {
        "max(u)": 0.40773110581375505,
        "max(v)": 0.5028805407574405,
        "max(length)": 0.32967997963413087,
        "num(pathline)": 0.3801842975511367,
        "min(distant)": 0.8282997405270728
    },
    "member17": {
        "max(u)": 0.40773110581375505,
        "max(v)": 0.5028805407574405,
        "max(length)": 0.32967997963413087,
        "num(pathline)": 0.3801842975511367,
        "min(distant)": 0.8282997405270728
    },
    "member18": {
        "max(u)": 0.40773110581375505,
        "max(v)": 0.5028805407574405,
        "max(length)": 0.32967997963413087,
        "num(pathline)": 0.3801842975511367,
        "min(distant)": 0.8282997405270728
    },
    "member19": {
        "max(u)": 0.40773110581375505,
        "max(v)": 0.5028805407574405,
        "max(length)": 0.32967997963413087,
        "num(pathline)": 0.3801842975511367,
        "min(distant)": 0.8282997405270728
    },
    "member20": {
        "max(u)": 0.40773110581375505,
        "max(v)": 0.5028805407574405,
        "max(length)": 0.32967997963413087,
        "num(pathline)": 0.3801842975511367,
        "min(distant)": 0.8282997405270728
    }
}