{
    "member1": {
        "max(u)": 0.9958610694599722,
        "max(v)": 0.5250817298227494,
        "max(length)": 0.7689995564543313,
        "num(pathline)": 0.9855406393215262,
        "min(distant)": 0.01102388792442055
    },
    "member2": {
        "max(u)": 0.9958610694599722,
        "max(v)": 0.5250817298227494,
        "max(length)": 0.7689995564543313,
        "num(pathline)": 0.9855406393215262,
        "min(distant)": 0.01102388792442055
    },
    "member3": {
        "max(u)": 0.9958610694599722,
        "max(v)": 0.5250817298227494,
        "max(length)": 0.7689995564543313,
        "num(pathline)": 0.9855406393215262,
        "min(distant)": 0.01102388792442055
    },
    "member4": {
        "max(u)": 0.9958610694599722,
        "max(v)": 0.5250817298227494,
        "max(length)": 0.7689995564543313,
        "num(pathline)": 0.9855406393215262,
        "min(distant)": 0.01102388792442055
    },
    "member5": {
        "max(u)": 0.9958610694599722,
        "max(v)": 0.5250817298227494,
        "max(length)": 0.7689995564543313,
        "num(pathline)": 0.9855406393215262,
        "min(distant)": 0.01102388792442055
    },
    "member6": {
        "max(u)": 0.9958610694599722,
        "max(v)": 0.5250817298227494,
        "max(length)": 0.7689995564543313,
        "num(pathline)": 0.9855406393215262,
        "min(distant)": 0.01102388792442055
    },
    "member7": {
        "max(u)": 0.9958610694599722,
        "max(v)": 0.5250817298227494,
        "max(length)": 0.7689995564543313,
        "num(pathline)": 0.9855406393215262,
        "min(distant)": 0.01102388792442055
    },
    "member8": {
        "max(u)": 0.9958610694599722,
        "max(v)": 0.5250817298227494,
        "max(length)": 0.7689995564543313,
        "num(pathline)": 0.9855406393215262,
        "min(distant)": 0.01102388792442055
    },
    "member9": {
        "max(u)": 0.9958610694599722,
        "max(v)": 0.5250817298227494,
        "max(length)": 0.7689995564543313,
        "num(pathline)": 0.9855406393215262,
        "min(distant)": 0.01102388792442055
    },
    "member10": {
        "max(u)": 0.9958610694599722,
        "max(v)": 0.5250817298227494,
        "max(length)": 0.7689995564543313,
        "num(pathline)": 0.9855406393215262,
        "min(distant)": 0.01102388792442055
    },
    "member11": {
        "max(u)": 0.9958610694599722,
        "max(v)": 0.5250817298227494,
        "max(length)": 0.7689995564543313,
        "num(pathline)": 0.9855406393215262,
        "min(distant)": 0.01102388792442055
    },
    "member12": {
        "max(u)": 0.9958610694599722,
        "max(v)": 0.5250817298227494,
        "max(length)": 0.7689995564543313,
        "num(pathline)": 0.9855406393215262,
        "min(distant)": 0.01102388792442055
    },
    "member13": {
        "max(u)": 0.9958610694599722,
        "max(v)": 0.5250817298227494,
        "max(length)": 0.7689995564543313,
        "num(pathline)": 0.9855406393215262,
        "min(distant)": 0.01102388792442055
    },
    "member14": {
        "max(u)": 0.9958610694599722,
        "max(v)": 0.5250817298227494,
        "max(length)": 0.7689995564543313,
        "num(pathline)": 0.9855406393215262,
        "min(distant)": 0.01102388792442055
    },
    "member15": {
        "max(u)": 0.9958610694599722,
        "max(v)": 0.5250817298227494,
        "max(length)": 0.7689995564543313,
        "num(pathline)": 0.9855406393215262,
        "min(distant)": 0.01102388792442055
    },
    "member16": {
        "max(u)": 0.9958610694599722,
        "max(v)": 0.5250817298227494,
        "max(length)": 0.7689995564543313,
        "num(pathline)": 0.9855406393215262,
        "min(distant)": 0.01102388792442055
    },
    "member17": {
        "max(u)": 0.9958610694599722,
        "max(v)": 0.5250817298227494,
        "max(length)": 0.7689995564543313,
        "num(pathline)": 0.9855406393215262,
        "min(distant)": 0.01102388792442055
    },
    "member18": {
        "max(u)": 0.9958610694599722,
        "max(v)": 0.5250817298227494,
        "max(length)": 0.7689995564543313,
        "num(pathline)": 0.9855406393215262,
        "min(distant)": 0.01102388792442055
    },
    "member19": {
        "max(u)": 0.9958610694599722,
        "max(v)": 0.5250817298227494,
        "max(length)": 0.7689995564543313,
        "num(pathline)": 0.9855406393215262,
        "min(distant)": 0.01102388792442055
    },
    "member20": {
        "max(u)": 0.9958610694599722,
        "max(v)": 0.5250817298227494,
        "max(length)": 0.7689995564543313,
        "num(pathline)": 0.9855406393215262,
        "min(distant)": 0.01102388792442055
    }
}