{
    "member1": {
        "max(u)": 0.12535983522658734,
        "max(v)": 0.8238625360358285,
        "max(length)": 0.6373807054251095,
        "num(pathline)": 0.5639889271405796,
        "min(distant)": 0.9338147823168501
    },
    "member2": {
        "max(u)": 0.12535983522658734,
        "max(v)": 0.8238625360358285,
        "max(length)": 0.6373807054251095,
        "num(pathline)": 0.5639889271405796,
        "min(distant)": 0.9338147823168501
    },
    "member3": {
        "max(u)": 0.12535983522658734,
        "max(v)": 0.8238625360358285,
        "max(length)": 0.6373807054251095,
        "num(pathline)": 0.5639889271405796,
        "min(distant)": 0.9338147823168501
    },
    "member4": {
        "max(u)": 0.12535983522658734,
        "max(v)": 0.8238625360358285,
        "max(length)": 0.6373807054251095,
        "num(pathline)": 0.5639889271405796,
        "min(distant)": 0.9338147823168501
    },
    "member5": {
        "max(u)": 0.12535983522658734,
        "max(v)": 0.8238625360358285,
        "max(length)": 0.6373807054251095,
        "num(pathline)": 0.5639889271405796,
        "min(distant)": 0.9338147823168501
    },
    "member6": {
        "max(u)": 0.12535983522658734,
        "max(v)": 0.8238625360358285,
        "max(length)": 0.6373807054251095,
        "num(pathline)": 0.5639889271405796,
        "min(distant)": 0.9338147823168501
    },
    "member7": {
        "max(u)": 0.12535983522658734,
        "max(v)": 0.8238625360358285,
        "max(length)": 0.6373807054251095,
        "num(pathline)": 0.5639889271405796,
        "min(distant)": 0.9338147823168501
    },
    "member8": {
        "max(u)": 0.12535983522658734,
        "max(v)": 0.8238625360358285,
        "max(length)": 0.6373807054251095,
        "num(pathline)": 0.5639889271405796,
        "min(distant)": 0.9338147823168501
    },
    "member9": {
        "max(u)": 0.12535983522658734,
        "max(v)": 0.8238625360358285,
        "max(length)": 0.6373807054251095,
        "num(pathline)": 0.5639889271405796,
        "min(distant)": 0.9338147823168501
    },
    "member10": {
        "max(u)": 0.12535983522658734,
        "max(v)": 0.8238625360358285,
        "max(length)": 0.6373807054251095,
        "num(pathline)": 0.5639889271405796,
        "min(distant)": 0.9338147823168501
    },
    "member11": {
        "max(u)": 0.12535983522658734,
        "max(v)": 0.8238625360358285,
        "max(length)": 0.6373807054251095,
        "num(pathline)": 0.5639889271405796,
        "min(distant)": 0.9338147823168501
    },
    "member12": {
        "max(u)": 0.12535983522658734,
        "max(v)": 0.8238625360358285,
        "max(length)": 0.6373807054251095,
        "num(pathline)": 0.5639889271405796,
        "min(distant)": 0.9338147823168501
    },
    "member13": {
        "max(u)": 0.12535983522658734,
        "max(v)": 0.8238625360358285,
        "max(length)": 0.6373807054251095,
        "num(pathline)": 0.5639889271405796,
        "min(distant)": 0.9338147823168501
    },
    "member14": {
        "max(u)": 0.12535983522658734,
        "max(v)": 0.8238625360358285,
        "max(length)": 0.6373807054251095,
        "num(pathline)": 0.5639889271405796,
        "min(distant)": 0.9338147823168501
    },
    "member15": {
        "max(u)": 0.12535983522658734,
        "max(v)": 0.8238625360358285,
        "max(length)": 0.6373807054251095,
        "num(pathline)": 0.5639889271405796,
        "min(distant)": 0.9338147823168501
    },
    "member16": {
        "max(u)": 0.12535983522658734,
        "max(v)": 0.8238625360358285,
        "max(length)": 0.6373807054251095,
        "num(pathline)": 0.5639889271405796,
        "min(distant)": 0.9338147823168501
    },
    "member17": {
        "max(u)": 0.12535983522658734,
        "max(v)": 0.8238625360358285,
        "max(length)": 0.6373807054251095,
        "num(pathline)": 0.5639889271405796,
        "min(distant)": 0.9338147823168501
    },
    "member18": {
        "max(u)": 0.12535983522658734,
        "max(v)": 0.8238625360358285,
        "max(length)": 0.6373807054251095,
        "num(pathline)": 0.5639889271405796,
        "min(distant)": 0.9338147823168501
    },
    "member19": {
        "max(u)": 0.12535983522658734,
        "max(v)": 0.8238625360358285,
        "max(length)": 0.6373807054251095,
        "num(pathline)": 0.5639889271405796,
        "min(distant)": 0.9338147823168501
    },
    "member20": {
        "max(u)": 0.12535983522658734,
        "max(v)": 0.8238625360358285,
        "max(length)": 0.6373807054251095,
        "num(pathline)": 0.5639889271405796,
        "min(distant)": 0.9338147823168501
    }
}