{
    "member1": {
        "max(u)": 0.443825716520176,
        "max(v)": 0.713640049589792,
        "max(length)": 0.12307692375075319,
        "num(pathline)": 0.03467198841918939,
        "min(distant)": 0.003364616654543129
    },
    "member2": {
        "max(u)": 0.443825716520176,
        "max(v)": 0.713640049589792,
        "max(length)": 0.12307692375075319,
        "num(pathline)": 0.03467198841918939,
        "min(distant)": 0.003364616654543129
    },
    "member3": {
        "max(u)": 0.443825716520176,
        "max(v)": 0.713640049589792,
        "max(length)": 0.12307692375075319,
        "num(pathline)": 0.03467198841918939,
        "min(distant)": 0.003364616654543129
    },
    "member4": {
        "max(u)": 0.443825716520176,
        "max(v)": 0.713640049589792,
        "max(length)": 0.12307692375075319,
        "num(pathline)": 0.03467198841918939,
        "min(distant)": 0.003364616654543129
    },
    "member5": {
        "max(u)": 0.443825716520176,
        "max(v)": 0.713640049589792,
        "max(length)": 0.12307692375075319,
        "num(pathline)": 0.03467198841918939,
        "min(distant)": 0.003364616654543129
    },
    "member6": {
        "max(u)": 0.443825716520176,
        "max(v)": 0.713640049589792,
        "max(length)": 0.12307692375075319,
        "num(pathline)": 0.03467198841918939,
        "min(distant)": 0.003364616654543129
    },
    "member7": {
        "max(u)": 0.443825716520176,
        "max(v)": 0.713640049589792,
        "max(length)": 0.12307692375075319,
        "num(pathline)": 0.03467198841918939,
        "min(distant)": 0.003364616654543129
    },
    "member8": {
        "max(u)": 0.443825716520176,
        "max(v)": 0.713640049589792,
        "max(length)": 0.12307692375075319,
        "num(pathline)": 0.03467198841918939,
        "min(distant)": 0.003364616654543129
    },
    "member9": {
        "max(u)": 0.443825716520176,
        "max(v)": 0.713640049589792,
        "max(length)": 0.12307692375075319,
        "num(pathline)": 0.03467198841918939,
        "min(distant)": 0.003364616654543129
    },
    "member10": {
        "max(u)": 0.443825716520176,
        "max(v)": 0.713640049589792,
        "max(length)": 0.12307692375075319,
        "num(pathline)": 0.03467198841918939,
        "min(distant)": 0.003364616654543129
    },
    "member11": {
        "max(u)": 0.443825716520176,
        "max(v)": 0.713640049589792,
        "max(length)": 0.12307692375075319,
        "num(pathline)": 0.03467198841918939,
        "min(distant)": 0.003364616654543129
    },
    "member12": {
        "max(u)": 0.443825716520176,
        "max(v)": 0.713640049589792,
        "max(length)": 0.12307692375075319,
        "num(pathline)": 0.03467198841918939,
        "min(distant)": 0.003364616654543129
    },
    "member13": {
        "max(u)": 0.443825716520176,
        "max(v)": 0.713640049589792,
        "max(length)": 0.12307692375075319,
        "num(pathline)": 0.03467198841918939,
        "min(distant)": 0.003364616654543129
    },
    "member14": {
        "max(u)": 0.443825716520176,
        "max(v)": 0.713640049589792,
        "max(length)": 0.12307692375075319,
        "num(pathline)": 0.03467198841918939,
        "min(distant)": 0.003364616654543129
    },
    "member15": {
        "max(u)": 0.443825716520176,
        "max(v)": 0.713640049589792,
        "max(length)": 0.12307692375075319,
        "num(pathline)": 0.03467198841918939,
        "min(distant)": 0.003364616654543129
    },
    "member16": {
        "max(u)": 0.443825716520176,
        "max(v)": 0.713640049589792,
        "max(length)": 0.12307692375075319,
        "num(pathline)": 0.03467198841918939,
        "min(distant)": 0.003364616654543129
    },
    "member17": {
        "max(u)": 0.443825716520176,
        "max(v)": 0.713640049589792,
        "max(length)": 0.12307692375075319,
        "num(pathline)": 0.03467198841918939,
        "min(distant)": 0.003364616654543129
    },
    "member18": {
        "max(u)": 0.443825716520176,
        "max(v)": 0.713640049589792,
        "max(length)": 0.12307692375075319,
        "num(pathline)": 0.03467198841918939,
        "min(distant)": 0.003364616654543129
    },
    "member19": {
        "max(u)": 0.443825716520176,
        "max(v)": 0.713640049589792,
        "max(length)": 0.12307692375075319,
        "num(pathline)": 0.03467198841918939,
        "min(distant)": 0.003364616654543129
    },
    "member20": {
        "max(u)": 0.443825716520176,
        "max(v)": 0.713640049589792,
        "max(length)": 0.12307692375075319,
        "num(pathline)": 0.03467198841918939,
        "min(distant)": 0.003364616654543129
    }
}