{
    "member1": {
        "max(u)": 0.05880694233903927,
        "max(v)": 0.591304733196208,
        "max(length)": 0.19413661520662584,
        "num(pathline)": 0.0965156814161151,
        "min(distant)": 0.10294518957349219
    },
    "member2": {
        "max(u)": 0.05880694233903927,
        "max(v)": 0.591304733196208,
        "max(length)": 0.19413661520662584,
        "num(pathline)": 0.0965156814161151,
        "min(distant)": 0.10294518957349219
    },
    "member3": {
        "max(u)": 0.05880694233903927,
        "max(v)": 0.591304733196208,
        "max(length)": 0.19413661520662584,
        "num(pathline)": 0.0965156814161151,
        "min(distant)": 0.10294518957349219
    },
    "member4": {
        "max(u)": 0.05880694233903927,
        "max(v)": 0.591304733196208,
        "max(length)": 0.19413661520662584,
        "num(pathline)": 0.0965156814161151,
        "min(distant)": 0.10294518957349219
    },
    "member5": {
        "max(u)": 0.05880694233903927,
        "max(v)": 0.591304733196208,
        "max(length)": 0.19413661520662584,
        "num(pathline)": 0.0965156814161151,
        "min(distant)": 0.10294518957349219
    },
    "member6": {
        "max(u)": 0.05880694233903927,
        "max(v)": 0.591304733196208,
        "max(length)": 0.19413661520662584,
        "num(pathline)": 0.0965156814161151,
        "min(distant)": 0.10294518957349219
    },
    "member7": {
        "max(u)": 0.05880694233903927,
        "max(v)": 0.591304733196208,
        "max(length)": 0.19413661520662584,
        "num(pathline)": 0.0965156814161151,
        "min(distant)": 0.10294518957349219
    },
    "member8": {
        "max(u)": 0.05880694233903927,
        "max(v)": 0.591304733196208,
        "max(length)": 0.19413661520662584,
        "num(pathline)": 0.0965156814161151,
        "min(distant)": 0.10294518957349219
    },
    "member9": {
        "max(u)": 0.05880694233903927,
        "max(v)": 0.591304733196208,
        "max(length)": 0.19413661520662584,
        "num(pathline)": 0.0965156814161151,
        "min(distant)": 0.10294518957349219
    },
    "member10": {
        "max(u)": 0.05880694233903927,
        "max(v)": 0.591304733196208,
        "max(length)": 0.19413661520662584,
        "num(pathline)": 0.0965156814161151,
        "min(distant)": 0.10294518957349219
    },
    "member11": {
        "max(u)": 0.05880694233903927,
        "max(v)": 0.591304733196208,
        "max(length)": 0.19413661520662584,
        "num(pathline)": 0.0965156814161151,
        "min(distant)": 0.10294518957349219
    },
    "member12": {
        "max(u)": 0.05880694233903927,
        "max(v)": 0.591304733196208,
        "max(length)": 0.19413661520662584,
        "num(pathline)": 0.0965156814161151,
        "min(distant)": 0.10294518957349219
    },
    "member13": {
        "max(u)": 0.05880694233903927,
        "max(v)": 0.591304733196208,
        "max(length)": 0.19413661520662584,
        "num(pathline)": 0.0965156814161151,
        "min(distant)": 0.10294518957349219
    },
    "member14": {
        "max(u)": 0.05880694233903927,
        "max(v)": 0.591304733196208,
        "max(length)": 0.19413661520662584,
        "num(pathline)": 0.0965156814161151,
        "min(distant)": 0.10294518957349219
    },
    "member15": {
        "max(u)": 0.05880694233903927,
        "max(v)": 0.591304733196208,
        "max(length)": 0.19413661520662584,
        "num(pathline)": 0.0965156814161151,
        "min(distant)": 0.10294518957349219
    },
    "member16": {
        "max(u)": 0.05880694233903927,
        "max(v)": 0.591304733196208,
        "max(length)": 0.19413661520662584,
        "num(pathline)": 0.0965156814161151,
        "min(distant)": 0.10294518957349219
    },
    "member17": {
        "max(u)": 0.05880694233903927,
        "max(v)": 0.591304733196208,
        "max(length)": 0.19413661520662584,
        "num(pathline)": 0.0965156814161151,
        "min(distant)": 0.10294518957349219
    },
    "member18": {
        "max(u)": 0.05880694233903927,
        "max(v)": 0.591304733196208,
        "max(length)": 0.19413661520662584,
        "num(pathline)": 0.0965156814161151,
        "min(distant)": 0.10294518957349219
    },
    "member19": {
        "max(u)": 0.05880694233903927,
        "max(v)": 0.591304733196208,
        "max(length)": 0.19413661520662584,
        "num(pathline)": 0.0965156814161151,
        "min(distant)": 0.10294518957349219
    },
    "member20": {
        "max(u)": 0.05880694233903927,
        "max(v)": 0.591304733196208,
        "max(length)": 0.19413661520662584,
        "num(pathline)": 0.0965156814161151,
        "min(distant)": 0.10294518957349219
    }
}