{
    "member1": {
        "max(u)": 0.1044943521493088,
        "max(v)": 0.5007869236824618,
        "max(length)": 0.18795573933370202,
        "num(pathline)": 0.8085230554932601,
        "min(distant)": 0.805308399371761
    },
    "member2": {
        "max(u)": 0.1044943521493088,
        "max(v)": 0.5007869236824618,
        "max(length)": 0.18795573933370202,
        "num(pathline)": 0.8085230554932601,
        "min(distant)": 0.805308399371761
    },
    "member3": {
        "max(u)": 0.1044943521493088,
        "max(v)": 0.5007869236824618,
        "max(length)": 0.18795573933370202,
        "num(pathline)": 0.8085230554932601,
        "min(distant)": 0.805308399371761
    },
    "member4": {
        "max(u)": 0.1044943521493088,
        "max(v)": 0.5007869236824618,
        "max(length)": 0.18795573933370202,
        "num(pathline)": 0.8085230554932601,
        "min(distant)": 0.805308399371761
    },
    "member5": {
        "max(u)": 0.1044943521493088,
        "max(v)": 0.5007869236824618,
        "max(length)": 0.18795573933370202,
        "num(pathline)": 0.8085230554932601,
        "min(distant)": 0.805308399371761
    },
    "member6": {
        "max(u)": 0.1044943521493088,
        "max(v)": 0.5007869236824618,
        "max(length)": 0.18795573933370202,
        "num(pathline)": 0.8085230554932601,
        "min(distant)": 0.805308399371761
    },
    "member7": {
        "max(u)": 0.1044943521493088,
        "max(v)": 0.5007869236824618,
        "max(length)": 0.18795573933370202,
        "num(pathline)": 0.8085230554932601,
        "min(distant)": 0.805308399371761
    },
    "member8": {
        "max(u)": 0.1044943521493088,
        "max(v)": 0.5007869236824618,
        "max(length)": 0.18795573933370202,
        "num(pathline)": 0.8085230554932601,
        "min(distant)": 0.805308399371761
    },
    "member9": {
        "max(u)": 0.1044943521493088,
        "max(v)": 0.5007869236824618,
        "max(length)": 0.18795573933370202,
        "num(pathline)": 0.8085230554932601,
        "min(distant)": 0.805308399371761
    },
    "member10": {
        "max(u)": 0.1044943521493088,
        "max(v)": 0.5007869236824618,
        "max(length)": 0.18795573933370202,
        "num(pathline)": 0.8085230554932601,
        "min(distant)": 0.805308399371761
    },
    "member11": {
        "max(u)": 0.1044943521493088,
        "max(v)": 0.5007869236824618,
        "max(length)": 0.18795573933370202,
        "num(pathline)": 0.8085230554932601,
        "min(distant)": 0.805308399371761
    },
    "member12": {
        "max(u)": 0.1044943521493088,
        "max(v)": 0.5007869236824618,
        "max(length)": 0.18795573933370202,
        "num(pathline)": 0.8085230554932601,
        "min(distant)": 0.805308399371761
    },
    "member13": {
        "max(u)": 0.1044943521493088,
        "max(v)": 0.5007869236824618,
        "max(length)": 0.18795573933370202,
        "num(pathline)": 0.8085230554932601,
        "min(distant)": 0.805308399371761
    },
    "member14": {
        "max(u)": 0.1044943521493088,
        "max(v)": 0.5007869236824618,
        "max(length)": 0.18795573933370202,
        "num(pathline)": 0.8085230554932601,
        "min(distant)": 0.805308399371761
    },
    "member15": {
        "max(u)": 0.1044943521493088,
        "max(v)": 0.5007869236824618,
        "max(length)": 0.18795573933370202,
        "num(pathline)": 0.8085230554932601,
        "min(distant)": 0.805308399371761
    },
    "member16": {
        "max(u)": 0.1044943521493088,
        "max(v)": 0.5007869236824618,
        "max(length)": 0.18795573933370202,
        "num(pathline)": 0.8085230554932601,
        "min(distant)": 0.805308399371761
    },
    "member17": {
        "max(u)": 0.1044943521493088,
        "max(v)": 0.5007869236824618,
        "max(length)": 0.18795573933370202,
        "num(pathline)": 0.8085230554932601,
        "min(distant)": 0.805308399371761
    },
    "member18": {
        "max(u)": 0.1044943521493088,
        "max(v)": 0.5007869236824618,
        "max(length)": 0.18795573933370202,
        "num(pathline)": 0.8085230554932601,
        "min(distant)": 0.805308399371761
    },
    "member19": {
        "max(u)": 0.1044943521493088,
        "max(v)": 0.5007869236824618,
        "max(length)": 0.18795573933370202,
        "num(pathline)": 0.8085230554932601,
        "min(distant)": 0.805308399371761
    },
    "member20": {
        "max(u)": 0.1044943521493088,
        "max(v)": 0.5007869236824618,
        "max(length)": 0.18795573933370202,
        "num(pathline)": 0.8085230554932601,
        "min(distant)": 0.805308399371761
    }
}