{
    "member1": {
        "max(u)": 0.4903767496345527,
        "max(v)": 0.002822584116445981,
        "max(length)": 0.012896183894946067,
        "num(pathline)": 0.7135916827295996,
        "min(distant)": 0.9390069105032226
    },
    "member2": {
        "max(u)": 0.4903767496345527,
        "max(v)": 0.002822584116445981,
        "max(length)": 0.012896183894946067,
        "num(pathline)": 0.7135916827295996,
        "min(distant)": 0.9390069105032226
    },
    "member3": {
        "max(u)": 0.4903767496345527,
        "max(v)": 0.002822584116445981,
        "max(length)": 0.012896183894946067,
        "num(pathline)": 0.7135916827295996,
        "min(distant)": 0.9390069105032226
    },
    "member4": {
        "max(u)": 0.4903767496345527,
        "max(v)": 0.002822584116445981,
        "max(length)": 0.012896183894946067,
        "num(pathline)": 0.7135916827295996,
        "min(distant)": 0.9390069105032226
    },
    "member5": {
        "max(u)": 0.4903767496345527,
        "max(v)": 0.002822584116445981,
        "max(length)": 0.012896183894946067,
        "num(pathline)": 0.7135916827295996,
        "min(distant)": 0.9390069105032226
    },
    "member6": {
        "max(u)": 0.4903767496345527,
        "max(v)": 0.002822584116445981,
        "max(length)": 0.012896183894946067,
        "num(pathline)": 0.7135916827295996,
        "min(distant)": 0.9390069105032226
    },
    "member7": {
        "max(u)": 0.4903767496345527,
        "max(v)": 0.002822584116445981,
        "max(length)": 0.012896183894946067,
        "num(pathline)": 0.7135916827295996,
        "min(distant)": 0.9390069105032226
    },
    "member8": {
        "max(u)": 0.4903767496345527,
        "max(v)": 0.002822584116445981,
        "max(length)": 0.012896183894946067,
        "num(pathline)": 0.7135916827295996,
        "min(distant)": 0.9390069105032226
    },
    "member9": {
        "max(u)": 0.4903767496345527,
        "max(v)": 0.002822584116445981,
        "max(length)": 0.012896183894946067,
        "num(pathline)": 0.7135916827295996,
        "min(distant)": 0.9390069105032226
    },
    "member10": {
        "max(u)": 0.4903767496345527,
        "max(v)": 0.002822584116445981,
        "max(length)": 0.012896183894946067,
        "num(pathline)": 0.7135916827295996,
        "min(distant)": 0.9390069105032226
    },
    "member11": {
        "max(u)": 0.4903767496345527,
        "max(v)": 0.002822584116445981,
        "max(length)": 0.012896183894946067,
        "num(pathline)": 0.7135916827295996,
        "min(distant)": 0.9390069105032226
    },
    "member12": {
        "max(u)": 0.4903767496345527,
        "max(v)": 0.002822584116445981,
        "max(length)": 0.012896183894946067,
        "num(pathline)": 0.7135916827295996,
        "min(distant)": 0.9390069105032226
    },
    "member13": {
        "max(u)": 0.4903767496345527,
        "max(v)": 0.002822584116445981,
        "max(length)": 0.012896183894946067,
        "num(pathline)": 0.7135916827295996,
        "min(distant)": 0.9390069105032226
    },
    "member14": {
        "max(u)": 0.4903767496345527,
        "max(v)": 0.002822584116445981,
        "max(length)": 0.012896183894946067,
        "num(pathline)": 0.7135916827295996,
        "min(distant)": 0.9390069105032226
    },
    "member15": {
        "max(u)": 0.4903767496345527,
        "max(v)": 0.002822584116445981,
        "max(length)": 0.012896183894946067,
        "num(pathline)": 0.7135916827295996,
        "min(distant)": 0.9390069105032226
    },
    "member16": {
        "max(u)": 0.4903767496345527,
        "max(v)": 0.002822584116445981,
        "max(length)": 0.012896183894946067,
        "num(pathline)": 0.7135916827295996,
        "min(distant)": 0.9390069105032226
    },
    "member17": {
        "max(u)": 0.4903767496345527,
        "max(v)": 0.002822584116445981,
        "max(length)": 0.012896183894946067,
        "num(pathline)": 0.7135916827295996,
        "min(distant)": 0.9390069105032226
    },
    "member18": {
        "max(u)": 0.4903767496345527,
        "max(v)": 0.002822584116445981,
        "max(length)": 0.012896183894946067,
        "num(pathline)": 0.7135916827295996,
        "min(distant)": 0.9390069105032226
    },
    "member19": {
        "max(u)": 0.4903767496345527,
        "max(v)": 0.002822584116445981,
        "max(length)": 0.012896183894946067,
        "num(pathline)": 0.7135916827295996,
        "min(distant)": 0.9390069105032226
    },
    "member20": {
        "max(u)": 0.4903767496345527,
        "max(v)": 0.002822584116445981,
        "max(length)": 0.012896183894946067,
        "num(pathline)": 0.7135916827295996,
        "min(distant)": 0.9390069105032226
    }
}