{
    "member1": {
        "max(u)": 0.9286699495244424,
        "max(v)": 0.420338769754691,
        "max(length)": 0.7510660554519125,
        "num(pathline)": 0.19499967159500853,
        "min(distant)": 0.41850571348911036
    },
    "member2": {
        "max(u)": 0.9286699495244424,
        "max(v)": 0.420338769754691,
        "max(length)": 0.7510660554519125,
        "num(pathline)": 0.19499967159500853,
        "min(distant)": 0.41850571348911036
    },
    "member3": {
        "max(u)": 0.9286699495244424,
        "max(v)": 0.420338769754691,
        "max(length)": 0.7510660554519125,
        "num(pathline)": 0.19499967159500853,
        "min(distant)": 0.41850571348911036
    },
    "member4": {
        "max(u)": 0.9286699495244424,
        "max(v)": 0.420338769754691,
        "max(length)": 0.7510660554519125,
        "num(pathline)": 0.19499967159500853,
        "min(distant)": 0.41850571348911036
    },
    "member5": {
        "max(u)": 0.9286699495244424,
        "max(v)": 0.420338769754691,
        "max(length)": 0.7510660554519125,
        "num(pathline)": 0.19499967159500853,
        "min(distant)": 0.41850571348911036
    },
    "member6": {
        "max(u)": 0.9286699495244424,
        "max(v)": 0.420338769754691,
        "max(length)": 0.7510660554519125,
        "num(pathline)": 0.19499967159500853,
        "min(distant)": 0.41850571348911036
    },
    "member7": {
        "max(u)": 0.9286699495244424,
        "max(v)": 0.420338769754691,
        "max(length)": 0.7510660554519125,
        "num(pathline)": 0.19499967159500853,
        "min(distant)": 0.41850571348911036
    },
    "member8": {
        "max(u)": 0.9286699495244424,
        "max(v)": 0.420338769754691,
        "max(length)": 0.7510660554519125,
        "num(pathline)": 0.19499967159500853,
        "min(distant)": 0.41850571348911036
    },
    "member9": {
        "max(u)": 0.9286699495244424,
        "max(v)": 0.420338769754691,
        "max(length)": 0.7510660554519125,
        "num(pathline)": 0.19499967159500853,
        "min(distant)": 0.41850571348911036
    },
    "member10": {
        "max(u)": 0.9286699495244424,
        "max(v)": 0.420338769754691,
        "max(length)": 0.7510660554519125,
        "num(pathline)": 0.19499967159500853,
        "min(distant)": 0.41850571348911036
    },
    "member11": {
        "max(u)": 0.9286699495244424,
        "max(v)": 0.420338769754691,
        "max(length)": 0.7510660554519125,
        "num(pathline)": 0.19499967159500853,
        "min(distant)": 0.41850571348911036
    },
    "member12": {
        "max(u)": 0.9286699495244424,
        "max(v)": 0.420338769754691,
        "max(length)": 0.7510660554519125,
        "num(pathline)": 0.19499967159500853,
        "min(distant)": 0.41850571348911036
    },
    "member13": {
        "max(u)": 0.9286699495244424,
        "max(v)": 0.420338769754691,
        "max(length)": 0.7510660554519125,
        "num(pathline)": 0.19499967159500853,
        "min(distant)": 0.41850571348911036
    },
    "member14": {
        "max(u)": 0.9286699495244424,
        "max(v)": 0.420338769754691,
        "max(length)": 0.7510660554519125,
        "num(pathline)": 0.19499967159500853,
        "min(distant)": 0.41850571348911036
    },
    "member15": {
        "max(u)": 0.9286699495244424,
        "max(v)": 0.420338769754691,
        "max(length)": 0.7510660554519125,
        "num(pathline)": 0.19499967159500853,
        "min(distant)": 0.41850571348911036
    },
    "member16": {
        "max(u)": 0.9286699495244424,
        "max(v)": 0.420338769754691,
        "max(length)": 0.7510660554519125,
        "num(pathline)": 0.19499967159500853,
        "min(distant)": 0.41850571348911036
    },
    "member17": {
        "max(u)": 0.9286699495244424,
        "max(v)": 0.420338769754691,
        "max(length)": 0.7510660554519125,
        "num(pathline)": 0.19499967159500853,
        "min(distant)": 0.41850571348911036
    },
    "member18": {
        "max(u)": 0.9286699495244424,
        "max(v)": 0.420338769754691,
        "max(length)": 0.7510660554519125,
        "num(pathline)": 0.19499967159500853,
        "min(distant)": 0.41850571348911036
    },
    "member19": {
        "max(u)": 0.9286699495244424,
        "max(v)": 0.420338769754691,
        "max(length)": 0.7510660554519125,
        "num(pathline)": 0.19499967159500853,
        "min(distant)": 0.41850571348911036
    },
    "member20": {
        "max(u)": 0.9286699495244424,
        "max(v)": 0.420338769754691,
        "max(length)": 0.7510660554519125,
        "num(pathline)": 0.19499967159500853,
        "min(distant)": 0.41850571348911036
    }
}