{
    "member1": {
        "max(u)": 0.9426956655711904,
        "max(v)": 0.5644407220170511,
        "max(length)": 0.2291145470896695,
        "num(pathline)": 0.9100495521088874,
        "min(distant)": 0.48883524204030016
    },
    "member2": {
        "max(u)": 0.9426956655711904,
        "max(v)": 0.5644407220170511,
        "max(length)": 0.2291145470896695,
        "num(pathline)": 0.9100495521088874,
        "min(distant)": 0.48883524204030016
    },
    "member3": {
        "max(u)": 0.9426956655711904,
        "max(v)": 0.5644407220170511,
        "max(length)": 0.2291145470896695,
        "num(pathline)": 0.9100495521088874,
        "min(distant)": 0.48883524204030016
    },
    "member4": {
        "max(u)": 0.9426956655711904,
        "max(v)": 0.5644407220170511,
        "max(length)": 0.2291145470896695,
        "num(pathline)": 0.9100495521088874,
        "min(distant)": 0.48883524204030016
    },
    "member5": {
        "max(u)": 0.9426956655711904,
        "max(v)": 0.5644407220170511,
        "max(length)": 0.2291145470896695,
        "num(pathline)": 0.9100495521088874,
        "min(distant)": 0.48883524204030016
    },
    "member6": {
        "max(u)": 0.9426956655711904,
        "max(v)": 0.5644407220170511,
        "max(length)": 0.2291145470896695,
        "num(pathline)": 0.9100495521088874,
        "min(distant)": 0.48883524204030016
    },
    "member7": {
        "max(u)": 0.9426956655711904,
        "max(v)": 0.5644407220170511,
        "max(length)": 0.2291145470896695,
        "num(pathline)": 0.9100495521088874,
        "min(distant)": 0.48883524204030016
    },
    "member8": {
        "max(u)": 0.9426956655711904,
        "max(v)": 0.5644407220170511,
        "max(length)": 0.2291145470896695,
        "num(pathline)": 0.9100495521088874,
        "min(distant)": 0.48883524204030016
    },
    "member9": {
        "max(u)": 0.9426956655711904,
        "max(v)": 0.5644407220170511,
        "max(length)": 0.2291145470896695,
        "num(pathline)": 0.9100495521088874,
        "min(distant)": 0.48883524204030016
    },
    "member10": {
        "max(u)": 0.9426956655711904,
        "max(v)": 0.5644407220170511,
        "max(length)": 0.2291145470896695,
        "num(pathline)": 0.9100495521088874,
        "min(distant)": 0.48883524204030016
    },
    "member11": {
        "max(u)": 0.9426956655711904,
        "max(v)": 0.5644407220170511,
        "max(length)": 0.2291145470896695,
        "num(pathline)": 0.9100495521088874,
        "min(distant)": 0.48883524204030016
    },
    "member12": {
        "max(u)": 0.9426956655711904,
        "max(v)": 0.5644407220170511,
        "max(length)": 0.2291145470896695,
        "num(pathline)": 0.9100495521088874,
        "min(distant)": 0.48883524204030016
    },
    "member13": {
        "max(u)": 0.9426956655711904,
        "max(v)": 0.5644407220170511,
        "max(length)": 0.2291145470896695,
        "num(pathline)": 0.9100495521088874,
        "min(distant)": 0.48883524204030016
    },
    "member14": {
        "max(u)": 0.9426956655711904,
        "max(v)": 0.5644407220170511,
        "max(length)": 0.2291145470896695,
        "num(pathline)": 0.9100495521088874,
        "min(distant)": 0.48883524204030016
    },
    "member15": {
        "max(u)": 0.9426956655711904,
        "max(v)": 0.5644407220170511,
        "max(length)": 0.2291145470896695,
        "num(pathline)": 0.9100495521088874,
        "min(distant)": 0.48883524204030016
    },
    "member16": {
        "max(u)": 0.9426956655711904,
        "max(v)": 0.5644407220170511,
        "max(length)": 0.2291145470896695,
        "num(pathline)": 0.9100495521088874,
        "min(distant)": 0.48883524204030016
    },
    "member17": {
        "max(u)": 0.9426956655711904,
        "max(v)": 0.5644407220170511,
        "max(length)": 0.2291145470896695,
        "num(pathline)": 0.9100495521088874,
        "min(distant)": 0.48883524204030016
    },
    "member18": {
        "max(u)": 0.9426956655711904,
        "max(v)": 0.5644407220170511,
        "max(length)": 0.2291145470896695,
        "num(pathline)": 0.9100495521088874,
        "min(distant)": 0.48883524204030016
    },
    "member19": {
        "max(u)": 0.9426956655711904,
        "max(v)": 0.5644407220170511,
        "max(length)": 0.2291145470896695,
        "num(pathline)": 0.9100495521088874,
        "min(distant)": 0.48883524204030016
    },
    "member20": {
        "max(u)": 0.9426956655711904,
        "max(v)": 0.5644407220170511,
        "max(length)": 0.2291145470896695,
        "num(pathline)": 0.9100495521088874,
        "min(distant)": 0.48883524204030016
    }
}