{
    "member1": {
        "max(u)": 0.27766511908067504,
        "max(v)": 0.16557839227995796,
        "max(length)": 0.28944573751541125,
        "num(pathline)": 0.22623397042602744,
        "min(distant)": 0.043235505192501966
    },
    "member2": {
        "max(u)": 0.27766511908067504,
        "max(v)": 0.16557839227995796,
        "max(length)": 0.28944573751541125,
        "num(pathline)": 0.22623397042602744,
        "min(distant)": 0.043235505192501966
    },
    "member3": {
        "max(u)": 0.27766511908067504,
        "max(v)": 0.16557839227995796,
        "max(length)": 0.28944573751541125,
        "num(pathline)": 0.22623397042602744,
        "min(distant)": 0.043235505192501966
    },
    "member4": {
        "max(u)": 0.27766511908067504,
        "max(v)": 0.16557839227995796,
        "max(length)": 0.28944573751541125,
        "num(pathline)": 0.22623397042602744,
        "min(distant)": 0.043235505192501966
    },
    "member5": {
        "max(u)": 0.27766511908067504,
        "max(v)": 0.16557839227995796,
        "max(length)": 0.28944573751541125,
        "num(pathline)": 0.22623397042602744,
        "min(distant)": 0.043235505192501966
    },
    "member6": {
        "max(u)": 0.27766511908067504,
        "max(v)": 0.16557839227995796,
        "max(length)": 0.28944573751541125,
        "num(pathline)": 0.22623397042602744,
        "min(distant)": 0.043235505192501966
    },
    "member7": {
        "max(u)": 0.27766511908067504,
        "max(v)": 0.16557839227995796,
        "max(length)": 0.28944573751541125,
        "num(pathline)": 0.22623397042602744,
        "min(distant)": 0.043235505192501966
    },
    "member8": {
        "max(u)": 0.27766511908067504,
        "max(v)": 0.16557839227995796,
        "max(length)": 0.28944573751541125,
        "num(pathline)": 0.22623397042602744,
        "min(distant)": 0.043235505192501966
    },
    "member9": {
        "max(u)": 0.27766511908067504,
        "max(v)": 0.16557839227995796,
        "max(length)": 0.28944573751541125,
        "num(pathline)": 0.22623397042602744,
        "min(distant)": 0.043235505192501966
    },
    "member10": {
        "max(u)": 0.27766511908067504,
        "max(v)": 0.16557839227995796,
        "max(length)": 0.28944573751541125,
        "num(pathline)": 0.22623397042602744,
        "min(distant)": 0.043235505192501966
    },
    "member11": {
        "max(u)": 0.27766511908067504,
        "max(v)": 0.16557839227995796,
        "max(length)": 0.28944573751541125,
        "num(pathline)": 0.22623397042602744,
        "min(distant)": 0.043235505192501966
    },
    "member12": {
        "max(u)": 0.27766511908067504,
        "max(v)": 0.16557839227995796,
        "max(length)": 0.28944573751541125,
        "num(pathline)": 0.22623397042602744,
        "min(distant)": 0.043235505192501966
    },
    "member13": {
        "max(u)": 0.27766511908067504,
        "max(v)": 0.16557839227995796,
        "max(length)": 0.28944573751541125,
        "num(pathline)": 0.22623397042602744,
        "min(distant)": 0.043235505192501966
    },
    "member14": {
        "max(u)": 0.27766511908067504,
        "max(v)": 0.16557839227995796,
        "max(length)": 0.28944573751541125,
        "num(pathline)": 0.22623397042602744,
        "min(distant)": 0.043235505192501966
    },
    "member15": {
        "max(u)": 0.27766511908067504,
        "max(v)": 0.16557839227995796,
        "max(length)": 0.28944573751541125,
        "num(pathline)": 0.22623397042602744,
        "min(distant)": 0.043235505192501966
    },
    "member16": {
        "max(u)": 0.27766511908067504,
        "max(v)": 0.16557839227995796,
        "max(length)": 0.28944573751541125,
        "num(pathline)": 0.22623397042602744,
        "min(distant)": 0.043235505192501966
    },
    "member17": {
        "max(u)": 0.27766511908067504,
        "max(v)": 0.16557839227995796,
        "max(length)": 0.28944573751541125,
        "num(pathline)": 0.22623397042602744,
        "min(distant)": 0.043235505192501966
    },
    "member18": {
        "max(u)": 0.27766511908067504,
        "max(v)": 0.16557839227995796,
        "max(length)": 0.28944573751541125,
        "num(pathline)": 0.22623397042602744,
        "min(distant)": 0.043235505192501966
    },
    "member19": {
        "max(u)": 0.27766511908067504,
        "max(v)": 0.16557839227995796,
        "max(length)": 0.28944573751541125,
        "num(pathline)": 0.22623397042602744,
        "min(distant)": 0.043235505192501966
    },
    "member20": {
        "max(u)": 0.27766511908067504,
        "max(v)": 0.16557839227995796,
        "max(length)": 0.28944573751541125,
        "num(pathline)": 0.22623397042602744,
        "min(distant)": 0.043235505192501966
    }
}