{
    "member1": {
        "max(u)": 0.5322887363531201,
        "max(v)": 0.7535938390983714,
        "max(length)": 0.5989347096076116,
        "num(pathline)": 0.9162266940740441,
        "min(distant)": 0.4870401893975286
    },
    "member2": {
        "max(u)": 0.5322887363531201,
        "max(v)": 0.7535938390983714,
        "max(length)": 0.5989347096076116,
        "num(pathline)": 0.9162266940740441,
        "min(distant)": 0.4870401893975286
    },
    "member3": {
        "max(u)": 0.5322887363531201,
        "max(v)": 0.7535938390983714,
        "max(length)": 0.5989347096076116,
        "num(pathline)": 0.9162266940740441,
        "min(distant)": 0.4870401893975286
    },
    "member4": {
        "max(u)": 0.5322887363531201,
        "max(v)": 0.7535938390983714,
        "max(length)": 0.5989347096076116,
        "num(pathline)": 0.9162266940740441,
        "min(distant)": 0.4870401893975286
    },
    "member5": {
        "max(u)": 0.5322887363531201,
        "max(v)": 0.7535938390983714,
        "max(length)": 0.5989347096076116,
        "num(pathline)": 0.9162266940740441,
        "min(distant)": 0.4870401893975286
    },
    "member6": {
        "max(u)": 0.5322887363531201,
        "max(v)": 0.7535938390983714,
        "max(length)": 0.5989347096076116,
        "num(pathline)": 0.9162266940740441,
        "min(distant)": 0.4870401893975286
    },
    "member7": {
        "max(u)": 0.5322887363531201,
        "max(v)": 0.7535938390983714,
        "max(length)": 0.5989347096076116,
        "num(pathline)": 0.9162266940740441,
        "min(distant)": 0.4870401893975286
    },
    "member8": {
        "max(u)": 0.5322887363531201,
        "max(v)": 0.7535938390983714,
        "max(length)": 0.5989347096076116,
        "num(pathline)": 0.9162266940740441,
        "min(distant)": 0.4870401893975286
    },
    "member9": {
        "max(u)": 0.5322887363531201,
        "max(v)": 0.7535938390983714,
        "max(length)": 0.5989347096076116,
        "num(pathline)": 0.9162266940740441,
        "min(distant)": 0.4870401893975286
    },
    "member10": {
        "max(u)": 0.5322887363531201,
        "max(v)": 0.7535938390983714,
        "max(length)": 0.5989347096076116,
        "num(pathline)": 0.9162266940740441,
        "min(distant)": 0.4870401893975286
    },
    "member11": {
        "max(u)": 0.5322887363531201,
        "max(v)": 0.7535938390983714,
        "max(length)": 0.5989347096076116,
        "num(pathline)": 0.9162266940740441,
        "min(distant)": 0.4870401893975286
    },
    "member12": {
        "max(u)": 0.5322887363531201,
        "max(v)": 0.7535938390983714,
        "max(length)": 0.5989347096076116,
        "num(pathline)": 0.9162266940740441,
        "min(distant)": 0.4870401893975286
    },
    "member13": {
        "max(u)": 0.5322887363531201,
        "max(v)": 0.7535938390983714,
        "max(length)": 0.5989347096076116,
        "num(pathline)": 0.9162266940740441,
        "min(distant)": 0.4870401893975286
    },
    "member14": {
        "max(u)": 0.5322887363531201,
        "max(v)": 0.7535938390983714,
        "max(length)": 0.5989347096076116,
        "num(pathline)": 0.9162266940740441,
        "min(distant)": 0.4870401893975286
    },
    "member15": {
        "max(u)": 0.5322887363531201,
        "max(v)": 0.7535938390983714,
        "max(length)": 0.5989347096076116,
        "num(pathline)": 0.9162266940740441,
        "min(distant)": 0.4870401893975286
    },
    "member16": {
        "max(u)": 0.5322887363531201,
        "max(v)": 0.7535938390983714,
        "max(length)": 0.5989347096076116,
        "num(pathline)": 0.9162266940740441,
        "min(distant)": 0.4870401893975286
    },
    "member17": {
        "max(u)": 0.5322887363531201,
        "max(v)": 0.7535938390983714,
        "max(length)": 0.5989347096076116,
        "num(pathline)": 0.9162266940740441,
        "min(distant)": 0.4870401893975286
    },
    "member18": {
        "max(u)": 0.5322887363531201,
        "max(v)": 0.7535938390983714,
        "max(length)": 0.5989347096076116,
        "num(pathline)": 0.9162266940740441,
        "min(distant)": 0.4870401893975286
    },
    "member19": {
        "max(u)": 0.5322887363531201,
        "max(v)": 0.7535938390983714,
        "max(length)": 0.5989347096076116,
        "num(pathline)": 0.9162266940740441,
        "min(distant)": 0.4870401893975286
    },
    "member20": {
        "max(u)": 0.5322887363531201,
        "max(v)": 0.7535938390983714,
        "max(length)": 0.5989347096076116,
        "num(pathline)": 0.9162266940740441,
        "min(distant)": 0.4870401893975286
    }
}