{
    "member1": {
        "max(u)": 0.9769813057145935,
        "max(v)": 0.844610734819565,
        "max(length)": 0.050122652119548916,
        "num(pathline)": 0.003289848244738436,
        "min(distant)": 0.3004475718399837
    },
    "member2": {
        "max(u)": 0.9769813057145935,
        "max(v)": 0.844610734819565,
        "max(length)": 0.050122652119548916,
        "num(pathline)": 0.003289848244738436,
        "min(distant)": 0.3004475718399837
    },
    "member3": {
        "max(u)": 0.9769813057145935,
        "max(v)": 0.844610734819565,
        "max(length)": 0.050122652119548916,
        "num(pathline)": 0.003289848244738436,
        "min(distant)": 0.3004475718399837
    },
    "member4": {
        "max(u)": 0.9769813057145935,
        "max(v)": 0.844610734819565,
        "max(length)": 0.050122652119548916,
        "num(pathline)": 0.003289848244738436,
        "min(distant)": 0.3004475718399837
    },
    "member5": {
        "max(u)": 0.9769813057145935,
        "max(v)": 0.844610734819565,
        "max(length)": 0.050122652119548916,
        "num(pathline)": 0.003289848244738436,
        "min(distant)": 0.3004475718399837
    },
    "member6": {
        "max(u)": 0.9769813057145935,
        "max(v)": 0.844610734819565,
        "max(length)": 0.050122652119548916,
        "num(pathline)": 0.003289848244738436,
        "min(distant)": 0.3004475718399837
    },
    "member7": {
        "max(u)": 0.9769813057145935,
        "max(v)": 0.844610734819565,
        "max(length)": 0.050122652119548916,
        "num(pathline)": 0.003289848244738436,
        "min(distant)": 0.3004475718399837
    },
    "member8": {
        "max(u)": 0.9769813057145935,
        "max(v)": 0.844610734819565,
        "max(length)": 0.050122652119548916,
        "num(pathline)": 0.003289848244738436,
        "min(distant)": 0.3004475718399837
    },
    "member9": {
        "max(u)": 0.9769813057145935,
        "max(v)": 0.844610734819565,
        "max(length)": 0.050122652119548916,
        "num(pathline)": 0.003289848244738436,
        "min(distant)": 0.3004475718399837
    },
    "member10": {
        "max(u)": 0.9769813057145935,
        "max(v)": 0.844610734819565,
        "max(length)": 0.050122652119548916,
        "num(pathline)": 0.003289848244738436,
        "min(distant)": 0.3004475718399837
    },
    "member11": {
        "max(u)": 0.9769813057145935,
        "max(v)": 0.844610734819565,
        "max(length)": 0.050122652119548916,
        "num(pathline)": 0.003289848244738436,
        "min(distant)": 0.3004475718399837
    },
    "member12": {
        "max(u)": 0.9769813057145935,
        "max(v)": 0.844610734819565,
        "max(length)": 0.050122652119548916,
        "num(pathline)": 0.003289848244738436,
        "min(distant)": 0.3004475718399837
    },
    "member13": {
        "max(u)": 0.9769813057145935,
        "max(v)": 0.844610734819565,
        "max(length)": 0.050122652119548916,
        "num(pathline)": 0.003289848244738436,
        "min(distant)": 0.3004475718399837
    },
    "member14": {
        "max(u)": 0.9769813057145935,
        "max(v)": 0.844610734819565,
        "max(length)": 0.050122652119548916,
        "num(pathline)": 0.003289848244738436,
        "min(distant)": 0.3004475718399837
    },
    "member15": {
        "max(u)": 0.9769813057145935,
        "max(v)": 0.844610734819565,
        "max(length)": 0.050122652119548916,
        "num(pathline)": 0.003289848244738436,
        "min(distant)": 0.3004475718399837
    },
    "member16": {
        "max(u)": 0.9769813057145935,
        "max(v)": 0.844610734819565,
        "max(length)": 0.050122652119548916,
        "num(pathline)": 0.003289848244738436,
        "min(distant)": 0.3004475718399837
    },
    "member17": {
        "max(u)": 0.9769813057145935,
        "max(v)": 0.844610734819565,
        "max(length)": 0.050122652119548916,
        "num(pathline)": 0.003289848244738436,
        "min(distant)": 0.3004475718399837
    },
    "member18": {
        "max(u)": 0.9769813057145935,
        "max(v)": 0.844610734819565,
        "max(length)": 0.050122652119548916,
        "num(pathline)": 0.003289848244738436,
        "min(distant)": 0.3004475718399837
    },
    "member19": {
        "max(u)": 0.9769813057145935,
        "max(v)": 0.844610734819565,
        "max(length)": 0.050122652119548916,
        "num(pathline)": 0.003289848244738436,
        "min(distant)": 0.3004475718399837
    },
    "member20": {
        "max(u)": 0.9769813057145935,
        "max(v)": 0.844610734819565,
        "max(length)": 0.050122652119548916,
        "num(pathline)": 0.003289848244738436,
        "min(distant)": 0.3004475718399837
    }
}