{
    "member1": {
        "max(u)": 0.14006008491751765,
        "max(v)": 0.3804416884624572,
        "max(length)": 0.8439624715739305,
        "num(pathline)": 0.6544577048946855,
        "min(distant)": 0.3398370266820189
    },
    "member2": {
        "max(u)": 0.14006008491751765,
        "max(v)": 0.3804416884624572,
        "max(length)": 0.8439624715739305,
        "num(pathline)": 0.6544577048946855,
        "min(distant)": 0.3398370266820189
    },
    "member3": {
        "max(u)": 0.14006008491751765,
        "max(v)": 0.3804416884624572,
        "max(length)": 0.8439624715739305,
        "num(pathline)": 0.6544577048946855,
        "min(distant)": 0.3398370266820189
    },
    "member4": {
        "max(u)": 0.14006008491751765,
        "max(v)": 0.3804416884624572,
        "max(length)": 0.8439624715739305,
        "num(pathline)": 0.6544577048946855,
        "min(distant)": 0.3398370266820189
    },
    "member5": {
        "max(u)": 0.14006008491751765,
        "max(v)": 0.3804416884624572,
        "max(length)": 0.8439624715739305,
        "num(pathline)": 0.6544577048946855,
        "min(distant)": 0.3398370266820189
    },
    "member6": {
        "max(u)": 0.14006008491751765,
        "max(v)": 0.3804416884624572,
        "max(length)": 0.8439624715739305,
        "num(pathline)": 0.6544577048946855,
        "min(distant)": 0.3398370266820189
    },
    "member7": {
        "max(u)": 0.14006008491751765,
        "max(v)": 0.3804416884624572,
        "max(length)": 0.8439624715739305,
        "num(pathline)": 0.6544577048946855,
        "min(distant)": 0.3398370266820189
    },
    "member8": {
        "max(u)": 0.14006008491751765,
        "max(v)": 0.3804416884624572,
        "max(length)": 0.8439624715739305,
        "num(pathline)": 0.6544577048946855,
        "min(distant)": 0.3398370266820189
    },
    "member9": {
        "max(u)": 0.14006008491751765,
        "max(v)": 0.3804416884624572,
        "max(length)": 0.8439624715739305,
        "num(pathline)": 0.6544577048946855,
        "min(distant)": 0.3398370266820189
    },
    "member10": {
        "max(u)": 0.14006008491751765,
        "max(v)": 0.3804416884624572,
        "max(length)": 0.8439624715739305,
        "num(pathline)": 0.6544577048946855,
        "min(distant)": 0.3398370266820189
    },
    "member11": {
        "max(u)": 0.14006008491751765,
        "max(v)": 0.3804416884624572,
        "max(length)": 0.8439624715739305,
        "num(pathline)": 0.6544577048946855,
        "min(distant)": 0.3398370266820189
    },
    "member12": {
        "max(u)": 0.14006008491751765,
        "max(v)": 0.3804416884624572,
        "max(length)": 0.8439624715739305,
        "num(pathline)": 0.6544577048946855,
        "min(distant)": 0.3398370266820189
    },
    "member13": {
        "max(u)": 0.14006008491751765,
        "max(v)": 0.3804416884624572,
        "max(length)": 0.8439624715739305,
        "num(pathline)": 0.6544577048946855,
        "min(distant)": 0.3398370266820189
    },
    "member14": {
        "max(u)": 0.14006008491751765,
        "max(v)": 0.3804416884624572,
        "max(length)": 0.8439624715739305,
        "num(pathline)": 0.6544577048946855,
        "min(distant)": 0.3398370266820189
    },
    "member15": {
        "max(u)": 0.14006008491751765,
        "max(v)": 0.3804416884624572,
        "max(length)": 0.8439624715739305,
        "num(pathline)": 0.6544577048946855,
        "min(distant)": 0.3398370266820189
    },
    "member16": {
        "max(u)": 0.14006008491751765,
        "max(v)": 0.3804416884624572,
        "max(length)": 0.8439624715739305,
        "num(pathline)": 0.6544577048946855,
        "min(distant)": 0.3398370266820189
    },
    "member17": {
        "max(u)": 0.14006008491751765,
        "max(v)": 0.3804416884624572,
        "max(length)": 0.8439624715739305,
        "num(pathline)": 0.6544577048946855,
        "min(distant)": 0.3398370266820189
    },
    "member18": {
        "max(u)": 0.14006008491751765,
        "max(v)": 0.3804416884624572,
        "max(length)": 0.8439624715739305,
        "num(pathline)": 0.6544577048946855,
        "min(distant)": 0.3398370266820189
    },
    "member19": {
        "max(u)": 0.14006008491751765,
        "max(v)": 0.3804416884624572,
        "max(length)": 0.8439624715739305,
        "num(pathline)": 0.6544577048946855,
        "min(distant)": 0.3398370266820189
    },
    "member20": {
        "max(u)": 0.14006008491751765,
        "max(v)": 0.3804416884624572,
        "max(length)": 0.8439624715739305,
        "num(pathline)": 0.6544577048946855,
        "min(distant)": 0.3398370266820189
    }
}