{
    "member1": {
        "max(u)": 0.06461519406126759,
        "max(v)": 0.23773089688768678,
        "max(length)": 0.09839080435595904,
        "num(pathline)": 0.17139869844309308,
        "min(distant)": 0.23530901878438604
    },
    "member2": {
        "max(u)": 0.06461519406126759,
        "max(v)": 0.23773089688768678,
        "max(length)": 0.09839080435595904,
        "num(pathline)": 0.17139869844309308,
        "min(distant)": 0.23530901878438604
    },
    "member3": {
        "max(u)": 0.06461519406126759,
        "max(v)": 0.23773089688768678,
        "max(length)": 0.09839080435595904,
        "num(pathline)": 0.17139869844309308,
        "min(distant)": 0.23530901878438604
    },
    "member4": {
        "max(u)": 0.06461519406126759,
        "max(v)": 0.23773089688768678,
        "max(length)": 0.09839080435595904,
        "num(pathline)": 0.17139869844309308,
        "min(distant)": 0.23530901878438604
    },
    "member5": {
        "max(u)": 0.06461519406126759,
        "max(v)": 0.23773089688768678,
        "max(length)": 0.09839080435595904,
        "num(pathline)": 0.17139869844309308,
        "min(distant)": 0.23530901878438604
    },
    "member6": {
        "max(u)": 0.06461519406126759,
        "max(v)": 0.23773089688768678,
        "max(length)": 0.09839080435595904,
        "num(pathline)": 0.17139869844309308,
        "min(distant)": 0.23530901878438604
    },
    "member7": {
        "max(u)": 0.06461519406126759,
        "max(v)": 0.23773089688768678,
        "max(length)": 0.09839080435595904,
        "num(pathline)": 0.17139869844309308,
        "min(distant)": 0.23530901878438604
    },
    "member8": {
        "max(u)": 0.06461519406126759,
        "max(v)": 0.23773089688768678,
        "max(length)": 0.09839080435595904,
        "num(pathline)": 0.17139869844309308,
        "min(distant)": 0.23530901878438604
    },
    "member9": {
        "max(u)": 0.06461519406126759,
        "max(v)": 0.23773089688768678,
        "max(length)": 0.09839080435595904,
        "num(pathline)": 0.17139869844309308,
        "min(distant)": 0.23530901878438604
    },
    "member10": {
        "max(u)": 0.06461519406126759,
        "max(v)": 0.23773089688768678,
        "max(length)": 0.09839080435595904,
        "num(pathline)": 0.17139869844309308,
        "min(distant)": 0.23530901878438604
    },
    "member11": {
        "max(u)": 0.06461519406126759,
        "max(v)": 0.23773089688768678,
        "max(length)": 0.09839080435595904,
        "num(pathline)": 0.17139869844309308,
        "min(distant)": 0.23530901878438604
    },
    "member12": {
        "max(u)": 0.06461519406126759,
        "max(v)": 0.23773089688768678,
        "max(length)": 0.09839080435595904,
        "num(pathline)": 0.17139869844309308,
        "min(distant)": 0.23530901878438604
    },
    "member13": {
        "max(u)": 0.06461519406126759,
        "max(v)": 0.23773089688768678,
        "max(length)": 0.09839080435595904,
        "num(pathline)": 0.17139869844309308,
        "min(distant)": 0.23530901878438604
    },
    "member14": {
        "max(u)": 0.06461519406126759,
        "max(v)": 0.23773089688768678,
        "max(length)": 0.09839080435595904,
        "num(pathline)": 0.17139869844309308,
        "min(distant)": 0.23530901878438604
    },
    "member15": {
        "max(u)": 0.06461519406126759,
        "max(v)": 0.23773089688768678,
        "max(length)": 0.09839080435595904,
        "num(pathline)": 0.17139869844309308,
        "min(distant)": 0.23530901878438604
    },
    "member16": {
        "max(u)": 0.06461519406126759,
        "max(v)": 0.23773089688768678,
        "max(length)": 0.09839080435595904,
        "num(pathline)": 0.17139869844309308,
        "min(distant)": 0.23530901878438604
    },
    "member17": {
        "max(u)": 0.06461519406126759,
        "max(v)": 0.23773089688768678,
        "max(length)": 0.09839080435595904,
        "num(pathline)": 0.17139869844309308,
        "min(distant)": 0.23530901878438604
    },
    "member18": {
        "max(u)": 0.06461519406126759,
        "max(v)": 0.23773089688768678,
        "max(length)": 0.09839080435595904,
        "num(pathline)": 0.17139869844309308,
        "min(distant)": 0.23530901878438604
    },
    "member19": {
        "max(u)": 0.06461519406126759,
        "max(v)": 0.23773089688768678,
        "max(length)": 0.09839080435595904,
        "num(pathline)": 0.17139869844309308,
        "min(distant)": 0.23530901878438604
    },
    "member20": {
        "max(u)": 0.06461519406126759,
        "max(v)": 0.23773089688768678,
        "max(length)": 0.09839080435595904,
        "num(pathline)": 0.17139869844309308,
        "min(distant)": 0.23530901878438604
    }
}