{
    "member1": {
        "max(u)": 0.979359237467219,
        "max(v)": 0.03880585108191781,
        "max(length)": 0.3019199396007073,
        "num(pathline)": 0.7485537661572638,
        "min(distant)": 0.9334283888779478
    },
    "member2": {
        "max(u)": 0.979359237467219,
        "max(v)": 0.03880585108191781,
        "max(length)": 0.3019199396007073,
        "num(pathline)": 0.7485537661572638,
        "min(distant)": 0.9334283888779478
    },
    "member3": {
        "max(u)": 0.979359237467219,
        "max(v)": 0.03880585108191781,
        "max(length)": 0.3019199396007073,
        "num(pathline)": 0.7485537661572638,
        "min(distant)": 0.9334283888779478
    },
    "member4": {
        "max(u)": 0.979359237467219,
        "max(v)": 0.03880585108191781,
        "max(length)": 0.3019199396007073,
        "num(pathline)": 0.7485537661572638,
        "min(distant)": 0.9334283888779478
    },
    "member5": {
        "max(u)": 0.979359237467219,
        "max(v)": 0.03880585108191781,
        "max(length)": 0.3019199396007073,
        "num(pathline)": 0.7485537661572638,
        "min(distant)": 0.9334283888779478
    },
    "member6": {
        "max(u)": 0.979359237467219,
        "max(v)": 0.03880585108191781,
        "max(length)": 0.3019199396007073,
        "num(pathline)": 0.7485537661572638,
        "min(distant)": 0.9334283888779478
    },
    "member7": {
        "max(u)": 0.979359237467219,
        "max(v)": 0.03880585108191781,
        "max(length)": 0.3019199396007073,
        "num(pathline)": 0.7485537661572638,
        "min(distant)": 0.9334283888779478
    },
    "member8": {
        "max(u)": 0.979359237467219,
        "max(v)": 0.03880585108191781,
        "max(length)": 0.3019199396007073,
        "num(pathline)": 0.7485537661572638,
        "min(distant)": 0.9334283888779478
    },
    "member9": {
        "max(u)": 0.979359237467219,
        "max(v)": 0.03880585108191781,
        "max(length)": 0.3019199396007073,
        "num(pathline)": 0.7485537661572638,
        "min(distant)": 0.9334283888779478
    },
    "member10": {
        "max(u)": 0.979359237467219,
        "max(v)": 0.03880585108191781,
        "max(length)": 0.3019199396007073,
        "num(pathline)": 0.7485537661572638,
        "min(distant)": 0.9334283888779478
    },
    "member11": {
        "max(u)": 0.979359237467219,
        "max(v)": 0.03880585108191781,
        "max(length)": 0.3019199396007073,
        "num(pathline)": 0.7485537661572638,
        "min(distant)": 0.9334283888779478
    },
    "member12": {
        "max(u)": 0.979359237467219,
        "max(v)": 0.03880585108191781,
        "max(length)": 0.3019199396007073,
        "num(pathline)": 0.7485537661572638,
        "min(distant)": 0.9334283888779478
    },
    "member13": {
        "max(u)": 0.979359237467219,
        "max(v)": 0.03880585108191781,
        "max(length)": 0.3019199396007073,
        "num(pathline)": 0.7485537661572638,
        "min(distant)": 0.9334283888779478
    },
    "member14": {
        "max(u)": 0.979359237467219,
        "max(v)": 0.03880585108191781,
        "max(length)": 0.3019199396007073,
        "num(pathline)": 0.7485537661572638,
        "min(distant)": 0.9334283888779478
    },
    "member15": {
        "max(u)": 0.979359237467219,
        "max(v)": 0.03880585108191781,
        "max(length)": 0.3019199396007073,
        "num(pathline)": 0.7485537661572638,
        "min(distant)": 0.9334283888779478
    },
    "member16": {
        "max(u)": 0.979359237467219,
        "max(v)": 0.03880585108191781,
        "max(length)": 0.3019199396007073,
        "num(pathline)": 0.7485537661572638,
        "min(distant)": 0.9334283888779478
    },
    "member17": {
        "max(u)": 0.979359237467219,
        "max(v)": 0.03880585108191781,
        "max(length)": 0.3019199396007073,
        "num(pathline)": 0.7485537661572638,
        "min(distant)": 0.9334283888779478
    },
    "member18": {
        "max(u)": 0.979359237467219,
        "max(v)": 0.03880585108191781,
        "max(length)": 0.3019199396007073,
        "num(pathline)": 0.7485537661572638,
        "min(distant)": 0.9334283888779478
    },
    "member19": {
        "max(u)": 0.979359237467219,
        "max(v)": 0.03880585108191781,
        "max(length)": 0.3019199396007073,
        "num(pathline)": 0.7485537661572638,
        "min(distant)": 0.9334283888779478
    },
    "member20": {
        "max(u)": 0.979359237467219,
        "max(v)": 0.03880585108191781,
        "max(length)": 0.3019199396007073,
        "num(pathline)": 0.7485537661572638,
        "min(distant)": 0.9334283888779478
    }
}