{
    "member1": {
        "max(u)": 0.8944169561474102,
        "max(v)": 0.6884572233403903,
        "max(length)": 0.7843405377601208,
        "num(pathline)": 0.4228877869451554,
        "min(distant)": 0.45525593920958896
    },
    "member2": {
        "max(u)": 0.8944169561474102,
        "max(v)": 0.6884572233403903,
        "max(length)": 0.7843405377601208,
        "num(pathline)": 0.4228877869451554,
        "min(distant)": 0.45525593920958896
    },
    "member3": {
        "max(u)": 0.8944169561474102,
        "max(v)": 0.6884572233403903,
        "max(length)": 0.7843405377601208,
        "num(pathline)": 0.4228877869451554,
        "min(distant)": 0.45525593920958896
    },
    "member4": {
        "max(u)": 0.8944169561474102,
        "max(v)": 0.6884572233403903,
        "max(length)": 0.7843405377601208,
        "num(pathline)": 0.4228877869451554,
        "min(distant)": 0.45525593920958896
    },
    "member5": {
        "max(u)": 0.8944169561474102,
        "max(v)": 0.6884572233403903,
        "max(length)": 0.7843405377601208,
        "num(pathline)": 0.4228877869451554,
        "min(distant)": 0.45525593920958896
    },
    "member6": {
        "max(u)": 0.8944169561474102,
        "max(v)": 0.6884572233403903,
        "max(length)": 0.7843405377601208,
        "num(pathline)": 0.4228877869451554,
        "min(distant)": 0.45525593920958896
    },
    "member7": {
        "max(u)": 0.8944169561474102,
        "max(v)": 0.6884572233403903,
        "max(length)": 0.7843405377601208,
        "num(pathline)": 0.4228877869451554,
        "min(distant)": 0.45525593920958896
    },
    "member8": {
        "max(u)": 0.8944169561474102,
        "max(v)": 0.6884572233403903,
        "max(length)": 0.7843405377601208,
        "num(pathline)": 0.4228877869451554,
        "min(distant)": 0.45525593920958896
    },
    "member9": {
        "max(u)": 0.8944169561474102,
        "max(v)": 0.6884572233403903,
        "max(length)": 0.7843405377601208,
        "num(pathline)": 0.4228877869451554,
        "min(distant)": 0.45525593920958896
    },
    "member10": {
        "max(u)": 0.8944169561474102,
        "max(v)": 0.6884572233403903,
        "max(length)": 0.7843405377601208,
        "num(pathline)": 0.4228877869451554,
        "min(distant)": 0.45525593920958896
    },
    "member11": {
        "max(u)": 0.8944169561474102,
        "max(v)": 0.6884572233403903,
        "max(length)": 0.7843405377601208,
        "num(pathline)": 0.4228877869451554,
        "min(distant)": 0.45525593920958896
    },
    "member12": {
        "max(u)": 0.8944169561474102,
        "max(v)": 0.6884572233403903,
        "max(length)": 0.7843405377601208,
        "num(pathline)": 0.4228877869451554,
        "min(distant)": 0.45525593920958896
    },
    "member13": {
        "max(u)": 0.8944169561474102,
        "max(v)": 0.6884572233403903,
        "max(length)": 0.7843405377601208,
        "num(pathline)": 0.4228877869451554,
        "min(distant)": 0.45525593920958896
    },
    "member14": {
        "max(u)": 0.8944169561474102,
        "max(v)": 0.6884572233403903,
        "max(length)": 0.7843405377601208,
        "num(pathline)": 0.4228877869451554,
        "min(distant)": 0.45525593920958896
    },
    "member15": {
        "max(u)": 0.8944169561474102,
        "max(v)": 0.6884572233403903,
        "max(length)": 0.7843405377601208,
        "num(pathline)": 0.4228877869451554,
        "min(distant)": 0.45525593920958896
    },
    "member16": {
        "max(u)": 0.8944169561474102,
        "max(v)": 0.6884572233403903,
        "max(length)": 0.7843405377601208,
        "num(pathline)": 0.4228877869451554,
        "min(distant)": 0.45525593920958896
    },
    "member17": {
        "max(u)": 0.8944169561474102,
        "max(v)": 0.6884572233403903,
        "max(length)": 0.7843405377601208,
        "num(pathline)": 0.4228877869451554,
        "min(distant)": 0.45525593920958896
    },
    "member18": {
        "max(u)": 0.8944169561474102,
        "max(v)": 0.6884572233403903,
        "max(length)": 0.7843405377601208,
        "num(pathline)": 0.4228877869451554,
        "min(distant)": 0.45525593920958896
    },
    "member19": {
        "max(u)": 0.8944169561474102,
        "max(v)": 0.6884572233403903,
        "max(length)": 0.7843405377601208,
        "num(pathline)": 0.4228877869451554,
        "min(distant)": 0.45525593920958896
    },
    "member20": {
        "max(u)": 0.8944169561474102,
        "max(v)": 0.6884572233403903,
        "max(length)": 0.7843405377601208,
        "num(pathline)": 0.4228877869451554,
        "min(distant)": 0.45525593920958896
    }
}