{
    "member1": {
        "max(u)": 0.4331008366209008,
        "max(v)": 0.7963032002320134,
        "max(length)": 0.8719550140072103,
        "num(pathline)": 0.8177748276661486,
        "min(distant)": 0.08279246177910615
    },
    "member2": {
        "max(u)": 0.4331008366209008,
        "max(v)": 0.7963032002320134,
        "max(length)": 0.8719550140072103,
        "num(pathline)": 0.8177748276661486,
        "min(distant)": 0.08279246177910615
    },
    "member3": {
        "max(u)": 0.4331008366209008,
        "max(v)": 0.7963032002320134,
        "max(length)": 0.8719550140072103,
        "num(pathline)": 0.8177748276661486,
        "min(distant)": 0.08279246177910615
    },
    "member4": {
        "max(u)": 0.4331008366209008,
        "max(v)": 0.7963032002320134,
        "max(length)": 0.8719550140072103,
        "num(pathline)": 0.8177748276661486,
        "min(distant)": 0.08279246177910615
    },
    "member5": {
        "max(u)": 0.4331008366209008,
        "max(v)": 0.7963032002320134,
        "max(length)": 0.8719550140072103,
        "num(pathline)": 0.8177748276661486,
        "min(distant)": 0.08279246177910615
    },
    "member6": {
        "max(u)": 0.4331008366209008,
        "max(v)": 0.7963032002320134,
        "max(length)": 0.8719550140072103,
        "num(pathline)": 0.8177748276661486,
        "min(distant)": 0.08279246177910615
    },
    "member7": {
        "max(u)": 0.4331008366209008,
        "max(v)": 0.7963032002320134,
        "max(length)": 0.8719550140072103,
        "num(pathline)": 0.8177748276661486,
        "min(distant)": 0.08279246177910615
    },
    "member8": {
        "max(u)": 0.4331008366209008,
        "max(v)": 0.7963032002320134,
        "max(length)": 0.8719550140072103,
        "num(pathline)": 0.8177748276661486,
        "min(distant)": 0.08279246177910615
    },
    "member9": {
        "max(u)": 0.4331008366209008,
        "max(v)": 0.7963032002320134,
        "max(length)": 0.8719550140072103,
        "num(pathline)": 0.8177748276661486,
        "min(distant)": 0.08279246177910615
    },
    "member10": {
        "max(u)": 0.4331008366209008,
        "max(v)": 0.7963032002320134,
        "max(length)": 0.8719550140072103,
        "num(pathline)": 0.8177748276661486,
        "min(distant)": 0.08279246177910615
    },
    "member11": {
        "max(u)": 0.4331008366209008,
        "max(v)": 0.7963032002320134,
        "max(length)": 0.8719550140072103,
        "num(pathline)": 0.8177748276661486,
        "min(distant)": 0.08279246177910615
    },
    "member12": {
        "max(u)": 0.4331008366209008,
        "max(v)": 0.7963032002320134,
        "max(length)": 0.8719550140072103,
        "num(pathline)": 0.8177748276661486,
        "min(distant)": 0.08279246177910615
    },
    "member13": {
        "max(u)": 0.4331008366209008,
        "max(v)": 0.7963032002320134,
        "max(length)": 0.8719550140072103,
        "num(pathline)": 0.8177748276661486,
        "min(distant)": 0.08279246177910615
    },
    "member14": {
        "max(u)": 0.4331008366209008,
        "max(v)": 0.7963032002320134,
        "max(length)": 0.8719550140072103,
        "num(pathline)": 0.8177748276661486,
        "min(distant)": 0.08279246177910615
    },
    "member15": {
        "max(u)": 0.4331008366209008,
        "max(v)": 0.7963032002320134,
        "max(length)": 0.8719550140072103,
        "num(pathline)": 0.8177748276661486,
        "min(distant)": 0.08279246177910615
    },
    "member16": {
        "max(u)": 0.4331008366209008,
        "max(v)": 0.7963032002320134,
        "max(length)": 0.8719550140072103,
        "num(pathline)": 0.8177748276661486,
        "min(distant)": 0.08279246177910615
    },
    "member17": {
        "max(u)": 0.4331008366209008,
        "max(v)": 0.7963032002320134,
        "max(length)": 0.8719550140072103,
        "num(pathline)": 0.8177748276661486,
        "min(distant)": 0.08279246177910615
    },
    "member18": {
        "max(u)": 0.4331008366209008,
        "max(v)": 0.7963032002320134,
        "max(length)": 0.8719550140072103,
        "num(pathline)": 0.8177748276661486,
        "min(distant)": 0.08279246177910615
    },
    "member19": {
        "max(u)": 0.4331008366209008,
        "max(v)": 0.7963032002320134,
        "max(length)": 0.8719550140072103,
        "num(pathline)": 0.8177748276661486,
        "min(distant)": 0.08279246177910615
    },
    "member20": {
        "max(u)": 0.4331008366209008,
        "max(v)": 0.7963032002320134,
        "max(length)": 0.8719550140072103,
        "num(pathline)": 0.8177748276661486,
        "min(distant)": 0.08279246177910615
    }
}