{
    "member1": {
        "max(u)": 0.6123894881621431,
        "max(v)": 0.4606706594042653,
        "max(length)": 0.35737737315972773,
        "num(pathline)": 0.4828964758022778,
        "min(distant)": 0.8646512723035158
    },
    "member2": {
        "max(u)": 0.6123894881621431,
        "max(v)": 0.4606706594042653,
        "max(length)": 0.35737737315972773,
        "num(pathline)": 0.4828964758022778,
        "min(distant)": 0.8646512723035158
    },
    "member3": {
        "max(u)": 0.6123894881621431,
        "max(v)": 0.4606706594042653,
        "max(length)": 0.35737737315972773,
        "num(pathline)": 0.4828964758022778,
        "min(distant)": 0.8646512723035158
    },
    "member4": {
        "max(u)": 0.6123894881621431,
        "max(v)": 0.4606706594042653,
        "max(length)": 0.35737737315972773,
        "num(pathline)": 0.4828964758022778,
        "min(distant)": 0.8646512723035158
    },
    "member5": {
        "max(u)": 0.6123894881621431,
        "max(v)": 0.4606706594042653,
        "max(length)": 0.35737737315972773,
        "num(pathline)": 0.4828964758022778,
        "min(distant)": 0.8646512723035158
    },
    "member6": {
        "max(u)": 0.6123894881621431,
        "max(v)": 0.4606706594042653,
        "max(length)": 0.35737737315972773,
        "num(pathline)": 0.4828964758022778,
        "min(distant)": 0.8646512723035158
    },
    "member7": {
        "max(u)": 0.6123894881621431,
        "max(v)": 0.4606706594042653,
        "max(length)": 0.35737737315972773,
        "num(pathline)": 0.4828964758022778,
        "min(distant)": 0.8646512723035158
    },
    "member8": {
        "max(u)": 0.6123894881621431,
        "max(v)": 0.4606706594042653,
        "max(length)": 0.35737737315972773,
        "num(pathline)": 0.4828964758022778,
        "min(distant)": 0.8646512723035158
    },
    "member9": {
        "max(u)": 0.6123894881621431,
        "max(v)": 0.4606706594042653,
        "max(length)": 0.35737737315972773,
        "num(pathline)": 0.4828964758022778,
        "min(distant)": 0.8646512723035158
    },
    "member10": {
        "max(u)": 0.6123894881621431,
        "max(v)": 0.4606706594042653,
        "max(length)": 0.35737737315972773,
        "num(pathline)": 0.4828964758022778,
        "min(distant)": 0.8646512723035158
    },
    "member11": {
        "max(u)": 0.6123894881621431,
        "max(v)": 0.4606706594042653,
        "max(length)": 0.35737737315972773,
        "num(pathline)": 0.4828964758022778,
        "min(distant)": 0.8646512723035158
    },
    "member12": {
        "max(u)": 0.6123894881621431,
        "max(v)": 0.4606706594042653,
        "max(length)": 0.35737737315972773,
        "num(pathline)": 0.4828964758022778,
        "min(distant)": 0.8646512723035158
    },
    "member13": {
        "max(u)": 0.6123894881621431,
        "max(v)": 0.4606706594042653,
        "max(length)": 0.35737737315972773,
        "num(pathline)": 0.4828964758022778,
        "min(distant)": 0.8646512723035158
    },
    "member14": {
        "max(u)": 0.6123894881621431,
        "max(v)": 0.4606706594042653,
        "max(length)": 0.35737737315972773,
        "num(pathline)": 0.4828964758022778,
        "min(distant)": 0.8646512723035158
    },
    "member15": {
        "max(u)": 0.6123894881621431,
        "max(v)": 0.4606706594042653,
        "max(length)": 0.35737737315972773,
        "num(pathline)": 0.4828964758022778,
        "min(distant)": 0.8646512723035158
    },
    "member16": {
        "max(u)": 0.6123894881621431,
        "max(v)": 0.4606706594042653,
        "max(length)": 0.35737737315972773,
        "num(pathline)": 0.4828964758022778,
        "min(distant)": 0.8646512723035158
    },
    "member17": {
        "max(u)": 0.6123894881621431,
        "max(v)": 0.4606706594042653,
        "max(length)": 0.35737737315972773,
        "num(pathline)": 0.4828964758022778,
        "min(distant)": 0.8646512723035158
    },
    "member18": {
        "max(u)": 0.6123894881621431,
        "max(v)": 0.4606706594042653,
        "max(length)": 0.35737737315972773,
        "num(pathline)": 0.4828964758022778,
        "min(distant)": 0.8646512723035158
    },
    "member19": {
        "max(u)": 0.6123894881621431,
        "max(v)": 0.4606706594042653,
        "max(length)": 0.35737737315972773,
        "num(pathline)": 0.4828964758022778,
        "min(distant)": 0.8646512723035158
    },
    "member20": {
        "max(u)": 0.6123894881621431,
        "max(v)": 0.4606706594042653,
        "max(length)": 0.35737737315972773,
        "num(pathline)": 0.4828964758022778,
        "min(distant)": 0.8646512723035158
    }
}