{
    "member1": {
        "max(u)": 0.4733660627497933,
        "max(v)": 0.009935722750782472,
        "max(length)": 0.05590613343101836,
        "num(pathline)": 0.608709298149587,
        "min(distant)": 0.8809522636978961
    },
    "member2": {
        "max(u)": 0.4733660627497933,
        "max(v)": 0.009935722750782472,
        "max(length)": 0.05590613343101836,
        "num(pathline)": 0.608709298149587,
        "min(distant)": 0.8809522636978961
    },
    "member3": {
        "max(u)": 0.4733660627497933,
        "max(v)": 0.009935722750782472,
        "max(length)": 0.05590613343101836,
        "num(pathline)": 0.608709298149587,
        "min(distant)": 0.8809522636978961
    },
    "member4": {
        "max(u)": 0.4733660627497933,
        "max(v)": 0.009935722750782472,
        "max(length)": 0.05590613343101836,
        "num(pathline)": 0.608709298149587,
        "min(distant)": 0.8809522636978961
    },
    "member5": {
        "max(u)": 0.4733660627497933,
        "max(v)": 0.009935722750782472,
        "max(length)": 0.05590613343101836,
        "num(pathline)": 0.608709298149587,
        "min(distant)": 0.8809522636978961
    },
    "member6": {
        "max(u)": 0.4733660627497933,
        "max(v)": 0.009935722750782472,
        "max(length)": 0.05590613343101836,
        "num(pathline)": 0.608709298149587,
        "min(distant)": 0.8809522636978961
    },
    "member7": {
        "max(u)": 0.4733660627497933,
        "max(v)": 0.009935722750782472,
        "max(length)": 0.05590613343101836,
        "num(pathline)": 0.608709298149587,
        "min(distant)": 0.8809522636978961
    },
    "member8": {
        "max(u)": 0.4733660627497933,
        "max(v)": 0.009935722750782472,
        "max(length)": 0.05590613343101836,
        "num(pathline)": 0.608709298149587,
        "min(distant)": 0.8809522636978961
    },
    "member9": {
        "max(u)": 0.4733660627497933,
        "max(v)": 0.009935722750782472,
        "max(length)": 0.05590613343101836,
        "num(pathline)": 0.608709298149587,
        "min(distant)": 0.8809522636978961
    },
    "member10": {
        "max(u)": 0.4733660627497933,
        "max(v)": 0.009935722750782472,
        "max(length)": 0.05590613343101836,
        "num(pathline)": 0.608709298149587,
        "min(distant)": 0.8809522636978961
    },
    "member11": {
        "max(u)": 0.4733660627497933,
        "max(v)": 0.009935722750782472,
        "max(length)": 0.05590613343101836,
        "num(pathline)": 0.608709298149587,
        "min(distant)": 0.8809522636978961
    },
    "member12": {
        "max(u)": 0.4733660627497933,
        "max(v)": 0.009935722750782472,
        "max(length)": 0.05590613343101836,
        "num(pathline)": 0.608709298149587,
        "min(distant)": 0.8809522636978961
    },
    "member13": {
        "max(u)": 0.4733660627497933,
        "max(v)": 0.009935722750782472,
        "max(length)": 0.05590613343101836,
        "num(pathline)": 0.608709298149587,
        "min(distant)": 0.8809522636978961
    },
    "member14": {
        "max(u)": 0.4733660627497933,
        "max(v)": 0.009935722750782472,
        "max(length)": 0.05590613343101836,
        "num(pathline)": 0.608709298149587,
        "min(distant)": 0.8809522636978961
    },
    "member15": {
        "max(u)": 0.4733660627497933,
        "max(v)": 0.009935722750782472,
        "max(length)": 0.05590613343101836,
        "num(pathline)": 0.608709298149587,
        "min(distant)": 0.8809522636978961
    },
    "member16": {
        "max(u)": 0.4733660627497933,
        "max(v)": 0.009935722750782472,
        "max(length)": 0.05590613343101836,
        "num(pathline)": 0.608709298149587,
        "min(distant)": 0.8809522636978961
    },
    "member17": {
        "max(u)": 0.4733660627497933,
        "max(v)": 0.009935722750782472,
        "max(length)": 0.05590613343101836,
        "num(pathline)": 0.608709298149587,
        "min(distant)": 0.8809522636978961
    },
    "member18": {
        "max(u)": 0.4733660627497933,
        "max(v)": 0.009935722750782472,
        "max(length)": 0.05590613343101836,
        "num(pathline)": 0.608709298149587,
        "min(distant)": 0.8809522636978961
    },
    "member19": {
        "max(u)": 0.4733660627497933,
        "max(v)": 0.009935722750782472,
        "max(length)": 0.05590613343101836,
        "num(pathline)": 0.608709298149587,
        "min(distant)": 0.8809522636978961
    },
    "member20": {
        "max(u)": 0.4733660627497933,
        "max(v)": 0.009935722750782472,
        "max(length)": 0.05590613343101836,
        "num(pathline)": 0.608709298149587,
        "min(distant)": 0.8809522636978961
    }
}