{
    "member1": {
        "max(u)": 0.005374691683026955,
        "max(v)": 0.9037369384079649,
        "max(length)": 0.6987879981989237,
        "num(pathline)": 0.5586383211735079,
        "min(distant)": 0.4487054020824667
    },
    "member2": {
        "max(u)": 0.005374691683026955,
        "max(v)": 0.9037369384079649,
        "max(length)": 0.6987879981989237,
        "num(pathline)": 0.5586383211735079,
        "min(distant)": 0.4487054020824667
    },
    "member3": {
        "max(u)": 0.005374691683026955,
        "max(v)": 0.9037369384079649,
        "max(length)": 0.6987879981989237,
        "num(pathline)": 0.5586383211735079,
        "min(distant)": 0.4487054020824667
    },
    "member4": {
        "max(u)": 0.005374691683026955,
        "max(v)": 0.9037369384079649,
        "max(length)": 0.6987879981989237,
        "num(pathline)": 0.5586383211735079,
        "min(distant)": 0.4487054020824667
    },
    "member5": {
        "max(u)": 0.005374691683026955,
        "max(v)": 0.9037369384079649,
        "max(length)": 0.6987879981989237,
        "num(pathline)": 0.5586383211735079,
        "min(distant)": 0.4487054020824667
    },
    "member6": {
        "max(u)": 0.005374691683026955,
        "max(v)": 0.9037369384079649,
        "max(length)": 0.6987879981989237,
        "num(pathline)": 0.5586383211735079,
        "min(distant)": 0.4487054020824667
    },
    "member7": {
        "max(u)": 0.005374691683026955,
        "max(v)": 0.9037369384079649,
        "max(length)": 0.6987879981989237,
        "num(pathline)": 0.5586383211735079,
        "min(distant)": 0.4487054020824667
    },
    "member8": {
        "max(u)": 0.005374691683026955,
        "max(v)": 0.9037369384079649,
        "max(length)": 0.6987879981989237,
        "num(pathline)": 0.5586383211735079,
        "min(distant)": 0.4487054020824667
    },
    "member9": {
        "max(u)": 0.005374691683026955,
        "max(v)": 0.9037369384079649,
        "max(length)": 0.6987879981989237,
        "num(pathline)": 0.5586383211735079,
        "min(distant)": 0.4487054020824667
    },
    "member10": {
        "max(u)": 0.005374691683026955,
        "max(v)": 0.9037369384079649,
        "max(length)": 0.6987879981989237,
        "num(pathline)": 0.5586383211735079,
        "min(distant)": 0.4487054020824667
    },
    "member11": {
        "max(u)": 0.005374691683026955,
        "max(v)": 0.9037369384079649,
        "max(length)": 0.6987879981989237,
        "num(pathline)": 0.5586383211735079,
        "min(distant)": 0.4487054020824667
    },
    "member12": {
        "max(u)": 0.005374691683026955,
        "max(v)": 0.9037369384079649,
        "max(length)": 0.6987879981989237,
        "num(pathline)": 0.5586383211735079,
        "min(distant)": 0.4487054020824667
    },
    "member13": {
        "max(u)": 0.005374691683026955,
        "max(v)": 0.9037369384079649,
        "max(length)": 0.6987879981989237,
        "num(pathline)": 0.5586383211735079,
        "min(distant)": 0.4487054020824667
    },
    "member14": {
        "max(u)": 0.005374691683026955,
        "max(v)": 0.9037369384079649,
        "max(length)": 0.6987879981989237,
        "num(pathline)": 0.5586383211735079,
        "min(distant)": 0.4487054020824667
    },
    "member15": {
        "max(u)": 0.005374691683026955,
        "max(v)": 0.9037369384079649,
        "max(length)": 0.6987879981989237,
        "num(pathline)": 0.5586383211735079,
        "min(distant)": 0.4487054020824667
    },
    "member16": {
        "max(u)": 0.005374691683026955,
        "max(v)": 0.9037369384079649,
        "max(length)": 0.6987879981989237,
        "num(pathline)": 0.5586383211735079,
        "min(distant)": 0.4487054020824667
    },
    "member17": {
        "max(u)": 0.005374691683026955,
        "max(v)": 0.9037369384079649,
        "max(length)": 0.6987879981989237,
        "num(pathline)": 0.5586383211735079,
        "min(distant)": 0.4487054020824667
    },
    "member18": {
        "max(u)": 0.005374691683026955,
        "max(v)": 0.9037369384079649,
        "max(length)": 0.6987879981989237,
        "num(pathline)": 0.5586383211735079,
        "min(distant)": 0.4487054020824667
    },
    "member19": {
        "max(u)": 0.005374691683026955,
        "max(v)": 0.9037369384079649,
        "max(length)": 0.6987879981989237,
        "num(pathline)": 0.5586383211735079,
        "min(distant)": 0.4487054020824667
    },
    "member20": {
        "max(u)": 0.005374691683026955,
        "max(v)": 0.9037369384079649,
        "max(length)": 0.6987879981989237,
        "num(pathline)": 0.5586383211735079,
        "min(distant)": 0.4487054020824667
    }
}