{
    "member1": {
        "max(u)": 0.5768093563407696,
        "max(v)": 0.7573003038383752,
        "max(length)": 0.6716561171248201,
        "num(pathline)": 0.6755072150494151,
        "min(distant)": 0.30578900492510763
    },
    "member2": {
        "max(u)": 0.5768093563407696,
        "max(v)": 0.7573003038383752,
        "max(length)": 0.6716561171248201,
        "num(pathline)": 0.6755072150494151,
        "min(distant)": 0.30578900492510763
    },
    "member3": {
        "max(u)": 0.5768093563407696,
        "max(v)": 0.7573003038383752,
        "max(length)": 0.6716561171248201,
        "num(pathline)": 0.6755072150494151,
        "min(distant)": 0.30578900492510763
    },
    "member4": {
        "max(u)": 0.5768093563407696,
        "max(v)": 0.7573003038383752,
        "max(length)": 0.6716561171248201,
        "num(pathline)": 0.6755072150494151,
        "min(distant)": 0.30578900492510763
    },
    "member5": {
        "max(u)": 0.5768093563407696,
        "max(v)": 0.7573003038383752,
        "max(length)": 0.6716561171248201,
        "num(pathline)": 0.6755072150494151,
        "min(distant)": 0.30578900492510763
    },
    "member6": {
        "max(u)": 0.5768093563407696,
        "max(v)": 0.7573003038383752,
        "max(length)": 0.6716561171248201,
        "num(pathline)": 0.6755072150494151,
        "min(distant)": 0.30578900492510763
    },
    "member7": {
        "max(u)": 0.5768093563407696,
        "max(v)": 0.7573003038383752,
        "max(length)": 0.6716561171248201,
        "num(pathline)": 0.6755072150494151,
        "min(distant)": 0.30578900492510763
    },
    "member8": {
        "max(u)": 0.5768093563407696,
        "max(v)": 0.7573003038383752,
        "max(length)": 0.6716561171248201,
        "num(pathline)": 0.6755072150494151,
        "min(distant)": 0.30578900492510763
    },
    "member9": {
        "max(u)": 0.5768093563407696,
        "max(v)": 0.7573003038383752,
        "max(length)": 0.6716561171248201,
        "num(pathline)": 0.6755072150494151,
        "min(distant)": 0.30578900492510763
    },
    "member10": {
        "max(u)": 0.5768093563407696,
        "max(v)": 0.7573003038383752,
        "max(length)": 0.6716561171248201,
        "num(pathline)": 0.6755072150494151,
        "min(distant)": 0.30578900492510763
    },
    "member11": {
        "max(u)": 0.5768093563407696,
        "max(v)": 0.7573003038383752,
        "max(length)": 0.6716561171248201,
        "num(pathline)": 0.6755072150494151,
        "min(distant)": 0.30578900492510763
    },
    "member12": {
        "max(u)": 0.5768093563407696,
        "max(v)": 0.7573003038383752,
        "max(length)": 0.6716561171248201,
        "num(pathline)": 0.6755072150494151,
        "min(distant)": 0.30578900492510763
    },
    "member13": {
        "max(u)": 0.5768093563407696,
        "max(v)": 0.7573003038383752,
        "max(length)": 0.6716561171248201,
        "num(pathline)": 0.6755072150494151,
        "min(distant)": 0.30578900492510763
    },
    "member14": {
        "max(u)": 0.5768093563407696,
        "max(v)": 0.7573003038383752,
        "max(length)": 0.6716561171248201,
        "num(pathline)": 0.6755072150494151,
        "min(distant)": 0.30578900492510763
    },
    "member15": {
        "max(u)": 0.5768093563407696,
        "max(v)": 0.7573003038383752,
        "max(length)": 0.6716561171248201,
        "num(pathline)": 0.6755072150494151,
        "min(distant)": 0.30578900492510763
    },
    "member16": {
        "max(u)": 0.5768093563407696,
        "max(v)": 0.7573003038383752,
        "max(length)": 0.6716561171248201,
        "num(pathline)": 0.6755072150494151,
        "min(distant)": 0.30578900492510763
    },
    "member17": {
        "max(u)": 0.5768093563407696,
        "max(v)": 0.7573003038383752,
        "max(length)": 0.6716561171248201,
        "num(pathline)": 0.6755072150494151,
        "min(distant)": 0.30578900492510763
    },
    "member18": {
        "max(u)": 0.5768093563407696,
        "max(v)": 0.7573003038383752,
        "max(length)": 0.6716561171248201,
        "num(pathline)": 0.6755072150494151,
        "min(distant)": 0.30578900492510763
    },
    "member19": {
        "max(u)": 0.5768093563407696,
        "max(v)": 0.7573003038383752,
        "max(length)": 0.6716561171248201,
        "num(pathline)": 0.6755072150494151,
        "min(distant)": 0.30578900492510763
    },
    "member20": {
        "max(u)": 0.5768093563407696,
        "max(v)": 0.7573003038383752,
        "max(length)": 0.6716561171248201,
        "num(pathline)": 0.6755072150494151,
        "min(distant)": 0.30578900492510763
    }
}