{
    "member1": {
        "max(u)": 0.7951396871840717,
        "max(v)": 0.12904972711389484,
        "max(length)": 0.11251705376736831,
        "num(pathline)": 0.17691499813490208,
        "min(distant)": 0.04974965379190688
    },
    "member2": {
        "max(u)": 0.7951396871840717,
        "max(v)": 0.12904972711389484,
        "max(length)": 0.11251705376736831,
        "num(pathline)": 0.17691499813490208,
        "min(distant)": 0.04974965379190688
    },
    "member3": {
        "max(u)": 0.7951396871840717,
        "max(v)": 0.12904972711389484,
        "max(length)": 0.11251705376736831,
        "num(pathline)": 0.17691499813490208,
        "min(distant)": 0.04974965379190688
    },
    "member4": {
        "max(u)": 0.7951396871840717,
        "max(v)": 0.12904972711389484,
        "max(length)": 0.11251705376736831,
        "num(pathline)": 0.17691499813490208,
        "min(distant)": 0.04974965379190688
    },
    "member5": {
        "max(u)": 0.7951396871840717,
        "max(v)": 0.12904972711389484,
        "max(length)": 0.11251705376736831,
        "num(pathline)": 0.17691499813490208,
        "min(distant)": 0.04974965379190688
    },
    "member6": {
        "max(u)": 0.7951396871840717,
        "max(v)": 0.12904972711389484,
        "max(length)": 0.11251705376736831,
        "num(pathline)": 0.17691499813490208,
        "min(distant)": 0.04974965379190688
    },
    "member7": {
        "max(u)": 0.7951396871840717,
        "max(v)": 0.12904972711389484,
        "max(length)": 0.11251705376736831,
        "num(pathline)": 0.17691499813490208,
        "min(distant)": 0.04974965379190688
    },
    "member8": {
        "max(u)": 0.7951396871840717,
        "max(v)": 0.12904972711389484,
        "max(length)": 0.11251705376736831,
        "num(pathline)": 0.17691499813490208,
        "min(distant)": 0.04974965379190688
    },
    "member9": {
        "max(u)": 0.7951396871840717,
        "max(v)": 0.12904972711389484,
        "max(length)": 0.11251705376736831,
        "num(pathline)": 0.17691499813490208,
        "min(distant)": 0.04974965379190688
    },
    "member10": {
        "max(u)": 0.7951396871840717,
        "max(v)": 0.12904972711389484,
        "max(length)": 0.11251705376736831,
        "num(pathline)": 0.17691499813490208,
        "min(distant)": 0.04974965379190688
    },
    "member11": {
        "max(u)": 0.7951396871840717,
        "max(v)": 0.12904972711389484,
        "max(length)": 0.11251705376736831,
        "num(pathline)": 0.17691499813490208,
        "min(distant)": 0.04974965379190688
    },
    "member12": {
        "max(u)": 0.7951396871840717,
        "max(v)": 0.12904972711389484,
        "max(length)": 0.11251705376736831,
        "num(pathline)": 0.17691499813490208,
        "min(distant)": 0.04974965379190688
    },
    "member13": {
        "max(u)": 0.7951396871840717,
        "max(v)": 0.12904972711389484,
        "max(length)": 0.11251705376736831,
        "num(pathline)": 0.17691499813490208,
        "min(distant)": 0.04974965379190688
    },
    "member14": {
        "max(u)": 0.7951396871840717,
        "max(v)": 0.12904972711389484,
        "max(length)": 0.11251705376736831,
        "num(pathline)": 0.17691499813490208,
        "min(distant)": 0.04974965379190688
    },
    "member15": {
        "max(u)": 0.7951396871840717,
        "max(v)": 0.12904972711389484,
        "max(length)": 0.11251705376736831,
        "num(pathline)": 0.17691499813490208,
        "min(distant)": 0.04974965379190688
    },
    "member16": {
        "max(u)": 0.7951396871840717,
        "max(v)": 0.12904972711389484,
        "max(length)": 0.11251705376736831,
        "num(pathline)": 0.17691499813490208,
        "min(distant)": 0.04974965379190688
    },
    "member17": {
        "max(u)": 0.7951396871840717,
        "max(v)": 0.12904972711389484,
        "max(length)": 0.11251705376736831,
        "num(pathline)": 0.17691499813490208,
        "min(distant)": 0.04974965379190688
    },
    "member18": {
        "max(u)": 0.7951396871840717,
        "max(v)": 0.12904972711389484,
        "max(length)": 0.11251705376736831,
        "num(pathline)": 0.17691499813490208,
        "min(distant)": 0.04974965379190688
    },
    "member19": {
        "max(u)": 0.7951396871840717,
        "max(v)": 0.12904972711389484,
        "max(length)": 0.11251705376736831,
        "num(pathline)": 0.17691499813490208,
        "min(distant)": 0.04974965379190688
    },
    "member20": {
        "max(u)": 0.7951396871840717,
        "max(v)": 0.12904972711389484,
        "max(length)": 0.11251705376736831,
        "num(pathline)": 0.17691499813490208,
        "min(distant)": 0.04974965379190688
    }
}