{
    "member1": {
        "max(u)": 0.45180831319733683,
        "max(v)": 0.38993765356569554,
        "max(length)": 0.7146199483229658,
        "num(pathline)": 0.7932640451224324,
        "min(distant)": 0.6398100155731573
    },
    "member2": {
        "max(u)": 0.45180831319733683,
        "max(v)": 0.38993765356569554,
        "max(length)": 0.7146199483229658,
        "num(pathline)": 0.7932640451224324,
        "min(distant)": 0.6398100155731573
    },
    "member3": {
        "max(u)": 0.45180831319733683,
        "max(v)": 0.38993765356569554,
        "max(length)": 0.7146199483229658,
        "num(pathline)": 0.7932640451224324,
        "min(distant)": 0.6398100155731573
    },
    "member4": {
        "max(u)": 0.45180831319733683,
        "max(v)": 0.38993765356569554,
        "max(length)": 0.7146199483229658,
        "num(pathline)": 0.7932640451224324,
        "min(distant)": 0.6398100155731573
    },
    "member5": {
        "max(u)": 0.45180831319733683,
        "max(v)": 0.38993765356569554,
        "max(length)": 0.7146199483229658,
        "num(pathline)": 0.7932640451224324,
        "min(distant)": 0.6398100155731573
    },
    "member6": {
        "max(u)": 0.45180831319733683,
        "max(v)": 0.38993765356569554,
        "max(length)": 0.7146199483229658,
        "num(pathline)": 0.7932640451224324,
        "min(distant)": 0.6398100155731573
    },
    "member7": {
        "max(u)": 0.45180831319733683,
        "max(v)": 0.38993765356569554,
        "max(length)": 0.7146199483229658,
        "num(pathline)": 0.7932640451224324,
        "min(distant)": 0.6398100155731573
    },
    "member8": {
        "max(u)": 0.45180831319733683,
        "max(v)": 0.38993765356569554,
        "max(length)": 0.7146199483229658,
        "num(pathline)": 0.7932640451224324,
        "min(distant)": 0.6398100155731573
    },
    "member9": {
        "max(u)": 0.45180831319733683,
        "max(v)": 0.38993765356569554,
        "max(length)": 0.7146199483229658,
        "num(pathline)": 0.7932640451224324,
        "min(distant)": 0.6398100155731573
    },
    "member10": {
        "max(u)": 0.45180831319733683,
        "max(v)": 0.38993765356569554,
        "max(length)": 0.7146199483229658,
        "num(pathline)": 0.7932640451224324,
        "min(distant)": 0.6398100155731573
    },
    "member11": {
        "max(u)": 0.45180831319733683,
        "max(v)": 0.38993765356569554,
        "max(length)": 0.7146199483229658,
        "num(pathline)": 0.7932640451224324,
        "min(distant)": 0.6398100155731573
    },
    "member12": {
        "max(u)": 0.45180831319733683,
        "max(v)": 0.38993765356569554,
        "max(length)": 0.7146199483229658,
        "num(pathline)": 0.7932640451224324,
        "min(distant)": 0.6398100155731573
    },
    "member13": {
        "max(u)": 0.45180831319733683,
        "max(v)": 0.38993765356569554,
        "max(length)": 0.7146199483229658,
        "num(pathline)": 0.7932640451224324,
        "min(distant)": 0.6398100155731573
    },
    "member14": {
        "max(u)": 0.45180831319733683,
        "max(v)": 0.38993765356569554,
        "max(length)": 0.7146199483229658,
        "num(pathline)": 0.7932640451224324,
        "min(distant)": 0.6398100155731573
    },
    "member15": {
        "max(u)": 0.45180831319733683,
        "max(v)": 0.38993765356569554,
        "max(length)": 0.7146199483229658,
        "num(pathline)": 0.7932640451224324,
        "min(distant)": 0.6398100155731573
    },
    "member16": {
        "max(u)": 0.45180831319733683,
        "max(v)": 0.38993765356569554,
        "max(length)": 0.7146199483229658,
        "num(pathline)": 0.7932640451224324,
        "min(distant)": 0.6398100155731573
    },
    "member17": {
        "max(u)": 0.45180831319733683,
        "max(v)": 0.38993765356569554,
        "max(length)": 0.7146199483229658,
        "num(pathline)": 0.7932640451224324,
        "min(distant)": 0.6398100155731573
    },
    "member18": {
        "max(u)": 0.45180831319733683,
        "max(v)": 0.38993765356569554,
        "max(length)": 0.7146199483229658,
        "num(pathline)": 0.7932640451224324,
        "min(distant)": 0.6398100155731573
    },
    "member19": {
        "max(u)": 0.45180831319733683,
        "max(v)": 0.38993765356569554,
        "max(length)": 0.7146199483229658,
        "num(pathline)": 0.7932640451224324,
        "min(distant)": 0.6398100155731573
    },
    "member20": {
        "max(u)": 0.45180831319733683,
        "max(v)": 0.38993765356569554,
        "max(length)": 0.7146199483229658,
        "num(pathline)": 0.7932640451224324,
        "min(distant)": 0.6398100155731573
    }
}