{
    "member1": {
        "max(u)": 0.9428337386393113,
        "max(v)": 0.017181631115150253,
        "max(length)": 0.23596904512138372,
        "num(pathline)": 0.25109733582514604,
        "min(distant)": 0.02162604355757658
    },
    "member2": {
        "max(u)": 0.9428337386393113,
        "max(v)": 0.017181631115150253,
        "max(length)": 0.23596904512138372,
        "num(pathline)": 0.25109733582514604,
        "min(distant)": 0.02162604355757658
    },
    "member3": {
        "max(u)": 0.9428337386393113,
        "max(v)": 0.017181631115150253,
        "max(length)": 0.23596904512138372,
        "num(pathline)": 0.25109733582514604,
        "min(distant)": 0.02162604355757658
    },
    "member4": {
        "max(u)": 0.9428337386393113,
        "max(v)": 0.017181631115150253,
        "max(length)": 0.23596904512138372,
        "num(pathline)": 0.25109733582514604,
        "min(distant)": 0.02162604355757658
    },
    "member5": {
        "max(u)": 0.9428337386393113,
        "max(v)": 0.017181631115150253,
        "max(length)": 0.23596904512138372,
        "num(pathline)": 0.25109733582514604,
        "min(distant)": 0.02162604355757658
    },
    "member6": {
        "max(u)": 0.9428337386393113,
        "max(v)": 0.017181631115150253,
        "max(length)": 0.23596904512138372,
        "num(pathline)": 0.25109733582514604,
        "min(distant)": 0.02162604355757658
    },
    "member7": {
        "max(u)": 0.9428337386393113,
        "max(v)": 0.017181631115150253,
        "max(length)": 0.23596904512138372,
        "num(pathline)": 0.25109733582514604,
        "min(distant)": 0.02162604355757658
    },
    "member8": {
        "max(u)": 0.9428337386393113,
        "max(v)": 0.017181631115150253,
        "max(length)": 0.23596904512138372,
        "num(pathline)": 0.25109733582514604,
        "min(distant)": 0.02162604355757658
    },
    "member9": {
        "max(u)": 0.9428337386393113,
        "max(v)": 0.017181631115150253,
        "max(length)": 0.23596904512138372,
        "num(pathline)": 0.25109733582514604,
        "min(distant)": 0.02162604355757658
    },
    "member10": {
        "max(u)": 0.9428337386393113,
        "max(v)": 0.017181631115150253,
        "max(length)": 0.23596904512138372,
        "num(pathline)": 0.25109733582514604,
        "min(distant)": 0.02162604355757658
    },
    "member11": {
        "max(u)": 0.9428337386393113,
        "max(v)": 0.017181631115150253,
        "max(length)": 0.23596904512138372,
        "num(pathline)": 0.25109733582514604,
        "min(distant)": 0.02162604355757658
    },
    "member12": {
        "max(u)": 0.9428337386393113,
        "max(v)": 0.017181631115150253,
        "max(length)": 0.23596904512138372,
        "num(pathline)": 0.25109733582514604,
        "min(distant)": 0.02162604355757658
    },
    "member13": {
        "max(u)": 0.9428337386393113,
        "max(v)": 0.017181631115150253,
        "max(length)": 0.23596904512138372,
        "num(pathline)": 0.25109733582514604,
        "min(distant)": 0.02162604355757658
    },
    "member14": {
        "max(u)": 0.9428337386393113,
        "max(v)": 0.017181631115150253,
        "max(length)": 0.23596904512138372,
        "num(pathline)": 0.25109733582514604,
        "min(distant)": 0.02162604355757658
    },
    "member15": {
        "max(u)": 0.9428337386393113,
        "max(v)": 0.017181631115150253,
        "max(length)": 0.23596904512138372,
        "num(pathline)": 0.25109733582514604,
        "min(distant)": 0.02162604355757658
    },
    "member16": {
        "max(u)": 0.9428337386393113,
        "max(v)": 0.017181631115150253,
        "max(length)": 0.23596904512138372,
        "num(pathline)": 0.25109733582514604,
        "min(distant)": 0.02162604355757658
    },
    "member17": {
        "max(u)": 0.9428337386393113,
        "max(v)": 0.017181631115150253,
        "max(length)": 0.23596904512138372,
        "num(pathline)": 0.25109733582514604,
        "min(distant)": 0.02162604355757658
    },
    "member18": {
        "max(u)": 0.9428337386393113,
        "max(v)": 0.017181631115150253,
        "max(length)": 0.23596904512138372,
        "num(pathline)": 0.25109733582514604,
        "min(distant)": 0.02162604355757658
    },
    "member19": {
        "max(u)": 0.9428337386393113,
        "max(v)": 0.017181631115150253,
        "max(length)": 0.23596904512138372,
        "num(pathline)": 0.25109733582514604,
        "min(distant)": 0.02162604355757658
    },
    "member20": {
        "max(u)": 0.9428337386393113,
        "max(v)": 0.017181631115150253,
        "max(length)": 0.23596904512138372,
        "num(pathline)": 0.25109733582514604,
        "min(distant)": 0.02162604355757658
    }
}