{
    "member1": {
        "max(u)": 0.6167505731709585,
        "max(v)": 0.1990796785427078,
        "max(length)": 0.9524210007481538,
        "num(pathline)": 0.44941750558683125,
        "min(distant)": 0.8695253802867986
    },
    "member2": {
        "max(u)": 0.6167505731709585,
        "max(v)": 0.1990796785427078,
        "max(length)": 0.9524210007481538,
        "num(pathline)": 0.44941750558683125,
        "min(distant)": 0.8695253802867986
    },
    "member3": {
        "max(u)": 0.6167505731709585,
        "max(v)": 0.1990796785427078,
        "max(length)": 0.9524210007481538,
        "num(pathline)": 0.44941750558683125,
        "min(distant)": 0.8695253802867986
    },
    "member4": {
        "max(u)": 0.6167505731709585,
        "max(v)": 0.1990796785427078,
        "max(length)": 0.9524210007481538,
        "num(pathline)": 0.44941750558683125,
        "min(distant)": 0.8695253802867986
    },
    "member5": {
        "max(u)": 0.6167505731709585,
        "max(v)": 0.1990796785427078,
        "max(length)": 0.9524210007481538,
        "num(pathline)": 0.44941750558683125,
        "min(distant)": 0.8695253802867986
    },
    "member6": {
        "max(u)": 0.6167505731709585,
        "max(v)": 0.1990796785427078,
        "max(length)": 0.9524210007481538,
        "num(pathline)": 0.44941750558683125,
        "min(distant)": 0.8695253802867986
    },
    "member7": {
        "max(u)": 0.6167505731709585,
        "max(v)": 0.1990796785427078,
        "max(length)": 0.9524210007481538,
        "num(pathline)": 0.44941750558683125,
        "min(distant)": 0.8695253802867986
    },
    "member8": {
        "max(u)": 0.6167505731709585,
        "max(v)": 0.1990796785427078,
        "max(length)": 0.9524210007481538,
        "num(pathline)": 0.44941750558683125,
        "min(distant)": 0.8695253802867986
    },
    "member9": {
        "max(u)": 0.6167505731709585,
        "max(v)": 0.1990796785427078,
        "max(length)": 0.9524210007481538,
        "num(pathline)": 0.44941750558683125,
        "min(distant)": 0.8695253802867986
    },
    "member10": {
        "max(u)": 0.6167505731709585,
        "max(v)": 0.1990796785427078,
        "max(length)": 0.9524210007481538,
        "num(pathline)": 0.44941750558683125,
        "min(distant)": 0.8695253802867986
    },
    "member11": {
        "max(u)": 0.6167505731709585,
        "max(v)": 0.1990796785427078,
        "max(length)": 0.9524210007481538,
        "num(pathline)": 0.44941750558683125,
        "min(distant)": 0.8695253802867986
    },
    "member12": {
        "max(u)": 0.6167505731709585,
        "max(v)": 0.1990796785427078,
        "max(length)": 0.9524210007481538,
        "num(pathline)": 0.44941750558683125,
        "min(distant)": 0.8695253802867986
    },
    "member13": {
        "max(u)": 0.6167505731709585,
        "max(v)": 0.1990796785427078,
        "max(length)": 0.9524210007481538,
        "num(pathline)": 0.44941750558683125,
        "min(distant)": 0.8695253802867986
    },
    "member14": {
        "max(u)": 0.6167505731709585,
        "max(v)": 0.1990796785427078,
        "max(length)": 0.9524210007481538,
        "num(pathline)": 0.44941750558683125,
        "min(distant)": 0.8695253802867986
    },
    "member15": {
        "max(u)": 0.6167505731709585,
        "max(v)": 0.1990796785427078,
        "max(length)": 0.9524210007481538,
        "num(pathline)": 0.44941750558683125,
        "min(distant)": 0.8695253802867986
    },
    "member16": {
        "max(u)": 0.6167505731709585,
        "max(v)": 0.1990796785427078,
        "max(length)": 0.9524210007481538,
        "num(pathline)": 0.44941750558683125,
        "min(distant)": 0.8695253802867986
    },
    "member17": {
        "max(u)": 0.6167505731709585,
        "max(v)": 0.1990796785427078,
        "max(length)": 0.9524210007481538,
        "num(pathline)": 0.44941750558683125,
        "min(distant)": 0.8695253802867986
    },
    "member18": {
        "max(u)": 0.6167505731709585,
        "max(v)": 0.1990796785427078,
        "max(length)": 0.9524210007481538,
        "num(pathline)": 0.44941750558683125,
        "min(distant)": 0.8695253802867986
    },
    "member19": {
        "max(u)": 0.6167505731709585,
        "max(v)": 0.1990796785427078,
        "max(length)": 0.9524210007481538,
        "num(pathline)": 0.44941750558683125,
        "min(distant)": 0.8695253802867986
    },
    "member20": {
        "max(u)": 0.6167505731709585,
        "max(v)": 0.1990796785427078,
        "max(length)": 0.9524210007481538,
        "num(pathline)": 0.44941750558683125,
        "min(distant)": 0.8695253802867986
    }
}