{
    "member1": {
        "max(u)": 0.47864758728624746,
        "max(v)": 0.3166616448472296,
        "max(length)": 0.9506439956787199,
        "num(pathline)": 0.17041608316104595,
        "min(distant)": 0.7189180159106048
    },
    "member2": {
        "max(u)": 0.47864758728624746,
        "max(v)": 0.3166616448472296,
        "max(length)": 0.9506439956787199,
        "num(pathline)": 0.17041608316104595,
        "min(distant)": 0.7189180159106048
    },
    "member3": {
        "max(u)": 0.47864758728624746,
        "max(v)": 0.3166616448472296,
        "max(length)": 0.9506439956787199,
        "num(pathline)": 0.17041608316104595,
        "min(distant)": 0.7189180159106048
    },
    "member4": {
        "max(u)": 0.47864758728624746,
        "max(v)": 0.3166616448472296,
        "max(length)": 0.9506439956787199,
        "num(pathline)": 0.17041608316104595,
        "min(distant)": 0.7189180159106048
    },
    "member5": {
        "max(u)": 0.47864758728624746,
        "max(v)": 0.3166616448472296,
        "max(length)": 0.9506439956787199,
        "num(pathline)": 0.17041608316104595,
        "min(distant)": 0.7189180159106048
    },
    "member6": {
        "max(u)": 0.47864758728624746,
        "max(v)": 0.3166616448472296,
        "max(length)": 0.9506439956787199,
        "num(pathline)": 0.17041608316104595,
        "min(distant)": 0.7189180159106048
    },
    "member7": {
        "max(u)": 0.47864758728624746,
        "max(v)": 0.3166616448472296,
        "max(length)": 0.9506439956787199,
        "num(pathline)": 0.17041608316104595,
        "min(distant)": 0.7189180159106048
    },
    "member8": {
        "max(u)": 0.47864758728624746,
        "max(v)": 0.3166616448472296,
        "max(length)": 0.9506439956787199,
        "num(pathline)": 0.17041608316104595,
        "min(distant)": 0.7189180159106048
    },
    "member9": {
        "max(u)": 0.47864758728624746,
        "max(v)": 0.3166616448472296,
        "max(length)": 0.9506439956787199,
        "num(pathline)": 0.17041608316104595,
        "min(distant)": 0.7189180159106048
    },
    "member10": {
        "max(u)": 0.47864758728624746,
        "max(v)": 0.3166616448472296,
        "max(length)": 0.9506439956787199,
        "num(pathline)": 0.17041608316104595,
        "min(distant)": 0.7189180159106048
    },
    "member11": {
        "max(u)": 0.47864758728624746,
        "max(v)": 0.3166616448472296,
        "max(length)": 0.9506439956787199,
        "num(pathline)": 0.17041608316104595,
        "min(distant)": 0.7189180159106048
    },
    "member12": {
        "max(u)": 0.47864758728624746,
        "max(v)": 0.3166616448472296,
        "max(length)": 0.9506439956787199,
        "num(pathline)": 0.17041608316104595,
        "min(distant)": 0.7189180159106048
    },
    "member13": {
        "max(u)": 0.47864758728624746,
        "max(v)": 0.3166616448472296,
        "max(length)": 0.9506439956787199,
        "num(pathline)": 0.17041608316104595,
        "min(distant)": 0.7189180159106048
    },
    "member14": {
        "max(u)": 0.47864758728624746,
        "max(v)": 0.3166616448472296,
        "max(length)": 0.9506439956787199,
        "num(pathline)": 0.17041608316104595,
        "min(distant)": 0.7189180159106048
    },
    "member15": {
        "max(u)": 0.47864758728624746,
        "max(v)": 0.3166616448472296,
        "max(length)": 0.9506439956787199,
        "num(pathline)": 0.17041608316104595,
        "min(distant)": 0.7189180159106048
    },
    "member16": {
        "max(u)": 0.47864758728624746,
        "max(v)": 0.3166616448472296,
        "max(length)": 0.9506439956787199,
        "num(pathline)": 0.17041608316104595,
        "min(distant)": 0.7189180159106048
    },
    "member17": {
        "max(u)": 0.47864758728624746,
        "max(v)": 0.3166616448472296,
        "max(length)": 0.9506439956787199,
        "num(pathline)": 0.17041608316104595,
        "min(distant)": 0.7189180159106048
    },
    "member18": {
        "max(u)": 0.47864758728624746,
        "max(v)": 0.3166616448472296,
        "max(length)": 0.9506439956787199,
        "num(pathline)": 0.17041608316104595,
        "min(distant)": 0.7189180159106048
    },
    "member19": {
        "max(u)": 0.47864758728624746,
        "max(v)": 0.3166616448472296,
        "max(length)": 0.9506439956787199,
        "num(pathline)": 0.17041608316104595,
        "min(distant)": 0.7189180159106048
    },
    "member20": {
        "max(u)": 0.47864758728624746,
        "max(v)": 0.3166616448472296,
        "max(length)": 0.9506439956787199,
        "num(pathline)": 0.17041608316104595,
        "min(distant)": 0.7189180159106048
    }
}