{
    "member1": {
        "max(u)": 0.2499204833842057,
        "max(v)": 0.4815345744539822,
        "max(length)": 0.8354814018189674,
        "num(pathline)": 0.9880846533120883,
        "min(distant)": 0.9428838335044063
    },
    "member2": {
        "max(u)": 0.2499204833842057,
        "max(v)": 0.4815345744539822,
        "max(length)": 0.8354814018189674,
        "num(pathline)": 0.9880846533120883,
        "min(distant)": 0.9428838335044063
    },
    "member3": {
        "max(u)": 0.2499204833842057,
        "max(v)": 0.4815345744539822,
        "max(length)": 0.8354814018189674,
        "num(pathline)": 0.9880846533120883,
        "min(distant)": 0.9428838335044063
    },
    "member4": {
        "max(u)": 0.2499204833842057,
        "max(v)": 0.4815345744539822,
        "max(length)": 0.8354814018189674,
        "num(pathline)": 0.9880846533120883,
        "min(distant)": 0.9428838335044063
    },
    "member5": {
        "max(u)": 0.2499204833842057,
        "max(v)": 0.4815345744539822,
        "max(length)": 0.8354814018189674,
        "num(pathline)": 0.9880846533120883,
        "min(distant)": 0.9428838335044063
    },
    "member6": {
        "max(u)": 0.2499204833842057,
        "max(v)": 0.4815345744539822,
        "max(length)": 0.8354814018189674,
        "num(pathline)": 0.9880846533120883,
        "min(distant)": 0.9428838335044063
    },
    "member7": {
        "max(u)": 0.2499204833842057,
        "max(v)": 0.4815345744539822,
        "max(length)": 0.8354814018189674,
        "num(pathline)": 0.9880846533120883,
        "min(distant)": 0.9428838335044063
    },
    "member8": {
        "max(u)": 0.2499204833842057,
        "max(v)": 0.4815345744539822,
        "max(length)": 0.8354814018189674,
        "num(pathline)": 0.9880846533120883,
        "min(distant)": 0.9428838335044063
    },
    "member9": {
        "max(u)": 0.2499204833842057,
        "max(v)": 0.4815345744539822,
        "max(length)": 0.8354814018189674,
        "num(pathline)": 0.9880846533120883,
        "min(distant)": 0.9428838335044063
    },
    "member10": {
        "max(u)": 0.2499204833842057,
        "max(v)": 0.4815345744539822,
        "max(length)": 0.8354814018189674,
        "num(pathline)": 0.9880846533120883,
        "min(distant)": 0.9428838335044063
    },
    "member11": {
        "max(u)": 0.2499204833842057,
        "max(v)": 0.4815345744539822,
        "max(length)": 0.8354814018189674,
        "num(pathline)": 0.9880846533120883,
        "min(distant)": 0.9428838335044063
    },
    "member12": {
        "max(u)": 0.2499204833842057,
        "max(v)": 0.4815345744539822,
        "max(length)": 0.8354814018189674,
        "num(pathline)": 0.9880846533120883,
        "min(distant)": 0.9428838335044063
    },
    "member13": {
        "max(u)": 0.2499204833842057,
        "max(v)": 0.4815345744539822,
        "max(length)": 0.8354814018189674,
        "num(pathline)": 0.9880846533120883,
        "min(distant)": 0.9428838335044063
    },
    "member14": {
        "max(u)": 0.2499204833842057,
        "max(v)": 0.4815345744539822,
        "max(length)": 0.8354814018189674,
        "num(pathline)": 0.9880846533120883,
        "min(distant)": 0.9428838335044063
    },
    "member15": {
        "max(u)": 0.2499204833842057,
        "max(v)": 0.4815345744539822,
        "max(length)": 0.8354814018189674,
        "num(pathline)": 0.9880846533120883,
        "min(distant)": 0.9428838335044063
    },
    "member16": {
        "max(u)": 0.2499204833842057,
        "max(v)": 0.4815345744539822,
        "max(length)": 0.8354814018189674,
        "num(pathline)": 0.9880846533120883,
        "min(distant)": 0.9428838335044063
    },
    "member17": {
        "max(u)": 0.2499204833842057,
        "max(v)": 0.4815345744539822,
        "max(length)": 0.8354814018189674,
        "num(pathline)": 0.9880846533120883,
        "min(distant)": 0.9428838335044063
    },
    "member18": {
        "max(u)": 0.2499204833842057,
        "max(v)": 0.4815345744539822,
        "max(length)": 0.8354814018189674,
        "num(pathline)": 0.9880846533120883,
        "min(distant)": 0.9428838335044063
    },
    "member19": {
        "max(u)": 0.2499204833842057,
        "max(v)": 0.4815345744539822,
        "max(length)": 0.8354814018189674,
        "num(pathline)": 0.9880846533120883,
        "min(distant)": 0.9428838335044063
    },
    "member20": {
        "max(u)": 0.2499204833842057,
        "max(v)": 0.4815345744539822,
        "max(length)": 0.8354814018189674,
        "num(pathline)": 0.9880846533120883,
        "min(distant)": 0.9428838335044063
    }
}