{
    "member1": {
        "max(u)": 0.6406279467400879,
        "max(v)": 0.3639591298082131,
        "max(length)": 0.10644195658219668,
        "num(pathline)": 0.3904297549032588,
        "min(distant)": 0.9950243545172052
    },
    "member2": {
        "max(u)": 0.6406279467400879,
        "max(v)": 0.3639591298082131,
        "max(length)": 0.10644195658219668,
        "num(pathline)": 0.3904297549032588,
        "min(distant)": 0.9950243545172052
    },
    "member3": {
        "max(u)": 0.6406279467400879,
        "max(v)": 0.3639591298082131,
        "max(length)": 0.10644195658219668,
        "num(pathline)": 0.3904297549032588,
        "min(distant)": 0.9950243545172052
    },
    "member4": {
        "max(u)": 0.6406279467400879,
        "max(v)": 0.3639591298082131,
        "max(length)": 0.10644195658219668,
        "num(pathline)": 0.3904297549032588,
        "min(distant)": 0.9950243545172052
    },
    "member5": {
        "max(u)": 0.6406279467400879,
        "max(v)": 0.3639591298082131,
        "max(length)": 0.10644195658219668,
        "num(pathline)": 0.3904297549032588,
        "min(distant)": 0.9950243545172052
    },
    "member6": {
        "max(u)": 0.6406279467400879,
        "max(v)": 0.3639591298082131,
        "max(length)": 0.10644195658219668,
        "num(pathline)": 0.3904297549032588,
        "min(distant)": 0.9950243545172052
    },
    "member7": {
        "max(u)": 0.6406279467400879,
        "max(v)": 0.3639591298082131,
        "max(length)": 0.10644195658219668,
        "num(pathline)": 0.3904297549032588,
        "min(distant)": 0.9950243545172052
    },
    "member8": {
        "max(u)": 0.6406279467400879,
        "max(v)": 0.3639591298082131,
        "max(length)": 0.10644195658219668,
        "num(pathline)": 0.3904297549032588,
        "min(distant)": 0.9950243545172052
    },
    "member9": {
        "max(u)": 0.6406279467400879,
        "max(v)": 0.3639591298082131,
        "max(length)": 0.10644195658219668,
        "num(pathline)": 0.3904297549032588,
        "min(distant)": 0.9950243545172052
    },
    "member10": {
        "max(u)": 0.6406279467400879,
        "max(v)": 0.3639591298082131,
        "max(length)": 0.10644195658219668,
        "num(pathline)": 0.3904297549032588,
        "min(distant)": 0.9950243545172052
    },
    "member11": {
        "max(u)": 0.6406279467400879,
        "max(v)": 0.3639591298082131,
        "max(length)": 0.10644195658219668,
        "num(pathline)": 0.3904297549032588,
        "min(distant)": 0.9950243545172052
    },
    "member12": {
        "max(u)": 0.6406279467400879,
        "max(v)": 0.3639591298082131,
        "max(length)": 0.10644195658219668,
        "num(pathline)": 0.3904297549032588,
        "min(distant)": 0.9950243545172052
    },
    "member13": {
        "max(u)": 0.6406279467400879,
        "max(v)": 0.3639591298082131,
        "max(length)": 0.10644195658219668,
        "num(pathline)": 0.3904297549032588,
        "min(distant)": 0.9950243545172052
    },
    "member14": {
        "max(u)": 0.6406279467400879,
        "max(v)": 0.3639591298082131,
        "max(length)": 0.10644195658219668,
        "num(pathline)": 0.3904297549032588,
        "min(distant)": 0.9950243545172052
    },
    "member15": {
        "max(u)": 0.6406279467400879,
        "max(v)": 0.3639591298082131,
        "max(length)": 0.10644195658219668,
        "num(pathline)": 0.3904297549032588,
        "min(distant)": 0.9950243545172052
    },
    "member16": {
        "max(u)": 0.6406279467400879,
        "max(v)": 0.3639591298082131,
        "max(length)": 0.10644195658219668,
        "num(pathline)": 0.3904297549032588,
        "min(distant)": 0.9950243545172052
    },
    "member17": {
        "max(u)": 0.6406279467400879,
        "max(v)": 0.3639591298082131,
        "max(length)": 0.10644195658219668,
        "num(pathline)": 0.3904297549032588,
        "min(distant)": 0.9950243545172052
    },
    "member18": {
        "max(u)": 0.6406279467400879,
        "max(v)": 0.3639591298082131,
        "max(length)": 0.10644195658219668,
        "num(pathline)": 0.3904297549032588,
        "min(distant)": 0.9950243545172052
    },
    "member19": {
        "max(u)": 0.6406279467400879,
        "max(v)": 0.3639591298082131,
        "max(length)": 0.10644195658219668,
        "num(pathline)": 0.3904297549032588,
        "min(distant)": 0.9950243545172052
    },
    "member20": {
        "max(u)": 0.6406279467400879,
        "max(v)": 0.3639591298082131,
        "max(length)": 0.10644195658219668,
        "num(pathline)": 0.3904297549032588,
        "min(distant)": 0.9950243545172052
    }
}