{
    "member1": {
        "max(u)": 0.8249936485499991,
        "max(v)": 0.3331397525785621,
        "max(length)": 0.7914502822300149,
        "num(pathline)": 0.10933796574726506,
        "min(distant)": 0.591808223312076
    },
    "member2": {
        "max(u)": 0.8249936485499991,
        "max(v)": 0.3331397525785621,
        "max(length)": 0.7914502822300149,
        "num(pathline)": 0.10933796574726506,
        "min(distant)": 0.591808223312076
    },
    "member3": {
        "max(u)": 0.8249936485499991,
        "max(v)": 0.3331397525785621,
        "max(length)": 0.7914502822300149,
        "num(pathline)": 0.10933796574726506,
        "min(distant)": 0.591808223312076
    },
    "member4": {
        "max(u)": 0.8249936485499991,
        "max(v)": 0.3331397525785621,
        "max(length)": 0.7914502822300149,
        "num(pathline)": 0.10933796574726506,
        "min(distant)": 0.591808223312076
    },
    "member5": {
        "max(u)": 0.8249936485499991,
        "max(v)": 0.3331397525785621,
        "max(length)": 0.7914502822300149,
        "num(pathline)": 0.10933796574726506,
        "min(distant)": 0.591808223312076
    },
    "member6": {
        "max(u)": 0.8249936485499991,
        "max(v)": 0.3331397525785621,
        "max(length)": 0.7914502822300149,
        "num(pathline)": 0.10933796574726506,
        "min(distant)": 0.591808223312076
    },
    "member7": {
        "max(u)": 0.8249936485499991,
        "max(v)": 0.3331397525785621,
        "max(length)": 0.7914502822300149,
        "num(pathline)": 0.10933796574726506,
        "min(distant)": 0.591808223312076
    },
    "member8": {
        "max(u)": 0.8249936485499991,
        "max(v)": 0.3331397525785621,
        "max(length)": 0.7914502822300149,
        "num(pathline)": 0.10933796574726506,
        "min(distant)": 0.591808223312076
    },
    "member9": {
        "max(u)": 0.8249936485499991,
        "max(v)": 0.3331397525785621,
        "max(length)": 0.7914502822300149,
        "num(pathline)": 0.10933796574726506,
        "min(distant)": 0.591808223312076
    },
    "member10": {
        "max(u)": 0.8249936485499991,
        "max(v)": 0.3331397525785621,
        "max(length)": 0.7914502822300149,
        "num(pathline)": 0.10933796574726506,
        "min(distant)": 0.591808223312076
    },
    "member11": {
        "max(u)": 0.8249936485499991,
        "max(v)": 0.3331397525785621,
        "max(length)": 0.7914502822300149,
        "num(pathline)": 0.10933796574726506,
        "min(distant)": 0.591808223312076
    },
    "member12": {
        "max(u)": 0.8249936485499991,
        "max(v)": 0.3331397525785621,
        "max(length)": 0.7914502822300149,
        "num(pathline)": 0.10933796574726506,
        "min(distant)": 0.591808223312076
    },
    "member13": {
        "max(u)": 0.8249936485499991,
        "max(v)": 0.3331397525785621,
        "max(length)": 0.7914502822300149,
        "num(pathline)": 0.10933796574726506,
        "min(distant)": 0.591808223312076
    },
    "member14": {
        "max(u)": 0.8249936485499991,
        "max(v)": 0.3331397525785621,
        "max(length)": 0.7914502822300149,
        "num(pathline)": 0.10933796574726506,
        "min(distant)": 0.591808223312076
    },
    "member15": {
        "max(u)": 0.8249936485499991,
        "max(v)": 0.3331397525785621,
        "max(length)": 0.7914502822300149,
        "num(pathline)": 0.10933796574726506,
        "min(distant)": 0.591808223312076
    },
    "member16": {
        "max(u)": 0.8249936485499991,
        "max(v)": 0.3331397525785621,
        "max(length)": 0.7914502822300149,
        "num(pathline)": 0.10933796574726506,
        "min(distant)": 0.591808223312076
    },
    "member17": {
        "max(u)": 0.8249936485499991,
        "max(v)": 0.3331397525785621,
        "max(length)": 0.7914502822300149,
        "num(pathline)": 0.10933796574726506,
        "min(distant)": 0.591808223312076
    },
    "member18": {
        "max(u)": 0.8249936485499991,
        "max(v)": 0.3331397525785621,
        "max(length)": 0.7914502822300149,
        "num(pathline)": 0.10933796574726506,
        "min(distant)": 0.591808223312076
    },
    "member19": {
        "max(u)": 0.8249936485499991,
        "max(v)": 0.3331397525785621,
        "max(length)": 0.7914502822300149,
        "num(pathline)": 0.10933796574726506,
        "min(distant)": 0.591808223312076
    },
    "member20": {
        "max(u)": 0.8249936485499991,
        "max(v)": 0.3331397525785621,
        "max(length)": 0.7914502822300149,
        "num(pathline)": 0.10933796574726506,
        "min(distant)": 0.591808223312076
    }
}