{
    "member1": {
        "max(u)": 0.024479984911901398,
        "max(v)": 0.423216919999155,
        "max(length)": 0.35892982551661434,
        "num(pathline)": 0.21578245592694256,
        "min(distant)": 0.8036792994416823
    },
    "member2": {
        "max(u)": 0.024479984911901398,
        "max(v)": 0.423216919999155,
        "max(length)": 0.35892982551661434,
        "num(pathline)": 0.21578245592694256,
        "min(distant)": 0.8036792994416823
    },
    "member3": {
        "max(u)": 0.024479984911901398,
        "max(v)": 0.423216919999155,
        "max(length)": 0.35892982551661434,
        "num(pathline)": 0.21578245592694256,
        "min(distant)": 0.8036792994416823
    },
    "member4": {
        "max(u)": 0.024479984911901398,
        "max(v)": 0.423216919999155,
        "max(length)": 0.35892982551661434,
        "num(pathline)": 0.21578245592694256,
        "min(distant)": 0.8036792994416823
    },
    "member5": {
        "max(u)": 0.024479984911901398,
        "max(v)": 0.423216919999155,
        "max(length)": 0.35892982551661434,
        "num(pathline)": 0.21578245592694256,
        "min(distant)": 0.8036792994416823
    },
    "member6": {
        "max(u)": 0.024479984911901398,
        "max(v)": 0.423216919999155,
        "max(length)": 0.35892982551661434,
        "num(pathline)": 0.21578245592694256,
        "min(distant)": 0.8036792994416823
    },
    "member7": {
        "max(u)": 0.024479984911901398,
        "max(v)": 0.423216919999155,
        "max(length)": 0.35892982551661434,
        "num(pathline)": 0.21578245592694256,
        "min(distant)": 0.8036792994416823
    },
    "member8": {
        "max(u)": 0.024479984911901398,
        "max(v)": 0.423216919999155,
        "max(length)": 0.35892982551661434,
        "num(pathline)": 0.21578245592694256,
        "min(distant)": 0.8036792994416823
    },
    "member9": {
        "max(u)": 0.024479984911901398,
        "max(v)": 0.423216919999155,
        "max(length)": 0.35892982551661434,
        "num(pathline)": 0.21578245592694256,
        "min(distant)": 0.8036792994416823
    },
    "member10": {
        "max(u)": 0.024479984911901398,
        "max(v)": 0.423216919999155,
        "max(length)": 0.35892982551661434,
        "num(pathline)": 0.21578245592694256,
        "min(distant)": 0.8036792994416823
    },
    "member11": {
        "max(u)": 0.024479984911901398,
        "max(v)": 0.423216919999155,
        "max(length)": 0.35892982551661434,
        "num(pathline)": 0.21578245592694256,
        "min(distant)": 0.8036792994416823
    },
    "member12": {
        "max(u)": 0.024479984911901398,
        "max(v)": 0.423216919999155,
        "max(length)": 0.35892982551661434,
        "num(pathline)": 0.21578245592694256,
        "min(distant)": 0.8036792994416823
    },
    "member13": {
        "max(u)": 0.024479984911901398,
        "max(v)": 0.423216919999155,
        "max(length)": 0.35892982551661434,
        "num(pathline)": 0.21578245592694256,
        "min(distant)": 0.8036792994416823
    },
    "member14": {
        "max(u)": 0.024479984911901398,
        "max(v)": 0.423216919999155,
        "max(length)": 0.35892982551661434,
        "num(pathline)": 0.21578245592694256,
        "min(distant)": 0.8036792994416823
    },
    "member15": {
        "max(u)": 0.024479984911901398,
        "max(v)": 0.423216919999155,
        "max(length)": 0.35892982551661434,
        "num(pathline)": 0.21578245592694256,
        "min(distant)": 0.8036792994416823
    },
    "member16": {
        "max(u)": 0.024479984911901398,
        "max(v)": 0.423216919999155,
        "max(length)": 0.35892982551661434,
        "num(pathline)": 0.21578245592694256,
        "min(distant)": 0.8036792994416823
    },
    "member17": {
        "max(u)": 0.024479984911901398,
        "max(v)": 0.423216919999155,
        "max(length)": 0.35892982551661434,
        "num(pathline)": 0.21578245592694256,
        "min(distant)": 0.8036792994416823
    },
    "member18": {
        "max(u)": 0.024479984911901398,
        "max(v)": 0.423216919999155,
        "max(length)": 0.35892982551661434,
        "num(pathline)": 0.21578245592694256,
        "min(distant)": 0.8036792994416823
    },
    "member19": {
        "max(u)": 0.024479984911901398,
        "max(v)": 0.423216919999155,
        "max(length)": 0.35892982551661434,
        "num(pathline)": 0.21578245592694256,
        "min(distant)": 0.8036792994416823
    },
    "member20": {
        "max(u)": 0.024479984911901398,
        "max(v)": 0.423216919999155,
        "max(length)": 0.35892982551661434,
        "num(pathline)": 0.21578245592694256,
        "min(distant)": 0.8036792994416823
    }
}