{
    "member1": {
        "max(u)": 0.7419365629154397,
        "max(v)": 0.6116328950546331,
        "max(length)": 0.862316045054572,
        "num(pathline)": 0.4404354264568314,
        "min(distant)": 0.4699549184294032
    },
    "member2": {
        "max(u)": 0.7419365629154397,
        "max(v)": 0.6116328950546331,
        "max(length)": 0.862316045054572,
        "num(pathline)": 0.4404354264568314,
        "min(distant)": 0.4699549184294032
    },
    "member3": {
        "max(u)": 0.7419365629154397,
        "max(v)": 0.6116328950546331,
        "max(length)": 0.862316045054572,
        "num(pathline)": 0.4404354264568314,
        "min(distant)": 0.4699549184294032
    },
    "member4": {
        "max(u)": 0.7419365629154397,
        "max(v)": 0.6116328950546331,
        "max(length)": 0.862316045054572,
        "num(pathline)": 0.4404354264568314,
        "min(distant)": 0.4699549184294032
    },
    "member5": {
        "max(u)": 0.7419365629154397,
        "max(v)": 0.6116328950546331,
        "max(length)": 0.862316045054572,
        "num(pathline)": 0.4404354264568314,
        "min(distant)": 0.4699549184294032
    },
    "member6": {
        "max(u)": 0.7419365629154397,
        "max(v)": 0.6116328950546331,
        "max(length)": 0.862316045054572,
        "num(pathline)": 0.4404354264568314,
        "min(distant)": 0.4699549184294032
    },
    "member7": {
        "max(u)": 0.7419365629154397,
        "max(v)": 0.6116328950546331,
        "max(length)": 0.862316045054572,
        "num(pathline)": 0.4404354264568314,
        "min(distant)": 0.4699549184294032
    },
    "member8": {
        "max(u)": 0.7419365629154397,
        "max(v)": 0.6116328950546331,
        "max(length)": 0.862316045054572,
        "num(pathline)": 0.4404354264568314,
        "min(distant)": 0.4699549184294032
    },
    "member9": {
        "max(u)": 0.7419365629154397,
        "max(v)": 0.6116328950546331,
        "max(length)": 0.862316045054572,
        "num(pathline)": 0.4404354264568314,
        "min(distant)": 0.4699549184294032
    },
    "member10": {
        "max(u)": 0.7419365629154397,
        "max(v)": 0.6116328950546331,
        "max(length)": 0.862316045054572,
        "num(pathline)": 0.4404354264568314,
        "min(distant)": 0.4699549184294032
    },
    "member11": {
        "max(u)": 0.7419365629154397,
        "max(v)": 0.6116328950546331,
        "max(length)": 0.862316045054572,
        "num(pathline)": 0.4404354264568314,
        "min(distant)": 0.4699549184294032
    },
    "member12": {
        "max(u)": 0.7419365629154397,
        "max(v)": 0.6116328950546331,
        "max(length)": 0.862316045054572,
        "num(pathline)": 0.4404354264568314,
        "min(distant)": 0.4699549184294032
    },
    "member13": {
        "max(u)": 0.7419365629154397,
        "max(v)": 0.6116328950546331,
        "max(length)": 0.862316045054572,
        "num(pathline)": 0.4404354264568314,
        "min(distant)": 0.4699549184294032
    },
    "member14": {
        "max(u)": 0.7419365629154397,
        "max(v)": 0.6116328950546331,
        "max(length)": 0.862316045054572,
        "num(pathline)": 0.4404354264568314,
        "min(distant)": 0.4699549184294032
    },
    "member15": {
        "max(u)": 0.7419365629154397,
        "max(v)": 0.6116328950546331,
        "max(length)": 0.862316045054572,
        "num(pathline)": 0.4404354264568314,
        "min(distant)": 0.4699549184294032
    },
    "member16": {
        "max(u)": 0.7419365629154397,
        "max(v)": 0.6116328950546331,
        "max(length)": 0.862316045054572,
        "num(pathline)": 0.4404354264568314,
        "min(distant)": 0.4699549184294032
    },
    "member17": {
        "max(u)": 0.7419365629154397,
        "max(v)": 0.6116328950546331,
        "max(length)": 0.862316045054572,
        "num(pathline)": 0.4404354264568314,
        "min(distant)": 0.4699549184294032
    },
    "member18": {
        "max(u)": 0.7419365629154397,
        "max(v)": 0.6116328950546331,
        "max(length)": 0.862316045054572,
        "num(pathline)": 0.4404354264568314,
        "min(distant)": 0.4699549184294032
    },
    "member19": {
        "max(u)": 0.7419365629154397,
        "max(v)": 0.6116328950546331,
        "max(length)": 0.862316045054572,
        "num(pathline)": 0.4404354264568314,
        "min(distant)": 0.4699549184294032
    },
    "member20": {
        "max(u)": 0.7419365629154397,
        "max(v)": 0.6116328950546331,
        "max(length)": 0.862316045054572,
        "num(pathline)": 0.4404354264568314,
        "min(distant)": 0.4699549184294032
    }
}