{
    "member1": {
        "max(u)": 0.6742328988103737,
        "max(v)": 0.7372369061273807,
        "max(length)": 0.9534309590046753,
        "num(pathline)": 0.704986448320627,
        "min(distant)": 0.6840376671132998
    },
    "member2": {
        "max(u)": 0.6742328988103737,
        "max(v)": 0.7372369061273807,
        "max(length)": 0.9534309590046753,
        "num(pathline)": 0.704986448320627,
        "min(distant)": 0.6840376671132998
    },
    "member3": {
        "max(u)": 0.6742328988103737,
        "max(v)": 0.7372369061273807,
        "max(length)": 0.9534309590046753,
        "num(pathline)": 0.704986448320627,
        "min(distant)": 0.6840376671132998
    },
    "member4": {
        "max(u)": 0.6742328988103737,
        "max(v)": 0.7372369061273807,
        "max(length)": 0.9534309590046753,
        "num(pathline)": 0.704986448320627,
        "min(distant)": 0.6840376671132998
    },
    "member5": {
        "max(u)": 0.6742328988103737,
        "max(v)": 0.7372369061273807,
        "max(length)": 0.9534309590046753,
        "num(pathline)": 0.704986448320627,
        "min(distant)": 0.6840376671132998
    },
    "member6": {
        "max(u)": 0.6742328988103737,
        "max(v)": 0.7372369061273807,
        "max(length)": 0.9534309590046753,
        "num(pathline)": 0.704986448320627,
        "min(distant)": 0.6840376671132998
    },
    "member7": {
        "max(u)": 0.6742328988103737,
        "max(v)": 0.7372369061273807,
        "max(length)": 0.9534309590046753,
        "num(pathline)": 0.704986448320627,
        "min(distant)": 0.6840376671132998
    },
    "member8": {
        "max(u)": 0.6742328988103737,
        "max(v)": 0.7372369061273807,
        "max(length)": 0.9534309590046753,
        "num(pathline)": 0.704986448320627,
        "min(distant)": 0.6840376671132998
    },
    "member9": {
        "max(u)": 0.6742328988103737,
        "max(v)": 0.7372369061273807,
        "max(length)": 0.9534309590046753,
        "num(pathline)": 0.704986448320627,
        "min(distant)": 0.6840376671132998
    },
    "member10": {
        "max(u)": 0.6742328988103737,
        "max(v)": 0.7372369061273807,
        "max(length)": 0.9534309590046753,
        "num(pathline)": 0.704986448320627,
        "min(distant)": 0.6840376671132998
    },
    "member11": {
        "max(u)": 0.6742328988103737,
        "max(v)": 0.7372369061273807,
        "max(length)": 0.9534309590046753,
        "num(pathline)": 0.704986448320627,
        "min(distant)": 0.6840376671132998
    },
    "member12": {
        "max(u)": 0.6742328988103737,
        "max(v)": 0.7372369061273807,
        "max(length)": 0.9534309590046753,
        "num(pathline)": 0.704986448320627,
        "min(distant)": 0.6840376671132998
    },
    "member13": {
        "max(u)": 0.6742328988103737,
        "max(v)": 0.7372369061273807,
        "max(length)": 0.9534309590046753,
        "num(pathline)": 0.704986448320627,
        "min(distant)": 0.6840376671132998
    },
    "member14": {
        "max(u)": 0.6742328988103737,
        "max(v)": 0.7372369061273807,
        "max(length)": 0.9534309590046753,
        "num(pathline)": 0.704986448320627,
        "min(distant)": 0.6840376671132998
    },
    "member15": {
        "max(u)": 0.6742328988103737,
        "max(v)": 0.7372369061273807,
        "max(length)": 0.9534309590046753,
        "num(pathline)": 0.704986448320627,
        "min(distant)": 0.6840376671132998
    },
    "member16": {
        "max(u)": 0.6742328988103737,
        "max(v)": 0.7372369061273807,
        "max(length)": 0.9534309590046753,
        "num(pathline)": 0.704986448320627,
        "min(distant)": 0.6840376671132998
    },
    "member17": {
        "max(u)": 0.6742328988103737,
        "max(v)": 0.7372369061273807,
        "max(length)": 0.9534309590046753,
        "num(pathline)": 0.704986448320627,
        "min(distant)": 0.6840376671132998
    },
    "member18": {
        "max(u)": 0.6742328988103737,
        "max(v)": 0.7372369061273807,
        "max(length)": 0.9534309590046753,
        "num(pathline)": 0.704986448320627,
        "min(distant)": 0.6840376671132998
    },
    "member19": {
        "max(u)": 0.6742328988103737,
        "max(v)": 0.7372369061273807,
        "max(length)": 0.9534309590046753,
        "num(pathline)": 0.704986448320627,
        "min(distant)": 0.6840376671132998
    },
    "member20": {
        "max(u)": 0.6742328988103737,
        "max(v)": 0.7372369061273807,
        "max(length)": 0.9534309590046753,
        "num(pathline)": 0.704986448320627,
        "min(distant)": 0.6840376671132998
    }
}