{
    "member1": {
        "max(u)": 0.08236242253857662,
        "max(v)": 0.432231125951291,
        "max(length)": 0.8587067300817188,
        "num(pathline)": 0.4330416698991938,
        "min(distant)": 0.8493126446835818
    },
    "member2": {
        "max(u)": 0.08236242253857662,
        "max(v)": 0.432231125951291,
        "max(length)": 0.8587067300817188,
        "num(pathline)": 0.4330416698991938,
        "min(distant)": 0.8493126446835818
    },
    "member3": {
        "max(u)": 0.08236242253857662,
        "max(v)": 0.432231125951291,
        "max(length)": 0.8587067300817188,
        "num(pathline)": 0.4330416698991938,
        "min(distant)": 0.8493126446835818
    },
    "member4": {
        "max(u)": 0.08236242253857662,
        "max(v)": 0.432231125951291,
        "max(length)": 0.8587067300817188,
        "num(pathline)": 0.4330416698991938,
        "min(distant)": 0.8493126446835818
    },
    "member5": {
        "max(u)": 0.08236242253857662,
        "max(v)": 0.432231125951291,
        "max(length)": 0.8587067300817188,
        "num(pathline)": 0.4330416698991938,
        "min(distant)": 0.8493126446835818
    },
    "member6": {
        "max(u)": 0.08236242253857662,
        "max(v)": 0.432231125951291,
        "max(length)": 0.8587067300817188,
        "num(pathline)": 0.4330416698991938,
        "min(distant)": 0.8493126446835818
    },
    "member7": {
        "max(u)": 0.08236242253857662,
        "max(v)": 0.432231125951291,
        "max(length)": 0.8587067300817188,
        "num(pathline)": 0.4330416698991938,
        "min(distant)": 0.8493126446835818
    },
    "member8": {
        "max(u)": 0.08236242253857662,
        "max(v)": 0.432231125951291,
        "max(length)": 0.8587067300817188,
        "num(pathline)": 0.4330416698991938,
        "min(distant)": 0.8493126446835818
    },
    "member9": {
        "max(u)": 0.08236242253857662,
        "max(v)": 0.432231125951291,
        "max(length)": 0.8587067300817188,
        "num(pathline)": 0.4330416698991938,
        "min(distant)": 0.8493126446835818
    },
    "member10": {
        "max(u)": 0.08236242253857662,
        "max(v)": 0.432231125951291,
        "max(length)": 0.8587067300817188,
        "num(pathline)": 0.4330416698991938,
        "min(distant)": 0.8493126446835818
    },
    "member11": {
        "max(u)": 0.08236242253857662,
        "max(v)": 0.432231125951291,
        "max(length)": 0.8587067300817188,
        "num(pathline)": 0.4330416698991938,
        "min(distant)": 0.8493126446835818
    },
    "member12": {
        "max(u)": 0.08236242253857662,
        "max(v)": 0.432231125951291,
        "max(length)": 0.8587067300817188,
        "num(pathline)": 0.4330416698991938,
        "min(distant)": 0.8493126446835818
    },
    "member13": {
        "max(u)": 0.08236242253857662,
        "max(v)": 0.432231125951291,
        "max(length)": 0.8587067300817188,
        "num(pathline)": 0.4330416698991938,
        "min(distant)": 0.8493126446835818
    },
    "member14": {
        "max(u)": 0.08236242253857662,
        "max(v)": 0.432231125951291,
        "max(length)": 0.8587067300817188,
        "num(pathline)": 0.4330416698991938,
        "min(distant)": 0.8493126446835818
    },
    "member15": {
        "max(u)": 0.08236242253857662,
        "max(v)": 0.432231125951291,
        "max(length)": 0.8587067300817188,
        "num(pathline)": 0.4330416698991938,
        "min(distant)": 0.8493126446835818
    },
    "member16": {
        "max(u)": 0.08236242253857662,
        "max(v)": 0.432231125951291,
        "max(length)": 0.8587067300817188,
        "num(pathline)": 0.4330416698991938,
        "min(distant)": 0.8493126446835818
    },
    "member17": {
        "max(u)": 0.08236242253857662,
        "max(v)": 0.432231125951291,
        "max(length)": 0.8587067300817188,
        "num(pathline)": 0.4330416698991938,
        "min(distant)": 0.8493126446835818
    },
    "member18": {
        "max(u)": 0.08236242253857662,
        "max(v)": 0.432231125951291,
        "max(length)": 0.8587067300817188,
        "num(pathline)": 0.4330416698991938,
        "min(distant)": 0.8493126446835818
    },
    "member19": {
        "max(u)": 0.08236242253857662,
        "max(v)": 0.432231125951291,
        "max(length)": 0.8587067300817188,
        "num(pathline)": 0.4330416698991938,
        "min(distant)": 0.8493126446835818
    },
    "member20": {
        "max(u)": 0.08236242253857662,
        "max(v)": 0.432231125951291,
        "max(length)": 0.8587067300817188,
        "num(pathline)": 0.4330416698991938,
        "min(distant)": 0.8493126446835818
    }
}