{
    "member1": {
        "max(u)": 0.8309794608752316,
        "max(v)": 0.6262016806113491,
        "max(length)": 0.4038044378310567,
        "num(pathline)": 0.5052547998785397,
        "min(distant)": 0.9632508849594017
    },
    "member2": {
        "max(u)": 0.8309794608752316,
        "max(v)": 0.6262016806113491,
        "max(length)": 0.4038044378310567,
        "num(pathline)": 0.5052547998785397,
        "min(distant)": 0.9632508849594017
    },
    "member3": {
        "max(u)": 0.8309794608752316,
        "max(v)": 0.6262016806113491,
        "max(length)": 0.4038044378310567,
        "num(pathline)": 0.5052547998785397,
        "min(distant)": 0.9632508849594017
    },
    "member4": {
        "max(u)": 0.8309794608752316,
        "max(v)": 0.6262016806113491,
        "max(length)": 0.4038044378310567,
        "num(pathline)": 0.5052547998785397,
        "min(distant)": 0.9632508849594017
    },
    "member5": {
        "max(u)": 0.8309794608752316,
        "max(v)": 0.6262016806113491,
        "max(length)": 0.4038044378310567,
        "num(pathline)": 0.5052547998785397,
        "min(distant)": 0.9632508849594017
    },
    "member6": {
        "max(u)": 0.8309794608752316,
        "max(v)": 0.6262016806113491,
        "max(length)": 0.4038044378310567,
        "num(pathline)": 0.5052547998785397,
        "min(distant)": 0.9632508849594017
    },
    "member7": {
        "max(u)": 0.8309794608752316,
        "max(v)": 0.6262016806113491,
        "max(length)": 0.4038044378310567,
        "num(pathline)": 0.5052547998785397,
        "min(distant)": 0.9632508849594017
    },
    "member8": {
        "max(u)": 0.8309794608752316,
        "max(v)": 0.6262016806113491,
        "max(length)": 0.4038044378310567,
        "num(pathline)": 0.5052547998785397,
        "min(distant)": 0.9632508849594017
    },
    "member9": {
        "max(u)": 0.8309794608752316,
        "max(v)": 0.6262016806113491,
        "max(length)": 0.4038044378310567,
        "num(pathline)": 0.5052547998785397,
        "min(distant)": 0.9632508849594017
    },
    "member10": {
        "max(u)": 0.8309794608752316,
        "max(v)": 0.6262016806113491,
        "max(length)": 0.4038044378310567,
        "num(pathline)": 0.5052547998785397,
        "min(distant)": 0.9632508849594017
    },
    "member11": {
        "max(u)": 0.8309794608752316,
        "max(v)": 0.6262016806113491,
        "max(length)": 0.4038044378310567,
        "num(pathline)": 0.5052547998785397,
        "min(distant)": 0.9632508849594017
    },
    "member12": {
        "max(u)": 0.8309794608752316,
        "max(v)": 0.6262016806113491,
        "max(length)": 0.4038044378310567,
        "num(pathline)": 0.5052547998785397,
        "min(distant)": 0.9632508849594017
    },
    "member13": {
        "max(u)": 0.8309794608752316,
        "max(v)": 0.6262016806113491,
        "max(length)": 0.4038044378310567,
        "num(pathline)": 0.5052547998785397,
        "min(distant)": 0.9632508849594017
    },
    "member14": {
        "max(u)": 0.8309794608752316,
        "max(v)": 0.6262016806113491,
        "max(length)": 0.4038044378310567,
        "num(pathline)": 0.5052547998785397,
        "min(distant)": 0.9632508849594017
    },
    "member15": {
        "max(u)": 0.8309794608752316,
        "max(v)": 0.6262016806113491,
        "max(length)": 0.4038044378310567,
        "num(pathline)": 0.5052547998785397,
        "min(distant)": 0.9632508849594017
    },
    "member16": {
        "max(u)": 0.8309794608752316,
        "max(v)": 0.6262016806113491,
        "max(length)": 0.4038044378310567,
        "num(pathline)": 0.5052547998785397,
        "min(distant)": 0.9632508849594017
    },
    "member17": {
        "max(u)": 0.8309794608752316,
        "max(v)": 0.6262016806113491,
        "max(length)": 0.4038044378310567,
        "num(pathline)": 0.5052547998785397,
        "min(distant)": 0.9632508849594017
    },
    "member18": {
        "max(u)": 0.8309794608752316,
        "max(v)": 0.6262016806113491,
        "max(length)": 0.4038044378310567,
        "num(pathline)": 0.5052547998785397,
        "min(distant)": 0.9632508849594017
    },
    "member19": {
        "max(u)": 0.8309794608752316,
        "max(v)": 0.6262016806113491,
        "max(length)": 0.4038044378310567,
        "num(pathline)": 0.5052547998785397,
        "min(distant)": 0.9632508849594017
    },
    "member20": {
        "max(u)": 0.8309794608752316,
        "max(v)": 0.6262016806113491,
        "max(length)": 0.4038044378310567,
        "num(pathline)": 0.5052547998785397,
        "min(distant)": 0.9632508849594017
    }
}