{
    "member1": {
        "max(u)": 0.6505194193541599,
        "max(v)": 0.7567130015886395,
        "max(length)": 0.03288404974275716,
        "num(pathline)": 0.5795125757352892,
        "min(distant)": 0.8851837556449339
    },
    "member2": {
        "max(u)": 0.6505194193541599,
        "max(v)": 0.7567130015886395,
        "max(length)": 0.03288404974275716,
        "num(pathline)": 0.5795125757352892,
        "min(distant)": 0.8851837556449339
    },
    "member3": {
        "max(u)": 0.6505194193541599,
        "max(v)": 0.7567130015886395,
        "max(length)": 0.03288404974275716,
        "num(pathline)": 0.5795125757352892,
        "min(distant)": 0.8851837556449339
    },
    "member4": {
        "max(u)": 0.6505194193541599,
        "max(v)": 0.7567130015886395,
        "max(length)": 0.03288404974275716,
        "num(pathline)": 0.5795125757352892,
        "min(distant)": 0.8851837556449339
    },
    "member5": {
        "max(u)": 0.6505194193541599,
        "max(v)": 0.7567130015886395,
        "max(length)": 0.03288404974275716,
        "num(pathline)": 0.5795125757352892,
        "min(distant)": 0.8851837556449339
    },
    "member6": {
        "max(u)": 0.6505194193541599,
        "max(v)": 0.7567130015886395,
        "max(length)": 0.03288404974275716,
        "num(pathline)": 0.5795125757352892,
        "min(distant)": 0.8851837556449339
    },
    "member7": {
        "max(u)": 0.6505194193541599,
        "max(v)": 0.7567130015886395,
        "max(length)": 0.03288404974275716,
        "num(pathline)": 0.5795125757352892,
        "min(distant)": 0.8851837556449339
    },
    "member8": {
        "max(u)": 0.6505194193541599,
        "max(v)": 0.7567130015886395,
        "max(length)": 0.03288404974275716,
        "num(pathline)": 0.5795125757352892,
        "min(distant)": 0.8851837556449339
    },
    "member9": {
        "max(u)": 0.6505194193541599,
        "max(v)": 0.7567130015886395,
        "max(length)": 0.03288404974275716,
        "num(pathline)": 0.5795125757352892,
        "min(distant)": 0.8851837556449339
    },
    "member10": {
        "max(u)": 0.6505194193541599,
        "max(v)": 0.7567130015886395,
        "max(length)": 0.03288404974275716,
        "num(pathline)": 0.5795125757352892,
        "min(distant)": 0.8851837556449339
    },
    "member11": {
        "max(u)": 0.6505194193541599,
        "max(v)": 0.7567130015886395,
        "max(length)": 0.03288404974275716,
        "num(pathline)": 0.5795125757352892,
        "min(distant)": 0.8851837556449339
    },
    "member12": {
        "max(u)": 0.6505194193541599,
        "max(v)": 0.7567130015886395,
        "max(length)": 0.03288404974275716,
        "num(pathline)": 0.5795125757352892,
        "min(distant)": 0.8851837556449339
    },
    "member13": {
        "max(u)": 0.6505194193541599,
        "max(v)": 0.7567130015886395,
        "max(length)": 0.03288404974275716,
        "num(pathline)": 0.5795125757352892,
        "min(distant)": 0.8851837556449339
    },
    "member14": {
        "max(u)": 0.6505194193541599,
        "max(v)": 0.7567130015886395,
        "max(length)": 0.03288404974275716,
        "num(pathline)": 0.5795125757352892,
        "min(distant)": 0.8851837556449339
    },
    "member15": {
        "max(u)": 0.6505194193541599,
        "max(v)": 0.7567130015886395,
        "max(length)": 0.03288404974275716,
        "num(pathline)": 0.5795125757352892,
        "min(distant)": 0.8851837556449339
    },
    "member16": {
        "max(u)": 0.6505194193541599,
        "max(v)": 0.7567130015886395,
        "max(length)": 0.03288404974275716,
        "num(pathline)": 0.5795125757352892,
        "min(distant)": 0.8851837556449339
    },
    "member17": {
        "max(u)": 0.6505194193541599,
        "max(v)": 0.7567130015886395,
        "max(length)": 0.03288404974275716,
        "num(pathline)": 0.5795125757352892,
        "min(distant)": 0.8851837556449339
    },
    "member18": {
        "max(u)": 0.6505194193541599,
        "max(v)": 0.7567130015886395,
        "max(length)": 0.03288404974275716,
        "num(pathline)": 0.5795125757352892,
        "min(distant)": 0.8851837556449339
    },
    "member19": {
        "max(u)": 0.6505194193541599,
        "max(v)": 0.7567130015886395,
        "max(length)": 0.03288404974275716,
        "num(pathline)": 0.5795125757352892,
        "min(distant)": 0.8851837556449339
    },
    "member20": {
        "max(u)": 0.6505194193541599,
        "max(v)": 0.7567130015886395,
        "max(length)": 0.03288404974275716,
        "num(pathline)": 0.5795125757352892,
        "min(distant)": 0.8851837556449339
    }
}