{
    "member1": {
        "max(u)": 0.5532847917762885,
        "max(v)": 0.06470965340348556,
        "max(length)": 0.624996966682844,
        "num(pathline)": 0.18348059214538703,
        "min(distant)": 0.20040251173703505
    },
    "member2": {
        "max(u)": 0.5532847917762885,
        "max(v)": 0.06470965340348556,
        "max(length)": 0.624996966682844,
        "num(pathline)": 0.18348059214538703,
        "min(distant)": 0.20040251173703505
    },
    "member3": {
        "max(u)": 0.5532847917762885,
        "max(v)": 0.06470965340348556,
        "max(length)": 0.624996966682844,
        "num(pathline)": 0.18348059214538703,
        "min(distant)": 0.20040251173703505
    },
    "member4": {
        "max(u)": 0.5532847917762885,
        "max(v)": 0.06470965340348556,
        "max(length)": 0.624996966682844,
        "num(pathline)": 0.18348059214538703,
        "min(distant)": 0.20040251173703505
    },
    "member5": {
        "max(u)": 0.5532847917762885,
        "max(v)": 0.06470965340348556,
        "max(length)": 0.624996966682844,
        "num(pathline)": 0.18348059214538703,
        "min(distant)": 0.20040251173703505
    },
    "member6": {
        "max(u)": 0.5532847917762885,
        "max(v)": 0.06470965340348556,
        "max(length)": 0.624996966682844,
        "num(pathline)": 0.18348059214538703,
        "min(distant)": 0.20040251173703505
    },
    "member7": {
        "max(u)": 0.5532847917762885,
        "max(v)": 0.06470965340348556,
        "max(length)": 0.624996966682844,
        "num(pathline)": 0.18348059214538703,
        "min(distant)": 0.20040251173703505
    },
    "member8": {
        "max(u)": 0.5532847917762885,
        "max(v)": 0.06470965340348556,
        "max(length)": 0.624996966682844,
        "num(pathline)": 0.18348059214538703,
        "min(distant)": 0.20040251173703505
    },
    "member9": {
        "max(u)": 0.5532847917762885,
        "max(v)": 0.06470965340348556,
        "max(length)": 0.624996966682844,
        "num(pathline)": 0.18348059214538703,
        "min(distant)": 0.20040251173703505
    },
    "member10": {
        "max(u)": 0.5532847917762885,
        "max(v)": 0.06470965340348556,
        "max(length)": 0.624996966682844,
        "num(pathline)": 0.18348059214538703,
        "min(distant)": 0.20040251173703505
    },
    "member11": {
        "max(u)": 0.5532847917762885,
        "max(v)": 0.06470965340348556,
        "max(length)": 0.624996966682844,
        "num(pathline)": 0.18348059214538703,
        "min(distant)": 0.20040251173703505
    },
    "member12": {
        "max(u)": 0.5532847917762885,
        "max(v)": 0.06470965340348556,
        "max(length)": 0.624996966682844,
        "num(pathline)": 0.18348059214538703,
        "min(distant)": 0.20040251173703505
    },
    "member13": {
        "max(u)": 0.5532847917762885,
        "max(v)": 0.06470965340348556,
        "max(length)": 0.624996966682844,
        "num(pathline)": 0.18348059214538703,
        "min(distant)": 0.20040251173703505
    },
    "member14": {
        "max(u)": 0.5532847917762885,
        "max(v)": 0.06470965340348556,
        "max(length)": 0.624996966682844,
        "num(pathline)": 0.18348059214538703,
        "min(distant)": 0.20040251173703505
    },
    "member15": {
        "max(u)": 0.5532847917762885,
        "max(v)": 0.06470965340348556,
        "max(length)": 0.624996966682844,
        "num(pathline)": 0.18348059214538703,
        "min(distant)": 0.20040251173703505
    },
    "member16": {
        "max(u)": 0.5532847917762885,
        "max(v)": 0.06470965340348556,
        "max(length)": 0.624996966682844,
        "num(pathline)": 0.18348059214538703,
        "min(distant)": 0.20040251173703505
    },
    "member17": {
        "max(u)": 0.5532847917762885,
        "max(v)": 0.06470965340348556,
        "max(length)": 0.624996966682844,
        "num(pathline)": 0.18348059214538703,
        "min(distant)": 0.20040251173703505
    },
    "member18": {
        "max(u)": 0.5532847917762885,
        "max(v)": 0.06470965340348556,
        "max(length)": 0.624996966682844,
        "num(pathline)": 0.18348059214538703,
        "min(distant)": 0.20040251173703505
    },
    "member19": {
        "max(u)": 0.5532847917762885,
        "max(v)": 0.06470965340348556,
        "max(length)": 0.624996966682844,
        "num(pathline)": 0.18348059214538703,
        "min(distant)": 0.20040251173703505
    },
    "member20": {
        "max(u)": 0.5532847917762885,
        "max(v)": 0.06470965340348556,
        "max(length)": 0.624996966682844,
        "num(pathline)": 0.18348059214538703,
        "min(distant)": 0.20040251173703505
    }
}