{
    "member1": {
        "max(u)": 0.7453769825379672,
        "max(v)": 0.3765105764051915,
        "max(length)": 0.7463191335446688,
        "num(pathline)": 0.12308070637288926,
        "min(distant)": 0.9369408966619065
    },
    "member2": {
        "max(u)": 0.7453769825379672,
        "max(v)": 0.3765105764051915,
        "max(length)": 0.7463191335446688,
        "num(pathline)": 0.12308070637288926,
        "min(distant)": 0.9369408966619065
    },
    "member3": {
        "max(u)": 0.7453769825379672,
        "max(v)": 0.3765105764051915,
        "max(length)": 0.7463191335446688,
        "num(pathline)": 0.12308070637288926,
        "min(distant)": 0.9369408966619065
    },
    "member4": {
        "max(u)": 0.7453769825379672,
        "max(v)": 0.3765105764051915,
        "max(length)": 0.7463191335446688,
        "num(pathline)": 0.12308070637288926,
        "min(distant)": 0.9369408966619065
    },
    "member5": {
        "max(u)": 0.7453769825379672,
        "max(v)": 0.3765105764051915,
        "max(length)": 0.7463191335446688,
        "num(pathline)": 0.12308070637288926,
        "min(distant)": 0.9369408966619065
    },
    "member6": {
        "max(u)": 0.7453769825379672,
        "max(v)": 0.3765105764051915,
        "max(length)": 0.7463191335446688,
        "num(pathline)": 0.12308070637288926,
        "min(distant)": 0.9369408966619065
    },
    "member7": {
        "max(u)": 0.7453769825379672,
        "max(v)": 0.3765105764051915,
        "max(length)": 0.7463191335446688,
        "num(pathline)": 0.12308070637288926,
        "min(distant)": 0.9369408966619065
    },
    "member8": {
        "max(u)": 0.7453769825379672,
        "max(v)": 0.3765105764051915,
        "max(length)": 0.7463191335446688,
        "num(pathline)": 0.12308070637288926,
        "min(distant)": 0.9369408966619065
    },
    "member9": {
        "max(u)": 0.7453769825379672,
        "max(v)": 0.3765105764051915,
        "max(length)": 0.7463191335446688,
        "num(pathline)": 0.12308070637288926,
        "min(distant)": 0.9369408966619065
    },
    "member10": {
        "max(u)": 0.7453769825379672,
        "max(v)": 0.3765105764051915,
        "max(length)": 0.7463191335446688,
        "num(pathline)": 0.12308070637288926,
        "min(distant)": 0.9369408966619065
    },
    "member11": {
        "max(u)": 0.7453769825379672,
        "max(v)": 0.3765105764051915,
        "max(length)": 0.7463191335446688,
        "num(pathline)": 0.12308070637288926,
        "min(distant)": 0.9369408966619065
    },
    "member12": {
        "max(u)": 0.7453769825379672,
        "max(v)": 0.3765105764051915,
        "max(length)": 0.7463191335446688,
        "num(pathline)": 0.12308070637288926,
        "min(distant)": 0.9369408966619065
    },
    "member13": {
        "max(u)": 0.7453769825379672,
        "max(v)": 0.3765105764051915,
        "max(length)": 0.7463191335446688,
        "num(pathline)": 0.12308070637288926,
        "min(distant)": 0.9369408966619065
    },
    "member14": {
        "max(u)": 0.7453769825379672,
        "max(v)": 0.3765105764051915,
        "max(length)": 0.7463191335446688,
        "num(pathline)": 0.12308070637288926,
        "min(distant)": 0.9369408966619065
    },
    "member15": {
        "max(u)": 0.7453769825379672,
        "max(v)": 0.3765105764051915,
        "max(length)": 0.7463191335446688,
        "num(pathline)": 0.12308070637288926,
        "min(distant)": 0.9369408966619065
    },
    "member16": {
        "max(u)": 0.7453769825379672,
        "max(v)": 0.3765105764051915,
        "max(length)": 0.7463191335446688,
        "num(pathline)": 0.12308070637288926,
        "min(distant)": 0.9369408966619065
    },
    "member17": {
        "max(u)": 0.7453769825379672,
        "max(v)": 0.3765105764051915,
        "max(length)": 0.7463191335446688,
        "num(pathline)": 0.12308070637288926,
        "min(distant)": 0.9369408966619065
    },
    "member18": {
        "max(u)": 0.7453769825379672,
        "max(v)": 0.3765105764051915,
        "max(length)": 0.7463191335446688,
        "num(pathline)": 0.12308070637288926,
        "min(distant)": 0.9369408966619065
    },
    "member19": {
        "max(u)": 0.7453769825379672,
        "max(v)": 0.3765105764051915,
        "max(length)": 0.7463191335446688,
        "num(pathline)": 0.12308070637288926,
        "min(distant)": 0.9369408966619065
    },
    "member20": {
        "max(u)": 0.7453769825379672,
        "max(v)": 0.3765105764051915,
        "max(length)": 0.7463191335446688,
        "num(pathline)": 0.12308070637288926,
        "min(distant)": 0.9369408966619065
    }
}