{
    "member1": {
        "max(u)": 0.20144096091868358,
        "max(v)": 0.40030922999753216,
        "max(length)": 0.5610400890202776,
        "num(pathline)": 0.22972610071012167,
        "min(distant)": 0.20704755115881524
    },
    "member2": {
        "max(u)": 0.20144096091868358,
        "max(v)": 0.40030922999753216,
        "max(length)": 0.5610400890202776,
        "num(pathline)": 0.22972610071012167,
        "min(distant)": 0.20704755115881524
    },
    "member3": {
        "max(u)": 0.20144096091868358,
        "max(v)": 0.40030922999753216,
        "max(length)": 0.5610400890202776,
        "num(pathline)": 0.22972610071012167,
        "min(distant)": 0.20704755115881524
    },
    "member4": {
        "max(u)": 0.20144096091868358,
        "max(v)": 0.40030922999753216,
        "max(length)": 0.5610400890202776,
        "num(pathline)": 0.22972610071012167,
        "min(distant)": 0.20704755115881524
    },
    "member5": {
        "max(u)": 0.20144096091868358,
        "max(v)": 0.40030922999753216,
        "max(length)": 0.5610400890202776,
        "num(pathline)": 0.22972610071012167,
        "min(distant)": 0.20704755115881524
    },
    "member6": {
        "max(u)": 0.20144096091868358,
        "max(v)": 0.40030922999753216,
        "max(length)": 0.5610400890202776,
        "num(pathline)": 0.22972610071012167,
        "min(distant)": 0.20704755115881524
    },
    "member7": {
        "max(u)": 0.20144096091868358,
        "max(v)": 0.40030922999753216,
        "max(length)": 0.5610400890202776,
        "num(pathline)": 0.22972610071012167,
        "min(distant)": 0.20704755115881524
    },
    "member8": {
        "max(u)": 0.20144096091868358,
        "max(v)": 0.40030922999753216,
        "max(length)": 0.5610400890202776,
        "num(pathline)": 0.22972610071012167,
        "min(distant)": 0.20704755115881524
    },
    "member9": {
        "max(u)": 0.20144096091868358,
        "max(v)": 0.40030922999753216,
        "max(length)": 0.5610400890202776,
        "num(pathline)": 0.22972610071012167,
        "min(distant)": 0.20704755115881524
    },
    "member10": {
        "max(u)": 0.20144096091868358,
        "max(v)": 0.40030922999753216,
        "max(length)": 0.5610400890202776,
        "num(pathline)": 0.22972610071012167,
        "min(distant)": 0.20704755115881524
    },
    "member11": {
        "max(u)": 0.20144096091868358,
        "max(v)": 0.40030922999753216,
        "max(length)": 0.5610400890202776,
        "num(pathline)": 0.22972610071012167,
        "min(distant)": 0.20704755115881524
    },
    "member12": {
        "max(u)": 0.20144096091868358,
        "max(v)": 0.40030922999753216,
        "max(length)": 0.5610400890202776,
        "num(pathline)": 0.22972610071012167,
        "min(distant)": 0.20704755115881524
    },
    "member13": {
        "max(u)": 0.20144096091868358,
        "max(v)": 0.40030922999753216,
        "max(length)": 0.5610400890202776,
        "num(pathline)": 0.22972610071012167,
        "min(distant)": 0.20704755115881524
    },
    "member14": {
        "max(u)": 0.20144096091868358,
        "max(v)": 0.40030922999753216,
        "max(length)": 0.5610400890202776,
        "num(pathline)": 0.22972610071012167,
        "min(distant)": 0.20704755115881524
    },
    "member15": {
        "max(u)": 0.20144096091868358,
        "max(v)": 0.40030922999753216,
        "max(length)": 0.5610400890202776,
        "num(pathline)": 0.22972610071012167,
        "min(distant)": 0.20704755115881524
    },
    "member16": {
        "max(u)": 0.20144096091868358,
        "max(v)": 0.40030922999753216,
        "max(length)": 0.5610400890202776,
        "num(pathline)": 0.22972610071012167,
        "min(distant)": 0.20704755115881524
    },
    "member17": {
        "max(u)": 0.20144096091868358,
        "max(v)": 0.40030922999753216,
        "max(length)": 0.5610400890202776,
        "num(pathline)": 0.22972610071012167,
        "min(distant)": 0.20704755115881524
    },
    "member18": {
        "max(u)": 0.20144096091868358,
        "max(v)": 0.40030922999753216,
        "max(length)": 0.5610400890202776,
        "num(pathline)": 0.22972610071012167,
        "min(distant)": 0.20704755115881524
    },
    "member19": {
        "max(u)": 0.20144096091868358,
        "max(v)": 0.40030922999753216,
        "max(length)": 0.5610400890202776,
        "num(pathline)": 0.22972610071012167,
        "min(distant)": 0.20704755115881524
    },
    "member20": {
        "max(u)": 0.20144096091868358,
        "max(v)": 0.40030922999753216,
        "max(length)": 0.5610400890202776,
        "num(pathline)": 0.22972610071012167,
        "min(distant)": 0.20704755115881524
    }
}