{
    "member1": {
        "max(u)": 0.7563154520833872,
        "max(v)": 0.8643893030724136,
        "max(length)": 0.2866080173951647,
        "num(pathline)": 0.17739781473270289,
        "min(distant)": 0.9686797178781991
    },
    "member2": {
        "max(u)": 0.7563154520833872,
        "max(v)": 0.8643893030724136,
        "max(length)": 0.2866080173951647,
        "num(pathline)": 0.17739781473270289,
        "min(distant)": 0.9686797178781991
    },
    "member3": {
        "max(u)": 0.7563154520833872,
        "max(v)": 0.8643893030724136,
        "max(length)": 0.2866080173951647,
        "num(pathline)": 0.17739781473270289,
        "min(distant)": 0.9686797178781991
    },
    "member4": {
        "max(u)": 0.7563154520833872,
        "max(v)": 0.8643893030724136,
        "max(length)": 0.2866080173951647,
        "num(pathline)": 0.17739781473270289,
        "min(distant)": 0.9686797178781991
    },
    "member5": {
        "max(u)": 0.7563154520833872,
        "max(v)": 0.8643893030724136,
        "max(length)": 0.2866080173951647,
        "num(pathline)": 0.17739781473270289,
        "min(distant)": 0.9686797178781991
    },
    "member6": {
        "max(u)": 0.7563154520833872,
        "max(v)": 0.8643893030724136,
        "max(length)": 0.2866080173951647,
        "num(pathline)": 0.17739781473270289,
        "min(distant)": 0.9686797178781991
    },
    "member7": {
        "max(u)": 0.7563154520833872,
        "max(v)": 0.8643893030724136,
        "max(length)": 0.2866080173951647,
        "num(pathline)": 0.17739781473270289,
        "min(distant)": 0.9686797178781991
    },
    "member8": {
        "max(u)": 0.7563154520833872,
        "max(v)": 0.8643893030724136,
        "max(length)": 0.2866080173951647,
        "num(pathline)": 0.17739781473270289,
        "min(distant)": 0.9686797178781991
    },
    "member9": {
        "max(u)": 0.7563154520833872,
        "max(v)": 0.8643893030724136,
        "max(length)": 0.2866080173951647,
        "num(pathline)": 0.17739781473270289,
        "min(distant)": 0.9686797178781991
    },
    "member10": {
        "max(u)": 0.7563154520833872,
        "max(v)": 0.8643893030724136,
        "max(length)": 0.2866080173951647,
        "num(pathline)": 0.17739781473270289,
        "min(distant)": 0.9686797178781991
    },
    "member11": {
        "max(u)": 0.7563154520833872,
        "max(v)": 0.8643893030724136,
        "max(length)": 0.2866080173951647,
        "num(pathline)": 0.17739781473270289,
        "min(distant)": 0.9686797178781991
    },
    "member12": {
        "max(u)": 0.7563154520833872,
        "max(v)": 0.8643893030724136,
        "max(length)": 0.2866080173951647,
        "num(pathline)": 0.17739781473270289,
        "min(distant)": 0.9686797178781991
    },
    "member13": {
        "max(u)": 0.7563154520833872,
        "max(v)": 0.8643893030724136,
        "max(length)": 0.2866080173951647,
        "num(pathline)": 0.17739781473270289,
        "min(distant)": 0.9686797178781991
    },
    "member14": {
        "max(u)": 0.7563154520833872,
        "max(v)": 0.8643893030724136,
        "max(length)": 0.2866080173951647,
        "num(pathline)": 0.17739781473270289,
        "min(distant)": 0.9686797178781991
    },
    "member15": {
        "max(u)": 0.7563154520833872,
        "max(v)": 0.8643893030724136,
        "max(length)": 0.2866080173951647,
        "num(pathline)": 0.17739781473270289,
        "min(distant)": 0.9686797178781991
    },
    "member16": {
        "max(u)": 0.7563154520833872,
        "max(v)": 0.8643893030724136,
        "max(length)": 0.2866080173951647,
        "num(pathline)": 0.17739781473270289,
        "min(distant)": 0.9686797178781991
    },
    "member17": {
        "max(u)": 0.7563154520833872,
        "max(v)": 0.8643893030724136,
        "max(length)": 0.2866080173951647,
        "num(pathline)": 0.17739781473270289,
        "min(distant)": 0.9686797178781991
    },
    "member18": {
        "max(u)": 0.7563154520833872,
        "max(v)": 0.8643893030724136,
        "max(length)": 0.2866080173951647,
        "num(pathline)": 0.17739781473270289,
        "min(distant)": 0.9686797178781991
    },
    "member19": {
        "max(u)": 0.7563154520833872,
        "max(v)": 0.8643893030724136,
        "max(length)": 0.2866080173951647,
        "num(pathline)": 0.17739781473270289,
        "min(distant)": 0.9686797178781991
    },
    "member20": {
        "max(u)": 0.7563154520833872,
        "max(v)": 0.8643893030724136,
        "max(length)": 0.2866080173951647,
        "num(pathline)": 0.17739781473270289,
        "min(distant)": 0.9686797178781991
    }
}