{
    "member1": {
        "max(u)": 0.8988340373604433,
        "max(v)": 0.5432977438936247,
        "max(length)": 0.43914043821144444,
        "num(pathline)": 0.17162801368330283,
        "min(distant)": 0.012597595971226783
    },
    "member2": {
        "max(u)": 0.8988340373604433,
        "max(v)": 0.5432977438936247,
        "max(length)": 0.43914043821144444,
        "num(pathline)": 0.17162801368330283,
        "min(distant)": 0.012597595971226783
    },
    "member3": {
        "max(u)": 0.8988340373604433,
        "max(v)": 0.5432977438936247,
        "max(length)": 0.43914043821144444,
        "num(pathline)": 0.17162801368330283,
        "min(distant)": 0.012597595971226783
    },
    "member4": {
        "max(u)": 0.8988340373604433,
        "max(v)": 0.5432977438936247,
        "max(length)": 0.43914043821144444,
        "num(pathline)": 0.17162801368330283,
        "min(distant)": 0.012597595971226783
    },
    "member5": {
        "max(u)": 0.8988340373604433,
        "max(v)": 0.5432977438936247,
        "max(length)": 0.43914043821144444,
        "num(pathline)": 0.17162801368330283,
        "min(distant)": 0.012597595971226783
    },
    "member6": {
        "max(u)": 0.8988340373604433,
        "max(v)": 0.5432977438936247,
        "max(length)": 0.43914043821144444,
        "num(pathline)": 0.17162801368330283,
        "min(distant)": 0.012597595971226783
    },
    "member7": {
        "max(u)": 0.8988340373604433,
        "max(v)": 0.5432977438936247,
        "max(length)": 0.43914043821144444,
        "num(pathline)": 0.17162801368330283,
        "min(distant)": 0.012597595971226783
    },
    "member8": {
        "max(u)": 0.8988340373604433,
        "max(v)": 0.5432977438936247,
        "max(length)": 0.43914043821144444,
        "num(pathline)": 0.17162801368330283,
        "min(distant)": 0.012597595971226783
    },
    "member9": {
        "max(u)": 0.8988340373604433,
        "max(v)": 0.5432977438936247,
        "max(length)": 0.43914043821144444,
        "num(pathline)": 0.17162801368330283,
        "min(distant)": 0.012597595971226783
    },
    "member10": {
        "max(u)": 0.8988340373604433,
        "max(v)": 0.5432977438936247,
        "max(length)": 0.43914043821144444,
        "num(pathline)": 0.17162801368330283,
        "min(distant)": 0.012597595971226783
    },
    "member11": {
        "max(u)": 0.8988340373604433,
        "max(v)": 0.5432977438936247,
        "max(length)": 0.43914043821144444,
        "num(pathline)": 0.17162801368330283,
        "min(distant)": 0.012597595971226783
    },
    "member12": {
        "max(u)": 0.8988340373604433,
        "max(v)": 0.5432977438936247,
        "max(length)": 0.43914043821144444,
        "num(pathline)": 0.17162801368330283,
        "min(distant)": 0.012597595971226783
    },
    "member13": {
        "max(u)": 0.8988340373604433,
        "max(v)": 0.5432977438936247,
        "max(length)": 0.43914043821144444,
        "num(pathline)": 0.17162801368330283,
        "min(distant)": 0.012597595971226783
    },
    "member14": {
        "max(u)": 0.8988340373604433,
        "max(v)": 0.5432977438936247,
        "max(length)": 0.43914043821144444,
        "num(pathline)": 0.17162801368330283,
        "min(distant)": 0.012597595971226783
    },
    "member15": {
        "max(u)": 0.8988340373604433,
        "max(v)": 0.5432977438936247,
        "max(length)": 0.43914043821144444,
        "num(pathline)": 0.17162801368330283,
        "min(distant)": 0.012597595971226783
    },
    "member16": {
        "max(u)": 0.8988340373604433,
        "max(v)": 0.5432977438936247,
        "max(length)": 0.43914043821144444,
        "num(pathline)": 0.17162801368330283,
        "min(distant)": 0.012597595971226783
    },
    "member17": {
        "max(u)": 0.8988340373604433,
        "max(v)": 0.5432977438936247,
        "max(length)": 0.43914043821144444,
        "num(pathline)": 0.17162801368330283,
        "min(distant)": 0.012597595971226783
    },
    "member18": {
        "max(u)": 0.8988340373604433,
        "max(v)": 0.5432977438936247,
        "max(length)": 0.43914043821144444,
        "num(pathline)": 0.17162801368330283,
        "min(distant)": 0.012597595971226783
    },
    "member19": {
        "max(u)": 0.8988340373604433,
        "max(v)": 0.5432977438936247,
        "max(length)": 0.43914043821144444,
        "num(pathline)": 0.17162801368330283,
        "min(distant)": 0.012597595971226783
    },
    "member20": {
        "max(u)": 0.8988340373604433,
        "max(v)": 0.5432977438936247,
        "max(length)": 0.43914043821144444,
        "num(pathline)": 0.17162801368330283,
        "min(distant)": 0.012597595971226783
    }
}