{
    "member1": {
        "max(u)": 0.5293020781702459,
        "max(v)": 0.5417774465960246,
        "max(length)": 0.0805061013546241,
        "num(pathline)": 0.08551768927851822,
        "min(distant)": 0.7651918256667628
    },
    "member2": {
        "max(u)": 0.5293020781702459,
        "max(v)": 0.5417774465960246,
        "max(length)": 0.0805061013546241,
        "num(pathline)": 0.08551768927851822,
        "min(distant)": 0.7651918256667628
    },
    "member3": {
        "max(u)": 0.5293020781702459,
        "max(v)": 0.5417774465960246,
        "max(length)": 0.0805061013546241,
        "num(pathline)": 0.08551768927851822,
        "min(distant)": 0.7651918256667628
    },
    "member4": {
        "max(u)": 0.5293020781702459,
        "max(v)": 0.5417774465960246,
        "max(length)": 0.0805061013546241,
        "num(pathline)": 0.08551768927851822,
        "min(distant)": 0.7651918256667628
    },
    "member5": {
        "max(u)": 0.5293020781702459,
        "max(v)": 0.5417774465960246,
        "max(length)": 0.0805061013546241,
        "num(pathline)": 0.08551768927851822,
        "min(distant)": 0.7651918256667628
    },
    "member6": {
        "max(u)": 0.5293020781702459,
        "max(v)": 0.5417774465960246,
        "max(length)": 0.0805061013546241,
        "num(pathline)": 0.08551768927851822,
        "min(distant)": 0.7651918256667628
    },
    "member7": {
        "max(u)": 0.5293020781702459,
        "max(v)": 0.5417774465960246,
        "max(length)": 0.0805061013546241,
        "num(pathline)": 0.08551768927851822,
        "min(distant)": 0.7651918256667628
    },
    "member8": {
        "max(u)": 0.5293020781702459,
        "max(v)": 0.5417774465960246,
        "max(length)": 0.0805061013546241,
        "num(pathline)": 0.08551768927851822,
        "min(distant)": 0.7651918256667628
    },
    "member9": {
        "max(u)": 0.5293020781702459,
        "max(v)": 0.5417774465960246,
        "max(length)": 0.0805061013546241,
        "num(pathline)": 0.08551768927851822,
        "min(distant)": 0.7651918256667628
    },
    "member10": {
        "max(u)": 0.5293020781702459,
        "max(v)": 0.5417774465960246,
        "max(length)": 0.0805061013546241,
        "num(pathline)": 0.08551768927851822,
        "min(distant)": 0.7651918256667628
    },
    "member11": {
        "max(u)": 0.5293020781702459,
        "max(v)": 0.5417774465960246,
        "max(length)": 0.0805061013546241,
        "num(pathline)": 0.08551768927851822,
        "min(distant)": 0.7651918256667628
    },
    "member12": {
        "max(u)": 0.5293020781702459,
        "max(v)": 0.5417774465960246,
        "max(length)": 0.0805061013546241,
        "num(pathline)": 0.08551768927851822,
        "min(distant)": 0.7651918256667628
    },
    "member13": {
        "max(u)": 0.5293020781702459,
        "max(v)": 0.5417774465960246,
        "max(length)": 0.0805061013546241,
        "num(pathline)": 0.08551768927851822,
        "min(distant)": 0.7651918256667628
    },
    "member14": {
        "max(u)": 0.5293020781702459,
        "max(v)": 0.5417774465960246,
        "max(length)": 0.0805061013546241,
        "num(pathline)": 0.08551768927851822,
        "min(distant)": 0.7651918256667628
    },
    "member15": {
        "max(u)": 0.5293020781702459,
        "max(v)": 0.5417774465960246,
        "max(length)": 0.0805061013546241,
        "num(pathline)": 0.08551768927851822,
        "min(distant)": 0.7651918256667628
    },
    "member16": {
        "max(u)": 0.5293020781702459,
        "max(v)": 0.5417774465960246,
        "max(length)": 0.0805061013546241,
        "num(pathline)": 0.08551768927851822,
        "min(distant)": 0.7651918256667628
    },
    "member17": {
        "max(u)": 0.5293020781702459,
        "max(v)": 0.5417774465960246,
        "max(length)": 0.0805061013546241,
        "num(pathline)": 0.08551768927851822,
        "min(distant)": 0.7651918256667628
    },
    "member18": {
        "max(u)": 0.5293020781702459,
        "max(v)": 0.5417774465960246,
        "max(length)": 0.0805061013546241,
        "num(pathline)": 0.08551768927851822,
        "min(distant)": 0.7651918256667628
    },
    "member19": {
        "max(u)": 0.5293020781702459,
        "max(v)": 0.5417774465960246,
        "max(length)": 0.0805061013546241,
        "num(pathline)": 0.08551768927851822,
        "min(distant)": 0.7651918256667628
    },
    "member20": {
        "max(u)": 0.5293020781702459,
        "max(v)": 0.5417774465960246,
        "max(length)": 0.0805061013546241,
        "num(pathline)": 0.08551768927851822,
        "min(distant)": 0.7651918256667628
    }
}