{
    "member1": {
        "max(u)": 0.04238131231572173,
        "max(v)": 0.037683806374745776,
        "max(length)": 0.3341052951658927,
        "num(pathline)": 0.683352783886767,
        "min(distant)": 0.07886007301239517
    },
    "member2": {
        "max(u)": 0.04238131231572173,
        "max(v)": 0.037683806374745776,
        "max(length)": 0.3341052951658927,
        "num(pathline)": 0.683352783886767,
        "min(distant)": 0.07886007301239517
    },
    "member3": {
        "max(u)": 0.04238131231572173,
        "max(v)": 0.037683806374745776,
        "max(length)": 0.3341052951658927,
        "num(pathline)": 0.683352783886767,
        "min(distant)": 0.07886007301239517
    },
    "member4": {
        "max(u)": 0.04238131231572173,
        "max(v)": 0.037683806374745776,
        "max(length)": 0.3341052951658927,
        "num(pathline)": 0.683352783886767,
        "min(distant)": 0.07886007301239517
    },
    "member5": {
        "max(u)": 0.04238131231572173,
        "max(v)": 0.037683806374745776,
        "max(length)": 0.3341052951658927,
        "num(pathline)": 0.683352783886767,
        "min(distant)": 0.07886007301239517
    },
    "member6": {
        "max(u)": 0.04238131231572173,
        "max(v)": 0.037683806374745776,
        "max(length)": 0.3341052951658927,
        "num(pathline)": 0.683352783886767,
        "min(distant)": 0.07886007301239517
    },
    "member7": {
        "max(u)": 0.04238131231572173,
        "max(v)": 0.037683806374745776,
        "max(length)": 0.3341052951658927,
        "num(pathline)": 0.683352783886767,
        "min(distant)": 0.07886007301239517
    },
    "member8": {
        "max(u)": 0.04238131231572173,
        "max(v)": 0.037683806374745776,
        "max(length)": 0.3341052951658927,
        "num(pathline)": 0.683352783886767,
        "min(distant)": 0.07886007301239517
    },
    "member9": {
        "max(u)": 0.04238131231572173,
        "max(v)": 0.037683806374745776,
        "max(length)": 0.3341052951658927,
        "num(pathline)": 0.683352783886767,
        "min(distant)": 0.07886007301239517
    },
    "member10": {
        "max(u)": 0.04238131231572173,
        "max(v)": 0.037683806374745776,
        "max(length)": 0.3341052951658927,
        "num(pathline)": 0.683352783886767,
        "min(distant)": 0.07886007301239517
    },
    "member11": {
        "max(u)": 0.04238131231572173,
        "max(v)": 0.037683806374745776,
        "max(length)": 0.3341052951658927,
        "num(pathline)": 0.683352783886767,
        "min(distant)": 0.07886007301239517
    },
    "member12": {
        "max(u)": 0.04238131231572173,
        "max(v)": 0.037683806374745776,
        "max(length)": 0.3341052951658927,
        "num(pathline)": 0.683352783886767,
        "min(distant)": 0.07886007301239517
    },
    "member13": {
        "max(u)": 0.04238131231572173,
        "max(v)": 0.037683806374745776,
        "max(length)": 0.3341052951658927,
        "num(pathline)": 0.683352783886767,
        "min(distant)": 0.07886007301239517
    },
    "member14": {
        "max(u)": 0.04238131231572173,
        "max(v)": 0.037683806374745776,
        "max(length)": 0.3341052951658927,
        "num(pathline)": 0.683352783886767,
        "min(distant)": 0.07886007301239517
    },
    "member15": {
        "max(u)": 0.04238131231572173,
        "max(v)": 0.037683806374745776,
        "max(length)": 0.3341052951658927,
        "num(pathline)": 0.683352783886767,
        "min(distant)": 0.07886007301239517
    },
    "member16": {
        "max(u)": 0.04238131231572173,
        "max(v)": 0.037683806374745776,
        "max(length)": 0.3341052951658927,
        "num(pathline)": 0.683352783886767,
        "min(distant)": 0.07886007301239517
    },
    "member17": {
        "max(u)": 0.04238131231572173,
        "max(v)": 0.037683806374745776,
        "max(length)": 0.3341052951658927,
        "num(pathline)": 0.683352783886767,
        "min(distant)": 0.07886007301239517
    },
    "member18": {
        "max(u)": 0.04238131231572173,
        "max(v)": 0.037683806374745776,
        "max(length)": 0.3341052951658927,
        "num(pathline)": 0.683352783886767,
        "min(distant)": 0.07886007301239517
    },
    "member19": {
        "max(u)": 0.04238131231572173,
        "max(v)": 0.037683806374745776,
        "max(length)": 0.3341052951658927,
        "num(pathline)": 0.683352783886767,
        "min(distant)": 0.07886007301239517
    },
    "member20": {
        "max(u)": 0.04238131231572173,
        "max(v)": 0.037683806374745776,
        "max(length)": 0.3341052951658927,
        "num(pathline)": 0.683352783886767,
        "min(distant)": 0.07886007301239517
    }
}