{
    "member1": {
        "max(u)": 0.9636289122530735,
        "max(v)": 0.25951365321728737,
        "max(length)": 0.22122695213352683,
        "num(pathline)": 0.7437935539086518,
        "min(distant)": 0.9177225973106615
    },
    "member2": {
        "max(u)": 0.9636289122530735,
        "max(v)": 0.25951365321728737,
        "max(length)": 0.22122695213352683,
        "num(pathline)": 0.7437935539086518,
        "min(distant)": 0.9177225973106615
    },
    "member3": {
        "max(u)": 0.9636289122530735,
        "max(v)": 0.25951365321728737,
        "max(length)": 0.22122695213352683,
        "num(pathline)": 0.7437935539086518,
        "min(distant)": 0.9177225973106615
    },
    "member4": {
        "max(u)": 0.9636289122530735,
        "max(v)": 0.25951365321728737,
        "max(length)": 0.22122695213352683,
        "num(pathline)": 0.7437935539086518,
        "min(distant)": 0.9177225973106615
    },
    "member5": {
        "max(u)": 0.9636289122530735,
        "max(v)": 0.25951365321728737,
        "max(length)": 0.22122695213352683,
        "num(pathline)": 0.7437935539086518,
        "min(distant)": 0.9177225973106615
    },
    "member6": {
        "max(u)": 0.9636289122530735,
        "max(v)": 0.25951365321728737,
        "max(length)": 0.22122695213352683,
        "num(pathline)": 0.7437935539086518,
        "min(distant)": 0.9177225973106615
    },
    "member7": {
        "max(u)": 0.9636289122530735,
        "max(v)": 0.25951365321728737,
        "max(length)": 0.22122695213352683,
        "num(pathline)": 0.7437935539086518,
        "min(distant)": 0.9177225973106615
    },
    "member8": {
        "max(u)": 0.9636289122530735,
        "max(v)": 0.25951365321728737,
        "max(length)": 0.22122695213352683,
        "num(pathline)": 0.7437935539086518,
        "min(distant)": 0.9177225973106615
    },
    "member9": {
        "max(u)": 0.9636289122530735,
        "max(v)": 0.25951365321728737,
        "max(length)": 0.22122695213352683,
        "num(pathline)": 0.7437935539086518,
        "min(distant)": 0.9177225973106615
    },
    "member10": {
        "max(u)": 0.9636289122530735,
        "max(v)": 0.25951365321728737,
        "max(length)": 0.22122695213352683,
        "num(pathline)": 0.7437935539086518,
        "min(distant)": 0.9177225973106615
    },
    "member11": {
        "max(u)": 0.9636289122530735,
        "max(v)": 0.25951365321728737,
        "max(length)": 0.22122695213352683,
        "num(pathline)": 0.7437935539086518,
        "min(distant)": 0.9177225973106615
    },
    "member12": {
        "max(u)": 0.9636289122530735,
        "max(v)": 0.25951365321728737,
        "max(length)": 0.22122695213352683,
        "num(pathline)": 0.7437935539086518,
        "min(distant)": 0.9177225973106615
    },
    "member13": {
        "max(u)": 0.9636289122530735,
        "max(v)": 0.25951365321728737,
        "max(length)": 0.22122695213352683,
        "num(pathline)": 0.7437935539086518,
        "min(distant)": 0.9177225973106615
    },
    "member14": {
        "max(u)": 0.9636289122530735,
        "max(v)": 0.25951365321728737,
        "max(length)": 0.22122695213352683,
        "num(pathline)": 0.7437935539086518,
        "min(distant)": 0.9177225973106615
    },
    "member15": {
        "max(u)": 0.9636289122530735,
        "max(v)": 0.25951365321728737,
        "max(length)": 0.22122695213352683,
        "num(pathline)": 0.7437935539086518,
        "min(distant)": 0.9177225973106615
    },
    "member16": {
        "max(u)": 0.9636289122530735,
        "max(v)": 0.25951365321728737,
        "max(length)": 0.22122695213352683,
        "num(pathline)": 0.7437935539086518,
        "min(distant)": 0.9177225973106615
    },
    "member17": {
        "max(u)": 0.9636289122530735,
        "max(v)": 0.25951365321728737,
        "max(length)": 0.22122695213352683,
        "num(pathline)": 0.7437935539086518,
        "min(distant)": 0.9177225973106615
    },
    "member18": {
        "max(u)": 0.9636289122530735,
        "max(v)": 0.25951365321728737,
        "max(length)": 0.22122695213352683,
        "num(pathline)": 0.7437935539086518,
        "min(distant)": 0.9177225973106615
    },
    "member19": {
        "max(u)": 0.9636289122530735,
        "max(v)": 0.25951365321728737,
        "max(length)": 0.22122695213352683,
        "num(pathline)": 0.7437935539086518,
        "min(distant)": 0.9177225973106615
    },
    "member20": {
        "max(u)": 0.9636289122530735,
        "max(v)": 0.25951365321728737,
        "max(length)": 0.22122695213352683,
        "num(pathline)": 0.7437935539086518,
        "min(distant)": 0.9177225973106615
    }
}