{
    "member1": {
        "max(u)": 0.5942132685341555,
        "max(v)": 0.06730717355848093,
        "max(length)": 0.28351213257153884,
        "num(pathline)": 0.7386710217063804,
        "min(distant)": 0.3768276912537709
    },
    "member2": {
        "max(u)": 0.5942132685341555,
        "max(v)": 0.06730717355848093,
        "max(length)": 0.28351213257153884,
        "num(pathline)": 0.7386710217063804,
        "min(distant)": 0.3768276912537709
    },
    "member3": {
        "max(u)": 0.5942132685341555,
        "max(v)": 0.06730717355848093,
        "max(length)": 0.28351213257153884,
        "num(pathline)": 0.7386710217063804,
        "min(distant)": 0.3768276912537709
    },
    "member4": {
        "max(u)": 0.5942132685341555,
        "max(v)": 0.06730717355848093,
        "max(length)": 0.28351213257153884,
        "num(pathline)": 0.7386710217063804,
        "min(distant)": 0.3768276912537709
    },
    "member5": {
        "max(u)": 0.5942132685341555,
        "max(v)": 0.06730717355848093,
        "max(length)": 0.28351213257153884,
        "num(pathline)": 0.7386710217063804,
        "min(distant)": 0.3768276912537709
    },
    "member6": {
        "max(u)": 0.5942132685341555,
        "max(v)": 0.06730717355848093,
        "max(length)": 0.28351213257153884,
        "num(pathline)": 0.7386710217063804,
        "min(distant)": 0.3768276912537709
    },
    "member7": {
        "max(u)": 0.5942132685341555,
        "max(v)": 0.06730717355848093,
        "max(length)": 0.28351213257153884,
        "num(pathline)": 0.7386710217063804,
        "min(distant)": 0.3768276912537709
    },
    "member8": {
        "max(u)": 0.5942132685341555,
        "max(v)": 0.06730717355848093,
        "max(length)": 0.28351213257153884,
        "num(pathline)": 0.7386710217063804,
        "min(distant)": 0.3768276912537709
    },
    "member9": {
        "max(u)": 0.5942132685341555,
        "max(v)": 0.06730717355848093,
        "max(length)": 0.28351213257153884,
        "num(pathline)": 0.7386710217063804,
        "min(distant)": 0.3768276912537709
    },
    "member10": {
        "max(u)": 0.5942132685341555,
        "max(v)": 0.06730717355848093,
        "max(length)": 0.28351213257153884,
        "num(pathline)": 0.7386710217063804,
        "min(distant)": 0.3768276912537709
    },
    "member11": {
        "max(u)": 0.5942132685341555,
        "max(v)": 0.06730717355848093,
        "max(length)": 0.28351213257153884,
        "num(pathline)": 0.7386710217063804,
        "min(distant)": 0.3768276912537709
    },
    "member12": {
        "max(u)": 0.5942132685341555,
        "max(v)": 0.06730717355848093,
        "max(length)": 0.28351213257153884,
        "num(pathline)": 0.7386710217063804,
        "min(distant)": 0.3768276912537709
    },
    "member13": {
        "max(u)": 0.5942132685341555,
        "max(v)": 0.06730717355848093,
        "max(length)": 0.28351213257153884,
        "num(pathline)": 0.7386710217063804,
        "min(distant)": 0.3768276912537709
    },
    "member14": {
        "max(u)": 0.5942132685341555,
        "max(v)": 0.06730717355848093,
        "max(length)": 0.28351213257153884,
        "num(pathline)": 0.7386710217063804,
        "min(distant)": 0.3768276912537709
    },
    "member15": {
        "max(u)": 0.5942132685341555,
        "max(v)": 0.06730717355848093,
        "max(length)": 0.28351213257153884,
        "num(pathline)": 0.7386710217063804,
        "min(distant)": 0.3768276912537709
    },
    "member16": {
        "max(u)": 0.5942132685341555,
        "max(v)": 0.06730717355848093,
        "max(length)": 0.28351213257153884,
        "num(pathline)": 0.7386710217063804,
        "min(distant)": 0.3768276912537709
    },
    "member17": {
        "max(u)": 0.5942132685341555,
        "max(v)": 0.06730717355848093,
        "max(length)": 0.28351213257153884,
        "num(pathline)": 0.7386710217063804,
        "min(distant)": 0.3768276912537709
    },
    "member18": {
        "max(u)": 0.5942132685341555,
        "max(v)": 0.06730717355848093,
        "max(length)": 0.28351213257153884,
        "num(pathline)": 0.7386710217063804,
        "min(distant)": 0.3768276912537709
    },
    "member19": {
        "max(u)": 0.5942132685341555,
        "max(v)": 0.06730717355848093,
        "max(length)": 0.28351213257153884,
        "num(pathline)": 0.7386710217063804,
        "min(distant)": 0.3768276912537709
    },
    "member20": {
        "max(u)": 0.5942132685341555,
        "max(v)": 0.06730717355848093,
        "max(length)": 0.28351213257153884,
        "num(pathline)": 0.7386710217063804,
        "min(distant)": 0.3768276912537709
    }
}