{
    "member1": {
        "max(u)": 0.276430766675664,
        "max(v)": 0.2232171229133778,
        "max(length)": 0.4178066081163706,
        "num(pathline)": 0.8964435291154285,
        "min(distant)": 0.23577516776484186
    },
    "member2": {
        "max(u)": 0.276430766675664,
        "max(v)": 0.2232171229133778,
        "max(length)": 0.4178066081163706,
        "num(pathline)": 0.8964435291154285,
        "min(distant)": 0.23577516776484186
    },
    "member3": {
        "max(u)": 0.276430766675664,
        "max(v)": 0.2232171229133778,
        "max(length)": 0.4178066081163706,
        "num(pathline)": 0.8964435291154285,
        "min(distant)": 0.23577516776484186
    },
    "member4": {
        "max(u)": 0.276430766675664,
        "max(v)": 0.2232171229133778,
        "max(length)": 0.4178066081163706,
        "num(pathline)": 0.8964435291154285,
        "min(distant)": 0.23577516776484186
    },
    "member5": {
        "max(u)": 0.276430766675664,
        "max(v)": 0.2232171229133778,
        "max(length)": 0.4178066081163706,
        "num(pathline)": 0.8964435291154285,
        "min(distant)": 0.23577516776484186
    },
    "member6": {
        "max(u)": 0.276430766675664,
        "max(v)": 0.2232171229133778,
        "max(length)": 0.4178066081163706,
        "num(pathline)": 0.8964435291154285,
        "min(distant)": 0.23577516776484186
    },
    "member7": {
        "max(u)": 0.276430766675664,
        "max(v)": 0.2232171229133778,
        "max(length)": 0.4178066081163706,
        "num(pathline)": 0.8964435291154285,
        "min(distant)": 0.23577516776484186
    },
    "member8": {
        "max(u)": 0.276430766675664,
        "max(v)": 0.2232171229133778,
        "max(length)": 0.4178066081163706,
        "num(pathline)": 0.8964435291154285,
        "min(distant)": 0.23577516776484186
    },
    "member9": {
        "max(u)": 0.276430766675664,
        "max(v)": 0.2232171229133778,
        "max(length)": 0.4178066081163706,
        "num(pathline)": 0.8964435291154285,
        "min(distant)": 0.23577516776484186
    },
    "member10": {
        "max(u)": 0.276430766675664,
        "max(v)": 0.2232171229133778,
        "max(length)": 0.4178066081163706,
        "num(pathline)": 0.8964435291154285,
        "min(distant)": 0.23577516776484186
    },
    "member11": {
        "max(u)": 0.276430766675664,
        "max(v)": 0.2232171229133778,
        "max(length)": 0.4178066081163706,
        "num(pathline)": 0.8964435291154285,
        "min(distant)": 0.23577516776484186
    },
    "member12": {
        "max(u)": 0.276430766675664,
        "max(v)": 0.2232171229133778,
        "max(length)": 0.4178066081163706,
        "num(pathline)": 0.8964435291154285,
        "min(distant)": 0.23577516776484186
    },
    "member13": {
        "max(u)": 0.276430766675664,
        "max(v)": 0.2232171229133778,
        "max(length)": 0.4178066081163706,
        "num(pathline)": 0.8964435291154285,
        "min(distant)": 0.23577516776484186
    },
    "member14": {
        "max(u)": 0.276430766675664,
        "max(v)": 0.2232171229133778,
        "max(length)": 0.4178066081163706,
        "num(pathline)": 0.8964435291154285,
        "min(distant)": 0.23577516776484186
    },
    "member15": {
        "max(u)": 0.276430766675664,
        "max(v)": 0.2232171229133778,
        "max(length)": 0.4178066081163706,
        "num(pathline)": 0.8964435291154285,
        "min(distant)": 0.23577516776484186
    },
    "member16": {
        "max(u)": 0.276430766675664,
        "max(v)": 0.2232171229133778,
        "max(length)": 0.4178066081163706,
        "num(pathline)": 0.8964435291154285,
        "min(distant)": 0.23577516776484186
    },
    "member17": {
        "max(u)": 0.276430766675664,
        "max(v)": 0.2232171229133778,
        "max(length)": 0.4178066081163706,
        "num(pathline)": 0.8964435291154285,
        "min(distant)": 0.23577516776484186
    },
    "member18": {
        "max(u)": 0.276430766675664,
        "max(v)": 0.2232171229133778,
        "max(length)": 0.4178066081163706,
        "num(pathline)": 0.8964435291154285,
        "min(distant)": 0.23577516776484186
    },
    "member19": {
        "max(u)": 0.276430766675664,
        "max(v)": 0.2232171229133778,
        "max(length)": 0.4178066081163706,
        "num(pathline)": 0.8964435291154285,
        "min(distant)": 0.23577516776484186
    },
    "member20": {
        "max(u)": 0.276430766675664,
        "max(v)": 0.2232171229133778,
        "max(length)": 0.4178066081163706,
        "num(pathline)": 0.8964435291154285,
        "min(distant)": 0.23577516776484186
    }
}