{
    "member1": {
        "max(u)": 0.6859306815708934,
        "max(v)": 0.945877701631329,
        "max(length)": 0.866336942333925,
        "num(pathline)": 0.8076971444993554,
        "min(distant)": 0.000254619767843578
    },
    "member2": {
        "max(u)": 0.6859306815708934,
        "max(v)": 0.945877701631329,
        "max(length)": 0.866336942333925,
        "num(pathline)": 0.8076971444993554,
        "min(distant)": 0.000254619767843578
    },
    "member3": {
        "max(u)": 0.6859306815708934,
        "max(v)": 0.945877701631329,
        "max(length)": 0.866336942333925,
        "num(pathline)": 0.8076971444993554,
        "min(distant)": 0.000254619767843578
    },
    "member4": {
        "max(u)": 0.6859306815708934,
        "max(v)": 0.945877701631329,
        "max(length)": 0.866336942333925,
        "num(pathline)": 0.8076971444993554,
        "min(distant)": 0.000254619767843578
    },
    "member5": {
        "max(u)": 0.6859306815708934,
        "max(v)": 0.945877701631329,
        "max(length)": 0.866336942333925,
        "num(pathline)": 0.8076971444993554,
        "min(distant)": 0.000254619767843578
    },
    "member6": {
        "max(u)": 0.6859306815708934,
        "max(v)": 0.945877701631329,
        "max(length)": 0.866336942333925,
        "num(pathline)": 0.8076971444993554,
        "min(distant)": 0.000254619767843578
    },
    "member7": {
        "max(u)": 0.6859306815708934,
        "max(v)": 0.945877701631329,
        "max(length)": 0.866336942333925,
        "num(pathline)": 0.8076971444993554,
        "min(distant)": 0.000254619767843578
    },
    "member8": {
        "max(u)": 0.6859306815708934,
        "max(v)": 0.945877701631329,
        "max(length)": 0.866336942333925,
        "num(pathline)": 0.8076971444993554,
        "min(distant)": 0.000254619767843578
    },
    "member9": {
        "max(u)": 0.6859306815708934,
        "max(v)": 0.945877701631329,
        "max(length)": 0.866336942333925,
        "num(pathline)": 0.8076971444993554,
        "min(distant)": 0.000254619767843578
    },
    "member10": {
        "max(u)": 0.6859306815708934,
        "max(v)": 0.945877701631329,
        "max(length)": 0.866336942333925,
        "num(pathline)": 0.8076971444993554,
        "min(distant)": 0.000254619767843578
    },
    "member11": {
        "max(u)": 0.6859306815708934,
        "max(v)": 0.945877701631329,
        "max(length)": 0.866336942333925,
        "num(pathline)": 0.8076971444993554,
        "min(distant)": 0.000254619767843578
    },
    "member12": {
        "max(u)": 0.6859306815708934,
        "max(v)": 0.945877701631329,
        "max(length)": 0.866336942333925,
        "num(pathline)": 0.8076971444993554,
        "min(distant)": 0.000254619767843578
    },
    "member13": {
        "max(u)": 0.6859306815708934,
        "max(v)": 0.945877701631329,
        "max(length)": 0.866336942333925,
        "num(pathline)": 0.8076971444993554,
        "min(distant)": 0.000254619767843578
    },
    "member14": {
        "max(u)": 0.6859306815708934,
        "max(v)": 0.945877701631329,
        "max(length)": 0.866336942333925,
        "num(pathline)": 0.8076971444993554,
        "min(distant)": 0.000254619767843578
    },
    "member15": {
        "max(u)": 0.6859306815708934,
        "max(v)": 0.945877701631329,
        "max(length)": 0.866336942333925,
        "num(pathline)": 0.8076971444993554,
        "min(distant)": 0.000254619767843578
    },
    "member16": {
        "max(u)": 0.6859306815708934,
        "max(v)": 0.945877701631329,
        "max(length)": 0.866336942333925,
        "num(pathline)": 0.8076971444993554,
        "min(distant)": 0.000254619767843578
    },
    "member17": {
        "max(u)": 0.6859306815708934,
        "max(v)": 0.945877701631329,
        "max(length)": 0.866336942333925,
        "num(pathline)": 0.8076971444993554,
        "min(distant)": 0.000254619767843578
    },
    "member18": {
        "max(u)": 0.6859306815708934,
        "max(v)": 0.945877701631329,
        "max(length)": 0.866336942333925,
        "num(pathline)": 0.8076971444993554,
        "min(distant)": 0.000254619767843578
    },
    "member19": {
        "max(u)": 0.6859306815708934,
        "max(v)": 0.945877701631329,
        "max(length)": 0.866336942333925,
        "num(pathline)": 0.8076971444993554,
        "min(distant)": 0.000254619767843578
    },
    "member20": {
        "max(u)": 0.6859306815708934,
        "max(v)": 0.945877701631329,
        "max(length)": 0.866336942333925,
        "num(pathline)": 0.8076971444993554,
        "min(distant)": 0.000254619767843578
    }
}