{
    "member1": {
        "max(u)": 0.2637851857528355,
        "max(v)": 0.5589723846049836,
        "max(length)": 0.9991123495909079,
        "num(pathline)": 0.6292345294203491,
        "min(distant)": 0.5069142451522807
    },
    "member2": {
        "max(u)": 0.2637851857528355,
        "max(v)": 0.5589723846049836,
        "max(length)": 0.9991123495909079,
        "num(pathline)": 0.6292345294203491,
        "min(distant)": 0.5069142451522807
    },
    "member3": {
        "max(u)": 0.2637851857528355,
        "max(v)": 0.5589723846049836,
        "max(length)": 0.9991123495909079,
        "num(pathline)": 0.6292345294203491,
        "min(distant)": 0.5069142451522807
    },
    "member4": {
        "max(u)": 0.2637851857528355,
        "max(v)": 0.5589723846049836,
        "max(length)": 0.9991123495909079,
        "num(pathline)": 0.6292345294203491,
        "min(distant)": 0.5069142451522807
    },
    "member5": {
        "max(u)": 0.2637851857528355,
        "max(v)": 0.5589723846049836,
        "max(length)": 0.9991123495909079,
        "num(pathline)": 0.6292345294203491,
        "min(distant)": 0.5069142451522807
    },
    "member6": {
        "max(u)": 0.2637851857528355,
        "max(v)": 0.5589723846049836,
        "max(length)": 0.9991123495909079,
        "num(pathline)": 0.6292345294203491,
        "min(distant)": 0.5069142451522807
    },
    "member7": {
        "max(u)": 0.2637851857528355,
        "max(v)": 0.5589723846049836,
        "max(length)": 0.9991123495909079,
        "num(pathline)": 0.6292345294203491,
        "min(distant)": 0.5069142451522807
    },
    "member8": {
        "max(u)": 0.2637851857528355,
        "max(v)": 0.5589723846049836,
        "max(length)": 0.9991123495909079,
        "num(pathline)": 0.6292345294203491,
        "min(distant)": 0.5069142451522807
    },
    "member9": {
        "max(u)": 0.2637851857528355,
        "max(v)": 0.5589723846049836,
        "max(length)": 0.9991123495909079,
        "num(pathline)": 0.6292345294203491,
        "min(distant)": 0.5069142451522807
    },
    "member10": {
        "max(u)": 0.2637851857528355,
        "max(v)": 0.5589723846049836,
        "max(length)": 0.9991123495909079,
        "num(pathline)": 0.6292345294203491,
        "min(distant)": 0.5069142451522807
    },
    "member11": {
        "max(u)": 0.2637851857528355,
        "max(v)": 0.5589723846049836,
        "max(length)": 0.9991123495909079,
        "num(pathline)": 0.6292345294203491,
        "min(distant)": 0.5069142451522807
    },
    "member12": {
        "max(u)": 0.2637851857528355,
        "max(v)": 0.5589723846049836,
        "max(length)": 0.9991123495909079,
        "num(pathline)": 0.6292345294203491,
        "min(distant)": 0.5069142451522807
    },
    "member13": {
        "max(u)": 0.2637851857528355,
        "max(v)": 0.5589723846049836,
        "max(length)": 0.9991123495909079,
        "num(pathline)": 0.6292345294203491,
        "min(distant)": 0.5069142451522807
    },
    "member14": {
        "max(u)": 0.2637851857528355,
        "max(v)": 0.5589723846049836,
        "max(length)": 0.9991123495909079,
        "num(pathline)": 0.6292345294203491,
        "min(distant)": 0.5069142451522807
    },
    "member15": {
        "max(u)": 0.2637851857528355,
        "max(v)": 0.5589723846049836,
        "max(length)": 0.9991123495909079,
        "num(pathline)": 0.6292345294203491,
        "min(distant)": 0.5069142451522807
    },
    "member16": {
        "max(u)": 0.2637851857528355,
        "max(v)": 0.5589723846049836,
        "max(length)": 0.9991123495909079,
        "num(pathline)": 0.6292345294203491,
        "min(distant)": 0.5069142451522807
    },
    "member17": {
        "max(u)": 0.2637851857528355,
        "max(v)": 0.5589723846049836,
        "max(length)": 0.9991123495909079,
        "num(pathline)": 0.6292345294203491,
        "min(distant)": 0.5069142451522807
    },
    "member18": {
        "max(u)": 0.2637851857528355,
        "max(v)": 0.5589723846049836,
        "max(length)": 0.9991123495909079,
        "num(pathline)": 0.6292345294203491,
        "min(distant)": 0.5069142451522807
    },
    "member19": {
        "max(u)": 0.2637851857528355,
        "max(v)": 0.5589723846049836,
        "max(length)": 0.9991123495909079,
        "num(pathline)": 0.6292345294203491,
        "min(distant)": 0.5069142451522807
    },
    "member20": {
        "max(u)": 0.2637851857528355,
        "max(v)": 0.5589723846049836,
        "max(length)": 0.9991123495909079,
        "num(pathline)": 0.6292345294203491,
        "min(distant)": 0.5069142451522807
    }
}