{
    "member1": {
        "max(u)": 0.18427235721174384,
        "max(v)": 0.28820586122614766,
        "max(length)": 0.14309894837166104,
        "num(pathline)": 0.9945674731547356,
        "min(distant)": 0.8478610828148208
    },
    "member2": {
        "max(u)": 0.18427235721174384,
        "max(v)": 0.28820586122614766,
        "max(length)": 0.14309894837166104,
        "num(pathline)": 0.9945674731547356,
        "min(distant)": 0.8478610828148208
    },
    "member3": {
        "max(u)": 0.18427235721174384,
        "max(v)": 0.28820586122614766,
        "max(length)": 0.14309894837166104,
        "num(pathline)": 0.9945674731547356,
        "min(distant)": 0.8478610828148208
    },
    "member4": {
        "max(u)": 0.18427235721174384,
        "max(v)": 0.28820586122614766,
        "max(length)": 0.14309894837166104,
        "num(pathline)": 0.9945674731547356,
        "min(distant)": 0.8478610828148208
    },
    "member5": {
        "max(u)": 0.18427235721174384,
        "max(v)": 0.28820586122614766,
        "max(length)": 0.14309894837166104,
        "num(pathline)": 0.9945674731547356,
        "min(distant)": 0.8478610828148208
    },
    "member6": {
        "max(u)": 0.18427235721174384,
        "max(v)": 0.28820586122614766,
        "max(length)": 0.14309894837166104,
        "num(pathline)": 0.9945674731547356,
        "min(distant)": 0.8478610828148208
    },
    "member7": {
        "max(u)": 0.18427235721174384,
        "max(v)": 0.28820586122614766,
        "max(length)": 0.14309894837166104,
        "num(pathline)": 0.9945674731547356,
        "min(distant)": 0.8478610828148208
    },
    "member8": {
        "max(u)": 0.18427235721174384,
        "max(v)": 0.28820586122614766,
        "max(length)": 0.14309894837166104,
        "num(pathline)": 0.9945674731547356,
        "min(distant)": 0.8478610828148208
    },
    "member9": {
        "max(u)": 0.18427235721174384,
        "max(v)": 0.28820586122614766,
        "max(length)": 0.14309894837166104,
        "num(pathline)": 0.9945674731547356,
        "min(distant)": 0.8478610828148208
    },
    "member10": {
        "max(u)": 0.18427235721174384,
        "max(v)": 0.28820586122614766,
        "max(length)": 0.14309894837166104,
        "num(pathline)": 0.9945674731547356,
        "min(distant)": 0.8478610828148208
    },
    "member11": {
        "max(u)": 0.18427235721174384,
        "max(v)": 0.28820586122614766,
        "max(length)": 0.14309894837166104,
        "num(pathline)": 0.9945674731547356,
        "min(distant)": 0.8478610828148208
    },
    "member12": {
        "max(u)": 0.18427235721174384,
        "max(v)": 0.28820586122614766,
        "max(length)": 0.14309894837166104,
        "num(pathline)": 0.9945674731547356,
        "min(distant)": 0.8478610828148208
    },
    "member13": {
        "max(u)": 0.18427235721174384,
        "max(v)": 0.28820586122614766,
        "max(length)": 0.14309894837166104,
        "num(pathline)": 0.9945674731547356,
        "min(distant)": 0.8478610828148208
    },
    "member14": {
        "max(u)": 0.18427235721174384,
        "max(v)": 0.28820586122614766,
        "max(length)": 0.14309894837166104,
        "num(pathline)": 0.9945674731547356,
        "min(distant)": 0.8478610828148208
    },
    "member15": {
        "max(u)": 0.18427235721174384,
        "max(v)": 0.28820586122614766,
        "max(length)": 0.14309894837166104,
        "num(pathline)": 0.9945674731547356,
        "min(distant)": 0.8478610828148208
    },
    "member16": {
        "max(u)": 0.18427235721174384,
        "max(v)": 0.28820586122614766,
        "max(length)": 0.14309894837166104,
        "num(pathline)": 0.9945674731547356,
        "min(distant)": 0.8478610828148208
    },
    "member17": {
        "max(u)": 0.18427235721174384,
        "max(v)": 0.28820586122614766,
        "max(length)": 0.14309894837166104,
        "num(pathline)": 0.9945674731547356,
        "min(distant)": 0.8478610828148208
    },
    "member18": {
        "max(u)": 0.18427235721174384,
        "max(v)": 0.28820586122614766,
        "max(length)": 0.14309894837166104,
        "num(pathline)": 0.9945674731547356,
        "min(distant)": 0.8478610828148208
    },
    "member19": {
        "max(u)": 0.18427235721174384,
        "max(v)": 0.28820586122614766,
        "max(length)": 0.14309894837166104,
        "num(pathline)": 0.9945674731547356,
        "min(distant)": 0.8478610828148208
    },
    "member20": {
        "max(u)": 0.18427235721174384,
        "max(v)": 0.28820586122614766,
        "max(length)": 0.14309894837166104,
        "num(pathline)": 0.9945674731547356,
        "min(distant)": 0.8478610828148208
    }
}