{
    "member1": {
        "max(u)": 0.7919647733884646,
        "max(v)": 0.5069459420069035,
        "max(length)": 0.46100737935580527,
        "num(pathline)": 0.4589580711444925,
        "min(distant)": 0.15065145138238334
    },
    "member2": {
        "max(u)": 0.7919647733884646,
        "max(v)": 0.5069459420069035,
        "max(length)": 0.46100737935580527,
        "num(pathline)": 0.4589580711444925,
        "min(distant)": 0.15065145138238334
    },
    "member3": {
        "max(u)": 0.7919647733884646,
        "max(v)": 0.5069459420069035,
        "max(length)": 0.46100737935580527,
        "num(pathline)": 0.4589580711444925,
        "min(distant)": 0.15065145138238334
    },
    "member4": {
        "max(u)": 0.7919647733884646,
        "max(v)": 0.5069459420069035,
        "max(length)": 0.46100737935580527,
        "num(pathline)": 0.4589580711444925,
        "min(distant)": 0.15065145138238334
    },
    "member5": {
        "max(u)": 0.7919647733884646,
        "max(v)": 0.5069459420069035,
        "max(length)": 0.46100737935580527,
        "num(pathline)": 0.4589580711444925,
        "min(distant)": 0.15065145138238334
    },
    "member6": {
        "max(u)": 0.7919647733884646,
        "max(v)": 0.5069459420069035,
        "max(length)": 0.46100737935580527,
        "num(pathline)": 0.4589580711444925,
        "min(distant)": 0.15065145138238334
    },
    "member7": {
        "max(u)": 0.7919647733884646,
        "max(v)": 0.5069459420069035,
        "max(length)": 0.46100737935580527,
        "num(pathline)": 0.4589580711444925,
        "min(distant)": 0.15065145138238334
    },
    "member8": {
        "max(u)": 0.7919647733884646,
        "max(v)": 0.5069459420069035,
        "max(length)": 0.46100737935580527,
        "num(pathline)": 0.4589580711444925,
        "min(distant)": 0.15065145138238334
    },
    "member9": {
        "max(u)": 0.7919647733884646,
        "max(v)": 0.5069459420069035,
        "max(length)": 0.46100737935580527,
        "num(pathline)": 0.4589580711444925,
        "min(distant)": 0.15065145138238334
    },
    "member10": {
        "max(u)": 0.7919647733884646,
        "max(v)": 0.5069459420069035,
        "max(length)": 0.46100737935580527,
        "num(pathline)": 0.4589580711444925,
        "min(distant)": 0.15065145138238334
    },
    "member11": {
        "max(u)": 0.7919647733884646,
        "max(v)": 0.5069459420069035,
        "max(length)": 0.46100737935580527,
        "num(pathline)": 0.4589580711444925,
        "min(distant)": 0.15065145138238334
    },
    "member12": {
        "max(u)": 0.7919647733884646,
        "max(v)": 0.5069459420069035,
        "max(length)": 0.46100737935580527,
        "num(pathline)": 0.4589580711444925,
        "min(distant)": 0.15065145138238334
    },
    "member13": {
        "max(u)": 0.7919647733884646,
        "max(v)": 0.5069459420069035,
        "max(length)": 0.46100737935580527,
        "num(pathline)": 0.4589580711444925,
        "min(distant)": 0.15065145138238334
    },
    "member14": {
        "max(u)": 0.7919647733884646,
        "max(v)": 0.5069459420069035,
        "max(length)": 0.46100737935580527,
        "num(pathline)": 0.4589580711444925,
        "min(distant)": 0.15065145138238334
    },
    "member15": {
        "max(u)": 0.7919647733884646,
        "max(v)": 0.5069459420069035,
        "max(length)": 0.46100737935580527,
        "num(pathline)": 0.4589580711444925,
        "min(distant)": 0.15065145138238334
    },
    "member16": {
        "max(u)": 0.7919647733884646,
        "max(v)": 0.5069459420069035,
        "max(length)": 0.46100737935580527,
        "num(pathline)": 0.4589580711444925,
        "min(distant)": 0.15065145138238334
    },
    "member17": {
        "max(u)": 0.7919647733884646,
        "max(v)": 0.5069459420069035,
        "max(length)": 0.46100737935580527,
        "num(pathline)": 0.4589580711444925,
        "min(distant)": 0.15065145138238334
    },
    "member18": {
        "max(u)": 0.7919647733884646,
        "max(v)": 0.5069459420069035,
        "max(length)": 0.46100737935580527,
        "num(pathline)": 0.4589580711444925,
        "min(distant)": 0.15065145138238334
    },
    "member19": {
        "max(u)": 0.7919647733884646,
        "max(v)": 0.5069459420069035,
        "max(length)": 0.46100737935580527,
        "num(pathline)": 0.4589580711444925,
        "min(distant)": 0.15065145138238334
    },
    "member20": {
        "max(u)": 0.7919647733884646,
        "max(v)": 0.5069459420069035,
        "max(length)": 0.46100737935580527,
        "num(pathline)": 0.4589580711444925,
        "min(distant)": 0.15065145138238334
    }
}