{
    "member1": {
        "max(u)": 0.17363648454362135,
        "max(v)": 0.48406747406560446,
        "max(length)": 0.5199498668876639,
        "num(pathline)": 0.9846608621840865,
        "min(distant)": 0.546190209917478
    },
    "member2": {
        "max(u)": 0.17363648454362135,
        "max(v)": 0.48406747406560446,
        "max(length)": 0.5199498668876639,
        "num(pathline)": 0.9846608621840865,
        "min(distant)": 0.546190209917478
    },
    "member3": {
        "max(u)": 0.17363648454362135,
        "max(v)": 0.48406747406560446,
        "max(length)": 0.5199498668876639,
        "num(pathline)": 0.9846608621840865,
        "min(distant)": 0.546190209917478
    },
    "member4": {
        "max(u)": 0.17363648454362135,
        "max(v)": 0.48406747406560446,
        "max(length)": 0.5199498668876639,
        "num(pathline)": 0.9846608621840865,
        "min(distant)": 0.546190209917478
    },
    "member5": {
        "max(u)": 0.17363648454362135,
        "max(v)": 0.48406747406560446,
        "max(length)": 0.5199498668876639,
        "num(pathline)": 0.9846608621840865,
        "min(distant)": 0.546190209917478
    },
    "member6": {
        "max(u)": 0.17363648454362135,
        "max(v)": 0.48406747406560446,
        "max(length)": 0.5199498668876639,
        "num(pathline)": 0.9846608621840865,
        "min(distant)": 0.546190209917478
    },
    "member7": {
        "max(u)": 0.17363648454362135,
        "max(v)": 0.48406747406560446,
        "max(length)": 0.5199498668876639,
        "num(pathline)": 0.9846608621840865,
        "min(distant)": 0.546190209917478
    },
    "member8": {
        "max(u)": 0.17363648454362135,
        "max(v)": 0.48406747406560446,
        "max(length)": 0.5199498668876639,
        "num(pathline)": 0.9846608621840865,
        "min(distant)": 0.546190209917478
    },
    "member9": {
        "max(u)": 0.17363648454362135,
        "max(v)": 0.48406747406560446,
        "max(length)": 0.5199498668876639,
        "num(pathline)": 0.9846608621840865,
        "min(distant)": 0.546190209917478
    },
    "member10": {
        "max(u)": 0.17363648454362135,
        "max(v)": 0.48406747406560446,
        "max(length)": 0.5199498668876639,
        "num(pathline)": 0.9846608621840865,
        "min(distant)": 0.546190209917478
    },
    "member11": {
        "max(u)": 0.17363648454362135,
        "max(v)": 0.48406747406560446,
        "max(length)": 0.5199498668876639,
        "num(pathline)": 0.9846608621840865,
        "min(distant)": 0.546190209917478
    },
    "member12": {
        "max(u)": 0.17363648454362135,
        "max(v)": 0.48406747406560446,
        "max(length)": 0.5199498668876639,
        "num(pathline)": 0.9846608621840865,
        "min(distant)": 0.546190209917478
    },
    "member13": {
        "max(u)": 0.17363648454362135,
        "max(v)": 0.48406747406560446,
        "max(length)": 0.5199498668876639,
        "num(pathline)": 0.9846608621840865,
        "min(distant)": 0.546190209917478
    },
    "member14": {
        "max(u)": 0.17363648454362135,
        "max(v)": 0.48406747406560446,
        "max(length)": 0.5199498668876639,
        "num(pathline)": 0.9846608621840865,
        "min(distant)": 0.546190209917478
    },
    "member15": {
        "max(u)": 0.17363648454362135,
        "max(v)": 0.48406747406560446,
        "max(length)": 0.5199498668876639,
        "num(pathline)": 0.9846608621840865,
        "min(distant)": 0.546190209917478
    },
    "member16": {
        "max(u)": 0.17363648454362135,
        "max(v)": 0.48406747406560446,
        "max(length)": 0.5199498668876639,
        "num(pathline)": 0.9846608621840865,
        "min(distant)": 0.546190209917478
    },
    "member17": {
        "max(u)": 0.17363648454362135,
        "max(v)": 0.48406747406560446,
        "max(length)": 0.5199498668876639,
        "num(pathline)": 0.9846608621840865,
        "min(distant)": 0.546190209917478
    },
    "member18": {
        "max(u)": 0.17363648454362135,
        "max(v)": 0.48406747406560446,
        "max(length)": 0.5199498668876639,
        "num(pathline)": 0.9846608621840865,
        "min(distant)": 0.546190209917478
    },
    "member19": {
        "max(u)": 0.17363648454362135,
        "max(v)": 0.48406747406560446,
        "max(length)": 0.5199498668876639,
        "num(pathline)": 0.9846608621840865,
        "min(distant)": 0.546190209917478
    },
    "member20": {
        "max(u)": 0.17363648454362135,
        "max(v)": 0.48406747406560446,
        "max(length)": 0.5199498668876639,
        "num(pathline)": 0.9846608621840865,
        "min(distant)": 0.546190209917478
    }
}