{
    "member1": {
        "max(u)": 0.04886293513094586,
        "max(v)": 0.0957860767055212,
        "max(length)": 0.03433151002933765,
        "num(pathline)": 0.8657967492957481,
        "min(distant)": 0.841005904646518
    },
    "member2": {
        "max(u)": 0.04886293513094586,
        "max(v)": 0.0957860767055212,
        "max(length)": 0.03433151002933765,
        "num(pathline)": 0.8657967492957481,
        "min(distant)": 0.841005904646518
    },
    "member3": {
        "max(u)": 0.04886293513094586,
        "max(v)": 0.0957860767055212,
        "max(length)": 0.03433151002933765,
        "num(pathline)": 0.8657967492957481,
        "min(distant)": 0.841005904646518
    },
    "member4": {
        "max(u)": 0.04886293513094586,
        "max(v)": 0.0957860767055212,
        "max(length)": 0.03433151002933765,
        "num(pathline)": 0.8657967492957481,
        "min(distant)": 0.841005904646518
    },
    "member5": {
        "max(u)": 0.04886293513094586,
        "max(v)": 0.0957860767055212,
        "max(length)": 0.03433151002933765,
        "num(pathline)": 0.8657967492957481,
        "min(distant)": 0.841005904646518
    },
    "member6": {
        "max(u)": 0.04886293513094586,
        "max(v)": 0.0957860767055212,
        "max(length)": 0.03433151002933765,
        "num(pathline)": 0.8657967492957481,
        "min(distant)": 0.841005904646518
    },
    "member7": {
        "max(u)": 0.04886293513094586,
        "max(v)": 0.0957860767055212,
        "max(length)": 0.03433151002933765,
        "num(pathline)": 0.8657967492957481,
        "min(distant)": 0.841005904646518
    },
    "member8": {
        "max(u)": 0.04886293513094586,
        "max(v)": 0.0957860767055212,
        "max(length)": 0.03433151002933765,
        "num(pathline)": 0.8657967492957481,
        "min(distant)": 0.841005904646518
    },
    "member9": {
        "max(u)": 0.04886293513094586,
        "max(v)": 0.0957860767055212,
        "max(length)": 0.03433151002933765,
        "num(pathline)": 0.8657967492957481,
        "min(distant)": 0.841005904646518
    },
    "member10": {
        "max(u)": 0.04886293513094586,
        "max(v)": 0.0957860767055212,
        "max(length)": 0.03433151002933765,
        "num(pathline)": 0.8657967492957481,
        "min(distant)": 0.841005904646518
    },
    "member11": {
        "max(u)": 0.04886293513094586,
        "max(v)": 0.0957860767055212,
        "max(length)": 0.03433151002933765,
        "num(pathline)": 0.8657967492957481,
        "min(distant)": 0.841005904646518
    },
    "member12": {
        "max(u)": 0.04886293513094586,
        "max(v)": 0.0957860767055212,
        "max(length)": 0.03433151002933765,
        "num(pathline)": 0.8657967492957481,
        "min(distant)": 0.841005904646518
    },
    "member13": {
        "max(u)": 0.04886293513094586,
        "max(v)": 0.0957860767055212,
        "max(length)": 0.03433151002933765,
        "num(pathline)": 0.8657967492957481,
        "min(distant)": 0.841005904646518
    },
    "member14": {
        "max(u)": 0.04886293513094586,
        "max(v)": 0.0957860767055212,
        "max(length)": 0.03433151002933765,
        "num(pathline)": 0.8657967492957481,
        "min(distant)": 0.841005904646518
    },
    "member15": {
        "max(u)": 0.04886293513094586,
        "max(v)": 0.0957860767055212,
        "max(length)": 0.03433151002933765,
        "num(pathline)": 0.8657967492957481,
        "min(distant)": 0.841005904646518
    },
    "member16": {
        "max(u)": 0.04886293513094586,
        "max(v)": 0.0957860767055212,
        "max(length)": 0.03433151002933765,
        "num(pathline)": 0.8657967492957481,
        "min(distant)": 0.841005904646518
    },
    "member17": {
        "max(u)": 0.04886293513094586,
        "max(v)": 0.0957860767055212,
        "max(length)": 0.03433151002933765,
        "num(pathline)": 0.8657967492957481,
        "min(distant)": 0.841005904646518
    },
    "member18": {
        "max(u)": 0.04886293513094586,
        "max(v)": 0.0957860767055212,
        "max(length)": 0.03433151002933765,
        "num(pathline)": 0.8657967492957481,
        "min(distant)": 0.841005904646518
    },
    "member19": {
        "max(u)": 0.04886293513094586,
        "max(v)": 0.0957860767055212,
        "max(length)": 0.03433151002933765,
        "num(pathline)": 0.8657967492957481,
        "min(distant)": 0.841005904646518
    },
    "member20": {
        "max(u)": 0.04886293513094586,
        "max(v)": 0.0957860767055212,
        "max(length)": 0.03433151002933765,
        "num(pathline)": 0.8657967492957481,
        "min(distant)": 0.841005904646518
    }
}