{
    "member1": {
        "max(u)": 0.42265418101838725,
        "max(v)": 0.0981796592753007,
        "max(length)": 0.9166740440121712,
        "num(pathline)": 0.5633436963163375,
        "min(distant)": 0.909693003228228
    },
    "member2": {
        "max(u)": 0.42265418101838725,
        "max(v)": 0.0981796592753007,
        "max(length)": 0.9166740440121712,
        "num(pathline)": 0.5633436963163375,
        "min(distant)": 0.909693003228228
    },
    "member3": {
        "max(u)": 0.42265418101838725,
        "max(v)": 0.0981796592753007,
        "max(length)": 0.9166740440121712,
        "num(pathline)": 0.5633436963163375,
        "min(distant)": 0.909693003228228
    },
    "member4": {
        "max(u)": 0.42265418101838725,
        "max(v)": 0.0981796592753007,
        "max(length)": 0.9166740440121712,
        "num(pathline)": 0.5633436963163375,
        "min(distant)": 0.909693003228228
    },
    "member5": {
        "max(u)": 0.42265418101838725,
        "max(v)": 0.0981796592753007,
        "max(length)": 0.9166740440121712,
        "num(pathline)": 0.5633436963163375,
        "min(distant)": 0.909693003228228
    },
    "member6": {
        "max(u)": 0.42265418101838725,
        "max(v)": 0.0981796592753007,
        "max(length)": 0.9166740440121712,
        "num(pathline)": 0.5633436963163375,
        "min(distant)": 0.909693003228228
    },
    "member7": {
        "max(u)": 0.42265418101838725,
        "max(v)": 0.0981796592753007,
        "max(length)": 0.9166740440121712,
        "num(pathline)": 0.5633436963163375,
        "min(distant)": 0.909693003228228
    },
    "member8": {
        "max(u)": 0.42265418101838725,
        "max(v)": 0.0981796592753007,
        "max(length)": 0.9166740440121712,
        "num(pathline)": 0.5633436963163375,
        "min(distant)": 0.909693003228228
    },
    "member9": {
        "max(u)": 0.42265418101838725,
        "max(v)": 0.0981796592753007,
        "max(length)": 0.9166740440121712,
        "num(pathline)": 0.5633436963163375,
        "min(distant)": 0.909693003228228
    },
    "member10": {
        "max(u)": 0.42265418101838725,
        "max(v)": 0.0981796592753007,
        "max(length)": 0.9166740440121712,
        "num(pathline)": 0.5633436963163375,
        "min(distant)": 0.909693003228228
    },
    "member11": {
        "max(u)": 0.42265418101838725,
        "max(v)": 0.0981796592753007,
        "max(length)": 0.9166740440121712,
        "num(pathline)": 0.5633436963163375,
        "min(distant)": 0.909693003228228
    },
    "member12": {
        "max(u)": 0.42265418101838725,
        "max(v)": 0.0981796592753007,
        "max(length)": 0.9166740440121712,
        "num(pathline)": 0.5633436963163375,
        "min(distant)": 0.909693003228228
    },
    "member13": {
        "max(u)": 0.42265418101838725,
        "max(v)": 0.0981796592753007,
        "max(length)": 0.9166740440121712,
        "num(pathline)": 0.5633436963163375,
        "min(distant)": 0.909693003228228
    },
    "member14": {
        "max(u)": 0.42265418101838725,
        "max(v)": 0.0981796592753007,
        "max(length)": 0.9166740440121712,
        "num(pathline)": 0.5633436963163375,
        "min(distant)": 0.909693003228228
    },
    "member15": {
        "max(u)": 0.42265418101838725,
        "max(v)": 0.0981796592753007,
        "max(length)": 0.9166740440121712,
        "num(pathline)": 0.5633436963163375,
        "min(distant)": 0.909693003228228
    },
    "member16": {
        "max(u)": 0.42265418101838725,
        "max(v)": 0.0981796592753007,
        "max(length)": 0.9166740440121712,
        "num(pathline)": 0.5633436963163375,
        "min(distant)": 0.909693003228228
    },
    "member17": {
        "max(u)": 0.42265418101838725,
        "max(v)": 0.0981796592753007,
        "max(length)": 0.9166740440121712,
        "num(pathline)": 0.5633436963163375,
        "min(distant)": 0.909693003228228
    },
    "member18": {
        "max(u)": 0.42265418101838725,
        "max(v)": 0.0981796592753007,
        "max(length)": 0.9166740440121712,
        "num(pathline)": 0.5633436963163375,
        "min(distant)": 0.909693003228228
    },
    "member19": {
        "max(u)": 0.42265418101838725,
        "max(v)": 0.0981796592753007,
        "max(length)": 0.9166740440121712,
        "num(pathline)": 0.5633436963163375,
        "min(distant)": 0.909693003228228
    },
    "member20": {
        "max(u)": 0.42265418101838725,
        "max(v)": 0.0981796592753007,
        "max(length)": 0.9166740440121712,
        "num(pathline)": 0.5633436963163375,
        "min(distant)": 0.909693003228228
    }
}