{
    "member1": {
        "max(u)": 0.5705016255799381,
        "max(v)": 0.7377324313366502,
        "max(length)": 0.8201604903229832,
        "num(pathline)": 0.8050657668483123,
        "min(distant)": 0.3696339792629928
    },
    "member2": {
        "max(u)": 0.5705016255799381,
        "max(v)": 0.7377324313366502,
        "max(length)": 0.8201604903229832,
        "num(pathline)": 0.8050657668483123,
        "min(distant)": 0.3696339792629928
    },
    "member3": {
        "max(u)": 0.5705016255799381,
        "max(v)": 0.7377324313366502,
        "max(length)": 0.8201604903229832,
        "num(pathline)": 0.8050657668483123,
        "min(distant)": 0.3696339792629928
    },
    "member4": {
        "max(u)": 0.5705016255799381,
        "max(v)": 0.7377324313366502,
        "max(length)": 0.8201604903229832,
        "num(pathline)": 0.8050657668483123,
        "min(distant)": 0.3696339792629928
    },
    "member5": {
        "max(u)": 0.5705016255799381,
        "max(v)": 0.7377324313366502,
        "max(length)": 0.8201604903229832,
        "num(pathline)": 0.8050657668483123,
        "min(distant)": 0.3696339792629928
    },
    "member6": {
        "max(u)": 0.5705016255799381,
        "max(v)": 0.7377324313366502,
        "max(length)": 0.8201604903229832,
        "num(pathline)": 0.8050657668483123,
        "min(distant)": 0.3696339792629928
    },
    "member7": {
        "max(u)": 0.5705016255799381,
        "max(v)": 0.7377324313366502,
        "max(length)": 0.8201604903229832,
        "num(pathline)": 0.8050657668483123,
        "min(distant)": 0.3696339792629928
    },
    "member8": {
        "max(u)": 0.5705016255799381,
        "max(v)": 0.7377324313366502,
        "max(length)": 0.8201604903229832,
        "num(pathline)": 0.8050657668483123,
        "min(distant)": 0.3696339792629928
    },
    "member9": {
        "max(u)": 0.5705016255799381,
        "max(v)": 0.7377324313366502,
        "max(length)": 0.8201604903229832,
        "num(pathline)": 0.8050657668483123,
        "min(distant)": 0.3696339792629928
    },
    "member10": {
        "max(u)": 0.5705016255799381,
        "max(v)": 0.7377324313366502,
        "max(length)": 0.8201604903229832,
        "num(pathline)": 0.8050657668483123,
        "min(distant)": 0.3696339792629928
    },
    "member11": {
        "max(u)": 0.5705016255799381,
        "max(v)": 0.7377324313366502,
        "max(length)": 0.8201604903229832,
        "num(pathline)": 0.8050657668483123,
        "min(distant)": 0.3696339792629928
    },
    "member12": {
        "max(u)": 0.5705016255799381,
        "max(v)": 0.7377324313366502,
        "max(length)": 0.8201604903229832,
        "num(pathline)": 0.8050657668483123,
        "min(distant)": 0.3696339792629928
    },
    "member13": {
        "max(u)": 0.5705016255799381,
        "max(v)": 0.7377324313366502,
        "max(length)": 0.8201604903229832,
        "num(pathline)": 0.8050657668483123,
        "min(distant)": 0.3696339792629928
    },
    "member14": {
        "max(u)": 0.5705016255799381,
        "max(v)": 0.7377324313366502,
        "max(length)": 0.8201604903229832,
        "num(pathline)": 0.8050657668483123,
        "min(distant)": 0.3696339792629928
    },
    "member15": {
        "max(u)": 0.5705016255799381,
        "max(v)": 0.7377324313366502,
        "max(length)": 0.8201604903229832,
        "num(pathline)": 0.8050657668483123,
        "min(distant)": 0.3696339792629928
    },
    "member16": {
        "max(u)": 0.5705016255799381,
        "max(v)": 0.7377324313366502,
        "max(length)": 0.8201604903229832,
        "num(pathline)": 0.8050657668483123,
        "min(distant)": 0.3696339792629928
    },
    "member17": {
        "max(u)": 0.5705016255799381,
        "max(v)": 0.7377324313366502,
        "max(length)": 0.8201604903229832,
        "num(pathline)": 0.8050657668483123,
        "min(distant)": 0.3696339792629928
    },
    "member18": {
        "max(u)": 0.5705016255799381,
        "max(v)": 0.7377324313366502,
        "max(length)": 0.8201604903229832,
        "num(pathline)": 0.8050657668483123,
        "min(distant)": 0.3696339792629928
    },
    "member19": {
        "max(u)": 0.5705016255799381,
        "max(v)": 0.7377324313366502,
        "max(length)": 0.8201604903229832,
        "num(pathline)": 0.8050657668483123,
        "min(distant)": 0.3696339792629928
    },
    "member20": {
        "max(u)": 0.5705016255799381,
        "max(v)": 0.7377324313366502,
        "max(length)": 0.8201604903229832,
        "num(pathline)": 0.8050657668483123,
        "min(distant)": 0.3696339792629928
    }
}