{
    "member1": {
        "max(u)": 0.45091586252516613,
        "max(v)": 0.9939657240627771,
        "max(length)": 0.6970588257982202,
        "num(pathline)": 0.24331004190070105,
        "min(distant)": 0.6405000874186281
    },
    "member2": {
        "max(u)": 0.45091586252516613,
        "max(v)": 0.9939657240627771,
        "max(length)": 0.6970588257982202,
        "num(pathline)": 0.24331004190070105,
        "min(distant)": 0.6405000874186281
    },
    "member3": {
        "max(u)": 0.45091586252516613,
        "max(v)": 0.9939657240627771,
        "max(length)": 0.6970588257982202,
        "num(pathline)": 0.24331004190070105,
        "min(distant)": 0.6405000874186281
    },
    "member4": {
        "max(u)": 0.45091586252516613,
        "max(v)": 0.9939657240627771,
        "max(length)": 0.6970588257982202,
        "num(pathline)": 0.24331004190070105,
        "min(distant)": 0.6405000874186281
    },
    "member5": {
        "max(u)": 0.45091586252516613,
        "max(v)": 0.9939657240627771,
        "max(length)": 0.6970588257982202,
        "num(pathline)": 0.24331004190070105,
        "min(distant)": 0.6405000874186281
    },
    "member6": {
        "max(u)": 0.45091586252516613,
        "max(v)": 0.9939657240627771,
        "max(length)": 0.6970588257982202,
        "num(pathline)": 0.24331004190070105,
        "min(distant)": 0.6405000874186281
    },
    "member7": {
        "max(u)": 0.45091586252516613,
        "max(v)": 0.9939657240627771,
        "max(length)": 0.6970588257982202,
        "num(pathline)": 0.24331004190070105,
        "min(distant)": 0.6405000874186281
    },
    "member8": {
        "max(u)": 0.45091586252516613,
        "max(v)": 0.9939657240627771,
        "max(length)": 0.6970588257982202,
        "num(pathline)": 0.24331004190070105,
        "min(distant)": 0.6405000874186281
    },
    "member9": {
        "max(u)": 0.45091586252516613,
        "max(v)": 0.9939657240627771,
        "max(length)": 0.6970588257982202,
        "num(pathline)": 0.24331004190070105,
        "min(distant)": 0.6405000874186281
    },
    "member10": {
        "max(u)": 0.45091586252516613,
        "max(v)": 0.9939657240627771,
        "max(length)": 0.6970588257982202,
        "num(pathline)": 0.24331004190070105,
        "min(distant)": 0.6405000874186281
    },
    "member11": {
        "max(u)": 0.45091586252516613,
        "max(v)": 0.9939657240627771,
        "max(length)": 0.6970588257982202,
        "num(pathline)": 0.24331004190070105,
        "min(distant)": 0.6405000874186281
    },
    "member12": {
        "max(u)": 0.45091586252516613,
        "max(v)": 0.9939657240627771,
        "max(length)": 0.6970588257982202,
        "num(pathline)": 0.24331004190070105,
        "min(distant)": 0.6405000874186281
    },
    "member13": {
        "max(u)": 0.45091586252516613,
        "max(v)": 0.9939657240627771,
        "max(length)": 0.6970588257982202,
        "num(pathline)": 0.24331004190070105,
        "min(distant)": 0.6405000874186281
    },
    "member14": {
        "max(u)": 0.45091586252516613,
        "max(v)": 0.9939657240627771,
        "max(length)": 0.6970588257982202,
        "num(pathline)": 0.24331004190070105,
        "min(distant)": 0.6405000874186281
    },
    "member15": {
        "max(u)": 0.45091586252516613,
        "max(v)": 0.9939657240627771,
        "max(length)": 0.6970588257982202,
        "num(pathline)": 0.24331004190070105,
        "min(distant)": 0.6405000874186281
    },
    "member16": {
        "max(u)": 0.45091586252516613,
        "max(v)": 0.9939657240627771,
        "max(length)": 0.6970588257982202,
        "num(pathline)": 0.24331004190070105,
        "min(distant)": 0.6405000874186281
    },
    "member17": {
        "max(u)": 0.45091586252516613,
        "max(v)": 0.9939657240627771,
        "max(length)": 0.6970588257982202,
        "num(pathline)": 0.24331004190070105,
        "min(distant)": 0.6405000874186281
    },
    "member18": {
        "max(u)": 0.45091586252516613,
        "max(v)": 0.9939657240627771,
        "max(length)": 0.6970588257982202,
        "num(pathline)": 0.24331004190070105,
        "min(distant)": 0.6405000874186281
    },
    "member19": {
        "max(u)": 0.45091586252516613,
        "max(v)": 0.9939657240627771,
        "max(length)": 0.6970588257982202,
        "num(pathline)": 0.24331004190070105,
        "min(distant)": 0.6405000874186281
    },
    "member20": {
        "max(u)": 0.45091586252516613,
        "max(v)": 0.9939657240627771,
        "max(length)": 0.6970588257982202,
        "num(pathline)": 0.24331004190070105,
        "min(distant)": 0.6405000874186281
    }
}