{
    "member1": {
        "max(u)": 0.15562722289969144,
        "max(v)": 0.5216914691977126,
        "max(length)": 0.3474861363110502,
        "num(pathline)": 0.9924024333738429,
        "min(distant)": 0.2837602941318147
    },
    "member2": {
        "max(u)": 0.15562722289969144,
        "max(v)": 0.5216914691977126,
        "max(length)": 0.3474861363110502,
        "num(pathline)": 0.9924024333738429,
        "min(distant)": 0.2837602941318147
    },
    "member3": {
        "max(u)": 0.15562722289969144,
        "max(v)": 0.5216914691977126,
        "max(length)": 0.3474861363110502,
        "num(pathline)": 0.9924024333738429,
        "min(distant)": 0.2837602941318147
    },
    "member4": {
        "max(u)": 0.15562722289969144,
        "max(v)": 0.5216914691977126,
        "max(length)": 0.3474861363110502,
        "num(pathline)": 0.9924024333738429,
        "min(distant)": 0.2837602941318147
    },
    "member5": {
        "max(u)": 0.15562722289969144,
        "max(v)": 0.5216914691977126,
        "max(length)": 0.3474861363110502,
        "num(pathline)": 0.9924024333738429,
        "min(distant)": 0.2837602941318147
    },
    "member6": {
        "max(u)": 0.15562722289969144,
        "max(v)": 0.5216914691977126,
        "max(length)": 0.3474861363110502,
        "num(pathline)": 0.9924024333738429,
        "min(distant)": 0.2837602941318147
    },
    "member7": {
        "max(u)": 0.15562722289969144,
        "max(v)": 0.5216914691977126,
        "max(length)": 0.3474861363110502,
        "num(pathline)": 0.9924024333738429,
        "min(distant)": 0.2837602941318147
    },
    "member8": {
        "max(u)": 0.15562722289969144,
        "max(v)": 0.5216914691977126,
        "max(length)": 0.3474861363110502,
        "num(pathline)": 0.9924024333738429,
        "min(distant)": 0.2837602941318147
    },
    "member9": {
        "max(u)": 0.15562722289969144,
        "max(v)": 0.5216914691977126,
        "max(length)": 0.3474861363110502,
        "num(pathline)": 0.9924024333738429,
        "min(distant)": 0.2837602941318147
    },
    "member10": {
        "max(u)": 0.15562722289969144,
        "max(v)": 0.5216914691977126,
        "max(length)": 0.3474861363110502,
        "num(pathline)": 0.9924024333738429,
        "min(distant)": 0.2837602941318147
    },
    "member11": {
        "max(u)": 0.15562722289969144,
        "max(v)": 0.5216914691977126,
        "max(length)": 0.3474861363110502,
        "num(pathline)": 0.9924024333738429,
        "min(distant)": 0.2837602941318147
    },
    "member12": {
        "max(u)": 0.15562722289969144,
        "max(v)": 0.5216914691977126,
        "max(length)": 0.3474861363110502,
        "num(pathline)": 0.9924024333738429,
        "min(distant)": 0.2837602941318147
    },
    "member13": {
        "max(u)": 0.15562722289969144,
        "max(v)": 0.5216914691977126,
        "max(length)": 0.3474861363110502,
        "num(pathline)": 0.9924024333738429,
        "min(distant)": 0.2837602941318147
    },
    "member14": {
        "max(u)": 0.15562722289969144,
        "max(v)": 0.5216914691977126,
        "max(length)": 0.3474861363110502,
        "num(pathline)": 0.9924024333738429,
        "min(distant)": 0.2837602941318147
    },
    "member15": {
        "max(u)": 0.15562722289969144,
        "max(v)": 0.5216914691977126,
        "max(length)": 0.3474861363110502,
        "num(pathline)": 0.9924024333738429,
        "min(distant)": 0.2837602941318147
    },
    "member16": {
        "max(u)": 0.15562722289969144,
        "max(v)": 0.5216914691977126,
        "max(length)": 0.3474861363110502,
        "num(pathline)": 0.9924024333738429,
        "min(distant)": 0.2837602941318147
    },
    "member17": {
        "max(u)": 0.15562722289969144,
        "max(v)": 0.5216914691977126,
        "max(length)": 0.3474861363110502,
        "num(pathline)": 0.9924024333738429,
        "min(distant)": 0.2837602941318147
    },
    "member18": {
        "max(u)": 0.15562722289969144,
        "max(v)": 0.5216914691977126,
        "max(length)": 0.3474861363110502,
        "num(pathline)": 0.9924024333738429,
        "min(distant)": 0.2837602941318147
    },
    "member19": {
        "max(u)": 0.15562722289969144,
        "max(v)": 0.5216914691977126,
        "max(length)": 0.3474861363110502,
        "num(pathline)": 0.9924024333738429,
        "min(distant)": 0.2837602941318147
    },
    "member20": {
        "max(u)": 0.15562722289969144,
        "max(v)": 0.5216914691977126,
        "max(length)": 0.3474861363110502,
        "num(pathline)": 0.9924024333738429,
        "min(distant)": 0.2837602941318147
    }
}