{
    "member1": {
        "max(u)": 0.8219431869638361,
        "max(v)": 0.433715269342433,
        "max(length)": 0.8671254280049371,
        "num(pathline)": 0.59698698129058,
        "min(distant)": 0.3000695231898557
    },
    "member2": {
        "max(u)": 0.8219431869638361,
        "max(v)": 0.433715269342433,
        "max(length)": 0.8671254280049371,
        "num(pathline)": 0.59698698129058,
        "min(distant)": 0.3000695231898557
    },
    "member3": {
        "max(u)": 0.8219431869638361,
        "max(v)": 0.433715269342433,
        "max(length)": 0.8671254280049371,
        "num(pathline)": 0.59698698129058,
        "min(distant)": 0.3000695231898557
    },
    "member4": {
        "max(u)": 0.8219431869638361,
        "max(v)": 0.433715269342433,
        "max(length)": 0.8671254280049371,
        "num(pathline)": 0.59698698129058,
        "min(distant)": 0.3000695231898557
    },
    "member5": {
        "max(u)": 0.8219431869638361,
        "max(v)": 0.433715269342433,
        "max(length)": 0.8671254280049371,
        "num(pathline)": 0.59698698129058,
        "min(distant)": 0.3000695231898557
    },
    "member6": {
        "max(u)": 0.8219431869638361,
        "max(v)": 0.433715269342433,
        "max(length)": 0.8671254280049371,
        "num(pathline)": 0.59698698129058,
        "min(distant)": 0.3000695231898557
    },
    "member7": {
        "max(u)": 0.8219431869638361,
        "max(v)": 0.433715269342433,
        "max(length)": 0.8671254280049371,
        "num(pathline)": 0.59698698129058,
        "min(distant)": 0.3000695231898557
    },
    "member8": {
        "max(u)": 0.8219431869638361,
        "max(v)": 0.433715269342433,
        "max(length)": 0.8671254280049371,
        "num(pathline)": 0.59698698129058,
        "min(distant)": 0.3000695231898557
    },
    "member9": {
        "max(u)": 0.8219431869638361,
        "max(v)": 0.433715269342433,
        "max(length)": 0.8671254280049371,
        "num(pathline)": 0.59698698129058,
        "min(distant)": 0.3000695231898557
    },
    "member10": {
        "max(u)": 0.8219431869638361,
        "max(v)": 0.433715269342433,
        "max(length)": 0.8671254280049371,
        "num(pathline)": 0.59698698129058,
        "min(distant)": 0.3000695231898557
    },
    "member11": {
        "max(u)": 0.8219431869638361,
        "max(v)": 0.433715269342433,
        "max(length)": 0.8671254280049371,
        "num(pathline)": 0.59698698129058,
        "min(distant)": 0.3000695231898557
    },
    "member12": {
        "max(u)": 0.8219431869638361,
        "max(v)": 0.433715269342433,
        "max(length)": 0.8671254280049371,
        "num(pathline)": 0.59698698129058,
        "min(distant)": 0.3000695231898557
    },
    "member13": {
        "max(u)": 0.8219431869638361,
        "max(v)": 0.433715269342433,
        "max(length)": 0.8671254280049371,
        "num(pathline)": 0.59698698129058,
        "min(distant)": 0.3000695231898557
    },
    "member14": {
        "max(u)": 0.8219431869638361,
        "max(v)": 0.433715269342433,
        "max(length)": 0.8671254280049371,
        "num(pathline)": 0.59698698129058,
        "min(distant)": 0.3000695231898557
    },
    "member15": {
        "max(u)": 0.8219431869638361,
        "max(v)": 0.433715269342433,
        "max(length)": 0.8671254280049371,
        "num(pathline)": 0.59698698129058,
        "min(distant)": 0.3000695231898557
    },
    "member16": {
        "max(u)": 0.8219431869638361,
        "max(v)": 0.433715269342433,
        "max(length)": 0.8671254280049371,
        "num(pathline)": 0.59698698129058,
        "min(distant)": 0.3000695231898557
    },
    "member17": {
        "max(u)": 0.8219431869638361,
        "max(v)": 0.433715269342433,
        "max(length)": 0.8671254280049371,
        "num(pathline)": 0.59698698129058,
        "min(distant)": 0.3000695231898557
    },
    "member18": {
        "max(u)": 0.8219431869638361,
        "max(v)": 0.433715269342433,
        "max(length)": 0.8671254280049371,
        "num(pathline)": 0.59698698129058,
        "min(distant)": 0.3000695231898557
    },
    "member19": {
        "max(u)": 0.8219431869638361,
        "max(v)": 0.433715269342433,
        "max(length)": 0.8671254280049371,
        "num(pathline)": 0.59698698129058,
        "min(distant)": 0.3000695231898557
    },
    "member20": {
        "max(u)": 0.8219431869638361,
        "max(v)": 0.433715269342433,
        "max(length)": 0.8671254280049371,
        "num(pathline)": 0.59698698129058,
        "min(distant)": 0.3000695231898557
    }
}