{
    "member1": {
        "max(u)": 0.2519589688009969,
        "max(v)": 0.9180401398275397,
        "max(length)": 0.2934035525292441,
        "num(pathline)": 0.6403566582510059,
        "min(distant)": 0.5212685071194625
    },
    "member2": {
        "max(u)": 0.2519589688009969,
        "max(v)": 0.9180401398275397,
        "max(length)": 0.2934035525292441,
        "num(pathline)": 0.6403566582510059,
        "min(distant)": 0.5212685071194625
    },
    "member3": {
        "max(u)": 0.2519589688009969,
        "max(v)": 0.9180401398275397,
        "max(length)": 0.2934035525292441,
        "num(pathline)": 0.6403566582510059,
        "min(distant)": 0.5212685071194625
    },
    "member4": {
        "max(u)": 0.2519589688009969,
        "max(v)": 0.9180401398275397,
        "max(length)": 0.2934035525292441,
        "num(pathline)": 0.6403566582510059,
        "min(distant)": 0.5212685071194625
    },
    "member5": {
        "max(u)": 0.2519589688009969,
        "max(v)": 0.9180401398275397,
        "max(length)": 0.2934035525292441,
        "num(pathline)": 0.6403566582510059,
        "min(distant)": 0.5212685071194625
    },
    "member6": {
        "max(u)": 0.2519589688009969,
        "max(v)": 0.9180401398275397,
        "max(length)": 0.2934035525292441,
        "num(pathline)": 0.6403566582510059,
        "min(distant)": 0.5212685071194625
    },
    "member7": {
        "max(u)": 0.2519589688009969,
        "max(v)": 0.9180401398275397,
        "max(length)": 0.2934035525292441,
        "num(pathline)": 0.6403566582510059,
        "min(distant)": 0.5212685071194625
    },
    "member8": {
        "max(u)": 0.2519589688009969,
        "max(v)": 0.9180401398275397,
        "max(length)": 0.2934035525292441,
        "num(pathline)": 0.6403566582510059,
        "min(distant)": 0.5212685071194625
    },
    "member9": {
        "max(u)": 0.2519589688009969,
        "max(v)": 0.9180401398275397,
        "max(length)": 0.2934035525292441,
        "num(pathline)": 0.6403566582510059,
        "min(distant)": 0.5212685071194625
    },
    "member10": {
        "max(u)": 0.2519589688009969,
        "max(v)": 0.9180401398275397,
        "max(length)": 0.2934035525292441,
        "num(pathline)": 0.6403566582510059,
        "min(distant)": 0.5212685071194625
    },
    "member11": {
        "max(u)": 0.2519589688009969,
        "max(v)": 0.9180401398275397,
        "max(length)": 0.2934035525292441,
        "num(pathline)": 0.6403566582510059,
        "min(distant)": 0.5212685071194625
    },
    "member12": {
        "max(u)": 0.2519589688009969,
        "max(v)": 0.9180401398275397,
        "max(length)": 0.2934035525292441,
        "num(pathline)": 0.6403566582510059,
        "min(distant)": 0.5212685071194625
    },
    "member13": {
        "max(u)": 0.2519589688009969,
        "max(v)": 0.9180401398275397,
        "max(length)": 0.2934035525292441,
        "num(pathline)": 0.6403566582510059,
        "min(distant)": 0.5212685071194625
    },
    "member14": {
        "max(u)": 0.2519589688009969,
        "max(v)": 0.9180401398275397,
        "max(length)": 0.2934035525292441,
        "num(pathline)": 0.6403566582510059,
        "min(distant)": 0.5212685071194625
    },
    "member15": {
        "max(u)": 0.2519589688009969,
        "max(v)": 0.9180401398275397,
        "max(length)": 0.2934035525292441,
        "num(pathline)": 0.6403566582510059,
        "min(distant)": 0.5212685071194625
    },
    "member16": {
        "max(u)": 0.2519589688009969,
        "max(v)": 0.9180401398275397,
        "max(length)": 0.2934035525292441,
        "num(pathline)": 0.6403566582510059,
        "min(distant)": 0.5212685071194625
    },
    "member17": {
        "max(u)": 0.2519589688009969,
        "max(v)": 0.9180401398275397,
        "max(length)": 0.2934035525292441,
        "num(pathline)": 0.6403566582510059,
        "min(distant)": 0.5212685071194625
    },
    "member18": {
        "max(u)": 0.2519589688009969,
        "max(v)": 0.9180401398275397,
        "max(length)": 0.2934035525292441,
        "num(pathline)": 0.6403566582510059,
        "min(distant)": 0.5212685071194625
    },
    "member19": {
        "max(u)": 0.2519589688009969,
        "max(v)": 0.9180401398275397,
        "max(length)": 0.2934035525292441,
        "num(pathline)": 0.6403566582510059,
        "min(distant)": 0.5212685071194625
    },
    "member20": {
        "max(u)": 0.2519589688009969,
        "max(v)": 0.9180401398275397,
        "max(length)": 0.2934035525292441,
        "num(pathline)": 0.6403566582510059,
        "min(distant)": 0.5212685071194625
    }
}