{
    "member1": {
        "max(u)": 0.5110024519474874,
        "max(v)": 0.2930557003106915,
        "max(length)": 0.2578622718130432,
        "num(pathline)": 0.15489159111418327,
        "min(distant)": 0.5274914495550734
    },
    "member2": {
        "max(u)": 0.5110024519474874,
        "max(v)": 0.2930557003106915,
        "max(length)": 0.2578622718130432,
        "num(pathline)": 0.15489159111418327,
        "min(distant)": 0.5274914495550734
    },
    "member3": {
        "max(u)": 0.5110024519474874,
        "max(v)": 0.2930557003106915,
        "max(length)": 0.2578622718130432,
        "num(pathline)": 0.15489159111418327,
        "min(distant)": 0.5274914495550734
    },
    "member4": {
        "max(u)": 0.5110024519474874,
        "max(v)": 0.2930557003106915,
        "max(length)": 0.2578622718130432,
        "num(pathline)": 0.15489159111418327,
        "min(distant)": 0.5274914495550734
    },
    "member5": {
        "max(u)": 0.5110024519474874,
        "max(v)": 0.2930557003106915,
        "max(length)": 0.2578622718130432,
        "num(pathline)": 0.15489159111418327,
        "min(distant)": 0.5274914495550734
    },
    "member6": {
        "max(u)": 0.5110024519474874,
        "max(v)": 0.2930557003106915,
        "max(length)": 0.2578622718130432,
        "num(pathline)": 0.15489159111418327,
        "min(distant)": 0.5274914495550734
    },
    "member7": {
        "max(u)": 0.5110024519474874,
        "max(v)": 0.2930557003106915,
        "max(length)": 0.2578622718130432,
        "num(pathline)": 0.15489159111418327,
        "min(distant)": 0.5274914495550734
    },
    "member8": {
        "max(u)": 0.5110024519474874,
        "max(v)": 0.2930557003106915,
        "max(length)": 0.2578622718130432,
        "num(pathline)": 0.15489159111418327,
        "min(distant)": 0.5274914495550734
    },
    "member9": {
        "max(u)": 0.5110024519474874,
        "max(v)": 0.2930557003106915,
        "max(length)": 0.2578622718130432,
        "num(pathline)": 0.15489159111418327,
        "min(distant)": 0.5274914495550734
    },
    "member10": {
        "max(u)": 0.5110024519474874,
        "max(v)": 0.2930557003106915,
        "max(length)": 0.2578622718130432,
        "num(pathline)": 0.15489159111418327,
        "min(distant)": 0.5274914495550734
    },
    "member11": {
        "max(u)": 0.5110024519474874,
        "max(v)": 0.2930557003106915,
        "max(length)": 0.2578622718130432,
        "num(pathline)": 0.15489159111418327,
        "min(distant)": 0.5274914495550734
    },
    "member12": {
        "max(u)": 0.5110024519474874,
        "max(v)": 0.2930557003106915,
        "max(length)": 0.2578622718130432,
        "num(pathline)": 0.15489159111418327,
        "min(distant)": 0.5274914495550734
    },
    "member13": {
        "max(u)": 0.5110024519474874,
        "max(v)": 0.2930557003106915,
        "max(length)": 0.2578622718130432,
        "num(pathline)": 0.15489159111418327,
        "min(distant)": 0.5274914495550734
    },
    "member14": {
        "max(u)": 0.5110024519474874,
        "max(v)": 0.2930557003106915,
        "max(length)": 0.2578622718130432,
        "num(pathline)": 0.15489159111418327,
        "min(distant)": 0.5274914495550734
    },
    "member15": {
        "max(u)": 0.5110024519474874,
        "max(v)": 0.2930557003106915,
        "max(length)": 0.2578622718130432,
        "num(pathline)": 0.15489159111418327,
        "min(distant)": 0.5274914495550734
    },
    "member16": {
        "max(u)": 0.5110024519474874,
        "max(v)": 0.2930557003106915,
        "max(length)": 0.2578622718130432,
        "num(pathline)": 0.15489159111418327,
        "min(distant)": 0.5274914495550734
    },
    "member17": {
        "max(u)": 0.5110024519474874,
        "max(v)": 0.2930557003106915,
        "max(length)": 0.2578622718130432,
        "num(pathline)": 0.15489159111418327,
        "min(distant)": 0.5274914495550734
    },
    "member18": {
        "max(u)": 0.5110024519474874,
        "max(v)": 0.2930557003106915,
        "max(length)": 0.2578622718130432,
        "num(pathline)": 0.15489159111418327,
        "min(distant)": 0.5274914495550734
    },
    "member19": {
        "max(u)": 0.5110024519474874,
        "max(v)": 0.2930557003106915,
        "max(length)": 0.2578622718130432,
        "num(pathline)": 0.15489159111418327,
        "min(distant)": 0.5274914495550734
    },
    "member20": {
        "max(u)": 0.5110024519474874,
        "max(v)": 0.2930557003106915,
        "max(length)": 0.2578622718130432,
        "num(pathline)": 0.15489159111418327,
        "min(distant)": 0.5274914495550734
    }
}