{
    "member1": {
        "max(u)": 0.7080077631847009,
        "max(v)": 0.9687006002945687,
        "max(length)": 0.47814257469680976,
        "num(pathline)": 0.49780065775308624,
        "min(distant)": 0.7945693006528485
    },
    "member2": {
        "max(u)": 0.7080077631847009,
        "max(v)": 0.9687006002945687,
        "max(length)": 0.47814257469680976,
        "num(pathline)": 0.49780065775308624,
        "min(distant)": 0.7945693006528485
    },
    "member3": {
        "max(u)": 0.7080077631847009,
        "max(v)": 0.9687006002945687,
        "max(length)": 0.47814257469680976,
        "num(pathline)": 0.49780065775308624,
        "min(distant)": 0.7945693006528485
    },
    "member4": {
        "max(u)": 0.7080077631847009,
        "max(v)": 0.9687006002945687,
        "max(length)": 0.47814257469680976,
        "num(pathline)": 0.49780065775308624,
        "min(distant)": 0.7945693006528485
    },
    "member5": {
        "max(u)": 0.7080077631847009,
        "max(v)": 0.9687006002945687,
        "max(length)": 0.47814257469680976,
        "num(pathline)": 0.49780065775308624,
        "min(distant)": 0.7945693006528485
    },
    "member6": {
        "max(u)": 0.7080077631847009,
        "max(v)": 0.9687006002945687,
        "max(length)": 0.47814257469680976,
        "num(pathline)": 0.49780065775308624,
        "min(distant)": 0.7945693006528485
    },
    "member7": {
        "max(u)": 0.7080077631847009,
        "max(v)": 0.9687006002945687,
        "max(length)": 0.47814257469680976,
        "num(pathline)": 0.49780065775308624,
        "min(distant)": 0.7945693006528485
    },
    "member8": {
        "max(u)": 0.7080077631847009,
        "max(v)": 0.9687006002945687,
        "max(length)": 0.47814257469680976,
        "num(pathline)": 0.49780065775308624,
        "min(distant)": 0.7945693006528485
    },
    "member9": {
        "max(u)": 0.7080077631847009,
        "max(v)": 0.9687006002945687,
        "max(length)": 0.47814257469680976,
        "num(pathline)": 0.49780065775308624,
        "min(distant)": 0.7945693006528485
    },
    "member10": {
        "max(u)": 0.7080077631847009,
        "max(v)": 0.9687006002945687,
        "max(length)": 0.47814257469680976,
        "num(pathline)": 0.49780065775308624,
        "min(distant)": 0.7945693006528485
    },
    "member11": {
        "max(u)": 0.7080077631847009,
        "max(v)": 0.9687006002945687,
        "max(length)": 0.47814257469680976,
        "num(pathline)": 0.49780065775308624,
        "min(distant)": 0.7945693006528485
    },
    "member12": {
        "max(u)": 0.7080077631847009,
        "max(v)": 0.9687006002945687,
        "max(length)": 0.47814257469680976,
        "num(pathline)": 0.49780065775308624,
        "min(distant)": 0.7945693006528485
    },
    "member13": {
        "max(u)": 0.7080077631847009,
        "max(v)": 0.9687006002945687,
        "max(length)": 0.47814257469680976,
        "num(pathline)": 0.49780065775308624,
        "min(distant)": 0.7945693006528485
    },
    "member14": {
        "max(u)": 0.7080077631847009,
        "max(v)": 0.9687006002945687,
        "max(length)": 0.47814257469680976,
        "num(pathline)": 0.49780065775308624,
        "min(distant)": 0.7945693006528485
    },
    "member15": {
        "max(u)": 0.7080077631847009,
        "max(v)": 0.9687006002945687,
        "max(length)": 0.47814257469680976,
        "num(pathline)": 0.49780065775308624,
        "min(distant)": 0.7945693006528485
    },
    "member16": {
        "max(u)": 0.7080077631847009,
        "max(v)": 0.9687006002945687,
        "max(length)": 0.47814257469680976,
        "num(pathline)": 0.49780065775308624,
        "min(distant)": 0.7945693006528485
    },
    "member17": {
        "max(u)": 0.7080077631847009,
        "max(v)": 0.9687006002945687,
        "max(length)": 0.47814257469680976,
        "num(pathline)": 0.49780065775308624,
        "min(distant)": 0.7945693006528485
    },
    "member18": {
        "max(u)": 0.7080077631847009,
        "max(v)": 0.9687006002945687,
        "max(length)": 0.47814257469680976,
        "num(pathline)": 0.49780065775308624,
        "min(distant)": 0.7945693006528485
    },
    "member19": {
        "max(u)": 0.7080077631847009,
        "max(v)": 0.9687006002945687,
        "max(length)": 0.47814257469680976,
        "num(pathline)": 0.49780065775308624,
        "min(distant)": 0.7945693006528485
    },
    "member20": {
        "max(u)": 0.7080077631847009,
        "max(v)": 0.9687006002945687,
        "max(length)": 0.47814257469680976,
        "num(pathline)": 0.49780065775308624,
        "min(distant)": 0.7945693006528485
    }
}