{
    "member1": {
        "max(u)": 0.8134394750016354,
        "max(v)": 0.9855225738649429,
        "max(length)": 0.6831235383216364,
        "num(pathline)": 0.7156238252605754,
        "min(distant)": 0.14574324490677337
    },
    "member2": {
        "max(u)": 0.8134394750016354,
        "max(v)": 0.9855225738649429,
        "max(length)": 0.6831235383216364,
        "num(pathline)": 0.7156238252605754,
        "min(distant)": 0.14574324490677337
    },
    "member3": {
        "max(u)": 0.8134394750016354,
        "max(v)": 0.9855225738649429,
        "max(length)": 0.6831235383216364,
        "num(pathline)": 0.7156238252605754,
        "min(distant)": 0.14574324490677337
    },
    "member4": {
        "max(u)": 0.8134394750016354,
        "max(v)": 0.9855225738649429,
        "max(length)": 0.6831235383216364,
        "num(pathline)": 0.7156238252605754,
        "min(distant)": 0.14574324490677337
    },
    "member5": {
        "max(u)": 0.8134394750016354,
        "max(v)": 0.9855225738649429,
        "max(length)": 0.6831235383216364,
        "num(pathline)": 0.7156238252605754,
        "min(distant)": 0.14574324490677337
    },
    "member6": {
        "max(u)": 0.8134394750016354,
        "max(v)": 0.9855225738649429,
        "max(length)": 0.6831235383216364,
        "num(pathline)": 0.7156238252605754,
        "min(distant)": 0.14574324490677337
    },
    "member7": {
        "max(u)": 0.8134394750016354,
        "max(v)": 0.9855225738649429,
        "max(length)": 0.6831235383216364,
        "num(pathline)": 0.7156238252605754,
        "min(distant)": 0.14574324490677337
    },
    "member8": {
        "max(u)": 0.8134394750016354,
        "max(v)": 0.9855225738649429,
        "max(length)": 0.6831235383216364,
        "num(pathline)": 0.7156238252605754,
        "min(distant)": 0.14574324490677337
    },
    "member9": {
        "max(u)": 0.8134394750016354,
        "max(v)": 0.9855225738649429,
        "max(length)": 0.6831235383216364,
        "num(pathline)": 0.7156238252605754,
        "min(distant)": 0.14574324490677337
    },
    "member10": {
        "max(u)": 0.8134394750016354,
        "max(v)": 0.9855225738649429,
        "max(length)": 0.6831235383216364,
        "num(pathline)": 0.7156238252605754,
        "min(distant)": 0.14574324490677337
    },
    "member11": {
        "max(u)": 0.8134394750016354,
        "max(v)": 0.9855225738649429,
        "max(length)": 0.6831235383216364,
        "num(pathline)": 0.7156238252605754,
        "min(distant)": 0.14574324490677337
    },
    "member12": {
        "max(u)": 0.8134394750016354,
        "max(v)": 0.9855225738649429,
        "max(length)": 0.6831235383216364,
        "num(pathline)": 0.7156238252605754,
        "min(distant)": 0.14574324490677337
    },
    "member13": {
        "max(u)": 0.8134394750016354,
        "max(v)": 0.9855225738649429,
        "max(length)": 0.6831235383216364,
        "num(pathline)": 0.7156238252605754,
        "min(distant)": 0.14574324490677337
    },
    "member14": {
        "max(u)": 0.8134394750016354,
        "max(v)": 0.9855225738649429,
        "max(length)": 0.6831235383216364,
        "num(pathline)": 0.7156238252605754,
        "min(distant)": 0.14574324490677337
    },
    "member15": {
        "max(u)": 0.8134394750016354,
        "max(v)": 0.9855225738649429,
        "max(length)": 0.6831235383216364,
        "num(pathline)": 0.7156238252605754,
        "min(distant)": 0.14574324490677337
    },
    "member16": {
        "max(u)": 0.8134394750016354,
        "max(v)": 0.9855225738649429,
        "max(length)": 0.6831235383216364,
        "num(pathline)": 0.7156238252605754,
        "min(distant)": 0.14574324490677337
    },
    "member17": {
        "max(u)": 0.8134394750016354,
        "max(v)": 0.9855225738649429,
        "max(length)": 0.6831235383216364,
        "num(pathline)": 0.7156238252605754,
        "min(distant)": 0.14574324490677337
    },
    "member18": {
        "max(u)": 0.8134394750016354,
        "max(v)": 0.9855225738649429,
        "max(length)": 0.6831235383216364,
        "num(pathline)": 0.7156238252605754,
        "min(distant)": 0.14574324490677337
    },
    "member19": {
        "max(u)": 0.8134394750016354,
        "max(v)": 0.9855225738649429,
        "max(length)": 0.6831235383216364,
        "num(pathline)": 0.7156238252605754,
        "min(distant)": 0.14574324490677337
    },
    "member20": {
        "max(u)": 0.8134394750016354,
        "max(v)": 0.9855225738649429,
        "max(length)": 0.6831235383216364,
        "num(pathline)": 0.7156238252605754,
        "min(distant)": 0.14574324490677337
    }
}