{
    "member1": {
        "max(u)": 0.3430921766997702,
        "max(v)": 0.6334534024033003,
        "max(length)": 0.22029353164601562,
        "num(pathline)": 0.8253003437854535,
        "min(distant)": 0.12498594569612276
    },
    "member2": {
        "max(u)": 0.3430921766997702,
        "max(v)": 0.6334534024033003,
        "max(length)": 0.22029353164601562,
        "num(pathline)": 0.8253003437854535,
        "min(distant)": 0.12498594569612276
    },
    "member3": {
        "max(u)": 0.3430921766997702,
        "max(v)": 0.6334534024033003,
        "max(length)": 0.22029353164601562,
        "num(pathline)": 0.8253003437854535,
        "min(distant)": 0.12498594569612276
    },
    "member4": {
        "max(u)": 0.3430921766997702,
        "max(v)": 0.6334534024033003,
        "max(length)": 0.22029353164601562,
        "num(pathline)": 0.8253003437854535,
        "min(distant)": 0.12498594569612276
    },
    "member5": {
        "max(u)": 0.3430921766997702,
        "max(v)": 0.6334534024033003,
        "max(length)": 0.22029353164601562,
        "num(pathline)": 0.8253003437854535,
        "min(distant)": 0.12498594569612276
    },
    "member6": {
        "max(u)": 0.3430921766997702,
        "max(v)": 0.6334534024033003,
        "max(length)": 0.22029353164601562,
        "num(pathline)": 0.8253003437854535,
        "min(distant)": 0.12498594569612276
    },
    "member7": {
        "max(u)": 0.3430921766997702,
        "max(v)": 0.6334534024033003,
        "max(length)": 0.22029353164601562,
        "num(pathline)": 0.8253003437854535,
        "min(distant)": 0.12498594569612276
    },
    "member8": {
        "max(u)": 0.3430921766997702,
        "max(v)": 0.6334534024033003,
        "max(length)": 0.22029353164601562,
        "num(pathline)": 0.8253003437854535,
        "min(distant)": 0.12498594569612276
    },
    "member9": {
        "max(u)": 0.3430921766997702,
        "max(v)": 0.6334534024033003,
        "max(length)": 0.22029353164601562,
        "num(pathline)": 0.8253003437854535,
        "min(distant)": 0.12498594569612276
    },
    "member10": {
        "max(u)": 0.3430921766997702,
        "max(v)": 0.6334534024033003,
        "max(length)": 0.22029353164601562,
        "num(pathline)": 0.8253003437854535,
        "min(distant)": 0.12498594569612276
    },
    "member11": {
        "max(u)": 0.3430921766997702,
        "max(v)": 0.6334534024033003,
        "max(length)": 0.22029353164601562,
        "num(pathline)": 0.8253003437854535,
        "min(distant)": 0.12498594569612276
    },
    "member12": {
        "max(u)": 0.3430921766997702,
        "max(v)": 0.6334534024033003,
        "max(length)": 0.22029353164601562,
        "num(pathline)": 0.8253003437854535,
        "min(distant)": 0.12498594569612276
    },
    "member13": {
        "max(u)": 0.3430921766997702,
        "max(v)": 0.6334534024033003,
        "max(length)": 0.22029353164601562,
        "num(pathline)": 0.8253003437854535,
        "min(distant)": 0.12498594569612276
    },
    "member14": {
        "max(u)": 0.3430921766997702,
        "max(v)": 0.6334534024033003,
        "max(length)": 0.22029353164601562,
        "num(pathline)": 0.8253003437854535,
        "min(distant)": 0.12498594569612276
    },
    "member15": {
        "max(u)": 0.3430921766997702,
        "max(v)": 0.6334534024033003,
        "max(length)": 0.22029353164601562,
        "num(pathline)": 0.8253003437854535,
        "min(distant)": 0.12498594569612276
    },
    "member16": {
        "max(u)": 0.3430921766997702,
        "max(v)": 0.6334534024033003,
        "max(length)": 0.22029353164601562,
        "num(pathline)": 0.8253003437854535,
        "min(distant)": 0.12498594569612276
    },
    "member17": {
        "max(u)": 0.3430921766997702,
        "max(v)": 0.6334534024033003,
        "max(length)": 0.22029353164601562,
        "num(pathline)": 0.8253003437854535,
        "min(distant)": 0.12498594569612276
    },
    "member18": {
        "max(u)": 0.3430921766997702,
        "max(v)": 0.6334534024033003,
        "max(length)": 0.22029353164601562,
        "num(pathline)": 0.8253003437854535,
        "min(distant)": 0.12498594569612276
    },
    "member19": {
        "max(u)": 0.3430921766997702,
        "max(v)": 0.6334534024033003,
        "max(length)": 0.22029353164601562,
        "num(pathline)": 0.8253003437854535,
        "min(distant)": 0.12498594569612276
    },
    "member20": {
        "max(u)": 0.3430921766997702,
        "max(v)": 0.6334534024033003,
        "max(length)": 0.22029353164601562,
        "num(pathline)": 0.8253003437854535,
        "min(distant)": 0.12498594569612276
    }
}