{
    "member1": {
        "max(u)": 0.34916644580093115,
        "max(v)": 0.862088099666088,
        "max(length)": 0.14516563507904712,
        "num(pathline)": 0.6539612028724924,
        "min(distant)": 0.7442529329751351
    },
    "member2": {
        "max(u)": 0.34916644580093115,
        "max(v)": 0.862088099666088,
        "max(length)": 0.14516563507904712,
        "num(pathline)": 0.6539612028724924,
        "min(distant)": 0.7442529329751351
    },
    "member3": {
        "max(u)": 0.34916644580093115,
        "max(v)": 0.862088099666088,
        "max(length)": 0.14516563507904712,
        "num(pathline)": 0.6539612028724924,
        "min(distant)": 0.7442529329751351
    },
    "member4": {
        "max(u)": 0.34916644580093115,
        "max(v)": 0.862088099666088,
        "max(length)": 0.14516563507904712,
        "num(pathline)": 0.6539612028724924,
        "min(distant)": 0.7442529329751351
    },
    "member5": {
        "max(u)": 0.34916644580093115,
        "max(v)": 0.862088099666088,
        "max(length)": 0.14516563507904712,
        "num(pathline)": 0.6539612028724924,
        "min(distant)": 0.7442529329751351
    },
    "member6": {
        "max(u)": 0.34916644580093115,
        "max(v)": 0.862088099666088,
        "max(length)": 0.14516563507904712,
        "num(pathline)": 0.6539612028724924,
        "min(distant)": 0.7442529329751351
    },
    "member7": {
        "max(u)": 0.34916644580093115,
        "max(v)": 0.862088099666088,
        "max(length)": 0.14516563507904712,
        "num(pathline)": 0.6539612028724924,
        "min(distant)": 0.7442529329751351
    },
    "member8": {
        "max(u)": 0.34916644580093115,
        "max(v)": 0.862088099666088,
        "max(length)": 0.14516563507904712,
        "num(pathline)": 0.6539612028724924,
        "min(distant)": 0.7442529329751351
    },
    "member9": {
        "max(u)": 0.34916644580093115,
        "max(v)": 0.862088099666088,
        "max(length)": 0.14516563507904712,
        "num(pathline)": 0.6539612028724924,
        "min(distant)": 0.7442529329751351
    },
    "member10": {
        "max(u)": 0.34916644580093115,
        "max(v)": 0.862088099666088,
        "max(length)": 0.14516563507904712,
        "num(pathline)": 0.6539612028724924,
        "min(distant)": 0.7442529329751351
    },
    "member11": {
        "max(u)": 0.34916644580093115,
        "max(v)": 0.862088099666088,
        "max(length)": 0.14516563507904712,
        "num(pathline)": 0.6539612028724924,
        "min(distant)": 0.7442529329751351
    },
    "member12": {
        "max(u)": 0.34916644580093115,
        "max(v)": 0.862088099666088,
        "max(length)": 0.14516563507904712,
        "num(pathline)": 0.6539612028724924,
        "min(distant)": 0.7442529329751351
    },
    "member13": {
        "max(u)": 0.34916644580093115,
        "max(v)": 0.862088099666088,
        "max(length)": 0.14516563507904712,
        "num(pathline)": 0.6539612028724924,
        "min(distant)": 0.7442529329751351
    },
    "member14": {
        "max(u)": 0.34916644580093115,
        "max(v)": 0.862088099666088,
        "max(length)": 0.14516563507904712,
        "num(pathline)": 0.6539612028724924,
        "min(distant)": 0.7442529329751351
    },
    "member15": {
        "max(u)": 0.34916644580093115,
        "max(v)": 0.862088099666088,
        "max(length)": 0.14516563507904712,
        "num(pathline)": 0.6539612028724924,
        "min(distant)": 0.7442529329751351
    },
    "member16": {
        "max(u)": 0.34916644580093115,
        "max(v)": 0.862088099666088,
        "max(length)": 0.14516563507904712,
        "num(pathline)": 0.6539612028724924,
        "min(distant)": 0.7442529329751351
    },
    "member17": {
        "max(u)": 0.34916644580093115,
        "max(v)": 0.862088099666088,
        "max(length)": 0.14516563507904712,
        "num(pathline)": 0.6539612028724924,
        "min(distant)": 0.7442529329751351
    },
    "member18": {
        "max(u)": 0.34916644580093115,
        "max(v)": 0.862088099666088,
        "max(length)": 0.14516563507904712,
        "num(pathline)": 0.6539612028724924,
        "min(distant)": 0.7442529329751351
    },
    "member19": {
        "max(u)": 0.34916644580093115,
        "max(v)": 0.862088099666088,
        "max(length)": 0.14516563507904712,
        "num(pathline)": 0.6539612028724924,
        "min(distant)": 0.7442529329751351
    },
    "member20": {
        "max(u)": 0.34916644580093115,
        "max(v)": 0.862088099666088,
        "max(length)": 0.14516563507904712,
        "num(pathline)": 0.6539612028724924,
        "min(distant)": 0.7442529329751351
    }
}