{
    "member1": {
        "max(u)": 0.0522513357095159,
        "max(v)": 0.2526037335738093,
        "max(length)": 0.24922407337456987,
        "num(pathline)": 0.8601761127477863,
        "min(distant)": 0.6199423516616743
    },
    "member2": {
        "max(u)": 0.0522513357095159,
        "max(v)": 0.2526037335738093,
        "max(length)": 0.24922407337456987,
        "num(pathline)": 0.8601761127477863,
        "min(distant)": 0.6199423516616743
    },
    "member3": {
        "max(u)": 0.0522513357095159,
        "max(v)": 0.2526037335738093,
        "max(length)": 0.24922407337456987,
        "num(pathline)": 0.8601761127477863,
        "min(distant)": 0.6199423516616743
    },
    "member4": {
        "max(u)": 0.0522513357095159,
        "max(v)": 0.2526037335738093,
        "max(length)": 0.24922407337456987,
        "num(pathline)": 0.8601761127477863,
        "min(distant)": 0.6199423516616743
    },
    "member5": {
        "max(u)": 0.0522513357095159,
        "max(v)": 0.2526037335738093,
        "max(length)": 0.24922407337456987,
        "num(pathline)": 0.8601761127477863,
        "min(distant)": 0.6199423516616743
    },
    "member6": {
        "max(u)": 0.0522513357095159,
        "max(v)": 0.2526037335738093,
        "max(length)": 0.24922407337456987,
        "num(pathline)": 0.8601761127477863,
        "min(distant)": 0.6199423516616743
    },
    "member7": {
        "max(u)": 0.0522513357095159,
        "max(v)": 0.2526037335738093,
        "max(length)": 0.24922407337456987,
        "num(pathline)": 0.8601761127477863,
        "min(distant)": 0.6199423516616743
    },
    "member8": {
        "max(u)": 0.0522513357095159,
        "max(v)": 0.2526037335738093,
        "max(length)": 0.24922407337456987,
        "num(pathline)": 0.8601761127477863,
        "min(distant)": 0.6199423516616743
    },
    "member9": {
        "max(u)": 0.0522513357095159,
        "max(v)": 0.2526037335738093,
        "max(length)": 0.24922407337456987,
        "num(pathline)": 0.8601761127477863,
        "min(distant)": 0.6199423516616743
    },
    "member10": {
        "max(u)": 0.0522513357095159,
        "max(v)": 0.2526037335738093,
        "max(length)": 0.24922407337456987,
        "num(pathline)": 0.8601761127477863,
        "min(distant)": 0.6199423516616743
    },
    "member11": {
        "max(u)": 0.0522513357095159,
        "max(v)": 0.2526037335738093,
        "max(length)": 0.24922407337456987,
        "num(pathline)": 0.8601761127477863,
        "min(distant)": 0.6199423516616743
    },
    "member12": {
        "max(u)": 0.0522513357095159,
        "max(v)": 0.2526037335738093,
        "max(length)": 0.24922407337456987,
        "num(pathline)": 0.8601761127477863,
        "min(distant)": 0.6199423516616743
    },
    "member13": {
        "max(u)": 0.0522513357095159,
        "max(v)": 0.2526037335738093,
        "max(length)": 0.24922407337456987,
        "num(pathline)": 0.8601761127477863,
        "min(distant)": 0.6199423516616743
    },
    "member14": {
        "max(u)": 0.0522513357095159,
        "max(v)": 0.2526037335738093,
        "max(length)": 0.24922407337456987,
        "num(pathline)": 0.8601761127477863,
        "min(distant)": 0.6199423516616743
    },
    "member15": {
        "max(u)": 0.0522513357095159,
        "max(v)": 0.2526037335738093,
        "max(length)": 0.24922407337456987,
        "num(pathline)": 0.8601761127477863,
        "min(distant)": 0.6199423516616743
    },
    "member16": {
        "max(u)": 0.0522513357095159,
        "max(v)": 0.2526037335738093,
        "max(length)": 0.24922407337456987,
        "num(pathline)": 0.8601761127477863,
        "min(distant)": 0.6199423516616743
    },
    "member17": {
        "max(u)": 0.0522513357095159,
        "max(v)": 0.2526037335738093,
        "max(length)": 0.24922407337456987,
        "num(pathline)": 0.8601761127477863,
        "min(distant)": 0.6199423516616743
    },
    "member18": {
        "max(u)": 0.0522513357095159,
        "max(v)": 0.2526037335738093,
        "max(length)": 0.24922407337456987,
        "num(pathline)": 0.8601761127477863,
        "min(distant)": 0.6199423516616743
    },
    "member19": {
        "max(u)": 0.0522513357095159,
        "max(v)": 0.2526037335738093,
        "max(length)": 0.24922407337456987,
        "num(pathline)": 0.8601761127477863,
        "min(distant)": 0.6199423516616743
    },
    "member20": {
        "max(u)": 0.0522513357095159,
        "max(v)": 0.2526037335738093,
        "max(length)": 0.24922407337456987,
        "num(pathline)": 0.8601761127477863,
        "min(distant)": 0.6199423516616743
    }
}