{
    "member1": {
        "max(u)": 0.7468276779278127,
        "max(v)": 0.20375408058746702,
        "max(length)": 0.8450871200639362,
        "num(pathline)": 0.8400182563053403,
        "min(distant)": 0.37422331079093174
    },
    "member2": {
        "max(u)": 0.7468276779278127,
        "max(v)": 0.20375408058746702,
        "max(length)": 0.8450871200639362,
        "num(pathline)": 0.8400182563053403,
        "min(distant)": 0.37422331079093174
    },
    "member3": {
        "max(u)": 0.7468276779278127,
        "max(v)": 0.20375408058746702,
        "max(length)": 0.8450871200639362,
        "num(pathline)": 0.8400182563053403,
        "min(distant)": 0.37422331079093174
    },
    "member4": {
        "max(u)": 0.7468276779278127,
        "max(v)": 0.20375408058746702,
        "max(length)": 0.8450871200639362,
        "num(pathline)": 0.8400182563053403,
        "min(distant)": 0.37422331079093174
    },
    "member5": {
        "max(u)": 0.7468276779278127,
        "max(v)": 0.20375408058746702,
        "max(length)": 0.8450871200639362,
        "num(pathline)": 0.8400182563053403,
        "min(distant)": 0.37422331079093174
    },
    "member6": {
        "max(u)": 0.7468276779278127,
        "max(v)": 0.20375408058746702,
        "max(length)": 0.8450871200639362,
        "num(pathline)": 0.8400182563053403,
        "min(distant)": 0.37422331079093174
    },
    "member7": {
        "max(u)": 0.7468276779278127,
        "max(v)": 0.20375408058746702,
        "max(length)": 0.8450871200639362,
        "num(pathline)": 0.8400182563053403,
        "min(distant)": 0.37422331079093174
    },
    "member8": {
        "max(u)": 0.7468276779278127,
        "max(v)": 0.20375408058746702,
        "max(length)": 0.8450871200639362,
        "num(pathline)": 0.8400182563053403,
        "min(distant)": 0.37422331079093174
    },
    "member9": {
        "max(u)": 0.7468276779278127,
        "max(v)": 0.20375408058746702,
        "max(length)": 0.8450871200639362,
        "num(pathline)": 0.8400182563053403,
        "min(distant)": 0.37422331079093174
    },
    "member10": {
        "max(u)": 0.7468276779278127,
        "max(v)": 0.20375408058746702,
        "max(length)": 0.8450871200639362,
        "num(pathline)": 0.8400182563053403,
        "min(distant)": 0.37422331079093174
    },
    "member11": {
        "max(u)": 0.7468276779278127,
        "max(v)": 0.20375408058746702,
        "max(length)": 0.8450871200639362,
        "num(pathline)": 0.8400182563053403,
        "min(distant)": 0.37422331079093174
    },
    "member12": {
        "max(u)": 0.7468276779278127,
        "max(v)": 0.20375408058746702,
        "max(length)": 0.8450871200639362,
        "num(pathline)": 0.8400182563053403,
        "min(distant)": 0.37422331079093174
    },
    "member13": {
        "max(u)": 0.7468276779278127,
        "max(v)": 0.20375408058746702,
        "max(length)": 0.8450871200639362,
        "num(pathline)": 0.8400182563053403,
        "min(distant)": 0.37422331079093174
    },
    "member14": {
        "max(u)": 0.7468276779278127,
        "max(v)": 0.20375408058746702,
        "max(length)": 0.8450871200639362,
        "num(pathline)": 0.8400182563053403,
        "min(distant)": 0.37422331079093174
    },
    "member15": {
        "max(u)": 0.7468276779278127,
        "max(v)": 0.20375408058746702,
        "max(length)": 0.8450871200639362,
        "num(pathline)": 0.8400182563053403,
        "min(distant)": 0.37422331079093174
    },
    "member16": {
        "max(u)": 0.7468276779278127,
        "max(v)": 0.20375408058746702,
        "max(length)": 0.8450871200639362,
        "num(pathline)": 0.8400182563053403,
        "min(distant)": 0.37422331079093174
    },
    "member17": {
        "max(u)": 0.7468276779278127,
        "max(v)": 0.20375408058746702,
        "max(length)": 0.8450871200639362,
        "num(pathline)": 0.8400182563053403,
        "min(distant)": 0.37422331079093174
    },
    "member18": {
        "max(u)": 0.7468276779278127,
        "max(v)": 0.20375408058746702,
        "max(length)": 0.8450871200639362,
        "num(pathline)": 0.8400182563053403,
        "min(distant)": 0.37422331079093174
    },
    "member19": {
        "max(u)": 0.7468276779278127,
        "max(v)": 0.20375408058746702,
        "max(length)": 0.8450871200639362,
        "num(pathline)": 0.8400182563053403,
        "min(distant)": 0.37422331079093174
    },
    "member20": {
        "max(u)": 0.7468276779278127,
        "max(v)": 0.20375408058746702,
        "max(length)": 0.8450871200639362,
        "num(pathline)": 0.8400182563053403,
        "min(distant)": 0.37422331079093174
    }
}