{
    "member1": {
        "max(u)": 0.7351806605944872,
        "max(v)": 0.46538504084922605,
        "max(length)": 0.033173426211465795,
        "num(pathline)": 0.47861246164694504,
        "min(distant)": 0.05179611661578354
    },
    "member2": {
        "max(u)": 0.7351806605944872,
        "max(v)": 0.46538504084922605,
        "max(length)": 0.033173426211465795,
        "num(pathline)": 0.47861246164694504,
        "min(distant)": 0.05179611661578354
    },
    "member3": {
        "max(u)": 0.7351806605944872,
        "max(v)": 0.46538504084922605,
        "max(length)": 0.033173426211465795,
        "num(pathline)": 0.47861246164694504,
        "min(distant)": 0.05179611661578354
    },
    "member4": {
        "max(u)": 0.7351806605944872,
        "max(v)": 0.46538504084922605,
        "max(length)": 0.033173426211465795,
        "num(pathline)": 0.47861246164694504,
        "min(distant)": 0.05179611661578354
    },
    "member5": {
        "max(u)": 0.7351806605944872,
        "max(v)": 0.46538504084922605,
        "max(length)": 0.033173426211465795,
        "num(pathline)": 0.47861246164694504,
        "min(distant)": 0.05179611661578354
    },
    "member6": {
        "max(u)": 0.7351806605944872,
        "max(v)": 0.46538504084922605,
        "max(length)": 0.033173426211465795,
        "num(pathline)": 0.47861246164694504,
        "min(distant)": 0.05179611661578354
    },
    "member7": {
        "max(u)": 0.7351806605944872,
        "max(v)": 0.46538504084922605,
        "max(length)": 0.033173426211465795,
        "num(pathline)": 0.47861246164694504,
        "min(distant)": 0.05179611661578354
    },
    "member8": {
        "max(u)": 0.7351806605944872,
        "max(v)": 0.46538504084922605,
        "max(length)": 0.033173426211465795,
        "num(pathline)": 0.47861246164694504,
        "min(distant)": 0.05179611661578354
    },
    "member9": {
        "max(u)": 0.7351806605944872,
        "max(v)": 0.46538504084922605,
        "max(length)": 0.033173426211465795,
        "num(pathline)": 0.47861246164694504,
        "min(distant)": 0.05179611661578354
    },
    "member10": {
        "max(u)": 0.7351806605944872,
        "max(v)": 0.46538504084922605,
        "max(length)": 0.033173426211465795,
        "num(pathline)": 0.47861246164694504,
        "min(distant)": 0.05179611661578354
    },
    "member11": {
        "max(u)": 0.7351806605944872,
        "max(v)": 0.46538504084922605,
        "max(length)": 0.033173426211465795,
        "num(pathline)": 0.47861246164694504,
        "min(distant)": 0.05179611661578354
    },
    "member12": {
        "max(u)": 0.7351806605944872,
        "max(v)": 0.46538504084922605,
        "max(length)": 0.033173426211465795,
        "num(pathline)": 0.47861246164694504,
        "min(distant)": 0.05179611661578354
    },
    "member13": {
        "max(u)": 0.7351806605944872,
        "max(v)": 0.46538504084922605,
        "max(length)": 0.033173426211465795,
        "num(pathline)": 0.47861246164694504,
        "min(distant)": 0.05179611661578354
    },
    "member14": {
        "max(u)": 0.7351806605944872,
        "max(v)": 0.46538504084922605,
        "max(length)": 0.033173426211465795,
        "num(pathline)": 0.47861246164694504,
        "min(distant)": 0.05179611661578354
    },
    "member15": {
        "max(u)": 0.7351806605944872,
        "max(v)": 0.46538504084922605,
        "max(length)": 0.033173426211465795,
        "num(pathline)": 0.47861246164694504,
        "min(distant)": 0.05179611661578354
    },
    "member16": {
        "max(u)": 0.7351806605944872,
        "max(v)": 0.46538504084922605,
        "max(length)": 0.033173426211465795,
        "num(pathline)": 0.47861246164694504,
        "min(distant)": 0.05179611661578354
    },
    "member17": {
        "max(u)": 0.7351806605944872,
        "max(v)": 0.46538504084922605,
        "max(length)": 0.033173426211465795,
        "num(pathline)": 0.47861246164694504,
        "min(distant)": 0.05179611661578354
    },
    "member18": {
        "max(u)": 0.7351806605944872,
        "max(v)": 0.46538504084922605,
        "max(length)": 0.033173426211465795,
        "num(pathline)": 0.47861246164694504,
        "min(distant)": 0.05179611661578354
    },
    "member19": {
        "max(u)": 0.7351806605944872,
        "max(v)": 0.46538504084922605,
        "max(length)": 0.033173426211465795,
        "num(pathline)": 0.47861246164694504,
        "min(distant)": 0.05179611661578354
    },
    "member20": {
        "max(u)": 0.7351806605944872,
        "max(v)": 0.46538504084922605,
        "max(length)": 0.033173426211465795,
        "num(pathline)": 0.47861246164694504,
        "min(distant)": 0.05179611661578354
    }
}