{
    "member1": {
        "max(u)": 0.699873063742914,
        "max(v)": 0.8108434792516147,
        "max(length)": 0.016987458617424234,
        "num(pathline)": 0.3339605748605774,
        "min(distant)": 0.9792797855589469
    },
    "member2": {
        "max(u)": 0.699873063742914,
        "max(v)": 0.8108434792516147,
        "max(length)": 0.016987458617424234,
        "num(pathline)": 0.3339605748605774,
        "min(distant)": 0.9792797855589469
    },
    "member3": {
        "max(u)": 0.699873063742914,
        "max(v)": 0.8108434792516147,
        "max(length)": 0.016987458617424234,
        "num(pathline)": 0.3339605748605774,
        "min(distant)": 0.9792797855589469
    },
    "member4": {
        "max(u)": 0.699873063742914,
        "max(v)": 0.8108434792516147,
        "max(length)": 0.016987458617424234,
        "num(pathline)": 0.3339605748605774,
        "min(distant)": 0.9792797855589469
    },
    "member5": {
        "max(u)": 0.699873063742914,
        "max(v)": 0.8108434792516147,
        "max(length)": 0.016987458617424234,
        "num(pathline)": 0.3339605748605774,
        "min(distant)": 0.9792797855589469
    },
    "member6": {
        "max(u)": 0.699873063742914,
        "max(v)": 0.8108434792516147,
        "max(length)": 0.016987458617424234,
        "num(pathline)": 0.3339605748605774,
        "min(distant)": 0.9792797855589469
    },
    "member7": {
        "max(u)": 0.699873063742914,
        "max(v)": 0.8108434792516147,
        "max(length)": 0.016987458617424234,
        "num(pathline)": 0.3339605748605774,
        "min(distant)": 0.9792797855589469
    },
    "member8": {
        "max(u)": 0.699873063742914,
        "max(v)": 0.8108434792516147,
        "max(length)": 0.016987458617424234,
        "num(pathline)": 0.3339605748605774,
        "min(distant)": 0.9792797855589469
    },
    "member9": {
        "max(u)": 0.699873063742914,
        "max(v)": 0.8108434792516147,
        "max(length)": 0.016987458617424234,
        "num(pathline)": 0.3339605748605774,
        "min(distant)": 0.9792797855589469
    },
    "member10": {
        "max(u)": 0.699873063742914,
        "max(v)": 0.8108434792516147,
        "max(length)": 0.016987458617424234,
        "num(pathline)": 0.3339605748605774,
        "min(distant)": 0.9792797855589469
    },
    "member11": {
        "max(u)": 0.699873063742914,
        "max(v)": 0.8108434792516147,
        "max(length)": 0.016987458617424234,
        "num(pathline)": 0.3339605748605774,
        "min(distant)": 0.9792797855589469
    },
    "member12": {
        "max(u)": 0.699873063742914,
        "max(v)": 0.8108434792516147,
        "max(length)": 0.016987458617424234,
        "num(pathline)": 0.3339605748605774,
        "min(distant)": 0.9792797855589469
    },
    "member13": {
        "max(u)": 0.699873063742914,
        "max(v)": 0.8108434792516147,
        "max(length)": 0.016987458617424234,
        "num(pathline)": 0.3339605748605774,
        "min(distant)": 0.9792797855589469
    },
    "member14": {
        "max(u)": 0.699873063742914,
        "max(v)": 0.8108434792516147,
        "max(length)": 0.016987458617424234,
        "num(pathline)": 0.3339605748605774,
        "min(distant)": 0.9792797855589469
    },
    "member15": {
        "max(u)": 0.699873063742914,
        "max(v)": 0.8108434792516147,
        "max(length)": 0.016987458617424234,
        "num(pathline)": 0.3339605748605774,
        "min(distant)": 0.9792797855589469
    },
    "member16": {
        "max(u)": 0.699873063742914,
        "max(v)": 0.8108434792516147,
        "max(length)": 0.016987458617424234,
        "num(pathline)": 0.3339605748605774,
        "min(distant)": 0.9792797855589469
    },
    "member17": {
        "max(u)": 0.699873063742914,
        "max(v)": 0.8108434792516147,
        "max(length)": 0.016987458617424234,
        "num(pathline)": 0.3339605748605774,
        "min(distant)": 0.9792797855589469
    },
    "member18": {
        "max(u)": 0.699873063742914,
        "max(v)": 0.8108434792516147,
        "max(length)": 0.016987458617424234,
        "num(pathline)": 0.3339605748605774,
        "min(distant)": 0.9792797855589469
    },
    "member19": {
        "max(u)": 0.699873063742914,
        "max(v)": 0.8108434792516147,
        "max(length)": 0.016987458617424234,
        "num(pathline)": 0.3339605748605774,
        "min(distant)": 0.9792797855589469
    },
    "member20": {
        "max(u)": 0.699873063742914,
        "max(v)": 0.8108434792516147,
        "max(length)": 0.016987458617424234,
        "num(pathline)": 0.3339605748605774,
        "min(distant)": 0.9792797855589469
    }
}