{
    "member1": {
        "max(u)": 0.6378825597467538,
        "max(v)": 0.2218325752481306,
        "max(length)": 0.23695364980959088,
        "num(pathline)": 0.5602124660259303,
        "min(distant)": 0.9123327695576693
    },
    "member2": {
        "max(u)": 0.6378825597467538,
        "max(v)": 0.2218325752481306,
        "max(length)": 0.23695364980959088,
        "num(pathline)": 0.5602124660259303,
        "min(distant)": 0.9123327695576693
    },
    "member3": {
        "max(u)": 0.6378825597467538,
        "max(v)": 0.2218325752481306,
        "max(length)": 0.23695364980959088,
        "num(pathline)": 0.5602124660259303,
        "min(distant)": 0.9123327695576693
    },
    "member4": {
        "max(u)": 0.6378825597467538,
        "max(v)": 0.2218325752481306,
        "max(length)": 0.23695364980959088,
        "num(pathline)": 0.5602124660259303,
        "min(distant)": 0.9123327695576693
    },
    "member5": {
        "max(u)": 0.6378825597467538,
        "max(v)": 0.2218325752481306,
        "max(length)": 0.23695364980959088,
        "num(pathline)": 0.5602124660259303,
        "min(distant)": 0.9123327695576693
    },
    "member6": {
        "max(u)": 0.6378825597467538,
        "max(v)": 0.2218325752481306,
        "max(length)": 0.23695364980959088,
        "num(pathline)": 0.5602124660259303,
        "min(distant)": 0.9123327695576693
    },
    "member7": {
        "max(u)": 0.6378825597467538,
        "max(v)": 0.2218325752481306,
        "max(length)": 0.23695364980959088,
        "num(pathline)": 0.5602124660259303,
        "min(distant)": 0.9123327695576693
    },
    "member8": {
        "max(u)": 0.6378825597467538,
        "max(v)": 0.2218325752481306,
        "max(length)": 0.23695364980959088,
        "num(pathline)": 0.5602124660259303,
        "min(distant)": 0.9123327695576693
    },
    "member9": {
        "max(u)": 0.6378825597467538,
        "max(v)": 0.2218325752481306,
        "max(length)": 0.23695364980959088,
        "num(pathline)": 0.5602124660259303,
        "min(distant)": 0.9123327695576693
    },
    "member10": {
        "max(u)": 0.6378825597467538,
        "max(v)": 0.2218325752481306,
        "max(length)": 0.23695364980959088,
        "num(pathline)": 0.5602124660259303,
        "min(distant)": 0.9123327695576693
    },
    "member11": {
        "max(u)": 0.6378825597467538,
        "max(v)": 0.2218325752481306,
        "max(length)": 0.23695364980959088,
        "num(pathline)": 0.5602124660259303,
        "min(distant)": 0.9123327695576693
    },
    "member12": {
        "max(u)": 0.6378825597467538,
        "max(v)": 0.2218325752481306,
        "max(length)": 0.23695364980959088,
        "num(pathline)": 0.5602124660259303,
        "min(distant)": 0.9123327695576693
    },
    "member13": {
        "max(u)": 0.6378825597467538,
        "max(v)": 0.2218325752481306,
        "max(length)": 0.23695364980959088,
        "num(pathline)": 0.5602124660259303,
        "min(distant)": 0.9123327695576693
    },
    "member14": {
        "max(u)": 0.6378825597467538,
        "max(v)": 0.2218325752481306,
        "max(length)": 0.23695364980959088,
        "num(pathline)": 0.5602124660259303,
        "min(distant)": 0.9123327695576693
    },
    "member15": {
        "max(u)": 0.6378825597467538,
        "max(v)": 0.2218325752481306,
        "max(length)": 0.23695364980959088,
        "num(pathline)": 0.5602124660259303,
        "min(distant)": 0.9123327695576693
    },
    "member16": {
        "max(u)": 0.6378825597467538,
        "max(v)": 0.2218325752481306,
        "max(length)": 0.23695364980959088,
        "num(pathline)": 0.5602124660259303,
        "min(distant)": 0.9123327695576693
    },
    "member17": {
        "max(u)": 0.6378825597467538,
        "max(v)": 0.2218325752481306,
        "max(length)": 0.23695364980959088,
        "num(pathline)": 0.5602124660259303,
        "min(distant)": 0.9123327695576693
    },
    "member18": {
        "max(u)": 0.6378825597467538,
        "max(v)": 0.2218325752481306,
        "max(length)": 0.23695364980959088,
        "num(pathline)": 0.5602124660259303,
        "min(distant)": 0.9123327695576693
    },
    "member19": {
        "max(u)": 0.6378825597467538,
        "max(v)": 0.2218325752481306,
        "max(length)": 0.23695364980959088,
        "num(pathline)": 0.5602124660259303,
        "min(distant)": 0.9123327695576693
    },
    "member20": {
        "max(u)": 0.6378825597467538,
        "max(v)": 0.2218325752481306,
        "max(length)": 0.23695364980959088,
        "num(pathline)": 0.5602124660259303,
        "min(distant)": 0.9123327695576693
    }
}