{
    "member1": {
        "max(u)": 0.2612191516123724,
        "max(v)": 0.0701279655609992,
        "max(length)": 0.09325488489321043,
        "num(pathline)": 0.3985537423961655,
        "min(distant)": 0.4788371674827854
    },
    "member2": {
        "max(u)": 0.2612191516123724,
        "max(v)": 0.0701279655609992,
        "max(length)": 0.09325488489321043,
        "num(pathline)": 0.3985537423961655,
        "min(distant)": 0.4788371674827854
    },
    "member3": {
        "max(u)": 0.2612191516123724,
        "max(v)": 0.0701279655609992,
        "max(length)": 0.09325488489321043,
        "num(pathline)": 0.3985537423961655,
        "min(distant)": 0.4788371674827854
    },
    "member4": {
        "max(u)": 0.2612191516123724,
        "max(v)": 0.0701279655609992,
        "max(length)": 0.09325488489321043,
        "num(pathline)": 0.3985537423961655,
        "min(distant)": 0.4788371674827854
    },
    "member5": {
        "max(u)": 0.2612191516123724,
        "max(v)": 0.0701279655609992,
        "max(length)": 0.09325488489321043,
        "num(pathline)": 0.3985537423961655,
        "min(distant)": 0.4788371674827854
    },
    "member6": {
        "max(u)": 0.2612191516123724,
        "max(v)": 0.0701279655609992,
        "max(length)": 0.09325488489321043,
        "num(pathline)": 0.3985537423961655,
        "min(distant)": 0.4788371674827854
    },
    "member7": {
        "max(u)": 0.2612191516123724,
        "max(v)": 0.0701279655609992,
        "max(length)": 0.09325488489321043,
        "num(pathline)": 0.3985537423961655,
        "min(distant)": 0.4788371674827854
    },
    "member8": {
        "max(u)": 0.2612191516123724,
        "max(v)": 0.0701279655609992,
        "max(length)": 0.09325488489321043,
        "num(pathline)": 0.3985537423961655,
        "min(distant)": 0.4788371674827854
    },
    "member9": {
        "max(u)": 0.2612191516123724,
        "max(v)": 0.0701279655609992,
        "max(length)": 0.09325488489321043,
        "num(pathline)": 0.3985537423961655,
        "min(distant)": 0.4788371674827854
    },
    "member10": {
        "max(u)": 0.2612191516123724,
        "max(v)": 0.0701279655609992,
        "max(length)": 0.09325488489321043,
        "num(pathline)": 0.3985537423961655,
        "min(distant)": 0.4788371674827854
    },
    "member11": {
        "max(u)": 0.2612191516123724,
        "max(v)": 0.0701279655609992,
        "max(length)": 0.09325488489321043,
        "num(pathline)": 0.3985537423961655,
        "min(distant)": 0.4788371674827854
    },
    "member12": {
        "max(u)": 0.2612191516123724,
        "max(v)": 0.0701279655609992,
        "max(length)": 0.09325488489321043,
        "num(pathline)": 0.3985537423961655,
        "min(distant)": 0.4788371674827854
    },
    "member13": {
        "max(u)": 0.2612191516123724,
        "max(v)": 0.0701279655609992,
        "max(length)": 0.09325488489321043,
        "num(pathline)": 0.3985537423961655,
        "min(distant)": 0.4788371674827854
    },
    "member14": {
        "max(u)": 0.2612191516123724,
        "max(v)": 0.0701279655609992,
        "max(length)": 0.09325488489321043,
        "num(pathline)": 0.3985537423961655,
        "min(distant)": 0.4788371674827854
    },
    "member15": {
        "max(u)": 0.2612191516123724,
        "max(v)": 0.0701279655609992,
        "max(length)": 0.09325488489321043,
        "num(pathline)": 0.3985537423961655,
        "min(distant)": 0.4788371674827854
    },
    "member16": {
        "max(u)": 0.2612191516123724,
        "max(v)": 0.0701279655609992,
        "max(length)": 0.09325488489321043,
        "num(pathline)": 0.3985537423961655,
        "min(distant)": 0.4788371674827854
    },
    "member17": {
        "max(u)": 0.2612191516123724,
        "max(v)": 0.0701279655609992,
        "max(length)": 0.09325488489321043,
        "num(pathline)": 0.3985537423961655,
        "min(distant)": 0.4788371674827854
    },
    "member18": {
        "max(u)": 0.2612191516123724,
        "max(v)": 0.0701279655609992,
        "max(length)": 0.09325488489321043,
        "num(pathline)": 0.3985537423961655,
        "min(distant)": 0.4788371674827854
    },
    "member19": {
        "max(u)": 0.2612191516123724,
        "max(v)": 0.0701279655609992,
        "max(length)": 0.09325488489321043,
        "num(pathline)": 0.3985537423961655,
        "min(distant)": 0.4788371674827854
    },
    "member20": {
        "max(u)": 0.2612191516123724,
        "max(v)": 0.0701279655609992,
        "max(length)": 0.09325488489321043,
        "num(pathline)": 0.3985537423961655,
        "min(distant)": 0.4788371674827854
    }
}