{
    "member1": {
        "max(u)": 0.2751170438149565,
        "max(v)": 0.39537124379243416,
        "max(length)": 0.6816641432274135,
        "num(pathline)": 0.4745255309701456,
        "min(distant)": 0.12489163235442391
    },
    "member2": {
        "max(u)": 0.2751170438149565,
        "max(v)": 0.39537124379243416,
        "max(length)": 0.6816641432274135,
        "num(pathline)": 0.4745255309701456,
        "min(distant)": 0.12489163235442391
    },
    "member3": {
        "max(u)": 0.2751170438149565,
        "max(v)": 0.39537124379243416,
        "max(length)": 0.6816641432274135,
        "num(pathline)": 0.4745255309701456,
        "min(distant)": 0.12489163235442391
    },
    "member4": {
        "max(u)": 0.2751170438149565,
        "max(v)": 0.39537124379243416,
        "max(length)": 0.6816641432274135,
        "num(pathline)": 0.4745255309701456,
        "min(distant)": 0.12489163235442391
    },
    "member5": {
        "max(u)": 0.2751170438149565,
        "max(v)": 0.39537124379243416,
        "max(length)": 0.6816641432274135,
        "num(pathline)": 0.4745255309701456,
        "min(distant)": 0.12489163235442391
    },
    "member6": {
        "max(u)": 0.2751170438149565,
        "max(v)": 0.39537124379243416,
        "max(length)": 0.6816641432274135,
        "num(pathline)": 0.4745255309701456,
        "min(distant)": 0.12489163235442391
    },
    "member7": {
        "max(u)": 0.2751170438149565,
        "max(v)": 0.39537124379243416,
        "max(length)": 0.6816641432274135,
        "num(pathline)": 0.4745255309701456,
        "min(distant)": 0.12489163235442391
    },
    "member8": {
        "max(u)": 0.2751170438149565,
        "max(v)": 0.39537124379243416,
        "max(length)": 0.6816641432274135,
        "num(pathline)": 0.4745255309701456,
        "min(distant)": 0.12489163235442391
    },
    "member9": {
        "max(u)": 0.2751170438149565,
        "max(v)": 0.39537124379243416,
        "max(length)": 0.6816641432274135,
        "num(pathline)": 0.4745255309701456,
        "min(distant)": 0.12489163235442391
    },
    "member10": {
        "max(u)": 0.2751170438149565,
        "max(v)": 0.39537124379243416,
        "max(length)": 0.6816641432274135,
        "num(pathline)": 0.4745255309701456,
        "min(distant)": 0.12489163235442391
    },
    "member11": {
        "max(u)": 0.2751170438149565,
        "max(v)": 0.39537124379243416,
        "max(length)": 0.6816641432274135,
        "num(pathline)": 0.4745255309701456,
        "min(distant)": 0.12489163235442391
    },
    "member12": {
        "max(u)": 0.2751170438149565,
        "max(v)": 0.39537124379243416,
        "max(length)": 0.6816641432274135,
        "num(pathline)": 0.4745255309701456,
        "min(distant)": 0.12489163235442391
    },
    "member13": {
        "max(u)": 0.2751170438149565,
        "max(v)": 0.39537124379243416,
        "max(length)": 0.6816641432274135,
        "num(pathline)": 0.4745255309701456,
        "min(distant)": 0.12489163235442391
    },
    "member14": {
        "max(u)": 0.2751170438149565,
        "max(v)": 0.39537124379243416,
        "max(length)": 0.6816641432274135,
        "num(pathline)": 0.4745255309701456,
        "min(distant)": 0.12489163235442391
    },
    "member15": {
        "max(u)": 0.2751170438149565,
        "max(v)": 0.39537124379243416,
        "max(length)": 0.6816641432274135,
        "num(pathline)": 0.4745255309701456,
        "min(distant)": 0.12489163235442391
    },
    "member16": {
        "max(u)": 0.2751170438149565,
        "max(v)": 0.39537124379243416,
        "max(length)": 0.6816641432274135,
        "num(pathline)": 0.4745255309701456,
        "min(distant)": 0.12489163235442391
    },
    "member17": {
        "max(u)": 0.2751170438149565,
        "max(v)": 0.39537124379243416,
        "max(length)": 0.6816641432274135,
        "num(pathline)": 0.4745255309701456,
        "min(distant)": 0.12489163235442391
    },
    "member18": {
        "max(u)": 0.2751170438149565,
        "max(v)": 0.39537124379243416,
        "max(length)": 0.6816641432274135,
        "num(pathline)": 0.4745255309701456,
        "min(distant)": 0.12489163235442391
    },
    "member19": {
        "max(u)": 0.2751170438149565,
        "max(v)": 0.39537124379243416,
        "max(length)": 0.6816641432274135,
        "num(pathline)": 0.4745255309701456,
        "min(distant)": 0.12489163235442391
    },
    "member20": {
        "max(u)": 0.2751170438149565,
        "max(v)": 0.39537124379243416,
        "max(length)": 0.6816641432274135,
        "num(pathline)": 0.4745255309701456,
        "min(distant)": 0.12489163235442391
    }
}