{
    "member1": {
        "max(u)": 0.11672010351160034,
        "max(v)": 0.5169145933247974,
        "max(length)": 0.11171762984308942,
        "num(pathline)": 0.12095959403348067,
        "min(distant)": 0.5472682264186203
    },
    "member2": {
        "max(u)": 0.11672010351160034,
        "max(v)": 0.5169145933247974,
        "max(length)": 0.11171762984308942,
        "num(pathline)": 0.12095959403348067,
        "min(distant)": 0.5472682264186203
    },
    "member3": {
        "max(u)": 0.11672010351160034,
        "max(v)": 0.5169145933247974,
        "max(length)": 0.11171762984308942,
        "num(pathline)": 0.12095959403348067,
        "min(distant)": 0.5472682264186203
    },
    "member4": {
        "max(u)": 0.11672010351160034,
        "max(v)": 0.5169145933247974,
        "max(length)": 0.11171762984308942,
        "num(pathline)": 0.12095959403348067,
        "min(distant)": 0.5472682264186203
    },
    "member5": {
        "max(u)": 0.11672010351160034,
        "max(v)": 0.5169145933247974,
        "max(length)": 0.11171762984308942,
        "num(pathline)": 0.12095959403348067,
        "min(distant)": 0.5472682264186203
    },
    "member6": {
        "max(u)": 0.11672010351160034,
        "max(v)": 0.5169145933247974,
        "max(length)": 0.11171762984308942,
        "num(pathline)": 0.12095959403348067,
        "min(distant)": 0.5472682264186203
    },
    "member7": {
        "max(u)": 0.11672010351160034,
        "max(v)": 0.5169145933247974,
        "max(length)": 0.11171762984308942,
        "num(pathline)": 0.12095959403348067,
        "min(distant)": 0.5472682264186203
    },
    "member8": {
        "max(u)": 0.11672010351160034,
        "max(v)": 0.5169145933247974,
        "max(length)": 0.11171762984308942,
        "num(pathline)": 0.12095959403348067,
        "min(distant)": 0.5472682264186203
    },
    "member9": {
        "max(u)": 0.11672010351160034,
        "max(v)": 0.5169145933247974,
        "max(length)": 0.11171762984308942,
        "num(pathline)": 0.12095959403348067,
        "min(distant)": 0.5472682264186203
    },
    "member10": {
        "max(u)": 0.11672010351160034,
        "max(v)": 0.5169145933247974,
        "max(length)": 0.11171762984308942,
        "num(pathline)": 0.12095959403348067,
        "min(distant)": 0.5472682264186203
    },
    "member11": {
        "max(u)": 0.11672010351160034,
        "max(v)": 0.5169145933247974,
        "max(length)": 0.11171762984308942,
        "num(pathline)": 0.12095959403348067,
        "min(distant)": 0.5472682264186203
    },
    "member12": {
        "max(u)": 0.11672010351160034,
        "max(v)": 0.5169145933247974,
        "max(length)": 0.11171762984308942,
        "num(pathline)": 0.12095959403348067,
        "min(distant)": 0.5472682264186203
    },
    "member13": {
        "max(u)": 0.11672010351160034,
        "max(v)": 0.5169145933247974,
        "max(length)": 0.11171762984308942,
        "num(pathline)": 0.12095959403348067,
        "min(distant)": 0.5472682264186203
    },
    "member14": {
        "max(u)": 0.11672010351160034,
        "max(v)": 0.5169145933247974,
        "max(length)": 0.11171762984308942,
        "num(pathline)": 0.12095959403348067,
        "min(distant)": 0.5472682264186203
    },
    "member15": {
        "max(u)": 0.11672010351160034,
        "max(v)": 0.5169145933247974,
        "max(length)": 0.11171762984308942,
        "num(pathline)": 0.12095959403348067,
        "min(distant)": 0.5472682264186203
    },
    "member16": {
        "max(u)": 0.11672010351160034,
        "max(v)": 0.5169145933247974,
        "max(length)": 0.11171762984308942,
        "num(pathline)": 0.12095959403348067,
        "min(distant)": 0.5472682264186203
    },
    "member17": {
        "max(u)": 0.11672010351160034,
        "max(v)": 0.5169145933247974,
        "max(length)": 0.11171762984308942,
        "num(pathline)": 0.12095959403348067,
        "min(distant)": 0.5472682264186203
    },
    "member18": {
        "max(u)": 0.11672010351160034,
        "max(v)": 0.5169145933247974,
        "max(length)": 0.11171762984308942,
        "num(pathline)": 0.12095959403348067,
        "min(distant)": 0.5472682264186203
    },
    "member19": {
        "max(u)": 0.11672010351160034,
        "max(v)": 0.5169145933247974,
        "max(length)": 0.11171762984308942,
        "num(pathline)": 0.12095959403348067,
        "min(distant)": 0.5472682264186203
    },
    "member20": {
        "max(u)": 0.11672010351160034,
        "max(v)": 0.5169145933247974,
        "max(length)": 0.11171762984308942,
        "num(pathline)": 0.12095959403348067,
        "min(distant)": 0.5472682264186203
    }
}