{
    "member1": {
        "max(u)": 0.6916285688436241,
        "max(v)": 0.02882232226481707,
        "max(length)": 0.7079130514277349,
        "num(pathline)": 0.05051240360490494,
        "min(distant)": 0.6848251972606083
    },
    "member2": {
        "max(u)": 0.6916285688436241,
        "max(v)": 0.02882232226481707,
        "max(length)": 0.7079130514277349,
        "num(pathline)": 0.05051240360490494,
        "min(distant)": 0.6848251972606083
    },
    "member3": {
        "max(u)": 0.6916285688436241,
        "max(v)": 0.02882232226481707,
        "max(length)": 0.7079130514277349,
        "num(pathline)": 0.05051240360490494,
        "min(distant)": 0.6848251972606083
    },
    "member4": {
        "max(u)": 0.6916285688436241,
        "max(v)": 0.02882232226481707,
        "max(length)": 0.7079130514277349,
        "num(pathline)": 0.05051240360490494,
        "min(distant)": 0.6848251972606083
    },
    "member5": {
        "max(u)": 0.6916285688436241,
        "max(v)": 0.02882232226481707,
        "max(length)": 0.7079130514277349,
        "num(pathline)": 0.05051240360490494,
        "min(distant)": 0.6848251972606083
    },
    "member6": {
        "max(u)": 0.6916285688436241,
        "max(v)": 0.02882232226481707,
        "max(length)": 0.7079130514277349,
        "num(pathline)": 0.05051240360490494,
        "min(distant)": 0.6848251972606083
    },
    "member7": {
        "max(u)": 0.6916285688436241,
        "max(v)": 0.02882232226481707,
        "max(length)": 0.7079130514277349,
        "num(pathline)": 0.05051240360490494,
        "min(distant)": 0.6848251972606083
    },
    "member8": {
        "max(u)": 0.6916285688436241,
        "max(v)": 0.02882232226481707,
        "max(length)": 0.7079130514277349,
        "num(pathline)": 0.05051240360490494,
        "min(distant)": 0.6848251972606083
    },
    "member9": {
        "max(u)": 0.6916285688436241,
        "max(v)": 0.02882232226481707,
        "max(length)": 0.7079130514277349,
        "num(pathline)": 0.05051240360490494,
        "min(distant)": 0.6848251972606083
    },
    "member10": {
        "max(u)": 0.6916285688436241,
        "max(v)": 0.02882232226481707,
        "max(length)": 0.7079130514277349,
        "num(pathline)": 0.05051240360490494,
        "min(distant)": 0.6848251972606083
    },
    "member11": {
        "max(u)": 0.6916285688436241,
        "max(v)": 0.02882232226481707,
        "max(length)": 0.7079130514277349,
        "num(pathline)": 0.05051240360490494,
        "min(distant)": 0.6848251972606083
    },
    "member12": {
        "max(u)": 0.6916285688436241,
        "max(v)": 0.02882232226481707,
        "max(length)": 0.7079130514277349,
        "num(pathline)": 0.05051240360490494,
        "min(distant)": 0.6848251972606083
    },
    "member13": {
        "max(u)": 0.6916285688436241,
        "max(v)": 0.02882232226481707,
        "max(length)": 0.7079130514277349,
        "num(pathline)": 0.05051240360490494,
        "min(distant)": 0.6848251972606083
    },
    "member14": {
        "max(u)": 0.6916285688436241,
        "max(v)": 0.02882232226481707,
        "max(length)": 0.7079130514277349,
        "num(pathline)": 0.05051240360490494,
        "min(distant)": 0.6848251972606083
    },
    "member15": {
        "max(u)": 0.6916285688436241,
        "max(v)": 0.02882232226481707,
        "max(length)": 0.7079130514277349,
        "num(pathline)": 0.05051240360490494,
        "min(distant)": 0.6848251972606083
    },
    "member16": {
        "max(u)": 0.6916285688436241,
        "max(v)": 0.02882232226481707,
        "max(length)": 0.7079130514277349,
        "num(pathline)": 0.05051240360490494,
        "min(distant)": 0.6848251972606083
    },
    "member17": {
        "max(u)": 0.6916285688436241,
        "max(v)": 0.02882232226481707,
        "max(length)": 0.7079130514277349,
        "num(pathline)": 0.05051240360490494,
        "min(distant)": 0.6848251972606083
    },
    "member18": {
        "max(u)": 0.6916285688436241,
        "max(v)": 0.02882232226481707,
        "max(length)": 0.7079130514277349,
        "num(pathline)": 0.05051240360490494,
        "min(distant)": 0.6848251972606083
    },
    "member19": {
        "max(u)": 0.6916285688436241,
        "max(v)": 0.02882232226481707,
        "max(length)": 0.7079130514277349,
        "num(pathline)": 0.05051240360490494,
        "min(distant)": 0.6848251972606083
    },
    "member20": {
        "max(u)": 0.6916285688436241,
        "max(v)": 0.02882232226481707,
        "max(length)": 0.7079130514277349,
        "num(pathline)": 0.05051240360490494,
        "min(distant)": 0.6848251972606083
    }
}