{
    "member1": {
        "max(u)": 0.15634803928666574,
        "max(v)": 0.34277836190588573,
        "max(length)": 0.8440509281245666,
        "num(pathline)": 0.01632750582618081,
        "min(distant)": 0.20748089009480164
    },
    "member2": {
        "max(u)": 0.15634803928666574,
        "max(v)": 0.34277836190588573,
        "max(length)": 0.8440509281245666,
        "num(pathline)": 0.01632750582618081,
        "min(distant)": 0.20748089009480164
    },
    "member3": {
        "max(u)": 0.15634803928666574,
        "max(v)": 0.34277836190588573,
        "max(length)": 0.8440509281245666,
        "num(pathline)": 0.01632750582618081,
        "min(distant)": 0.20748089009480164
    },
    "member4": {
        "max(u)": 0.15634803928666574,
        "max(v)": 0.34277836190588573,
        "max(length)": 0.8440509281245666,
        "num(pathline)": 0.01632750582618081,
        "min(distant)": 0.20748089009480164
    },
    "member5": {
        "max(u)": 0.15634803928666574,
        "max(v)": 0.34277836190588573,
        "max(length)": 0.8440509281245666,
        "num(pathline)": 0.01632750582618081,
        "min(distant)": 0.20748089009480164
    },
    "member6": {
        "max(u)": 0.15634803928666574,
        "max(v)": 0.34277836190588573,
        "max(length)": 0.8440509281245666,
        "num(pathline)": 0.01632750582618081,
        "min(distant)": 0.20748089009480164
    },
    "member7": {
        "max(u)": 0.15634803928666574,
        "max(v)": 0.34277836190588573,
        "max(length)": 0.8440509281245666,
        "num(pathline)": 0.01632750582618081,
        "min(distant)": 0.20748089009480164
    },
    "member8": {
        "max(u)": 0.15634803928666574,
        "max(v)": 0.34277836190588573,
        "max(length)": 0.8440509281245666,
        "num(pathline)": 0.01632750582618081,
        "min(distant)": 0.20748089009480164
    },
    "member9": {
        "max(u)": 0.15634803928666574,
        "max(v)": 0.34277836190588573,
        "max(length)": 0.8440509281245666,
        "num(pathline)": 0.01632750582618081,
        "min(distant)": 0.20748089009480164
    },
    "member10": {
        "max(u)": 0.15634803928666574,
        "max(v)": 0.34277836190588573,
        "max(length)": 0.8440509281245666,
        "num(pathline)": 0.01632750582618081,
        "min(distant)": 0.20748089009480164
    },
    "member11": {
        "max(u)": 0.15634803928666574,
        "max(v)": 0.34277836190588573,
        "max(length)": 0.8440509281245666,
        "num(pathline)": 0.01632750582618081,
        "min(distant)": 0.20748089009480164
    },
    "member12": {
        "max(u)": 0.15634803928666574,
        "max(v)": 0.34277836190588573,
        "max(length)": 0.8440509281245666,
        "num(pathline)": 0.01632750582618081,
        "min(distant)": 0.20748089009480164
    },
    "member13": {
        "max(u)": 0.15634803928666574,
        "max(v)": 0.34277836190588573,
        "max(length)": 0.8440509281245666,
        "num(pathline)": 0.01632750582618081,
        "min(distant)": 0.20748089009480164
    },
    "member14": {
        "max(u)": 0.15634803928666574,
        "max(v)": 0.34277836190588573,
        "max(length)": 0.8440509281245666,
        "num(pathline)": 0.01632750582618081,
        "min(distant)": 0.20748089009480164
    },
    "member15": {
        "max(u)": 0.15634803928666574,
        "max(v)": 0.34277836190588573,
        "max(length)": 0.8440509281245666,
        "num(pathline)": 0.01632750582618081,
        "min(distant)": 0.20748089009480164
    },
    "member16": {
        "max(u)": 0.15634803928666574,
        "max(v)": 0.34277836190588573,
        "max(length)": 0.8440509281245666,
        "num(pathline)": 0.01632750582618081,
        "min(distant)": 0.20748089009480164
    },
    "member17": {
        "max(u)": 0.15634803928666574,
        "max(v)": 0.34277836190588573,
        "max(length)": 0.8440509281245666,
        "num(pathline)": 0.01632750582618081,
        "min(distant)": 0.20748089009480164
    },
    "member18": {
        "max(u)": 0.15634803928666574,
        "max(v)": 0.34277836190588573,
        "max(length)": 0.8440509281245666,
        "num(pathline)": 0.01632750582618081,
        "min(distant)": 0.20748089009480164
    },
    "member19": {
        "max(u)": 0.15634803928666574,
        "max(v)": 0.34277836190588573,
        "max(length)": 0.8440509281245666,
        "num(pathline)": 0.01632750582618081,
        "min(distant)": 0.20748089009480164
    },
    "member20": {
        "max(u)": 0.15634803928666574,
        "max(v)": 0.34277836190588573,
        "max(length)": 0.8440509281245666,
        "num(pathline)": 0.01632750582618081,
        "min(distant)": 0.20748089009480164
    }
}