{
    "member1": {
        "max(u)": 0.8428808475954026,
        "max(v)": 0.2351468592575291,
        "max(length)": 0.4365994439904507,
        "num(pathline)": 0.28837526571925143,
        "min(distant)": 0.016446200998944005
    },
    "member2": {
        "max(u)": 0.8428808475954026,
        "max(v)": 0.2351468592575291,
        "max(length)": 0.4365994439904507,
        "num(pathline)": 0.28837526571925143,
        "min(distant)": 0.016446200998944005
    },
    "member3": {
        "max(u)": 0.8428808475954026,
        "max(v)": 0.2351468592575291,
        "max(length)": 0.4365994439904507,
        "num(pathline)": 0.28837526571925143,
        "min(distant)": 0.016446200998944005
    },
    "member4": {
        "max(u)": 0.8428808475954026,
        "max(v)": 0.2351468592575291,
        "max(length)": 0.4365994439904507,
        "num(pathline)": 0.28837526571925143,
        "min(distant)": 0.016446200998944005
    },
    "member5": {
        "max(u)": 0.8428808475954026,
        "max(v)": 0.2351468592575291,
        "max(length)": 0.4365994439904507,
        "num(pathline)": 0.28837526571925143,
        "min(distant)": 0.016446200998944005
    },
    "member6": {
        "max(u)": 0.8428808475954026,
        "max(v)": 0.2351468592575291,
        "max(length)": 0.4365994439904507,
        "num(pathline)": 0.28837526571925143,
        "min(distant)": 0.016446200998944005
    },
    "member7": {
        "max(u)": 0.8428808475954026,
        "max(v)": 0.2351468592575291,
        "max(length)": 0.4365994439904507,
        "num(pathline)": 0.28837526571925143,
        "min(distant)": 0.016446200998944005
    },
    "member8": {
        "max(u)": 0.8428808475954026,
        "max(v)": 0.2351468592575291,
        "max(length)": 0.4365994439904507,
        "num(pathline)": 0.28837526571925143,
        "min(distant)": 0.016446200998944005
    },
    "member9": {
        "max(u)": 0.8428808475954026,
        "max(v)": 0.2351468592575291,
        "max(length)": 0.4365994439904507,
        "num(pathline)": 0.28837526571925143,
        "min(distant)": 0.016446200998944005
    },
    "member10": {
        "max(u)": 0.8428808475954026,
        "max(v)": 0.2351468592575291,
        "max(length)": 0.4365994439904507,
        "num(pathline)": 0.28837526571925143,
        "min(distant)": 0.016446200998944005
    },
    "member11": {
        "max(u)": 0.8428808475954026,
        "max(v)": 0.2351468592575291,
        "max(length)": 0.4365994439904507,
        "num(pathline)": 0.28837526571925143,
        "min(distant)": 0.016446200998944005
    },
    "member12": {
        "max(u)": 0.8428808475954026,
        "max(v)": 0.2351468592575291,
        "max(length)": 0.4365994439904507,
        "num(pathline)": 0.28837526571925143,
        "min(distant)": 0.016446200998944005
    },
    "member13": {
        "max(u)": 0.8428808475954026,
        "max(v)": 0.2351468592575291,
        "max(length)": 0.4365994439904507,
        "num(pathline)": 0.28837526571925143,
        "min(distant)": 0.016446200998944005
    },
    "member14": {
        "max(u)": 0.8428808475954026,
        "max(v)": 0.2351468592575291,
        "max(length)": 0.4365994439904507,
        "num(pathline)": 0.28837526571925143,
        "min(distant)": 0.016446200998944005
    },
    "member15": {
        "max(u)": 0.8428808475954026,
        "max(v)": 0.2351468592575291,
        "max(length)": 0.4365994439904507,
        "num(pathline)": 0.28837526571925143,
        "min(distant)": 0.016446200998944005
    },
    "member16": {
        "max(u)": 0.8428808475954026,
        "max(v)": 0.2351468592575291,
        "max(length)": 0.4365994439904507,
        "num(pathline)": 0.28837526571925143,
        "min(distant)": 0.016446200998944005
    },
    "member17": {
        "max(u)": 0.8428808475954026,
        "max(v)": 0.2351468592575291,
        "max(length)": 0.4365994439904507,
        "num(pathline)": 0.28837526571925143,
        "min(distant)": 0.016446200998944005
    },
    "member18": {
        "max(u)": 0.8428808475954026,
        "max(v)": 0.2351468592575291,
        "max(length)": 0.4365994439904507,
        "num(pathline)": 0.28837526571925143,
        "min(distant)": 0.016446200998944005
    },
    "member19": {
        "max(u)": 0.8428808475954026,
        "max(v)": 0.2351468592575291,
        "max(length)": 0.4365994439904507,
        "num(pathline)": 0.28837526571925143,
        "min(distant)": 0.016446200998944005
    },
    "member20": {
        "max(u)": 0.8428808475954026,
        "max(v)": 0.2351468592575291,
        "max(length)": 0.4365994439904507,
        "num(pathline)": 0.28837526571925143,
        "min(distant)": 0.016446200998944005
    }
}