{
    "member1": {
        "max(u)": 0.3245442840165006,
        "max(v)": 0.01694391256207428,
        "max(length)": 0.4908593143541441,
        "num(pathline)": 0.854132605217776,
        "min(distant)": 0.40220440882460273
    },
    "member2": {
        "max(u)": 0.3245442840165006,
        "max(v)": 0.01694391256207428,
        "max(length)": 0.4908593143541441,
        "num(pathline)": 0.854132605217776,
        "min(distant)": 0.40220440882460273
    },
    "member3": {
        "max(u)": 0.3245442840165006,
        "max(v)": 0.01694391256207428,
        "max(length)": 0.4908593143541441,
        "num(pathline)": 0.854132605217776,
        "min(distant)": 0.40220440882460273
    },
    "member4": {
        "max(u)": 0.3245442840165006,
        "max(v)": 0.01694391256207428,
        "max(length)": 0.4908593143541441,
        "num(pathline)": 0.854132605217776,
        "min(distant)": 0.40220440882460273
    },
    "member5": {
        "max(u)": 0.3245442840165006,
        "max(v)": 0.01694391256207428,
        "max(length)": 0.4908593143541441,
        "num(pathline)": 0.854132605217776,
        "min(distant)": 0.40220440882460273
    },
    "member6": {
        "max(u)": 0.3245442840165006,
        "max(v)": 0.01694391256207428,
        "max(length)": 0.4908593143541441,
        "num(pathline)": 0.854132605217776,
        "min(distant)": 0.40220440882460273
    },
    "member7": {
        "max(u)": 0.3245442840165006,
        "max(v)": 0.01694391256207428,
        "max(length)": 0.4908593143541441,
        "num(pathline)": 0.854132605217776,
        "min(distant)": 0.40220440882460273
    },
    "member8": {
        "max(u)": 0.3245442840165006,
        "max(v)": 0.01694391256207428,
        "max(length)": 0.4908593143541441,
        "num(pathline)": 0.854132605217776,
        "min(distant)": 0.40220440882460273
    },
    "member9": {
        "max(u)": 0.3245442840165006,
        "max(v)": 0.01694391256207428,
        "max(length)": 0.4908593143541441,
        "num(pathline)": 0.854132605217776,
        "min(distant)": 0.40220440882460273
    },
    "member10": {
        "max(u)": 0.3245442840165006,
        "max(v)": 0.01694391256207428,
        "max(length)": 0.4908593143541441,
        "num(pathline)": 0.854132605217776,
        "min(distant)": 0.40220440882460273
    },
    "member11": {
        "max(u)": 0.3245442840165006,
        "max(v)": 0.01694391256207428,
        "max(length)": 0.4908593143541441,
        "num(pathline)": 0.854132605217776,
        "min(distant)": 0.40220440882460273
    },
    "member12": {
        "max(u)": 0.3245442840165006,
        "max(v)": 0.01694391256207428,
        "max(length)": 0.4908593143541441,
        "num(pathline)": 0.854132605217776,
        "min(distant)": 0.40220440882460273
    },
    "member13": {
        "max(u)": 0.3245442840165006,
        "max(v)": 0.01694391256207428,
        "max(length)": 0.4908593143541441,
        "num(pathline)": 0.854132605217776,
        "min(distant)": 0.40220440882460273
    },
    "member14": {
        "max(u)": 0.3245442840165006,
        "max(v)": 0.01694391256207428,
        "max(length)": 0.4908593143541441,
        "num(pathline)": 0.854132605217776,
        "min(distant)": 0.40220440882460273
    },
    "member15": {
        "max(u)": 0.3245442840165006,
        "max(v)": 0.01694391256207428,
        "max(length)": 0.4908593143541441,
        "num(pathline)": 0.854132605217776,
        "min(distant)": 0.40220440882460273
    },
    "member16": {
        "max(u)": 0.3245442840165006,
        "max(v)": 0.01694391256207428,
        "max(length)": 0.4908593143541441,
        "num(pathline)": 0.854132605217776,
        "min(distant)": 0.40220440882460273
    },
    "member17": {
        "max(u)": 0.3245442840165006,
        "max(v)": 0.01694391256207428,
        "max(length)": 0.4908593143541441,
        "num(pathline)": 0.854132605217776,
        "min(distant)": 0.40220440882460273
    },
    "member18": {
        "max(u)": 0.3245442840165006,
        "max(v)": 0.01694391256207428,
        "max(length)": 0.4908593143541441,
        "num(pathline)": 0.854132605217776,
        "min(distant)": 0.40220440882460273
    },
    "member19": {
        "max(u)": 0.3245442840165006,
        "max(v)": 0.01694391256207428,
        "max(length)": 0.4908593143541441,
        "num(pathline)": 0.854132605217776,
        "min(distant)": 0.40220440882460273
    },
    "member20": {
        "max(u)": 0.3245442840165006,
        "max(v)": 0.01694391256207428,
        "max(length)": 0.4908593143541441,
        "num(pathline)": 0.854132605217776,
        "min(distant)": 0.40220440882460273
    }
}