{
    "member1": {
        "max(u)": 0.0663925666203129,
        "max(v)": 0.5165350956221082,
        "max(length)": 0.42454182384748984,
        "num(pathline)": 0.6803029442549551,
        "min(distant)": 0.5857562227922524
    },
    "member2": {
        "max(u)": 0.0663925666203129,
        "max(v)": 0.5165350956221082,
        "max(length)": 0.42454182384748984,
        "num(pathline)": 0.6803029442549551,
        "min(distant)": 0.5857562227922524
    },
    "member3": {
        "max(u)": 0.0663925666203129,
        "max(v)": 0.5165350956221082,
        "max(length)": 0.42454182384748984,
        "num(pathline)": 0.6803029442549551,
        "min(distant)": 0.5857562227922524
    },
    "member4": {
        "max(u)": 0.0663925666203129,
        "max(v)": 0.5165350956221082,
        "max(length)": 0.42454182384748984,
        "num(pathline)": 0.6803029442549551,
        "min(distant)": 0.5857562227922524
    },
    "member5": {
        "max(u)": 0.0663925666203129,
        "max(v)": 0.5165350956221082,
        "max(length)": 0.42454182384748984,
        "num(pathline)": 0.6803029442549551,
        "min(distant)": 0.5857562227922524
    },
    "member6": {
        "max(u)": 0.0663925666203129,
        "max(v)": 0.5165350956221082,
        "max(length)": 0.42454182384748984,
        "num(pathline)": 0.6803029442549551,
        "min(distant)": 0.5857562227922524
    },
    "member7": {
        "max(u)": 0.0663925666203129,
        "max(v)": 0.5165350956221082,
        "max(length)": 0.42454182384748984,
        "num(pathline)": 0.6803029442549551,
        "min(distant)": 0.5857562227922524
    },
    "member8": {
        "max(u)": 0.0663925666203129,
        "max(v)": 0.5165350956221082,
        "max(length)": 0.42454182384748984,
        "num(pathline)": 0.6803029442549551,
        "min(distant)": 0.5857562227922524
    },
    "member9": {
        "max(u)": 0.0663925666203129,
        "max(v)": 0.5165350956221082,
        "max(length)": 0.42454182384748984,
        "num(pathline)": 0.6803029442549551,
        "min(distant)": 0.5857562227922524
    },
    "member10": {
        "max(u)": 0.0663925666203129,
        "max(v)": 0.5165350956221082,
        "max(length)": 0.42454182384748984,
        "num(pathline)": 0.6803029442549551,
        "min(distant)": 0.5857562227922524
    },
    "member11": {
        "max(u)": 0.0663925666203129,
        "max(v)": 0.5165350956221082,
        "max(length)": 0.42454182384748984,
        "num(pathline)": 0.6803029442549551,
        "min(distant)": 0.5857562227922524
    },
    "member12": {
        "max(u)": 0.0663925666203129,
        "max(v)": 0.5165350956221082,
        "max(length)": 0.42454182384748984,
        "num(pathline)": 0.6803029442549551,
        "min(distant)": 0.5857562227922524
    },
    "member13": {
        "max(u)": 0.0663925666203129,
        "max(v)": 0.5165350956221082,
        "max(length)": 0.42454182384748984,
        "num(pathline)": 0.6803029442549551,
        "min(distant)": 0.5857562227922524
    },
    "member14": {
        "max(u)": 0.0663925666203129,
        "max(v)": 0.5165350956221082,
        "max(length)": 0.42454182384748984,
        "num(pathline)": 0.6803029442549551,
        "min(distant)": 0.5857562227922524
    },
    "member15": {
        "max(u)": 0.0663925666203129,
        "max(v)": 0.5165350956221082,
        "max(length)": 0.42454182384748984,
        "num(pathline)": 0.6803029442549551,
        "min(distant)": 0.5857562227922524
    },
    "member16": {
        "max(u)": 0.0663925666203129,
        "max(v)": 0.5165350956221082,
        "max(length)": 0.42454182384748984,
        "num(pathline)": 0.6803029442549551,
        "min(distant)": 0.5857562227922524
    },
    "member17": {
        "max(u)": 0.0663925666203129,
        "max(v)": 0.5165350956221082,
        "max(length)": 0.42454182384748984,
        "num(pathline)": 0.6803029442549551,
        "min(distant)": 0.5857562227922524
    },
    "member18": {
        "max(u)": 0.0663925666203129,
        "max(v)": 0.5165350956221082,
        "max(length)": 0.42454182384748984,
        "num(pathline)": 0.6803029442549551,
        "min(distant)": 0.5857562227922524
    },
    "member19": {
        "max(u)": 0.0663925666203129,
        "max(v)": 0.5165350956221082,
        "max(length)": 0.42454182384748984,
        "num(pathline)": 0.6803029442549551,
        "min(distant)": 0.5857562227922524
    },
    "member20": {
        "max(u)": 0.0663925666203129,
        "max(v)": 0.5165350956221082,
        "max(length)": 0.42454182384748984,
        "num(pathline)": 0.6803029442549551,
        "min(distant)": 0.5857562227922524
    }
}