{
    "member1": {
        "max(u)": 0.15803495407629686,
        "max(v)": 0.5348004433439273,
        "max(length)": 0.05839024595623343,
        "num(pathline)": 0.49381166418896405,
        "min(distant)": 0.2682300495411535
    },
    "member2": {
        "max(u)": 0.15803495407629686,
        "max(v)": 0.5348004433439273,
        "max(length)": 0.05839024595623343,
        "num(pathline)": 0.49381166418896405,
        "min(distant)": 0.2682300495411535
    },
    "member3": {
        "max(u)": 0.15803495407629686,
        "max(v)": 0.5348004433439273,
        "max(length)": 0.05839024595623343,
        "num(pathline)": 0.49381166418896405,
        "min(distant)": 0.2682300495411535
    },
    "member4": {
        "max(u)": 0.15803495407629686,
        "max(v)": 0.5348004433439273,
        "max(length)": 0.05839024595623343,
        "num(pathline)": 0.49381166418896405,
        "min(distant)": 0.2682300495411535
    },
    "member5": {
        "max(u)": 0.15803495407629686,
        "max(v)": 0.5348004433439273,
        "max(length)": 0.05839024595623343,
        "num(pathline)": 0.49381166418896405,
        "min(distant)": 0.2682300495411535
    },
    "member6": {
        "max(u)": 0.15803495407629686,
        "max(v)": 0.5348004433439273,
        "max(length)": 0.05839024595623343,
        "num(pathline)": 0.49381166418896405,
        "min(distant)": 0.2682300495411535
    },
    "member7": {
        "max(u)": 0.15803495407629686,
        "max(v)": 0.5348004433439273,
        "max(length)": 0.05839024595623343,
        "num(pathline)": 0.49381166418896405,
        "min(distant)": 0.2682300495411535
    },
    "member8": {
        "max(u)": 0.15803495407629686,
        "max(v)": 0.5348004433439273,
        "max(length)": 0.05839024595623343,
        "num(pathline)": 0.49381166418896405,
        "min(distant)": 0.2682300495411535
    },
    "member9": {
        "max(u)": 0.15803495407629686,
        "max(v)": 0.5348004433439273,
        "max(length)": 0.05839024595623343,
        "num(pathline)": 0.49381166418896405,
        "min(distant)": 0.2682300495411535
    },
    "member10": {
        "max(u)": 0.15803495407629686,
        "max(v)": 0.5348004433439273,
        "max(length)": 0.05839024595623343,
        "num(pathline)": 0.49381166418896405,
        "min(distant)": 0.2682300495411535
    },
    "member11": {
        "max(u)": 0.15803495407629686,
        "max(v)": 0.5348004433439273,
        "max(length)": 0.05839024595623343,
        "num(pathline)": 0.49381166418896405,
        "min(distant)": 0.2682300495411535
    },
    "member12": {
        "max(u)": 0.15803495407629686,
        "max(v)": 0.5348004433439273,
        "max(length)": 0.05839024595623343,
        "num(pathline)": 0.49381166418896405,
        "min(distant)": 0.2682300495411535
    },
    "member13": {
        "max(u)": 0.15803495407629686,
        "max(v)": 0.5348004433439273,
        "max(length)": 0.05839024595623343,
        "num(pathline)": 0.49381166418896405,
        "min(distant)": 0.2682300495411535
    },
    "member14": {
        "max(u)": 0.15803495407629686,
        "max(v)": 0.5348004433439273,
        "max(length)": 0.05839024595623343,
        "num(pathline)": 0.49381166418896405,
        "min(distant)": 0.2682300495411535
    },
    "member15": {
        "max(u)": 0.15803495407629686,
        "max(v)": 0.5348004433439273,
        "max(length)": 0.05839024595623343,
        "num(pathline)": 0.49381166418896405,
        "min(distant)": 0.2682300495411535
    },
    "member16": {
        "max(u)": 0.15803495407629686,
        "max(v)": 0.5348004433439273,
        "max(length)": 0.05839024595623343,
        "num(pathline)": 0.49381166418896405,
        "min(distant)": 0.2682300495411535
    },
    "member17": {
        "max(u)": 0.15803495407629686,
        "max(v)": 0.5348004433439273,
        "max(length)": 0.05839024595623343,
        "num(pathline)": 0.49381166418896405,
        "min(distant)": 0.2682300495411535
    },
    "member18": {
        "max(u)": 0.15803495407629686,
        "max(v)": 0.5348004433439273,
        "max(length)": 0.05839024595623343,
        "num(pathline)": 0.49381166418896405,
        "min(distant)": 0.2682300495411535
    },
    "member19": {
        "max(u)": 0.15803495407629686,
        "max(v)": 0.5348004433439273,
        "max(length)": 0.05839024595623343,
        "num(pathline)": 0.49381166418896405,
        "min(distant)": 0.2682300495411535
    },
    "member20": {
        "max(u)": 0.15803495407629686,
        "max(v)": 0.5348004433439273,
        "max(length)": 0.05839024595623343,
        "num(pathline)": 0.49381166418896405,
        "min(distant)": 0.2682300495411535
    }
}