{
    "member1": {
        "max(u)": 0.387814713272877,
        "max(v)": 0.08806471791673987,
        "max(length)": 0.4005894754486552,
        "num(pathline)": 0.004603397648882401,
        "min(distant)": 0.6104742010472797
    },
    "member2": {
        "max(u)": 0.387814713272877,
        "max(v)": 0.08806471791673987,
        "max(length)": 0.4005894754486552,
        "num(pathline)": 0.004603397648882401,
        "min(distant)": 0.6104742010472797
    },
    "member3": {
        "max(u)": 0.387814713272877,
        "max(v)": 0.08806471791673987,
        "max(length)": 0.4005894754486552,
        "num(pathline)": 0.004603397648882401,
        "min(distant)": 0.6104742010472797
    },
    "member4": {
        "max(u)": 0.387814713272877,
        "max(v)": 0.08806471791673987,
        "max(length)": 0.4005894754486552,
        "num(pathline)": 0.004603397648882401,
        "min(distant)": 0.6104742010472797
    },
    "member5": {
        "max(u)": 0.387814713272877,
        "max(v)": 0.08806471791673987,
        "max(length)": 0.4005894754486552,
        "num(pathline)": 0.004603397648882401,
        "min(distant)": 0.6104742010472797
    },
    "member6": {
        "max(u)": 0.387814713272877,
        "max(v)": 0.08806471791673987,
        "max(length)": 0.4005894754486552,
        "num(pathline)": 0.004603397648882401,
        "min(distant)": 0.6104742010472797
    },
    "member7": {
        "max(u)": 0.387814713272877,
        "max(v)": 0.08806471791673987,
        "max(length)": 0.4005894754486552,
        "num(pathline)": 0.004603397648882401,
        "min(distant)": 0.6104742010472797
    },
    "member8": {
        "max(u)": 0.387814713272877,
        "max(v)": 0.08806471791673987,
        "max(length)": 0.4005894754486552,
        "num(pathline)": 0.004603397648882401,
        "min(distant)": 0.6104742010472797
    },
    "member9": {
        "max(u)": 0.387814713272877,
        "max(v)": 0.08806471791673987,
        "max(length)": 0.4005894754486552,
        "num(pathline)": 0.004603397648882401,
        "min(distant)": 0.6104742010472797
    },
    "member10": {
        "max(u)": 0.387814713272877,
        "max(v)": 0.08806471791673987,
        "max(length)": 0.4005894754486552,
        "num(pathline)": 0.004603397648882401,
        "min(distant)": 0.6104742010472797
    },
    "member11": {
        "max(u)": 0.387814713272877,
        "max(v)": 0.08806471791673987,
        "max(length)": 0.4005894754486552,
        "num(pathline)": 0.004603397648882401,
        "min(distant)": 0.6104742010472797
    },
    "member12": {
        "max(u)": 0.387814713272877,
        "max(v)": 0.08806471791673987,
        "max(length)": 0.4005894754486552,
        "num(pathline)": 0.004603397648882401,
        "min(distant)": 0.6104742010472797
    },
    "member13": {
        "max(u)": 0.387814713272877,
        "max(v)": 0.08806471791673987,
        "max(length)": 0.4005894754486552,
        "num(pathline)": 0.004603397648882401,
        "min(distant)": 0.6104742010472797
    },
    "member14": {
        "max(u)": 0.387814713272877,
        "max(v)": 0.08806471791673987,
        "max(length)": 0.4005894754486552,
        "num(pathline)": 0.004603397648882401,
        "min(distant)": 0.6104742010472797
    },
    "member15": {
        "max(u)": 0.387814713272877,
        "max(v)": 0.08806471791673987,
        "max(length)": 0.4005894754486552,
        "num(pathline)": 0.004603397648882401,
        "min(distant)": 0.6104742010472797
    },
    "member16": {
        "max(u)": 0.387814713272877,
        "max(v)": 0.08806471791673987,
        "max(length)": 0.4005894754486552,
        "num(pathline)": 0.004603397648882401,
        "min(distant)": 0.6104742010472797
    },
    "member17": {
        "max(u)": 0.387814713272877,
        "max(v)": 0.08806471791673987,
        "max(length)": 0.4005894754486552,
        "num(pathline)": 0.004603397648882401,
        "min(distant)": 0.6104742010472797
    },
    "member18": {
        "max(u)": 0.387814713272877,
        "max(v)": 0.08806471791673987,
        "max(length)": 0.4005894754486552,
        "num(pathline)": 0.004603397648882401,
        "min(distant)": 0.6104742010472797
    },
    "member19": {
        "max(u)": 0.387814713272877,
        "max(v)": 0.08806471791673987,
        "max(length)": 0.4005894754486552,
        "num(pathline)": 0.004603397648882401,
        "min(distant)": 0.6104742010472797
    },
    "member20": {
        "max(u)": 0.387814713272877,
        "max(v)": 0.08806471791673987,
        "max(length)": 0.4005894754486552,
        "num(pathline)": 0.004603397648882401,
        "min(distant)": 0.6104742010472797
    }
}