{
    "member1": {
        "max(u)": 0.06595699857251691,
        "max(v)": 0.6517190856769507,
        "max(length)": 0.23567354166606957,
        "num(pathline)": 0.7423528005854263,
        "min(distant)": 0.2538209287402471
    },
    "member2": {
        "max(u)": 0.06595699857251691,
        "max(v)": 0.6517190856769507,
        "max(length)": 0.23567354166606957,
        "num(pathline)": 0.7423528005854263,
        "min(distant)": 0.2538209287402471
    },
    "member3": {
        "max(u)": 0.06595699857251691,
        "max(v)": 0.6517190856769507,
        "max(length)": 0.23567354166606957,
        "num(pathline)": 0.7423528005854263,
        "min(distant)": 0.2538209287402471
    },
    "member4": {
        "max(u)": 0.06595699857251691,
        "max(v)": 0.6517190856769507,
        "max(length)": 0.23567354166606957,
        "num(pathline)": 0.7423528005854263,
        "min(distant)": 0.2538209287402471
    },
    "member5": {
        "max(u)": 0.06595699857251691,
        "max(v)": 0.6517190856769507,
        "max(length)": 0.23567354166606957,
        "num(pathline)": 0.7423528005854263,
        "min(distant)": 0.2538209287402471
    },
    "member6": {
        "max(u)": 0.06595699857251691,
        "max(v)": 0.6517190856769507,
        "max(length)": 0.23567354166606957,
        "num(pathline)": 0.7423528005854263,
        "min(distant)": 0.2538209287402471
    },
    "member7": {
        "max(u)": 0.06595699857251691,
        "max(v)": 0.6517190856769507,
        "max(length)": 0.23567354166606957,
        "num(pathline)": 0.7423528005854263,
        "min(distant)": 0.2538209287402471
    },
    "member8": {
        "max(u)": 0.06595699857251691,
        "max(v)": 0.6517190856769507,
        "max(length)": 0.23567354166606957,
        "num(pathline)": 0.7423528005854263,
        "min(distant)": 0.2538209287402471
    },
    "member9": {
        "max(u)": 0.06595699857251691,
        "max(v)": 0.6517190856769507,
        "max(length)": 0.23567354166606957,
        "num(pathline)": 0.7423528005854263,
        "min(distant)": 0.2538209287402471
    },
    "member10": {
        "max(u)": 0.06595699857251691,
        "max(v)": 0.6517190856769507,
        "max(length)": 0.23567354166606957,
        "num(pathline)": 0.7423528005854263,
        "min(distant)": 0.2538209287402471
    },
    "member11": {
        "max(u)": 0.06595699857251691,
        "max(v)": 0.6517190856769507,
        "max(length)": 0.23567354166606957,
        "num(pathline)": 0.7423528005854263,
        "min(distant)": 0.2538209287402471
    },
    "member12": {
        "max(u)": 0.06595699857251691,
        "max(v)": 0.6517190856769507,
        "max(length)": 0.23567354166606957,
        "num(pathline)": 0.7423528005854263,
        "min(distant)": 0.2538209287402471
    },
    "member13": {
        "max(u)": 0.06595699857251691,
        "max(v)": 0.6517190856769507,
        "max(length)": 0.23567354166606957,
        "num(pathline)": 0.7423528005854263,
        "min(distant)": 0.2538209287402471
    },
    "member14": {
        "max(u)": 0.06595699857251691,
        "max(v)": 0.6517190856769507,
        "max(length)": 0.23567354166606957,
        "num(pathline)": 0.7423528005854263,
        "min(distant)": 0.2538209287402471
    },
    "member15": {
        "max(u)": 0.06595699857251691,
        "max(v)": 0.6517190856769507,
        "max(length)": 0.23567354166606957,
        "num(pathline)": 0.7423528005854263,
        "min(distant)": 0.2538209287402471
    },
    "member16": {
        "max(u)": 0.06595699857251691,
        "max(v)": 0.6517190856769507,
        "max(length)": 0.23567354166606957,
        "num(pathline)": 0.7423528005854263,
        "min(distant)": 0.2538209287402471
    },
    "member17": {
        "max(u)": 0.06595699857251691,
        "max(v)": 0.6517190856769507,
        "max(length)": 0.23567354166606957,
        "num(pathline)": 0.7423528005854263,
        "min(distant)": 0.2538209287402471
    },
    "member18": {
        "max(u)": 0.06595699857251691,
        "max(v)": 0.6517190856769507,
        "max(length)": 0.23567354166606957,
        "num(pathline)": 0.7423528005854263,
        "min(distant)": 0.2538209287402471
    },
    "member19": {
        "max(u)": 0.06595699857251691,
        "max(v)": 0.6517190856769507,
        "max(length)": 0.23567354166606957,
        "num(pathline)": 0.7423528005854263,
        "min(distant)": 0.2538209287402471
    },
    "member20": {
        "max(u)": 0.06595699857251691,
        "max(v)": 0.6517190856769507,
        "max(length)": 0.23567354166606957,
        "num(pathline)": 0.7423528005854263,
        "min(distant)": 0.2538209287402471
    }
}