{
    "member1": {
        "max(u)": 0.011408025568590996,
        "max(v)": 0.27012800237641144,
        "max(length)": 0.020988490464886267,
        "num(pathline)": 0.4468501094746462,
        "min(distant)": 0.11779685672443863
    },
    "member2": {
        "max(u)": 0.011408025568590996,
        "max(v)": 0.27012800237641144,
        "max(length)": 0.020988490464886267,
        "num(pathline)": 0.4468501094746462,
        "min(distant)": 0.11779685672443863
    },
    "member3": {
        "max(u)": 0.011408025568590996,
        "max(v)": 0.27012800237641144,
        "max(length)": 0.020988490464886267,
        "num(pathline)": 0.4468501094746462,
        "min(distant)": 0.11779685672443863
    },
    "member4": {
        "max(u)": 0.011408025568590996,
        "max(v)": 0.27012800237641144,
        "max(length)": 0.020988490464886267,
        "num(pathline)": 0.4468501094746462,
        "min(distant)": 0.11779685672443863
    },
    "member5": {
        "max(u)": 0.011408025568590996,
        "max(v)": 0.27012800237641144,
        "max(length)": 0.020988490464886267,
        "num(pathline)": 0.4468501094746462,
        "min(distant)": 0.11779685672443863
    },
    "member6": {
        "max(u)": 0.011408025568590996,
        "max(v)": 0.27012800237641144,
        "max(length)": 0.020988490464886267,
        "num(pathline)": 0.4468501094746462,
        "min(distant)": 0.11779685672443863
    },
    "member7": {
        "max(u)": 0.011408025568590996,
        "max(v)": 0.27012800237641144,
        "max(length)": 0.020988490464886267,
        "num(pathline)": 0.4468501094746462,
        "min(distant)": 0.11779685672443863
    },
    "member8": {
        "max(u)": 0.011408025568590996,
        "max(v)": 0.27012800237641144,
        "max(length)": 0.020988490464886267,
        "num(pathline)": 0.4468501094746462,
        "min(distant)": 0.11779685672443863
    },
    "member9": {
        "max(u)": 0.011408025568590996,
        "max(v)": 0.27012800237641144,
        "max(length)": 0.020988490464886267,
        "num(pathline)": 0.4468501094746462,
        "min(distant)": 0.11779685672443863
    },
    "member10": {
        "max(u)": 0.011408025568590996,
        "max(v)": 0.27012800237641144,
        "max(length)": 0.020988490464886267,
        "num(pathline)": 0.4468501094746462,
        "min(distant)": 0.11779685672443863
    },
    "member11": {
        "max(u)": 0.011408025568590996,
        "max(v)": 0.27012800237641144,
        "max(length)": 0.020988490464886267,
        "num(pathline)": 0.4468501094746462,
        "min(distant)": 0.11779685672443863
    },
    "member12": {
        "max(u)": 0.011408025568590996,
        "max(v)": 0.27012800237641144,
        "max(length)": 0.020988490464886267,
        "num(pathline)": 0.4468501094746462,
        "min(distant)": 0.11779685672443863
    },
    "member13": {
        "max(u)": 0.011408025568590996,
        "max(v)": 0.27012800237641144,
        "max(length)": 0.020988490464886267,
        "num(pathline)": 0.4468501094746462,
        "min(distant)": 0.11779685672443863
    },
    "member14": {
        "max(u)": 0.011408025568590996,
        "max(v)": 0.27012800237641144,
        "max(length)": 0.020988490464886267,
        "num(pathline)": 0.4468501094746462,
        "min(distant)": 0.11779685672443863
    },
    "member15": {
        "max(u)": 0.011408025568590996,
        "max(v)": 0.27012800237641144,
        "max(length)": 0.020988490464886267,
        "num(pathline)": 0.4468501094746462,
        "min(distant)": 0.11779685672443863
    },
    "member16": {
        "max(u)": 0.011408025568590996,
        "max(v)": 0.27012800237641144,
        "max(length)": 0.020988490464886267,
        "num(pathline)": 0.4468501094746462,
        "min(distant)": 0.11779685672443863
    },
    "member17": {
        "max(u)": 0.011408025568590996,
        "max(v)": 0.27012800237641144,
        "max(length)": 0.020988490464886267,
        "num(pathline)": 0.4468501094746462,
        "min(distant)": 0.11779685672443863
    },
    "member18": {
        "max(u)": 0.011408025568590996,
        "max(v)": 0.27012800237641144,
        "max(length)": 0.020988490464886267,
        "num(pathline)": 0.4468501094746462,
        "min(distant)": 0.11779685672443863
    },
    "member19": {
        "max(u)": 0.011408025568590996,
        "max(v)": 0.27012800237641144,
        "max(length)": 0.020988490464886267,
        "num(pathline)": 0.4468501094746462,
        "min(distant)": 0.11779685672443863
    },
    "member20": {
        "max(u)": 0.011408025568590996,
        "max(v)": 0.27012800237641144,
        "max(length)": 0.020988490464886267,
        "num(pathline)": 0.4468501094746462,
        "min(distant)": 0.11779685672443863
    }
}