{
    "member1": {
        "max(u)": 0.06015934911859644,
        "max(v)": 0.6206604010016192,
        "max(length)": 0.44558726617028965,
        "num(pathline)": 0.5264069139422465,
        "min(distant)": 0.609434749468872
    },
    "member2": {
        "max(u)": 0.06015934911859644,
        "max(v)": 0.6206604010016192,
        "max(length)": 0.44558726617028965,
        "num(pathline)": 0.5264069139422465,
        "min(distant)": 0.609434749468872
    },
    "member3": {
        "max(u)": 0.06015934911859644,
        "max(v)": 0.6206604010016192,
        "max(length)": 0.44558726617028965,
        "num(pathline)": 0.5264069139422465,
        "min(distant)": 0.609434749468872
    },
    "member4": {
        "max(u)": 0.06015934911859644,
        "max(v)": 0.6206604010016192,
        "max(length)": 0.44558726617028965,
        "num(pathline)": 0.5264069139422465,
        "min(distant)": 0.609434749468872
    },
    "member5": {
        "max(u)": 0.06015934911859644,
        "max(v)": 0.6206604010016192,
        "max(length)": 0.44558726617028965,
        "num(pathline)": 0.5264069139422465,
        "min(distant)": 0.609434749468872
    },
    "member6": {
        "max(u)": 0.06015934911859644,
        "max(v)": 0.6206604010016192,
        "max(length)": 0.44558726617028965,
        "num(pathline)": 0.5264069139422465,
        "min(distant)": 0.609434749468872
    },
    "member7": {
        "max(u)": 0.06015934911859644,
        "max(v)": 0.6206604010016192,
        "max(length)": 0.44558726617028965,
        "num(pathline)": 0.5264069139422465,
        "min(distant)": 0.609434749468872
    },
    "member8": {
        "max(u)": 0.06015934911859644,
        "max(v)": 0.6206604010016192,
        "max(length)": 0.44558726617028965,
        "num(pathline)": 0.5264069139422465,
        "min(distant)": 0.609434749468872
    },
    "member9": {
        "max(u)": 0.06015934911859644,
        "max(v)": 0.6206604010016192,
        "max(length)": 0.44558726617028965,
        "num(pathline)": 0.5264069139422465,
        "min(distant)": 0.609434749468872
    },
    "member10": {
        "max(u)": 0.06015934911859644,
        "max(v)": 0.6206604010016192,
        "max(length)": 0.44558726617028965,
        "num(pathline)": 0.5264069139422465,
        "min(distant)": 0.609434749468872
    },
    "member11": {
        "max(u)": 0.06015934911859644,
        "max(v)": 0.6206604010016192,
        "max(length)": 0.44558726617028965,
        "num(pathline)": 0.5264069139422465,
        "min(distant)": 0.609434749468872
    },
    "member12": {
        "max(u)": 0.06015934911859644,
        "max(v)": 0.6206604010016192,
        "max(length)": 0.44558726617028965,
        "num(pathline)": 0.5264069139422465,
        "min(distant)": 0.609434749468872
    },
    "member13": {
        "max(u)": 0.06015934911859644,
        "max(v)": 0.6206604010016192,
        "max(length)": 0.44558726617028965,
        "num(pathline)": 0.5264069139422465,
        "min(distant)": 0.609434749468872
    },
    "member14": {
        "max(u)": 0.06015934911859644,
        "max(v)": 0.6206604010016192,
        "max(length)": 0.44558726617028965,
        "num(pathline)": 0.5264069139422465,
        "min(distant)": 0.609434749468872
    },
    "member15": {
        "max(u)": 0.06015934911859644,
        "max(v)": 0.6206604010016192,
        "max(length)": 0.44558726617028965,
        "num(pathline)": 0.5264069139422465,
        "min(distant)": 0.609434749468872
    },
    "member16": {
        "max(u)": 0.06015934911859644,
        "max(v)": 0.6206604010016192,
        "max(length)": 0.44558726617028965,
        "num(pathline)": 0.5264069139422465,
        "min(distant)": 0.609434749468872
    },
    "member17": {
        "max(u)": 0.06015934911859644,
        "max(v)": 0.6206604010016192,
        "max(length)": 0.44558726617028965,
        "num(pathline)": 0.5264069139422465,
        "min(distant)": 0.609434749468872
    },
    "member18": {
        "max(u)": 0.06015934911859644,
        "max(v)": 0.6206604010016192,
        "max(length)": 0.44558726617028965,
        "num(pathline)": 0.5264069139422465,
        "min(distant)": 0.609434749468872
    },
    "member19": {
        "max(u)": 0.06015934911859644,
        "max(v)": 0.6206604010016192,
        "max(length)": 0.44558726617028965,
        "num(pathline)": 0.5264069139422465,
        "min(distant)": 0.609434749468872
    },
    "member20": {
        "max(u)": 0.06015934911859644,
        "max(v)": 0.6206604010016192,
        "max(length)": 0.44558726617028965,
        "num(pathline)": 0.5264069139422465,
        "min(distant)": 0.609434749468872
    }
}