{
    "member1": {
        "max(u)": 0.397830840186136,
        "max(v)": 0.16937747610073606,
        "max(length)": 0.7706359804775605,
        "num(pathline)": 0.6936777653286927,
        "min(distant)": 0.7402524001707713
    },
    "member2": {
        "max(u)": 0.397830840186136,
        "max(v)": 0.16937747610073606,
        "max(length)": 0.7706359804775605,
        "num(pathline)": 0.6936777653286927,
        "min(distant)": 0.7402524001707713
    },
    "member3": {
        "max(u)": 0.397830840186136,
        "max(v)": 0.16937747610073606,
        "max(length)": 0.7706359804775605,
        "num(pathline)": 0.6936777653286927,
        "min(distant)": 0.7402524001707713
    },
    "member4": {
        "max(u)": 0.397830840186136,
        "max(v)": 0.16937747610073606,
        "max(length)": 0.7706359804775605,
        "num(pathline)": 0.6936777653286927,
        "min(distant)": 0.7402524001707713
    },
    "member5": {
        "max(u)": 0.397830840186136,
        "max(v)": 0.16937747610073606,
        "max(length)": 0.7706359804775605,
        "num(pathline)": 0.6936777653286927,
        "min(distant)": 0.7402524001707713
    },
    "member6": {
        "max(u)": 0.397830840186136,
        "max(v)": 0.16937747610073606,
        "max(length)": 0.7706359804775605,
        "num(pathline)": 0.6936777653286927,
        "min(distant)": 0.7402524001707713
    },
    "member7": {
        "max(u)": 0.397830840186136,
        "max(v)": 0.16937747610073606,
        "max(length)": 0.7706359804775605,
        "num(pathline)": 0.6936777653286927,
        "min(distant)": 0.7402524001707713
    },
    "member8": {
        "max(u)": 0.397830840186136,
        "max(v)": 0.16937747610073606,
        "max(length)": 0.7706359804775605,
        "num(pathline)": 0.6936777653286927,
        "min(distant)": 0.7402524001707713
    },
    "member9": {
        "max(u)": 0.397830840186136,
        "max(v)": 0.16937747610073606,
        "max(length)": 0.7706359804775605,
        "num(pathline)": 0.6936777653286927,
        "min(distant)": 0.7402524001707713
    },
    "member10": {
        "max(u)": 0.397830840186136,
        "max(v)": 0.16937747610073606,
        "max(length)": 0.7706359804775605,
        "num(pathline)": 0.6936777653286927,
        "min(distant)": 0.7402524001707713
    },
    "member11": {
        "max(u)": 0.397830840186136,
        "max(v)": 0.16937747610073606,
        "max(length)": 0.7706359804775605,
        "num(pathline)": 0.6936777653286927,
        "min(distant)": 0.7402524001707713
    },
    "member12": {
        "max(u)": 0.397830840186136,
        "max(v)": 0.16937747610073606,
        "max(length)": 0.7706359804775605,
        "num(pathline)": 0.6936777653286927,
        "min(distant)": 0.7402524001707713
    },
    "member13": {
        "max(u)": 0.397830840186136,
        "max(v)": 0.16937747610073606,
        "max(length)": 0.7706359804775605,
        "num(pathline)": 0.6936777653286927,
        "min(distant)": 0.7402524001707713
    },
    "member14": {
        "max(u)": 0.397830840186136,
        "max(v)": 0.16937747610073606,
        "max(length)": 0.7706359804775605,
        "num(pathline)": 0.6936777653286927,
        "min(distant)": 0.7402524001707713
    },
    "member15": {
        "max(u)": 0.397830840186136,
        "max(v)": 0.16937747610073606,
        "max(length)": 0.7706359804775605,
        "num(pathline)": 0.6936777653286927,
        "min(distant)": 0.7402524001707713
    },
    "member16": {
        "max(u)": 0.397830840186136,
        "max(v)": 0.16937747610073606,
        "max(length)": 0.7706359804775605,
        "num(pathline)": 0.6936777653286927,
        "min(distant)": 0.7402524001707713
    },
    "member17": {
        "max(u)": 0.397830840186136,
        "max(v)": 0.16937747610073606,
        "max(length)": 0.7706359804775605,
        "num(pathline)": 0.6936777653286927,
        "min(distant)": 0.7402524001707713
    },
    "member18": {
        "max(u)": 0.397830840186136,
        "max(v)": 0.16937747610073606,
        "max(length)": 0.7706359804775605,
        "num(pathline)": 0.6936777653286927,
        "min(distant)": 0.7402524001707713
    },
    "member19": {
        "max(u)": 0.397830840186136,
        "max(v)": 0.16937747610073606,
        "max(length)": 0.7706359804775605,
        "num(pathline)": 0.6936777653286927,
        "min(distant)": 0.7402524001707713
    },
    "member20": {
        "max(u)": 0.397830840186136,
        "max(v)": 0.16937747610073606,
        "max(length)": 0.7706359804775605,
        "num(pathline)": 0.6936777653286927,
        "min(distant)": 0.7402524001707713
    }
}