{
    "member1": {
        "max(u)": 0.7227906156995303,
        "max(v)": 0.08820978195270446,
        "max(length)": 0.25329254161949766,
        "num(pathline)": 0.38116454261131727,
        "min(distant)": 0.5818496858921812
    },
    "member2": {
        "max(u)": 0.7227906156995303,
        "max(v)": 0.08820978195270446,
        "max(length)": 0.25329254161949766,
        "num(pathline)": 0.38116454261131727,
        "min(distant)": 0.5818496858921812
    },
    "member3": {
        "max(u)": 0.7227906156995303,
        "max(v)": 0.08820978195270446,
        "max(length)": 0.25329254161949766,
        "num(pathline)": 0.38116454261131727,
        "min(distant)": 0.5818496858921812
    },
    "member4": {
        "max(u)": 0.7227906156995303,
        "max(v)": 0.08820978195270446,
        "max(length)": 0.25329254161949766,
        "num(pathline)": 0.38116454261131727,
        "min(distant)": 0.5818496858921812
    },
    "member5": {
        "max(u)": 0.7227906156995303,
        "max(v)": 0.08820978195270446,
        "max(length)": 0.25329254161949766,
        "num(pathline)": 0.38116454261131727,
        "min(distant)": 0.5818496858921812
    },
    "member6": {
        "max(u)": 0.7227906156995303,
        "max(v)": 0.08820978195270446,
        "max(length)": 0.25329254161949766,
        "num(pathline)": 0.38116454261131727,
        "min(distant)": 0.5818496858921812
    },
    "member7": {
        "max(u)": 0.7227906156995303,
        "max(v)": 0.08820978195270446,
        "max(length)": 0.25329254161949766,
        "num(pathline)": 0.38116454261131727,
        "min(distant)": 0.5818496858921812
    },
    "member8": {
        "max(u)": 0.7227906156995303,
        "max(v)": 0.08820978195270446,
        "max(length)": 0.25329254161949766,
        "num(pathline)": 0.38116454261131727,
        "min(distant)": 0.5818496858921812
    },
    "member9": {
        "max(u)": 0.7227906156995303,
        "max(v)": 0.08820978195270446,
        "max(length)": 0.25329254161949766,
        "num(pathline)": 0.38116454261131727,
        "min(distant)": 0.5818496858921812
    },
    "member10": {
        "max(u)": 0.7227906156995303,
        "max(v)": 0.08820978195270446,
        "max(length)": 0.25329254161949766,
        "num(pathline)": 0.38116454261131727,
        "min(distant)": 0.5818496858921812
    },
    "member11": {
        "max(u)": 0.7227906156995303,
        "max(v)": 0.08820978195270446,
        "max(length)": 0.25329254161949766,
        "num(pathline)": 0.38116454261131727,
        "min(distant)": 0.5818496858921812
    },
    "member12": {
        "max(u)": 0.7227906156995303,
        "max(v)": 0.08820978195270446,
        "max(length)": 0.25329254161949766,
        "num(pathline)": 0.38116454261131727,
        "min(distant)": 0.5818496858921812
    },
    "member13": {
        "max(u)": 0.7227906156995303,
        "max(v)": 0.08820978195270446,
        "max(length)": 0.25329254161949766,
        "num(pathline)": 0.38116454261131727,
        "min(distant)": 0.5818496858921812
    },
    "member14": {
        "max(u)": 0.7227906156995303,
        "max(v)": 0.08820978195270446,
        "max(length)": 0.25329254161949766,
        "num(pathline)": 0.38116454261131727,
        "min(distant)": 0.5818496858921812
    },
    "member15": {
        "max(u)": 0.7227906156995303,
        "max(v)": 0.08820978195270446,
        "max(length)": 0.25329254161949766,
        "num(pathline)": 0.38116454261131727,
        "min(distant)": 0.5818496858921812
    },
    "member16": {
        "max(u)": 0.7227906156995303,
        "max(v)": 0.08820978195270446,
        "max(length)": 0.25329254161949766,
        "num(pathline)": 0.38116454261131727,
        "min(distant)": 0.5818496858921812
    },
    "member17": {
        "max(u)": 0.7227906156995303,
        "max(v)": 0.08820978195270446,
        "max(length)": 0.25329254161949766,
        "num(pathline)": 0.38116454261131727,
        "min(distant)": 0.5818496858921812
    },
    "member18": {
        "max(u)": 0.7227906156995303,
        "max(v)": 0.08820978195270446,
        "max(length)": 0.25329254161949766,
        "num(pathline)": 0.38116454261131727,
        "min(distant)": 0.5818496858921812
    },
    "member19": {
        "max(u)": 0.7227906156995303,
        "max(v)": 0.08820978195270446,
        "max(length)": 0.25329254161949766,
        "num(pathline)": 0.38116454261131727,
        "min(distant)": 0.5818496858921812
    },
    "member20": {
        "max(u)": 0.7227906156995303,
        "max(v)": 0.08820978195270446,
        "max(length)": 0.25329254161949766,
        "num(pathline)": 0.38116454261131727,
        "min(distant)": 0.5818496858921812
    }
}