{
    "member1": {
        "max(u)": 0.08663399060378685,
        "max(v)": 0.3340612094749279,
        "max(length)": 0.5439673808794752,
        "num(pathline)": 0.4741159454915239,
        "min(distant)": 0.11723005612462878
    },
    "member2": {
        "max(u)": 0.08663399060378685,
        "max(v)": 0.3340612094749279,
        "max(length)": 0.5439673808794752,
        "num(pathline)": 0.4741159454915239,
        "min(distant)": 0.11723005612462878
    },
    "member3": {
        "max(u)": 0.08663399060378685,
        "max(v)": 0.3340612094749279,
        "max(length)": 0.5439673808794752,
        "num(pathline)": 0.4741159454915239,
        "min(distant)": 0.11723005612462878
    },
    "member4": {
        "max(u)": 0.08663399060378685,
        "max(v)": 0.3340612094749279,
        "max(length)": 0.5439673808794752,
        "num(pathline)": 0.4741159454915239,
        "min(distant)": 0.11723005612462878
    },
    "member5": {
        "max(u)": 0.08663399060378685,
        "max(v)": 0.3340612094749279,
        "max(length)": 0.5439673808794752,
        "num(pathline)": 0.4741159454915239,
        "min(distant)": 0.11723005612462878
    },
    "member6": {
        "max(u)": 0.08663399060378685,
        "max(v)": 0.3340612094749279,
        "max(length)": 0.5439673808794752,
        "num(pathline)": 0.4741159454915239,
        "min(distant)": 0.11723005612462878
    },
    "member7": {
        "max(u)": 0.08663399060378685,
        "max(v)": 0.3340612094749279,
        "max(length)": 0.5439673808794752,
        "num(pathline)": 0.4741159454915239,
        "min(distant)": 0.11723005612462878
    },
    "member8": {
        "max(u)": 0.08663399060378685,
        "max(v)": 0.3340612094749279,
        "max(length)": 0.5439673808794752,
        "num(pathline)": 0.4741159454915239,
        "min(distant)": 0.11723005612462878
    },
    "member9": {
        "max(u)": 0.08663399060378685,
        "max(v)": 0.3340612094749279,
        "max(length)": 0.5439673808794752,
        "num(pathline)": 0.4741159454915239,
        "min(distant)": 0.11723005612462878
    },
    "member10": {
        "max(u)": 0.08663399060378685,
        "max(v)": 0.3340612094749279,
        "max(length)": 0.5439673808794752,
        "num(pathline)": 0.4741159454915239,
        "min(distant)": 0.11723005612462878
    },
    "member11": {
        "max(u)": 0.08663399060378685,
        "max(v)": 0.3340612094749279,
        "max(length)": 0.5439673808794752,
        "num(pathline)": 0.4741159454915239,
        "min(distant)": 0.11723005612462878
    },
    "member12": {
        "max(u)": 0.08663399060378685,
        "max(v)": 0.3340612094749279,
        "max(length)": 0.5439673808794752,
        "num(pathline)": 0.4741159454915239,
        "min(distant)": 0.11723005612462878
    },
    "member13": {
        "max(u)": 0.08663399060378685,
        "max(v)": 0.3340612094749279,
        "max(length)": 0.5439673808794752,
        "num(pathline)": 0.4741159454915239,
        "min(distant)": 0.11723005612462878
    },
    "member14": {
        "max(u)": 0.08663399060378685,
        "max(v)": 0.3340612094749279,
        "max(length)": 0.5439673808794752,
        "num(pathline)": 0.4741159454915239,
        "min(distant)": 0.11723005612462878
    },
    "member15": {
        "max(u)": 0.08663399060378685,
        "max(v)": 0.3340612094749279,
        "max(length)": 0.5439673808794752,
        "num(pathline)": 0.4741159454915239,
        "min(distant)": 0.11723005612462878
    },
    "member16": {
        "max(u)": 0.08663399060378685,
        "max(v)": 0.3340612094749279,
        "max(length)": 0.5439673808794752,
        "num(pathline)": 0.4741159454915239,
        "min(distant)": 0.11723005612462878
    },
    "member17": {
        "max(u)": 0.08663399060378685,
        "max(v)": 0.3340612094749279,
        "max(length)": 0.5439673808794752,
        "num(pathline)": 0.4741159454915239,
        "min(distant)": 0.11723005612462878
    },
    "member18": {
        "max(u)": 0.08663399060378685,
        "max(v)": 0.3340612094749279,
        "max(length)": 0.5439673808794752,
        "num(pathline)": 0.4741159454915239,
        "min(distant)": 0.11723005612462878
    },
    "member19": {
        "max(u)": 0.08663399060378685,
        "max(v)": 0.3340612094749279,
        "max(length)": 0.5439673808794752,
        "num(pathline)": 0.4741159454915239,
        "min(distant)": 0.11723005612462878
    },
    "member20": {
        "max(u)": 0.08663399060378685,
        "max(v)": 0.3340612094749279,
        "max(length)": 0.5439673808794752,
        "num(pathline)": 0.4741159454915239,
        "min(distant)": 0.11723005612462878
    }
}