{
    "member1": {
        "max(u)": 0.6998650433680399,
        "max(v)": 0.38877449269029796,
        "max(length)": 0.008476378836773435,
        "num(pathline)": 0.19792687433029554,
        "min(distant)": 0.5546803415111097
    },
    "member2": {
        "max(u)": 0.6998650433680399,
        "max(v)": 0.38877449269029796,
        "max(length)": 0.008476378836773435,
        "num(pathline)": 0.19792687433029554,
        "min(distant)": 0.5546803415111097
    },
    "member3": {
        "max(u)": 0.6998650433680399,
        "max(v)": 0.38877449269029796,
        "max(length)": 0.008476378836773435,
        "num(pathline)": 0.19792687433029554,
        "min(distant)": 0.5546803415111097
    },
    "member4": {
        "max(u)": 0.6998650433680399,
        "max(v)": 0.38877449269029796,
        "max(length)": 0.008476378836773435,
        "num(pathline)": 0.19792687433029554,
        "min(distant)": 0.5546803415111097
    },
    "member5": {
        "max(u)": 0.6998650433680399,
        "max(v)": 0.38877449269029796,
        "max(length)": 0.008476378836773435,
        "num(pathline)": 0.19792687433029554,
        "min(distant)": 0.5546803415111097
    },
    "member6": {
        "max(u)": 0.6998650433680399,
        "max(v)": 0.38877449269029796,
        "max(length)": 0.008476378836773435,
        "num(pathline)": 0.19792687433029554,
        "min(distant)": 0.5546803415111097
    },
    "member7": {
        "max(u)": 0.6998650433680399,
        "max(v)": 0.38877449269029796,
        "max(length)": 0.008476378836773435,
        "num(pathline)": 0.19792687433029554,
        "min(distant)": 0.5546803415111097
    },
    "member8": {
        "max(u)": 0.6998650433680399,
        "max(v)": 0.38877449269029796,
        "max(length)": 0.008476378836773435,
        "num(pathline)": 0.19792687433029554,
        "min(distant)": 0.5546803415111097
    },
    "member9": {
        "max(u)": 0.6998650433680399,
        "max(v)": 0.38877449269029796,
        "max(length)": 0.008476378836773435,
        "num(pathline)": 0.19792687433029554,
        "min(distant)": 0.5546803415111097
    },
    "member10": {
        "max(u)": 0.6998650433680399,
        "max(v)": 0.38877449269029796,
        "max(length)": 0.008476378836773435,
        "num(pathline)": 0.19792687433029554,
        "min(distant)": 0.5546803415111097
    },
    "member11": {
        "max(u)": 0.6998650433680399,
        "max(v)": 0.38877449269029796,
        "max(length)": 0.008476378836773435,
        "num(pathline)": 0.19792687433029554,
        "min(distant)": 0.5546803415111097
    },
    "member12": {
        "max(u)": 0.6998650433680399,
        "max(v)": 0.38877449269029796,
        "max(length)": 0.008476378836773435,
        "num(pathline)": 0.19792687433029554,
        "min(distant)": 0.5546803415111097
    },
    "member13": {
        "max(u)": 0.6998650433680399,
        "max(v)": 0.38877449269029796,
        "max(length)": 0.008476378836773435,
        "num(pathline)": 0.19792687433029554,
        "min(distant)": 0.5546803415111097
    },
    "member14": {
        "max(u)": 0.6998650433680399,
        "max(v)": 0.38877449269029796,
        "max(length)": 0.008476378836773435,
        "num(pathline)": 0.19792687433029554,
        "min(distant)": 0.5546803415111097
    },
    "member15": {
        "max(u)": 0.6998650433680399,
        "max(v)": 0.38877449269029796,
        "max(length)": 0.008476378836773435,
        "num(pathline)": 0.19792687433029554,
        "min(distant)": 0.5546803415111097
    },
    "member16": {
        "max(u)": 0.6998650433680399,
        "max(v)": 0.38877449269029796,
        "max(length)": 0.008476378836773435,
        "num(pathline)": 0.19792687433029554,
        "min(distant)": 0.5546803415111097
    },
    "member17": {
        "max(u)": 0.6998650433680399,
        "max(v)": 0.38877449269029796,
        "max(length)": 0.008476378836773435,
        "num(pathline)": 0.19792687433029554,
        "min(distant)": 0.5546803415111097
    },
    "member18": {
        "max(u)": 0.6998650433680399,
        "max(v)": 0.38877449269029796,
        "max(length)": 0.008476378836773435,
        "num(pathline)": 0.19792687433029554,
        "min(distant)": 0.5546803415111097
    },
    "member19": {
        "max(u)": 0.6998650433680399,
        "max(v)": 0.38877449269029796,
        "max(length)": 0.008476378836773435,
        "num(pathline)": 0.19792687433029554,
        "min(distant)": 0.5546803415111097
    },
    "member20": {
        "max(u)": 0.6998650433680399,
        "max(v)": 0.38877449269029796,
        "max(length)": 0.008476378836773435,
        "num(pathline)": 0.19792687433029554,
        "min(distant)": 0.5546803415111097
    }
}