{
    "member1": {
        "max(u)": 0.9627370356921656,
        "max(v)": 0.6118616449597004,
        "max(length)": 0.4348509551830734,
        "num(pathline)": 0.8325695894975202,
        "min(distant)": 0.8898281008030694
    },
    "member2": {
        "max(u)": 0.9627370356921656,
        "max(v)": 0.6118616449597004,
        "max(length)": 0.4348509551830734,
        "num(pathline)": 0.8325695894975202,
        "min(distant)": 0.8898281008030694
    },
    "member3": {
        "max(u)": 0.9627370356921656,
        "max(v)": 0.6118616449597004,
        "max(length)": 0.4348509551830734,
        "num(pathline)": 0.8325695894975202,
        "min(distant)": 0.8898281008030694
    },
    "member4": {
        "max(u)": 0.9627370356921656,
        "max(v)": 0.6118616449597004,
        "max(length)": 0.4348509551830734,
        "num(pathline)": 0.8325695894975202,
        "min(distant)": 0.8898281008030694
    },
    "member5": {
        "max(u)": 0.9627370356921656,
        "max(v)": 0.6118616449597004,
        "max(length)": 0.4348509551830734,
        "num(pathline)": 0.8325695894975202,
        "min(distant)": 0.8898281008030694
    },
    "member6": {
        "max(u)": 0.9627370356921656,
        "max(v)": 0.6118616449597004,
        "max(length)": 0.4348509551830734,
        "num(pathline)": 0.8325695894975202,
        "min(distant)": 0.8898281008030694
    },
    "member7": {
        "max(u)": 0.9627370356921656,
        "max(v)": 0.6118616449597004,
        "max(length)": 0.4348509551830734,
        "num(pathline)": 0.8325695894975202,
        "min(distant)": 0.8898281008030694
    },
    "member8": {
        "max(u)": 0.9627370356921656,
        "max(v)": 0.6118616449597004,
        "max(length)": 0.4348509551830734,
        "num(pathline)": 0.8325695894975202,
        "min(distant)": 0.8898281008030694
    },
    "member9": {
        "max(u)": 0.9627370356921656,
        "max(v)": 0.6118616449597004,
        "max(length)": 0.4348509551830734,
        "num(pathline)": 0.8325695894975202,
        "min(distant)": 0.8898281008030694
    },
    "member10": {
        "max(u)": 0.9627370356921656,
        "max(v)": 0.6118616449597004,
        "max(length)": 0.4348509551830734,
        "num(pathline)": 0.8325695894975202,
        "min(distant)": 0.8898281008030694
    },
    "member11": {
        "max(u)": 0.9627370356921656,
        "max(v)": 0.6118616449597004,
        "max(length)": 0.4348509551830734,
        "num(pathline)": 0.8325695894975202,
        "min(distant)": 0.8898281008030694
    },
    "member12": {
        "max(u)": 0.9627370356921656,
        "max(v)": 0.6118616449597004,
        "max(length)": 0.4348509551830734,
        "num(pathline)": 0.8325695894975202,
        "min(distant)": 0.8898281008030694
    },
    "member13": {
        "max(u)": 0.9627370356921656,
        "max(v)": 0.6118616449597004,
        "max(length)": 0.4348509551830734,
        "num(pathline)": 0.8325695894975202,
        "min(distant)": 0.8898281008030694
    },
    "member14": {
        "max(u)": 0.9627370356921656,
        "max(v)": 0.6118616449597004,
        "max(length)": 0.4348509551830734,
        "num(pathline)": 0.8325695894975202,
        "min(distant)": 0.8898281008030694
    },
    "member15": {
        "max(u)": 0.9627370356921656,
        "max(v)": 0.6118616449597004,
        "max(length)": 0.4348509551830734,
        "num(pathline)": 0.8325695894975202,
        "min(distant)": 0.8898281008030694
    },
    "member16": {
        "max(u)": 0.9627370356921656,
        "max(v)": 0.6118616449597004,
        "max(length)": 0.4348509551830734,
        "num(pathline)": 0.8325695894975202,
        "min(distant)": 0.8898281008030694
    },
    "member17": {
        "max(u)": 0.9627370356921656,
        "max(v)": 0.6118616449597004,
        "max(length)": 0.4348509551830734,
        "num(pathline)": 0.8325695894975202,
        "min(distant)": 0.8898281008030694
    },
    "member18": {
        "max(u)": 0.9627370356921656,
        "max(v)": 0.6118616449597004,
        "max(length)": 0.4348509551830734,
        "num(pathline)": 0.8325695894975202,
        "min(distant)": 0.8898281008030694
    },
    "member19": {
        "max(u)": 0.9627370356921656,
        "max(v)": 0.6118616449597004,
        "max(length)": 0.4348509551830734,
        "num(pathline)": 0.8325695894975202,
        "min(distant)": 0.8898281008030694
    },
    "member20": {
        "max(u)": 0.9627370356921656,
        "max(v)": 0.6118616449597004,
        "max(length)": 0.4348509551830734,
        "num(pathline)": 0.8325695894975202,
        "min(distant)": 0.8898281008030694
    }
}