{
    "member1": {
        "max(u)": 0.41732641337206844,
        "max(v)": 0.10257299919830976,
        "max(length)": 0.5142167358597903,
        "num(pathline)": 0.3303907512527794,
        "min(distant)": 0.18326339654740498
    },
    "member2": {
        "max(u)": 0.41732641337206844,
        "max(v)": 0.10257299919830976,
        "max(length)": 0.5142167358597903,
        "num(pathline)": 0.3303907512527794,
        "min(distant)": 0.18326339654740498
    },
    "member3": {
        "max(u)": 0.41732641337206844,
        "max(v)": 0.10257299919830976,
        "max(length)": 0.5142167358597903,
        "num(pathline)": 0.3303907512527794,
        "min(distant)": 0.18326339654740498
    },
    "member4": {
        "max(u)": 0.41732641337206844,
        "max(v)": 0.10257299919830976,
        "max(length)": 0.5142167358597903,
        "num(pathline)": 0.3303907512527794,
        "min(distant)": 0.18326339654740498
    },
    "member5": {
        "max(u)": 0.41732641337206844,
        "max(v)": 0.10257299919830976,
        "max(length)": 0.5142167358597903,
        "num(pathline)": 0.3303907512527794,
        "min(distant)": 0.18326339654740498
    },
    "member6": {
        "max(u)": 0.41732641337206844,
        "max(v)": 0.10257299919830976,
        "max(length)": 0.5142167358597903,
        "num(pathline)": 0.3303907512527794,
        "min(distant)": 0.18326339654740498
    },
    "member7": {
        "max(u)": 0.41732641337206844,
        "max(v)": 0.10257299919830976,
        "max(length)": 0.5142167358597903,
        "num(pathline)": 0.3303907512527794,
        "min(distant)": 0.18326339654740498
    },
    "member8": {
        "max(u)": 0.41732641337206844,
        "max(v)": 0.10257299919830976,
        "max(length)": 0.5142167358597903,
        "num(pathline)": 0.3303907512527794,
        "min(distant)": 0.18326339654740498
    },
    "member9": {
        "max(u)": 0.41732641337206844,
        "max(v)": 0.10257299919830976,
        "max(length)": 0.5142167358597903,
        "num(pathline)": 0.3303907512527794,
        "min(distant)": 0.18326339654740498
    },
    "member10": {
        "max(u)": 0.41732641337206844,
        "max(v)": 0.10257299919830976,
        "max(length)": 0.5142167358597903,
        "num(pathline)": 0.3303907512527794,
        "min(distant)": 0.18326339654740498
    },
    "member11": {
        "max(u)": 0.41732641337206844,
        "max(v)": 0.10257299919830976,
        "max(length)": 0.5142167358597903,
        "num(pathline)": 0.3303907512527794,
        "min(distant)": 0.18326339654740498
    },
    "member12": {
        "max(u)": 0.41732641337206844,
        "max(v)": 0.10257299919830976,
        "max(length)": 0.5142167358597903,
        "num(pathline)": 0.3303907512527794,
        "min(distant)": 0.18326339654740498
    },
    "member13": {
        "max(u)": 0.41732641337206844,
        "max(v)": 0.10257299919830976,
        "max(length)": 0.5142167358597903,
        "num(pathline)": 0.3303907512527794,
        "min(distant)": 0.18326339654740498
    },
    "member14": {
        "max(u)": 0.41732641337206844,
        "max(v)": 0.10257299919830976,
        "max(length)": 0.5142167358597903,
        "num(pathline)": 0.3303907512527794,
        "min(distant)": 0.18326339654740498
    },
    "member15": {
        "max(u)": 0.41732641337206844,
        "max(v)": 0.10257299919830976,
        "max(length)": 0.5142167358597903,
        "num(pathline)": 0.3303907512527794,
        "min(distant)": 0.18326339654740498
    },
    "member16": {
        "max(u)": 0.41732641337206844,
        "max(v)": 0.10257299919830976,
        "max(length)": 0.5142167358597903,
        "num(pathline)": 0.3303907512527794,
        "min(distant)": 0.18326339654740498
    },
    "member17": {
        "max(u)": 0.41732641337206844,
        "max(v)": 0.10257299919830976,
        "max(length)": 0.5142167358597903,
        "num(pathline)": 0.3303907512527794,
        "min(distant)": 0.18326339654740498
    },
    "member18": {
        "max(u)": 0.41732641337206844,
        "max(v)": 0.10257299919830976,
        "max(length)": 0.5142167358597903,
        "num(pathline)": 0.3303907512527794,
        "min(distant)": 0.18326339654740498
    },
    "member19": {
        "max(u)": 0.41732641337206844,
        "max(v)": 0.10257299919830976,
        "max(length)": 0.5142167358597903,
        "num(pathline)": 0.3303907512527794,
        "min(distant)": 0.18326339654740498
    },
    "member20": {
        "max(u)": 0.41732641337206844,
        "max(v)": 0.10257299919830976,
        "max(length)": 0.5142167358597903,
        "num(pathline)": 0.3303907512527794,
        "min(distant)": 0.18326339654740498
    }
}