{
    "member1": {
        "max(u)": 0.8947143603638975,
        "max(v)": 0.3782812224212989,
        "max(length)": 0.6885904872333629,
        "num(pathline)": 0.35610642205335374,
        "min(distant)": 0.49730614686583374
    },
    "member2": {
        "max(u)": 0.8947143603638975,
        "max(v)": 0.3782812224212989,
        "max(length)": 0.6885904872333629,
        "num(pathline)": 0.35610642205335374,
        "min(distant)": 0.49730614686583374
    },
    "member3": {
        "max(u)": 0.8947143603638975,
        "max(v)": 0.3782812224212989,
        "max(length)": 0.6885904872333629,
        "num(pathline)": 0.35610642205335374,
        "min(distant)": 0.49730614686583374
    },
    "member4": {
        "max(u)": 0.8947143603638975,
        "max(v)": 0.3782812224212989,
        "max(length)": 0.6885904872333629,
        "num(pathline)": 0.35610642205335374,
        "min(distant)": 0.49730614686583374
    },
    "member5": {
        "max(u)": 0.8947143603638975,
        "max(v)": 0.3782812224212989,
        "max(length)": 0.6885904872333629,
        "num(pathline)": 0.35610642205335374,
        "min(distant)": 0.49730614686583374
    },
    "member6": {
        "max(u)": 0.8947143603638975,
        "max(v)": 0.3782812224212989,
        "max(length)": 0.6885904872333629,
        "num(pathline)": 0.35610642205335374,
        "min(distant)": 0.49730614686583374
    },
    "member7": {
        "max(u)": 0.8947143603638975,
        "max(v)": 0.3782812224212989,
        "max(length)": 0.6885904872333629,
        "num(pathline)": 0.35610642205335374,
        "min(distant)": 0.49730614686583374
    },
    "member8": {
        "max(u)": 0.8947143603638975,
        "max(v)": 0.3782812224212989,
        "max(length)": 0.6885904872333629,
        "num(pathline)": 0.35610642205335374,
        "min(distant)": 0.49730614686583374
    },
    "member9": {
        "max(u)": 0.8947143603638975,
        "max(v)": 0.3782812224212989,
        "max(length)": 0.6885904872333629,
        "num(pathline)": 0.35610642205335374,
        "min(distant)": 0.49730614686583374
    },
    "member10": {
        "max(u)": 0.8947143603638975,
        "max(v)": 0.3782812224212989,
        "max(length)": 0.6885904872333629,
        "num(pathline)": 0.35610642205335374,
        "min(distant)": 0.49730614686583374
    },
    "member11": {
        "max(u)": 0.8947143603638975,
        "max(v)": 0.3782812224212989,
        "max(length)": 0.6885904872333629,
        "num(pathline)": 0.35610642205335374,
        "min(distant)": 0.49730614686583374
    },
    "member12": {
        "max(u)": 0.8947143603638975,
        "max(v)": 0.3782812224212989,
        "max(length)": 0.6885904872333629,
        "num(pathline)": 0.35610642205335374,
        "min(distant)": 0.49730614686583374
    },
    "member13": {
        "max(u)": 0.8947143603638975,
        "max(v)": 0.3782812224212989,
        "max(length)": 0.6885904872333629,
        "num(pathline)": 0.35610642205335374,
        "min(distant)": 0.49730614686583374
    },
    "member14": {
        "max(u)": 0.8947143603638975,
        "max(v)": 0.3782812224212989,
        "max(length)": 0.6885904872333629,
        "num(pathline)": 0.35610642205335374,
        "min(distant)": 0.49730614686583374
    },
    "member15": {
        "max(u)": 0.8947143603638975,
        "max(v)": 0.3782812224212989,
        "max(length)": 0.6885904872333629,
        "num(pathline)": 0.35610642205335374,
        "min(distant)": 0.49730614686583374
    },
    "member16": {
        "max(u)": 0.8947143603638975,
        "max(v)": 0.3782812224212989,
        "max(length)": 0.6885904872333629,
        "num(pathline)": 0.35610642205335374,
        "min(distant)": 0.49730614686583374
    },
    "member17": {
        "max(u)": 0.8947143603638975,
        "max(v)": 0.3782812224212989,
        "max(length)": 0.6885904872333629,
        "num(pathline)": 0.35610642205335374,
        "min(distant)": 0.49730614686583374
    },
    "member18": {
        "max(u)": 0.8947143603638975,
        "max(v)": 0.3782812224212989,
        "max(length)": 0.6885904872333629,
        "num(pathline)": 0.35610642205335374,
        "min(distant)": 0.49730614686583374
    },
    "member19": {
        "max(u)": 0.8947143603638975,
        "max(v)": 0.3782812224212989,
        "max(length)": 0.6885904872333629,
        "num(pathline)": 0.35610642205335374,
        "min(distant)": 0.49730614686583374
    },
    "member20": {
        "max(u)": 0.8947143603638975,
        "max(v)": 0.3782812224212989,
        "max(length)": 0.6885904872333629,
        "num(pathline)": 0.35610642205335374,
        "min(distant)": 0.49730614686583374
    }
}