{
    "member1": {
        "max(u)": 0.7391697456420875,
        "max(v)": 0.15723047553029723,
        "max(length)": 0.7216803761161429,
        "num(pathline)": 0.6104295349897164,
        "min(distant)": 0.9218762568218128
    },
    "member2": {
        "max(u)": 0.7391697456420875,
        "max(v)": 0.15723047553029723,
        "max(length)": 0.7216803761161429,
        "num(pathline)": 0.6104295349897164,
        "min(distant)": 0.9218762568218128
    },
    "member3": {
        "max(u)": 0.7391697456420875,
        "max(v)": 0.15723047553029723,
        "max(length)": 0.7216803761161429,
        "num(pathline)": 0.6104295349897164,
        "min(distant)": 0.9218762568218128
    },
    "member4": {
        "max(u)": 0.7391697456420875,
        "max(v)": 0.15723047553029723,
        "max(length)": 0.7216803761161429,
        "num(pathline)": 0.6104295349897164,
        "min(distant)": 0.9218762568218128
    },
    "member5": {
        "max(u)": 0.7391697456420875,
        "max(v)": 0.15723047553029723,
        "max(length)": 0.7216803761161429,
        "num(pathline)": 0.6104295349897164,
        "min(distant)": 0.9218762568218128
    },
    "member6": {
        "max(u)": 0.7391697456420875,
        "max(v)": 0.15723047553029723,
        "max(length)": 0.7216803761161429,
        "num(pathline)": 0.6104295349897164,
        "min(distant)": 0.9218762568218128
    },
    "member7": {
        "max(u)": 0.7391697456420875,
        "max(v)": 0.15723047553029723,
        "max(length)": 0.7216803761161429,
        "num(pathline)": 0.6104295349897164,
        "min(distant)": 0.9218762568218128
    },
    "member8": {
        "max(u)": 0.7391697456420875,
        "max(v)": 0.15723047553029723,
        "max(length)": 0.7216803761161429,
        "num(pathline)": 0.6104295349897164,
        "min(distant)": 0.9218762568218128
    },
    "member9": {
        "max(u)": 0.7391697456420875,
        "max(v)": 0.15723047553029723,
        "max(length)": 0.7216803761161429,
        "num(pathline)": 0.6104295349897164,
        "min(distant)": 0.9218762568218128
    },
    "member10": {
        "max(u)": 0.7391697456420875,
        "max(v)": 0.15723047553029723,
        "max(length)": 0.7216803761161429,
        "num(pathline)": 0.6104295349897164,
        "min(distant)": 0.9218762568218128
    },
    "member11": {
        "max(u)": 0.7391697456420875,
        "max(v)": 0.15723047553029723,
        "max(length)": 0.7216803761161429,
        "num(pathline)": 0.6104295349897164,
        "min(distant)": 0.9218762568218128
    },
    "member12": {
        "max(u)": 0.7391697456420875,
        "max(v)": 0.15723047553029723,
        "max(length)": 0.7216803761161429,
        "num(pathline)": 0.6104295349897164,
        "min(distant)": 0.9218762568218128
    },
    "member13": {
        "max(u)": 0.7391697456420875,
        "max(v)": 0.15723047553029723,
        "max(length)": 0.7216803761161429,
        "num(pathline)": 0.6104295349897164,
        "min(distant)": 0.9218762568218128
    },
    "member14": {
        "max(u)": 0.7391697456420875,
        "max(v)": 0.15723047553029723,
        "max(length)": 0.7216803761161429,
        "num(pathline)": 0.6104295349897164,
        "min(distant)": 0.9218762568218128
    },
    "member15": {
        "max(u)": 0.7391697456420875,
        "max(v)": 0.15723047553029723,
        "max(length)": 0.7216803761161429,
        "num(pathline)": 0.6104295349897164,
        "min(distant)": 0.9218762568218128
    },
    "member16": {
        "max(u)": 0.7391697456420875,
        "max(v)": 0.15723047553029723,
        "max(length)": 0.7216803761161429,
        "num(pathline)": 0.6104295349897164,
        "min(distant)": 0.9218762568218128
    },
    "member17": {
        "max(u)": 0.7391697456420875,
        "max(v)": 0.15723047553029723,
        "max(length)": 0.7216803761161429,
        "num(pathline)": 0.6104295349897164,
        "min(distant)": 0.9218762568218128
    },
    "member18": {
        "max(u)": 0.7391697456420875,
        "max(v)": 0.15723047553029723,
        "max(length)": 0.7216803761161429,
        "num(pathline)": 0.6104295349897164,
        "min(distant)": 0.9218762568218128
    },
    "member19": {
        "max(u)": 0.7391697456420875,
        "max(v)": 0.15723047553029723,
        "max(length)": 0.7216803761161429,
        "num(pathline)": 0.6104295349897164,
        "min(distant)": 0.9218762568218128
    },
    "member20": {
        "max(u)": 0.7391697456420875,
        "max(v)": 0.15723047553029723,
        "max(length)": 0.7216803761161429,
        "num(pathline)": 0.6104295349897164,
        "min(distant)": 0.9218762568218128
    }
}