{
    "member1": {
        "max(u)": 0.9597146691748335,
        "max(v)": 0.5285496727218641,
        "max(length)": 0.5687498969789831,
        "num(pathline)": 0.7026762545300892,
        "min(distant)": 0.8352658563389108
    },
    "member2": {
        "max(u)": 0.9597146691748335,
        "max(v)": 0.5285496727218641,
        "max(length)": 0.5687498969789831,
        "num(pathline)": 0.7026762545300892,
        "min(distant)": 0.8352658563389108
    },
    "member3": {
        "max(u)": 0.9597146691748335,
        "max(v)": 0.5285496727218641,
        "max(length)": 0.5687498969789831,
        "num(pathline)": 0.7026762545300892,
        "min(distant)": 0.8352658563389108
    },
    "member4": {
        "max(u)": 0.9597146691748335,
        "max(v)": 0.5285496727218641,
        "max(length)": 0.5687498969789831,
        "num(pathline)": 0.7026762545300892,
        "min(distant)": 0.8352658563389108
    },
    "member5": {
        "max(u)": 0.9597146691748335,
        "max(v)": 0.5285496727218641,
        "max(length)": 0.5687498969789831,
        "num(pathline)": 0.7026762545300892,
        "min(distant)": 0.8352658563389108
    },
    "member6": {
        "max(u)": 0.9597146691748335,
        "max(v)": 0.5285496727218641,
        "max(length)": 0.5687498969789831,
        "num(pathline)": 0.7026762545300892,
        "min(distant)": 0.8352658563389108
    },
    "member7": {
        "max(u)": 0.9597146691748335,
        "max(v)": 0.5285496727218641,
        "max(length)": 0.5687498969789831,
        "num(pathline)": 0.7026762545300892,
        "min(distant)": 0.8352658563389108
    },
    "member8": {
        "max(u)": 0.9597146691748335,
        "max(v)": 0.5285496727218641,
        "max(length)": 0.5687498969789831,
        "num(pathline)": 0.7026762545300892,
        "min(distant)": 0.8352658563389108
    },
    "member9": {
        "max(u)": 0.9597146691748335,
        "max(v)": 0.5285496727218641,
        "max(length)": 0.5687498969789831,
        "num(pathline)": 0.7026762545300892,
        "min(distant)": 0.8352658563389108
    },
    "member10": {
        "max(u)": 0.9597146691748335,
        "max(v)": 0.5285496727218641,
        "max(length)": 0.5687498969789831,
        "num(pathline)": 0.7026762545300892,
        "min(distant)": 0.8352658563389108
    },
    "member11": {
        "max(u)": 0.9597146691748335,
        "max(v)": 0.5285496727218641,
        "max(length)": 0.5687498969789831,
        "num(pathline)": 0.7026762545300892,
        "min(distant)": 0.8352658563389108
    },
    "member12": {
        "max(u)": 0.9597146691748335,
        "max(v)": 0.5285496727218641,
        "max(length)": 0.5687498969789831,
        "num(pathline)": 0.7026762545300892,
        "min(distant)": 0.8352658563389108
    },
    "member13": {
        "max(u)": 0.9597146691748335,
        "max(v)": 0.5285496727218641,
        "max(length)": 0.5687498969789831,
        "num(pathline)": 0.7026762545300892,
        "min(distant)": 0.8352658563389108
    },
    "member14": {
        "max(u)": 0.9597146691748335,
        "max(v)": 0.5285496727218641,
        "max(length)": 0.5687498969789831,
        "num(pathline)": 0.7026762545300892,
        "min(distant)": 0.8352658563389108
    },
    "member15": {
        "max(u)": 0.9597146691748335,
        "max(v)": 0.5285496727218641,
        "max(length)": 0.5687498969789831,
        "num(pathline)": 0.7026762545300892,
        "min(distant)": 0.8352658563389108
    },
    "member16": {
        "max(u)": 0.9597146691748335,
        "max(v)": 0.5285496727218641,
        "max(length)": 0.5687498969789831,
        "num(pathline)": 0.7026762545300892,
        "min(distant)": 0.8352658563389108
    },
    "member17": {
        "max(u)": 0.9597146691748335,
        "max(v)": 0.5285496727218641,
        "max(length)": 0.5687498969789831,
        "num(pathline)": 0.7026762545300892,
        "min(distant)": 0.8352658563389108
    },
    "member18": {
        "max(u)": 0.9597146691748335,
        "max(v)": 0.5285496727218641,
        "max(length)": 0.5687498969789831,
        "num(pathline)": 0.7026762545300892,
        "min(distant)": 0.8352658563389108
    },
    "member19": {
        "max(u)": 0.9597146691748335,
        "max(v)": 0.5285496727218641,
        "max(length)": 0.5687498969789831,
        "num(pathline)": 0.7026762545300892,
        "min(distant)": 0.8352658563389108
    },
    "member20": {
        "max(u)": 0.9597146691748335,
        "max(v)": 0.5285496727218641,
        "max(length)": 0.5687498969789831,
        "num(pathline)": 0.7026762545300892,
        "min(distant)": 0.8352658563389108
    }
}