{
    "member1": {
        "max(u)": 0.9344275520721309,
        "max(v)": 0.8639847592886615,
        "max(length)": 0.41260817093729474,
        "num(pathline)": 0.22748594162055746,
        "min(distant)": 0.3157234553674525
    },
    "member2": {
        "max(u)": 0.9344275520721309,
        "max(v)": 0.8639847592886615,
        "max(length)": 0.41260817093729474,
        "num(pathline)": 0.22748594162055746,
        "min(distant)": 0.3157234553674525
    },
    "member3": {
        "max(u)": 0.9344275520721309,
        "max(v)": 0.8639847592886615,
        "max(length)": 0.41260817093729474,
        "num(pathline)": 0.22748594162055746,
        "min(distant)": 0.3157234553674525
    },
    "member4": {
        "max(u)": 0.9344275520721309,
        "max(v)": 0.8639847592886615,
        "max(length)": 0.41260817093729474,
        "num(pathline)": 0.22748594162055746,
        "min(distant)": 0.3157234553674525
    },
    "member5": {
        "max(u)": 0.9344275520721309,
        "max(v)": 0.8639847592886615,
        "max(length)": 0.41260817093729474,
        "num(pathline)": 0.22748594162055746,
        "min(distant)": 0.3157234553674525
    },
    "member6": {
        "max(u)": 0.9344275520721309,
        "max(v)": 0.8639847592886615,
        "max(length)": 0.41260817093729474,
        "num(pathline)": 0.22748594162055746,
        "min(distant)": 0.3157234553674525
    },
    "member7": {
        "max(u)": 0.9344275520721309,
        "max(v)": 0.8639847592886615,
        "max(length)": 0.41260817093729474,
        "num(pathline)": 0.22748594162055746,
        "min(distant)": 0.3157234553674525
    },
    "member8": {
        "max(u)": 0.9344275520721309,
        "max(v)": 0.8639847592886615,
        "max(length)": 0.41260817093729474,
        "num(pathline)": 0.22748594162055746,
        "min(distant)": 0.3157234553674525
    },
    "member9": {
        "max(u)": 0.9344275520721309,
        "max(v)": 0.8639847592886615,
        "max(length)": 0.41260817093729474,
        "num(pathline)": 0.22748594162055746,
        "min(distant)": 0.3157234553674525
    },
    "member10": {
        "max(u)": 0.9344275520721309,
        "max(v)": 0.8639847592886615,
        "max(length)": 0.41260817093729474,
        "num(pathline)": 0.22748594162055746,
        "min(distant)": 0.3157234553674525
    },
    "member11": {
        "max(u)": 0.9344275520721309,
        "max(v)": 0.8639847592886615,
        "max(length)": 0.41260817093729474,
        "num(pathline)": 0.22748594162055746,
        "min(distant)": 0.3157234553674525
    },
    "member12": {
        "max(u)": 0.9344275520721309,
        "max(v)": 0.8639847592886615,
        "max(length)": 0.41260817093729474,
        "num(pathline)": 0.22748594162055746,
        "min(distant)": 0.3157234553674525
    },
    "member13": {
        "max(u)": 0.9344275520721309,
        "max(v)": 0.8639847592886615,
        "max(length)": 0.41260817093729474,
        "num(pathline)": 0.22748594162055746,
        "min(distant)": 0.3157234553674525
    },
    "member14": {
        "max(u)": 0.9344275520721309,
        "max(v)": 0.8639847592886615,
        "max(length)": 0.41260817093729474,
        "num(pathline)": 0.22748594162055746,
        "min(distant)": 0.3157234553674525
    },
    "member15": {
        "max(u)": 0.9344275520721309,
        "max(v)": 0.8639847592886615,
        "max(length)": 0.41260817093729474,
        "num(pathline)": 0.22748594162055746,
        "min(distant)": 0.3157234553674525
    },
    "member16": {
        "max(u)": 0.9344275520721309,
        "max(v)": 0.8639847592886615,
        "max(length)": 0.41260817093729474,
        "num(pathline)": 0.22748594162055746,
        "min(distant)": 0.3157234553674525
    },
    "member17": {
        "max(u)": 0.9344275520721309,
        "max(v)": 0.8639847592886615,
        "max(length)": 0.41260817093729474,
        "num(pathline)": 0.22748594162055746,
        "min(distant)": 0.3157234553674525
    },
    "member18": {
        "max(u)": 0.9344275520721309,
        "max(v)": 0.8639847592886615,
        "max(length)": 0.41260817093729474,
        "num(pathline)": 0.22748594162055746,
        "min(distant)": 0.3157234553674525
    },
    "member19": {
        "max(u)": 0.9344275520721309,
        "max(v)": 0.8639847592886615,
        "max(length)": 0.41260817093729474,
        "num(pathline)": 0.22748594162055746,
        "min(distant)": 0.3157234553674525
    },
    "member20": {
        "max(u)": 0.9344275520721309,
        "max(v)": 0.8639847592886615,
        "max(length)": 0.41260817093729474,
        "num(pathline)": 0.22748594162055746,
        "min(distant)": 0.3157234553674525
    }
}