{
    "member1": {
        "max(u)": 0.15109252044543586,
        "max(v)": 0.3907577998998343,
        "max(length)": 0.9719372063638401,
        "num(pathline)": 0.13233429733614566,
        "min(distant)": 0.1361857178761956
    },
    "member2": {
        "max(u)": 0.15109252044543586,
        "max(v)": 0.3907577998998343,
        "max(length)": 0.9719372063638401,
        "num(pathline)": 0.13233429733614566,
        "min(distant)": 0.1361857178761956
    },
    "member3": {
        "max(u)": 0.15109252044543586,
        "max(v)": 0.3907577998998343,
        "max(length)": 0.9719372063638401,
        "num(pathline)": 0.13233429733614566,
        "min(distant)": 0.1361857178761956
    },
    "member4": {
        "max(u)": 0.15109252044543586,
        "max(v)": 0.3907577998998343,
        "max(length)": 0.9719372063638401,
        "num(pathline)": 0.13233429733614566,
        "min(distant)": 0.1361857178761956
    },
    "member5": {
        "max(u)": 0.15109252044543586,
        "max(v)": 0.3907577998998343,
        "max(length)": 0.9719372063638401,
        "num(pathline)": 0.13233429733614566,
        "min(distant)": 0.1361857178761956
    },
    "member6": {
        "max(u)": 0.15109252044543586,
        "max(v)": 0.3907577998998343,
        "max(length)": 0.9719372063638401,
        "num(pathline)": 0.13233429733614566,
        "min(distant)": 0.1361857178761956
    },
    "member7": {
        "max(u)": 0.15109252044543586,
        "max(v)": 0.3907577998998343,
        "max(length)": 0.9719372063638401,
        "num(pathline)": 0.13233429733614566,
        "min(distant)": 0.1361857178761956
    },
    "member8": {
        "max(u)": 0.15109252044543586,
        "max(v)": 0.3907577998998343,
        "max(length)": 0.9719372063638401,
        "num(pathline)": 0.13233429733614566,
        "min(distant)": 0.1361857178761956
    },
    "member9": {
        "max(u)": 0.15109252044543586,
        "max(v)": 0.3907577998998343,
        "max(length)": 0.9719372063638401,
        "num(pathline)": 0.13233429733614566,
        "min(distant)": 0.1361857178761956
    },
    "member10": {
        "max(u)": 0.15109252044543586,
        "max(v)": 0.3907577998998343,
        "max(length)": 0.9719372063638401,
        "num(pathline)": 0.13233429733614566,
        "min(distant)": 0.1361857178761956
    },
    "member11": {
        "max(u)": 0.15109252044543586,
        "max(v)": 0.3907577998998343,
        "max(length)": 0.9719372063638401,
        "num(pathline)": 0.13233429733614566,
        "min(distant)": 0.1361857178761956
    },
    "member12": {
        "max(u)": 0.15109252044543586,
        "max(v)": 0.3907577998998343,
        "max(length)": 0.9719372063638401,
        "num(pathline)": 0.13233429733614566,
        "min(distant)": 0.1361857178761956
    },
    "member13": {
        "max(u)": 0.15109252044543586,
        "max(v)": 0.3907577998998343,
        "max(length)": 0.9719372063638401,
        "num(pathline)": 0.13233429733614566,
        "min(distant)": 0.1361857178761956
    },
    "member14": {
        "max(u)": 0.15109252044543586,
        "max(v)": 0.3907577998998343,
        "max(length)": 0.9719372063638401,
        "num(pathline)": 0.13233429733614566,
        "min(distant)": 0.1361857178761956
    },
    "member15": {
        "max(u)": 0.15109252044543586,
        "max(v)": 0.3907577998998343,
        "max(length)": 0.9719372063638401,
        "num(pathline)": 0.13233429733614566,
        "min(distant)": 0.1361857178761956
    },
    "member16": {
        "max(u)": 0.15109252044543586,
        "max(v)": 0.3907577998998343,
        "max(length)": 0.9719372063638401,
        "num(pathline)": 0.13233429733614566,
        "min(distant)": 0.1361857178761956
    },
    "member17": {
        "max(u)": 0.15109252044543586,
        "max(v)": 0.3907577998998343,
        "max(length)": 0.9719372063638401,
        "num(pathline)": 0.13233429733614566,
        "min(distant)": 0.1361857178761956
    },
    "member18": {
        "max(u)": 0.15109252044543586,
        "max(v)": 0.3907577998998343,
        "max(length)": 0.9719372063638401,
        "num(pathline)": 0.13233429733614566,
        "min(distant)": 0.1361857178761956
    },
    "member19": {
        "max(u)": 0.15109252044543586,
        "max(v)": 0.3907577998998343,
        "max(length)": 0.9719372063638401,
        "num(pathline)": 0.13233429733614566,
        "min(distant)": 0.1361857178761956
    },
    "member20": {
        "max(u)": 0.15109252044543586,
        "max(v)": 0.3907577998998343,
        "max(length)": 0.9719372063638401,
        "num(pathline)": 0.13233429733614566,
        "min(distant)": 0.1361857178761956
    }
}