{
    "member1": {
        "max(u)": 0.5727866958348832,
        "max(v)": 0.15390802687301752,
        "max(length)": 0.7180754731247285,
        "num(pathline)": 0.3881623915213648,
        "min(distant)": 0.1380841339826706
    },
    "member2": {
        "max(u)": 0.5727866958348832,
        "max(v)": 0.15390802687301752,
        "max(length)": 0.7180754731247285,
        "num(pathline)": 0.3881623915213648,
        "min(distant)": 0.1380841339826706
    },
    "member3": {
        "max(u)": 0.5727866958348832,
        "max(v)": 0.15390802687301752,
        "max(length)": 0.7180754731247285,
        "num(pathline)": 0.3881623915213648,
        "min(distant)": 0.1380841339826706
    },
    "member4": {
        "max(u)": 0.5727866958348832,
        "max(v)": 0.15390802687301752,
        "max(length)": 0.7180754731247285,
        "num(pathline)": 0.3881623915213648,
        "min(distant)": 0.1380841339826706
    },
    "member5": {
        "max(u)": 0.5727866958348832,
        "max(v)": 0.15390802687301752,
        "max(length)": 0.7180754731247285,
        "num(pathline)": 0.3881623915213648,
        "min(distant)": 0.1380841339826706
    },
    "member6": {
        "max(u)": 0.5727866958348832,
        "max(v)": 0.15390802687301752,
        "max(length)": 0.7180754731247285,
        "num(pathline)": 0.3881623915213648,
        "min(distant)": 0.1380841339826706
    },
    "member7": {
        "max(u)": 0.5727866958348832,
        "max(v)": 0.15390802687301752,
        "max(length)": 0.7180754731247285,
        "num(pathline)": 0.3881623915213648,
        "min(distant)": 0.1380841339826706
    },
    "member8": {
        "max(u)": 0.5727866958348832,
        "max(v)": 0.15390802687301752,
        "max(length)": 0.7180754731247285,
        "num(pathline)": 0.3881623915213648,
        "min(distant)": 0.1380841339826706
    },
    "member9": {
        "max(u)": 0.5727866958348832,
        "max(v)": 0.15390802687301752,
        "max(length)": 0.7180754731247285,
        "num(pathline)": 0.3881623915213648,
        "min(distant)": 0.1380841339826706
    },
    "member10": {
        "max(u)": 0.5727866958348832,
        "max(v)": 0.15390802687301752,
        "max(length)": 0.7180754731247285,
        "num(pathline)": 0.3881623915213648,
        "min(distant)": 0.1380841339826706
    },
    "member11": {
        "max(u)": 0.5727866958348832,
        "max(v)": 0.15390802687301752,
        "max(length)": 0.7180754731247285,
        "num(pathline)": 0.3881623915213648,
        "min(distant)": 0.1380841339826706
    },
    "member12": {
        "max(u)": 0.5727866958348832,
        "max(v)": 0.15390802687301752,
        "max(length)": 0.7180754731247285,
        "num(pathline)": 0.3881623915213648,
        "min(distant)": 0.1380841339826706
    },
    "member13": {
        "max(u)": 0.5727866958348832,
        "max(v)": 0.15390802687301752,
        "max(length)": 0.7180754731247285,
        "num(pathline)": 0.3881623915213648,
        "min(distant)": 0.1380841339826706
    },
    "member14": {
        "max(u)": 0.5727866958348832,
        "max(v)": 0.15390802687301752,
        "max(length)": 0.7180754731247285,
        "num(pathline)": 0.3881623915213648,
        "min(distant)": 0.1380841339826706
    },
    "member15": {
        "max(u)": 0.5727866958348832,
        "max(v)": 0.15390802687301752,
        "max(length)": 0.7180754731247285,
        "num(pathline)": 0.3881623915213648,
        "min(distant)": 0.1380841339826706
    },
    "member16": {
        "max(u)": 0.5727866958348832,
        "max(v)": 0.15390802687301752,
        "max(length)": 0.7180754731247285,
        "num(pathline)": 0.3881623915213648,
        "min(distant)": 0.1380841339826706
    },
    "member17": {
        "max(u)": 0.5727866958348832,
        "max(v)": 0.15390802687301752,
        "max(length)": 0.7180754731247285,
        "num(pathline)": 0.3881623915213648,
        "min(distant)": 0.1380841339826706
    },
    "member18": {
        "max(u)": 0.5727866958348832,
        "max(v)": 0.15390802687301752,
        "max(length)": 0.7180754731247285,
        "num(pathline)": 0.3881623915213648,
        "min(distant)": 0.1380841339826706
    },
    "member19": {
        "max(u)": 0.5727866958348832,
        "max(v)": 0.15390802687301752,
        "max(length)": 0.7180754731247285,
        "num(pathline)": 0.3881623915213648,
        "min(distant)": 0.1380841339826706
    },
    "member20": {
        "max(u)": 0.5727866958348832,
        "max(v)": 0.15390802687301752,
        "max(length)": 0.7180754731247285,
        "num(pathline)": 0.3881623915213648,
        "min(distant)": 0.1380841339826706
    }
}