{
    "member1": {
        "max(u)": 0.7860792253362732,
        "max(v)": 0.37620459175961474,
        "max(length)": 0.17650133291100478,
        "num(pathline)": 0.05939623908771485,
        "min(distant)": 0.2396469396739499
    },
    "member2": {
        "max(u)": 0.7860792253362732,
        "max(v)": 0.37620459175961474,
        "max(length)": 0.17650133291100478,
        "num(pathline)": 0.05939623908771485,
        "min(distant)": 0.2396469396739499
    },
    "member3": {
        "max(u)": 0.7860792253362732,
        "max(v)": 0.37620459175961474,
        "max(length)": 0.17650133291100478,
        "num(pathline)": 0.05939623908771485,
        "min(distant)": 0.2396469396739499
    },
    "member4": {
        "max(u)": 0.7860792253362732,
        "max(v)": 0.37620459175961474,
        "max(length)": 0.17650133291100478,
        "num(pathline)": 0.05939623908771485,
        "min(distant)": 0.2396469396739499
    },
    "member5": {
        "max(u)": 0.7860792253362732,
        "max(v)": 0.37620459175961474,
        "max(length)": 0.17650133291100478,
        "num(pathline)": 0.05939623908771485,
        "min(distant)": 0.2396469396739499
    },
    "member6": {
        "max(u)": 0.7860792253362732,
        "max(v)": 0.37620459175961474,
        "max(length)": 0.17650133291100478,
        "num(pathline)": 0.05939623908771485,
        "min(distant)": 0.2396469396739499
    },
    "member7": {
        "max(u)": 0.7860792253362732,
        "max(v)": 0.37620459175961474,
        "max(length)": 0.17650133291100478,
        "num(pathline)": 0.05939623908771485,
        "min(distant)": 0.2396469396739499
    },
    "member8": {
        "max(u)": 0.7860792253362732,
        "max(v)": 0.37620459175961474,
        "max(length)": 0.17650133291100478,
        "num(pathline)": 0.05939623908771485,
        "min(distant)": 0.2396469396739499
    },
    "member9": {
        "max(u)": 0.7860792253362732,
        "max(v)": 0.37620459175961474,
        "max(length)": 0.17650133291100478,
        "num(pathline)": 0.05939623908771485,
        "min(distant)": 0.2396469396739499
    },
    "member10": {
        "max(u)": 0.7860792253362732,
        "max(v)": 0.37620459175961474,
        "max(length)": 0.17650133291100478,
        "num(pathline)": 0.05939623908771485,
        "min(distant)": 0.2396469396739499
    },
    "member11": {
        "max(u)": 0.7860792253362732,
        "max(v)": 0.37620459175961474,
        "max(length)": 0.17650133291100478,
        "num(pathline)": 0.05939623908771485,
        "min(distant)": 0.2396469396739499
    },
    "member12": {
        "max(u)": 0.7860792253362732,
        "max(v)": 0.37620459175961474,
        "max(length)": 0.17650133291100478,
        "num(pathline)": 0.05939623908771485,
        "min(distant)": 0.2396469396739499
    },
    "member13": {
        "max(u)": 0.7860792253362732,
        "max(v)": 0.37620459175961474,
        "max(length)": 0.17650133291100478,
        "num(pathline)": 0.05939623908771485,
        "min(distant)": 0.2396469396739499
    },
    "member14": {
        "max(u)": 0.7860792253362732,
        "max(v)": 0.37620459175961474,
        "max(length)": 0.17650133291100478,
        "num(pathline)": 0.05939623908771485,
        "min(distant)": 0.2396469396739499
    },
    "member15": {
        "max(u)": 0.7860792253362732,
        "max(v)": 0.37620459175961474,
        "max(length)": 0.17650133291100478,
        "num(pathline)": 0.05939623908771485,
        "min(distant)": 0.2396469396739499
    },
    "member16": {
        "max(u)": 0.7860792253362732,
        "max(v)": 0.37620459175961474,
        "max(length)": 0.17650133291100478,
        "num(pathline)": 0.05939623908771485,
        "min(distant)": 0.2396469396739499
    },
    "member17": {
        "max(u)": 0.7860792253362732,
        "max(v)": 0.37620459175961474,
        "max(length)": 0.17650133291100478,
        "num(pathline)": 0.05939623908771485,
        "min(distant)": 0.2396469396739499
    },
    "member18": {
        "max(u)": 0.7860792253362732,
        "max(v)": 0.37620459175961474,
        "max(length)": 0.17650133291100478,
        "num(pathline)": 0.05939623908771485,
        "min(distant)": 0.2396469396739499
    },
    "member19": {
        "max(u)": 0.7860792253362732,
        "max(v)": 0.37620459175961474,
        "max(length)": 0.17650133291100478,
        "num(pathline)": 0.05939623908771485,
        "min(distant)": 0.2396469396739499
    },
    "member20": {
        "max(u)": 0.7860792253362732,
        "max(v)": 0.37620459175961474,
        "max(length)": 0.17650133291100478,
        "num(pathline)": 0.05939623908771485,
        "min(distant)": 0.2396469396739499
    }
}