{
    "member1": {
        "max(u)": 0.9961459804021432,
        "max(v)": 0.22609971235429605,
        "max(length)": 0.3686167445317142,
        "num(pathline)": 0.5143969615874151,
        "min(distant)": 0.5023158503551832
    },
    "member2": {
        "max(u)": 0.9961459804021432,
        "max(v)": 0.22609971235429605,
        "max(length)": 0.3686167445317142,
        "num(pathline)": 0.5143969615874151,
        "min(distant)": 0.5023158503551832
    },
    "member3": {
        "max(u)": 0.9961459804021432,
        "max(v)": 0.22609971235429605,
        "max(length)": 0.3686167445317142,
        "num(pathline)": 0.5143969615874151,
        "min(distant)": 0.5023158503551832
    },
    "member4": {
        "max(u)": 0.9961459804021432,
        "max(v)": 0.22609971235429605,
        "max(length)": 0.3686167445317142,
        "num(pathline)": 0.5143969615874151,
        "min(distant)": 0.5023158503551832
    },
    "member5": {
        "max(u)": 0.9961459804021432,
        "max(v)": 0.22609971235429605,
        "max(length)": 0.3686167445317142,
        "num(pathline)": 0.5143969615874151,
        "min(distant)": 0.5023158503551832
    },
    "member6": {
        "max(u)": 0.9961459804021432,
        "max(v)": 0.22609971235429605,
        "max(length)": 0.3686167445317142,
        "num(pathline)": 0.5143969615874151,
        "min(distant)": 0.5023158503551832
    },
    "member7": {
        "max(u)": 0.9961459804021432,
        "max(v)": 0.22609971235429605,
        "max(length)": 0.3686167445317142,
        "num(pathline)": 0.5143969615874151,
        "min(distant)": 0.5023158503551832
    },
    "member8": {
        "max(u)": 0.9961459804021432,
        "max(v)": 0.22609971235429605,
        "max(length)": 0.3686167445317142,
        "num(pathline)": 0.5143969615874151,
        "min(distant)": 0.5023158503551832
    },
    "member9": {
        "max(u)": 0.9961459804021432,
        "max(v)": 0.22609971235429605,
        "max(length)": 0.3686167445317142,
        "num(pathline)": 0.5143969615874151,
        "min(distant)": 0.5023158503551832
    },
    "member10": {
        "max(u)": 0.9961459804021432,
        "max(v)": 0.22609971235429605,
        "max(length)": 0.3686167445317142,
        "num(pathline)": 0.5143969615874151,
        "min(distant)": 0.5023158503551832
    },
    "member11": {
        "max(u)": 0.9961459804021432,
        "max(v)": 0.22609971235429605,
        "max(length)": 0.3686167445317142,
        "num(pathline)": 0.5143969615874151,
        "min(distant)": 0.5023158503551832
    },
    "member12": {
        "max(u)": 0.9961459804021432,
        "max(v)": 0.22609971235429605,
        "max(length)": 0.3686167445317142,
        "num(pathline)": 0.5143969615874151,
        "min(distant)": 0.5023158503551832
    },
    "member13": {
        "max(u)": 0.9961459804021432,
        "max(v)": 0.22609971235429605,
        "max(length)": 0.3686167445317142,
        "num(pathline)": 0.5143969615874151,
        "min(distant)": 0.5023158503551832
    },
    "member14": {
        "max(u)": 0.9961459804021432,
        "max(v)": 0.22609971235429605,
        "max(length)": 0.3686167445317142,
        "num(pathline)": 0.5143969615874151,
        "min(distant)": 0.5023158503551832
    },
    "member15": {
        "max(u)": 0.9961459804021432,
        "max(v)": 0.22609971235429605,
        "max(length)": 0.3686167445317142,
        "num(pathline)": 0.5143969615874151,
        "min(distant)": 0.5023158503551832
    },
    "member16": {
        "max(u)": 0.9961459804021432,
        "max(v)": 0.22609971235429605,
        "max(length)": 0.3686167445317142,
        "num(pathline)": 0.5143969615874151,
        "min(distant)": 0.5023158503551832
    },
    "member17": {
        "max(u)": 0.9961459804021432,
        "max(v)": 0.22609971235429605,
        "max(length)": 0.3686167445317142,
        "num(pathline)": 0.5143969615874151,
        "min(distant)": 0.5023158503551832
    },
    "member18": {
        "max(u)": 0.9961459804021432,
        "max(v)": 0.22609971235429605,
        "max(length)": 0.3686167445317142,
        "num(pathline)": 0.5143969615874151,
        "min(distant)": 0.5023158503551832
    },
    "member19": {
        "max(u)": 0.9961459804021432,
        "max(v)": 0.22609971235429605,
        "max(length)": 0.3686167445317142,
        "num(pathline)": 0.5143969615874151,
        "min(distant)": 0.5023158503551832
    },
    "member20": {
        "max(u)": 0.9961459804021432,
        "max(v)": 0.22609971235429605,
        "max(length)": 0.3686167445317142,
        "num(pathline)": 0.5143969615874151,
        "min(distant)": 0.5023158503551832
    }
}