{
    "member1": {
        "max(u)": 0.0890803872669037,
        "max(v)": 0.11263640860094581,
        "max(length)": 0.57430873775781,
        "num(pathline)": 0.028693357783778795,
        "min(distant)": 0.673105198484185
    },
    "member2": {
        "max(u)": 0.0890803872669037,
        "max(v)": 0.11263640860094581,
        "max(length)": 0.57430873775781,
        "num(pathline)": 0.028693357783778795,
        "min(distant)": 0.673105198484185
    },
    "member3": {
        "max(u)": 0.0890803872669037,
        "max(v)": 0.11263640860094581,
        "max(length)": 0.57430873775781,
        "num(pathline)": 0.028693357783778795,
        "min(distant)": 0.673105198484185
    },
    "member4": {
        "max(u)": 0.0890803872669037,
        "max(v)": 0.11263640860094581,
        "max(length)": 0.57430873775781,
        "num(pathline)": 0.028693357783778795,
        "min(distant)": 0.673105198484185
    },
    "member5": {
        "max(u)": 0.0890803872669037,
        "max(v)": 0.11263640860094581,
        "max(length)": 0.57430873775781,
        "num(pathline)": 0.028693357783778795,
        "min(distant)": 0.673105198484185
    },
    "member6": {
        "max(u)": 0.0890803872669037,
        "max(v)": 0.11263640860094581,
        "max(length)": 0.57430873775781,
        "num(pathline)": 0.028693357783778795,
        "min(distant)": 0.673105198484185
    },
    "member7": {
        "max(u)": 0.0890803872669037,
        "max(v)": 0.11263640860094581,
        "max(length)": 0.57430873775781,
        "num(pathline)": 0.028693357783778795,
        "min(distant)": 0.673105198484185
    },
    "member8": {
        "max(u)": 0.0890803872669037,
        "max(v)": 0.11263640860094581,
        "max(length)": 0.57430873775781,
        "num(pathline)": 0.028693357783778795,
        "min(distant)": 0.673105198484185
    },
    "member9": {
        "max(u)": 0.0890803872669037,
        "max(v)": 0.11263640860094581,
        "max(length)": 0.57430873775781,
        "num(pathline)": 0.028693357783778795,
        "min(distant)": 0.673105198484185
    },
    "member10": {
        "max(u)": 0.0890803872669037,
        "max(v)": 0.11263640860094581,
        "max(length)": 0.57430873775781,
        "num(pathline)": 0.028693357783778795,
        "min(distant)": 0.673105198484185
    },
    "member11": {
        "max(u)": 0.0890803872669037,
        "max(v)": 0.11263640860094581,
        "max(length)": 0.57430873775781,
        "num(pathline)": 0.028693357783778795,
        "min(distant)": 0.673105198484185
    },
    "member12": {
        "max(u)": 0.0890803872669037,
        "max(v)": 0.11263640860094581,
        "max(length)": 0.57430873775781,
        "num(pathline)": 0.028693357783778795,
        "min(distant)": 0.673105198484185
    },
    "member13": {
        "max(u)": 0.0890803872669037,
        "max(v)": 0.11263640860094581,
        "max(length)": 0.57430873775781,
        "num(pathline)": 0.028693357783778795,
        "min(distant)": 0.673105198484185
    },
    "member14": {
        "max(u)": 0.0890803872669037,
        "max(v)": 0.11263640860094581,
        "max(length)": 0.57430873775781,
        "num(pathline)": 0.028693357783778795,
        "min(distant)": 0.673105198484185
    },
    "member15": {
        "max(u)": 0.0890803872669037,
        "max(v)": 0.11263640860094581,
        "max(length)": 0.57430873775781,
        "num(pathline)": 0.028693357783778795,
        "min(distant)": 0.673105198484185
    },
    "member16": {
        "max(u)": 0.0890803872669037,
        "max(v)": 0.11263640860094581,
        "max(length)": 0.57430873775781,
        "num(pathline)": 0.028693357783778795,
        "min(distant)": 0.673105198484185
    },
    "member17": {
        "max(u)": 0.0890803872669037,
        "max(v)": 0.11263640860094581,
        "max(length)": 0.57430873775781,
        "num(pathline)": 0.028693357783778795,
        "min(distant)": 0.673105198484185
    },
    "member18": {
        "max(u)": 0.0890803872669037,
        "max(v)": 0.11263640860094581,
        "max(length)": 0.57430873775781,
        "num(pathline)": 0.028693357783778795,
        "min(distant)": 0.673105198484185
    },
    "member19": {
        "max(u)": 0.0890803872669037,
        "max(v)": 0.11263640860094581,
        "max(length)": 0.57430873775781,
        "num(pathline)": 0.028693357783778795,
        "min(distant)": 0.673105198484185
    },
    "member20": {
        "max(u)": 0.0890803872669037,
        "max(v)": 0.11263640860094581,
        "max(length)": 0.57430873775781,
        "num(pathline)": 0.028693357783778795,
        "min(distant)": 0.673105198484185
    }
}