{
    "member1": {
        "max(u)": 0.3655708072712268,
        "max(v)": 0.8757982435562466,
        "max(length)": 0.11642222776390432,
        "num(pathline)": 0.6883761287738172,
        "min(distant)": 0.44736803525546376
    },
    "member2": {
        "max(u)": 0.3655708072712268,
        "max(v)": 0.8757982435562466,
        "max(length)": 0.11642222776390432,
        "num(pathline)": 0.6883761287738172,
        "min(distant)": 0.44736803525546376
    },
    "member3": {
        "max(u)": 0.3655708072712268,
        "max(v)": 0.8757982435562466,
        "max(length)": 0.11642222776390432,
        "num(pathline)": 0.6883761287738172,
        "min(distant)": 0.44736803525546376
    },
    "member4": {
        "max(u)": 0.3655708072712268,
        "max(v)": 0.8757982435562466,
        "max(length)": 0.11642222776390432,
        "num(pathline)": 0.6883761287738172,
        "min(distant)": 0.44736803525546376
    },
    "member5": {
        "max(u)": 0.3655708072712268,
        "max(v)": 0.8757982435562466,
        "max(length)": 0.11642222776390432,
        "num(pathline)": 0.6883761287738172,
        "min(distant)": 0.44736803525546376
    },
    "member6": {
        "max(u)": 0.3655708072712268,
        "max(v)": 0.8757982435562466,
        "max(length)": 0.11642222776390432,
        "num(pathline)": 0.6883761287738172,
        "min(distant)": 0.44736803525546376
    },
    "member7": {
        "max(u)": 0.3655708072712268,
        "max(v)": 0.8757982435562466,
        "max(length)": 0.11642222776390432,
        "num(pathline)": 0.6883761287738172,
        "min(distant)": 0.44736803525546376
    },
    "member8": {
        "max(u)": 0.3655708072712268,
        "max(v)": 0.8757982435562466,
        "max(length)": 0.11642222776390432,
        "num(pathline)": 0.6883761287738172,
        "min(distant)": 0.44736803525546376
    },
    "member9": {
        "max(u)": 0.3655708072712268,
        "max(v)": 0.8757982435562466,
        "max(length)": 0.11642222776390432,
        "num(pathline)": 0.6883761287738172,
        "min(distant)": 0.44736803525546376
    },
    "member10": {
        "max(u)": 0.3655708072712268,
        "max(v)": 0.8757982435562466,
        "max(length)": 0.11642222776390432,
        "num(pathline)": 0.6883761287738172,
        "min(distant)": 0.44736803525546376
    },
    "member11": {
        "max(u)": 0.3655708072712268,
        "max(v)": 0.8757982435562466,
        "max(length)": 0.11642222776390432,
        "num(pathline)": 0.6883761287738172,
        "min(distant)": 0.44736803525546376
    },
    "member12": {
        "max(u)": 0.3655708072712268,
        "max(v)": 0.8757982435562466,
        "max(length)": 0.11642222776390432,
        "num(pathline)": 0.6883761287738172,
        "min(distant)": 0.44736803525546376
    },
    "member13": {
        "max(u)": 0.3655708072712268,
        "max(v)": 0.8757982435562466,
        "max(length)": 0.11642222776390432,
        "num(pathline)": 0.6883761287738172,
        "min(distant)": 0.44736803525546376
    },
    "member14": {
        "max(u)": 0.3655708072712268,
        "max(v)": 0.8757982435562466,
        "max(length)": 0.11642222776390432,
        "num(pathline)": 0.6883761287738172,
        "min(distant)": 0.44736803525546376
    },
    "member15": {
        "max(u)": 0.3655708072712268,
        "max(v)": 0.8757982435562466,
        "max(length)": 0.11642222776390432,
        "num(pathline)": 0.6883761287738172,
        "min(distant)": 0.44736803525546376
    },
    "member16": {
        "max(u)": 0.3655708072712268,
        "max(v)": 0.8757982435562466,
        "max(length)": 0.11642222776390432,
        "num(pathline)": 0.6883761287738172,
        "min(distant)": 0.44736803525546376
    },
    "member17": {
        "max(u)": 0.3655708072712268,
        "max(v)": 0.8757982435562466,
        "max(length)": 0.11642222776390432,
        "num(pathline)": 0.6883761287738172,
        "min(distant)": 0.44736803525546376
    },
    "member18": {
        "max(u)": 0.3655708072712268,
        "max(v)": 0.8757982435562466,
        "max(length)": 0.11642222776390432,
        "num(pathline)": 0.6883761287738172,
        "min(distant)": 0.44736803525546376
    },
    "member19": {
        "max(u)": 0.3655708072712268,
        "max(v)": 0.8757982435562466,
        "max(length)": 0.11642222776390432,
        "num(pathline)": 0.6883761287738172,
        "min(distant)": 0.44736803525546376
    },
    "member20": {
        "max(u)": 0.3655708072712268,
        "max(v)": 0.8757982435562466,
        "max(length)": 0.11642222776390432,
        "num(pathline)": 0.6883761287738172,
        "min(distant)": 0.44736803525546376
    }
}