{
    "member1": {
        "max(u)": 0.970967091200677,
        "max(v)": 0.5163682665293697,
        "max(length)": 0.7553826131512107,
        "num(pathline)": 0.22085127694884388,
        "min(distant)": 0.5531746716333847
    },
    "member2": {
        "max(u)": 0.970967091200677,
        "max(v)": 0.5163682665293697,
        "max(length)": 0.7553826131512107,
        "num(pathline)": 0.22085127694884388,
        "min(distant)": 0.5531746716333847
    },
    "member3": {
        "max(u)": 0.970967091200677,
        "max(v)": 0.5163682665293697,
        "max(length)": 0.7553826131512107,
        "num(pathline)": 0.22085127694884388,
        "min(distant)": 0.5531746716333847
    },
    "member4": {
        "max(u)": 0.970967091200677,
        "max(v)": 0.5163682665293697,
        "max(length)": 0.7553826131512107,
        "num(pathline)": 0.22085127694884388,
        "min(distant)": 0.5531746716333847
    },
    "member5": {
        "max(u)": 0.970967091200677,
        "max(v)": 0.5163682665293697,
        "max(length)": 0.7553826131512107,
        "num(pathline)": 0.22085127694884388,
        "min(distant)": 0.5531746716333847
    },
    "member6": {
        "max(u)": 0.970967091200677,
        "max(v)": 0.5163682665293697,
        "max(length)": 0.7553826131512107,
        "num(pathline)": 0.22085127694884388,
        "min(distant)": 0.5531746716333847
    },
    "member7": {
        "max(u)": 0.970967091200677,
        "max(v)": 0.5163682665293697,
        "max(length)": 0.7553826131512107,
        "num(pathline)": 0.22085127694884388,
        "min(distant)": 0.5531746716333847
    },
    "member8": {
        "max(u)": 0.970967091200677,
        "max(v)": 0.5163682665293697,
        "max(length)": 0.7553826131512107,
        "num(pathline)": 0.22085127694884388,
        "min(distant)": 0.5531746716333847
    },
    "member9": {
        "max(u)": 0.970967091200677,
        "max(v)": 0.5163682665293697,
        "max(length)": 0.7553826131512107,
        "num(pathline)": 0.22085127694884388,
        "min(distant)": 0.5531746716333847
    },
    "member10": {
        "max(u)": 0.970967091200677,
        "max(v)": 0.5163682665293697,
        "max(length)": 0.7553826131512107,
        "num(pathline)": 0.22085127694884388,
        "min(distant)": 0.5531746716333847
    },
    "member11": {
        "max(u)": 0.970967091200677,
        "max(v)": 0.5163682665293697,
        "max(length)": 0.7553826131512107,
        "num(pathline)": 0.22085127694884388,
        "min(distant)": 0.5531746716333847
    },
    "member12": {
        "max(u)": 0.970967091200677,
        "max(v)": 0.5163682665293697,
        "max(length)": 0.7553826131512107,
        "num(pathline)": 0.22085127694884388,
        "min(distant)": 0.5531746716333847
    },
    "member13": {
        "max(u)": 0.970967091200677,
        "max(v)": 0.5163682665293697,
        "max(length)": 0.7553826131512107,
        "num(pathline)": 0.22085127694884388,
        "min(distant)": 0.5531746716333847
    },
    "member14": {
        "max(u)": 0.970967091200677,
        "max(v)": 0.5163682665293697,
        "max(length)": 0.7553826131512107,
        "num(pathline)": 0.22085127694884388,
        "min(distant)": 0.5531746716333847
    },
    "member15": {
        "max(u)": 0.970967091200677,
        "max(v)": 0.5163682665293697,
        "max(length)": 0.7553826131512107,
        "num(pathline)": 0.22085127694884388,
        "min(distant)": 0.5531746716333847
    },
    "member16": {
        "max(u)": 0.970967091200677,
        "max(v)": 0.5163682665293697,
        "max(length)": 0.7553826131512107,
        "num(pathline)": 0.22085127694884388,
        "min(distant)": 0.5531746716333847
    },
    "member17": {
        "max(u)": 0.970967091200677,
        "max(v)": 0.5163682665293697,
        "max(length)": 0.7553826131512107,
        "num(pathline)": 0.22085127694884388,
        "min(distant)": 0.5531746716333847
    },
    "member18": {
        "max(u)": 0.970967091200677,
        "max(v)": 0.5163682665293697,
        "max(length)": 0.7553826131512107,
        "num(pathline)": 0.22085127694884388,
        "min(distant)": 0.5531746716333847
    },
    "member19": {
        "max(u)": 0.970967091200677,
        "max(v)": 0.5163682665293697,
        "max(length)": 0.7553826131512107,
        "num(pathline)": 0.22085127694884388,
        "min(distant)": 0.5531746716333847
    },
    "member20": {
        "max(u)": 0.970967091200677,
        "max(v)": 0.5163682665293697,
        "max(length)": 0.7553826131512107,
        "num(pathline)": 0.22085127694884388,
        "min(distant)": 0.5531746716333847
    }
}