{
    "member1": {
        "max(u)": 0.3317219860137336,
        "max(v)": 0.3469189218909041,
        "max(length)": 0.4090087013090833,
        "num(pathline)": 0.7032112622484487,
        "min(distant)": 0.22429686471046817
    },
    "member2": {
        "max(u)": 0.3317219860137336,
        "max(v)": 0.3469189218909041,
        "max(length)": 0.4090087013090833,
        "num(pathline)": 0.7032112622484487,
        "min(distant)": 0.22429686471046817
    },
    "member3": {
        "max(u)": 0.3317219860137336,
        "max(v)": 0.3469189218909041,
        "max(length)": 0.4090087013090833,
        "num(pathline)": 0.7032112622484487,
        "min(distant)": 0.22429686471046817
    },
    "member4": {
        "max(u)": 0.3317219860137336,
        "max(v)": 0.3469189218909041,
        "max(length)": 0.4090087013090833,
        "num(pathline)": 0.7032112622484487,
        "min(distant)": 0.22429686471046817
    },
    "member5": {
        "max(u)": 0.3317219860137336,
        "max(v)": 0.3469189218909041,
        "max(length)": 0.4090087013090833,
        "num(pathline)": 0.7032112622484487,
        "min(distant)": 0.22429686471046817
    },
    "member6": {
        "max(u)": 0.3317219860137336,
        "max(v)": 0.3469189218909041,
        "max(length)": 0.4090087013090833,
        "num(pathline)": 0.7032112622484487,
        "min(distant)": 0.22429686471046817
    },
    "member7": {
        "max(u)": 0.3317219860137336,
        "max(v)": 0.3469189218909041,
        "max(length)": 0.4090087013090833,
        "num(pathline)": 0.7032112622484487,
        "min(distant)": 0.22429686471046817
    },
    "member8": {
        "max(u)": 0.3317219860137336,
        "max(v)": 0.3469189218909041,
        "max(length)": 0.4090087013090833,
        "num(pathline)": 0.7032112622484487,
        "min(distant)": 0.22429686471046817
    },
    "member9": {
        "max(u)": 0.3317219860137336,
        "max(v)": 0.3469189218909041,
        "max(length)": 0.4090087013090833,
        "num(pathline)": 0.7032112622484487,
        "min(distant)": 0.22429686471046817
    },
    "member10": {
        "max(u)": 0.3317219860137336,
        "max(v)": 0.3469189218909041,
        "max(length)": 0.4090087013090833,
        "num(pathline)": 0.7032112622484487,
        "min(distant)": 0.22429686471046817
    },
    "member11": {
        "max(u)": 0.3317219860137336,
        "max(v)": 0.3469189218909041,
        "max(length)": 0.4090087013090833,
        "num(pathline)": 0.7032112622484487,
        "min(distant)": 0.22429686471046817
    },
    "member12": {
        "max(u)": 0.3317219860137336,
        "max(v)": 0.3469189218909041,
        "max(length)": 0.4090087013090833,
        "num(pathline)": 0.7032112622484487,
        "min(distant)": 0.22429686471046817
    },
    "member13": {
        "max(u)": 0.3317219860137336,
        "max(v)": 0.3469189218909041,
        "max(length)": 0.4090087013090833,
        "num(pathline)": 0.7032112622484487,
        "min(distant)": 0.22429686471046817
    },
    "member14": {
        "max(u)": 0.3317219860137336,
        "max(v)": 0.3469189218909041,
        "max(length)": 0.4090087013090833,
        "num(pathline)": 0.7032112622484487,
        "min(distant)": 0.22429686471046817
    },
    "member15": {
        "max(u)": 0.3317219860137336,
        "max(v)": 0.3469189218909041,
        "max(length)": 0.4090087013090833,
        "num(pathline)": 0.7032112622484487,
        "min(distant)": 0.22429686471046817
    },
    "member16": {
        "max(u)": 0.3317219860137336,
        "max(v)": 0.3469189218909041,
        "max(length)": 0.4090087013090833,
        "num(pathline)": 0.7032112622484487,
        "min(distant)": 0.22429686471046817
    },
    "member17": {
        "max(u)": 0.3317219860137336,
        "max(v)": 0.3469189218909041,
        "max(length)": 0.4090087013090833,
        "num(pathline)": 0.7032112622484487,
        "min(distant)": 0.22429686471046817
    },
    "member18": {
        "max(u)": 0.3317219860137336,
        "max(v)": 0.3469189218909041,
        "max(length)": 0.4090087013090833,
        "num(pathline)": 0.7032112622484487,
        "min(distant)": 0.22429686471046817
    },
    "member19": {
        "max(u)": 0.3317219860137336,
        "max(v)": 0.3469189218909041,
        "max(length)": 0.4090087013090833,
        "num(pathline)": 0.7032112622484487,
        "min(distant)": 0.22429686471046817
    },
    "member20": {
        "max(u)": 0.3317219860137336,
        "max(v)": 0.3469189218909041,
        "max(length)": 0.4090087013090833,
        "num(pathline)": 0.7032112622484487,
        "min(distant)": 0.22429686471046817
    }
}