{
    "member1": {
        "max(u)": 0.41187959275442554,
        "max(v)": 0.6510426546303986,
        "max(length)": 0.42496056150918304,
        "num(pathline)": 0.9058893379226206,
        "min(distant)": 0.9708468670150492
    },
    "member2": {
        "max(u)": 0.41187959275442554,
        "max(v)": 0.6510426546303986,
        "max(length)": 0.42496056150918304,
        "num(pathline)": 0.9058893379226206,
        "min(distant)": 0.9708468670150492
    },
    "member3": {
        "max(u)": 0.41187959275442554,
        "max(v)": 0.6510426546303986,
        "max(length)": 0.42496056150918304,
        "num(pathline)": 0.9058893379226206,
        "min(distant)": 0.9708468670150492
    },
    "member4": {
        "max(u)": 0.41187959275442554,
        "max(v)": 0.6510426546303986,
        "max(length)": 0.42496056150918304,
        "num(pathline)": 0.9058893379226206,
        "min(distant)": 0.9708468670150492
    },
    "member5": {
        "max(u)": 0.41187959275442554,
        "max(v)": 0.6510426546303986,
        "max(length)": 0.42496056150918304,
        "num(pathline)": 0.9058893379226206,
        "min(distant)": 0.9708468670150492
    },
    "member6": {
        "max(u)": 0.41187959275442554,
        "max(v)": 0.6510426546303986,
        "max(length)": 0.42496056150918304,
        "num(pathline)": 0.9058893379226206,
        "min(distant)": 0.9708468670150492
    },
    "member7": {
        "max(u)": 0.41187959275442554,
        "max(v)": 0.6510426546303986,
        "max(length)": 0.42496056150918304,
        "num(pathline)": 0.9058893379226206,
        "min(distant)": 0.9708468670150492
    },
    "member8": {
        "max(u)": 0.41187959275442554,
        "max(v)": 0.6510426546303986,
        "max(length)": 0.42496056150918304,
        "num(pathline)": 0.9058893379226206,
        "min(distant)": 0.9708468670150492
    },
    "member9": {
        "max(u)": 0.41187959275442554,
        "max(v)": 0.6510426546303986,
        "max(length)": 0.42496056150918304,
        "num(pathline)": 0.9058893379226206,
        "min(distant)": 0.9708468670150492
    },
    "member10": {
        "max(u)": 0.41187959275442554,
        "max(v)": 0.6510426546303986,
        "max(length)": 0.42496056150918304,
        "num(pathline)": 0.9058893379226206,
        "min(distant)": 0.9708468670150492
    },
    "member11": {
        "max(u)": 0.41187959275442554,
        "max(v)": 0.6510426546303986,
        "max(length)": 0.42496056150918304,
        "num(pathline)": 0.9058893379226206,
        "min(distant)": 0.9708468670150492
    },
    "member12": {
        "max(u)": 0.41187959275442554,
        "max(v)": 0.6510426546303986,
        "max(length)": 0.42496056150918304,
        "num(pathline)": 0.9058893379226206,
        "min(distant)": 0.9708468670150492
    },
    "member13": {
        "max(u)": 0.41187959275442554,
        "max(v)": 0.6510426546303986,
        "max(length)": 0.42496056150918304,
        "num(pathline)": 0.9058893379226206,
        "min(distant)": 0.9708468670150492
    },
    "member14": {
        "max(u)": 0.41187959275442554,
        "max(v)": 0.6510426546303986,
        "max(length)": 0.42496056150918304,
        "num(pathline)": 0.9058893379226206,
        "min(distant)": 0.9708468670150492
    },
    "member15": {
        "max(u)": 0.41187959275442554,
        "max(v)": 0.6510426546303986,
        "max(length)": 0.42496056150918304,
        "num(pathline)": 0.9058893379226206,
        "min(distant)": 0.9708468670150492
    },
    "member16": {
        "max(u)": 0.41187959275442554,
        "max(v)": 0.6510426546303986,
        "max(length)": 0.42496056150918304,
        "num(pathline)": 0.9058893379226206,
        "min(distant)": 0.9708468670150492
    },
    "member17": {
        "max(u)": 0.41187959275442554,
        "max(v)": 0.6510426546303986,
        "max(length)": 0.42496056150918304,
        "num(pathline)": 0.9058893379226206,
        "min(distant)": 0.9708468670150492
    },
    "member18": {
        "max(u)": 0.41187959275442554,
        "max(v)": 0.6510426546303986,
        "max(length)": 0.42496056150918304,
        "num(pathline)": 0.9058893379226206,
        "min(distant)": 0.9708468670150492
    },
    "member19": {
        "max(u)": 0.41187959275442554,
        "max(v)": 0.6510426546303986,
        "max(length)": 0.42496056150918304,
        "num(pathline)": 0.9058893379226206,
        "min(distant)": 0.9708468670150492
    },
    "member20": {
        "max(u)": 0.41187959275442554,
        "max(v)": 0.6510426546303986,
        "max(length)": 0.42496056150918304,
        "num(pathline)": 0.9058893379226206,
        "min(distant)": 0.9708468670150492
    }
}