{
    "member1": {
        "max(u)": 0.22885737120364436,
        "max(v)": 0.99508688315213,
        "max(length)": 0.8735585385650093,
        "num(pathline)": 0.5769854522120135,
        "min(distant)": 0.13524181946570712
    },
    "member2": {
        "max(u)": 0.22885737120364436,
        "max(v)": 0.99508688315213,
        "max(length)": 0.8735585385650093,
        "num(pathline)": 0.5769854522120135,
        "min(distant)": 0.13524181946570712
    },
    "member3": {
        "max(u)": 0.22885737120364436,
        "max(v)": 0.99508688315213,
        "max(length)": 0.8735585385650093,
        "num(pathline)": 0.5769854522120135,
        "min(distant)": 0.13524181946570712
    },
    "member4": {
        "max(u)": 0.22885737120364436,
        "max(v)": 0.99508688315213,
        "max(length)": 0.8735585385650093,
        "num(pathline)": 0.5769854522120135,
        "min(distant)": 0.13524181946570712
    },
    "member5": {
        "max(u)": 0.22885737120364436,
        "max(v)": 0.99508688315213,
        "max(length)": 0.8735585385650093,
        "num(pathline)": 0.5769854522120135,
        "min(distant)": 0.13524181946570712
    },
    "member6": {
        "max(u)": 0.22885737120364436,
        "max(v)": 0.99508688315213,
        "max(length)": 0.8735585385650093,
        "num(pathline)": 0.5769854522120135,
        "min(distant)": 0.13524181946570712
    },
    "member7": {
        "max(u)": 0.22885737120364436,
        "max(v)": 0.99508688315213,
        "max(length)": 0.8735585385650093,
        "num(pathline)": 0.5769854522120135,
        "min(distant)": 0.13524181946570712
    },
    "member8": {
        "max(u)": 0.22885737120364436,
        "max(v)": 0.99508688315213,
        "max(length)": 0.8735585385650093,
        "num(pathline)": 0.5769854522120135,
        "min(distant)": 0.13524181946570712
    },
    "member9": {
        "max(u)": 0.22885737120364436,
        "max(v)": 0.99508688315213,
        "max(length)": 0.8735585385650093,
        "num(pathline)": 0.5769854522120135,
        "min(distant)": 0.13524181946570712
    },
    "member10": {
        "max(u)": 0.22885737120364436,
        "max(v)": 0.99508688315213,
        "max(length)": 0.8735585385650093,
        "num(pathline)": 0.5769854522120135,
        "min(distant)": 0.13524181946570712
    },
    "member11": {
        "max(u)": 0.22885737120364436,
        "max(v)": 0.99508688315213,
        "max(length)": 0.8735585385650093,
        "num(pathline)": 0.5769854522120135,
        "min(distant)": 0.13524181946570712
    },
    "member12": {
        "max(u)": 0.22885737120364436,
        "max(v)": 0.99508688315213,
        "max(length)": 0.8735585385650093,
        "num(pathline)": 0.5769854522120135,
        "min(distant)": 0.13524181946570712
    },
    "member13": {
        "max(u)": 0.22885737120364436,
        "max(v)": 0.99508688315213,
        "max(length)": 0.8735585385650093,
        "num(pathline)": 0.5769854522120135,
        "min(distant)": 0.13524181946570712
    },
    "member14": {
        "max(u)": 0.22885737120364436,
        "max(v)": 0.99508688315213,
        "max(length)": 0.8735585385650093,
        "num(pathline)": 0.5769854522120135,
        "min(distant)": 0.13524181946570712
    },
    "member15": {
        "max(u)": 0.22885737120364436,
        "max(v)": 0.99508688315213,
        "max(length)": 0.8735585385650093,
        "num(pathline)": 0.5769854522120135,
        "min(distant)": 0.13524181946570712
    },
    "member16": {
        "max(u)": 0.22885737120364436,
        "max(v)": 0.99508688315213,
        "max(length)": 0.8735585385650093,
        "num(pathline)": 0.5769854522120135,
        "min(distant)": 0.13524181946570712
    },
    "member17": {
        "max(u)": 0.22885737120364436,
        "max(v)": 0.99508688315213,
        "max(length)": 0.8735585385650093,
        "num(pathline)": 0.5769854522120135,
        "min(distant)": 0.13524181946570712
    },
    "member18": {
        "max(u)": 0.22885737120364436,
        "max(v)": 0.99508688315213,
        "max(length)": 0.8735585385650093,
        "num(pathline)": 0.5769854522120135,
        "min(distant)": 0.13524181946570712
    },
    "member19": {
        "max(u)": 0.22885737120364436,
        "max(v)": 0.99508688315213,
        "max(length)": 0.8735585385650093,
        "num(pathline)": 0.5769854522120135,
        "min(distant)": 0.13524181946570712
    },
    "member20": {
        "max(u)": 0.22885737120364436,
        "max(v)": 0.99508688315213,
        "max(length)": 0.8735585385650093,
        "num(pathline)": 0.5769854522120135,
        "min(distant)": 0.13524181946570712
    }
}