{
    "member1": {
        "max(u)": 0.504002391533408,
        "max(v)": 0.24889646870217785,
        "max(length)": 0.7905855346684193,
        "num(pathline)": 0.08311956248775643,
        "min(distant)": 0.2246351656637665
    },
    "member2": {
        "max(u)": 0.504002391533408,
        "max(v)": 0.24889646870217785,
        "max(length)": 0.7905855346684193,
        "num(pathline)": 0.08311956248775643,
        "min(distant)": 0.2246351656637665
    },
    "member3": {
        "max(u)": 0.504002391533408,
        "max(v)": 0.24889646870217785,
        "max(length)": 0.7905855346684193,
        "num(pathline)": 0.08311956248775643,
        "min(distant)": 0.2246351656637665
    },
    "member4": {
        "max(u)": 0.504002391533408,
        "max(v)": 0.24889646870217785,
        "max(length)": 0.7905855346684193,
        "num(pathline)": 0.08311956248775643,
        "min(distant)": 0.2246351656637665
    },
    "member5": {
        "max(u)": 0.504002391533408,
        "max(v)": 0.24889646870217785,
        "max(length)": 0.7905855346684193,
        "num(pathline)": 0.08311956248775643,
        "min(distant)": 0.2246351656637665
    },
    "member6": {
        "max(u)": 0.504002391533408,
        "max(v)": 0.24889646870217785,
        "max(length)": 0.7905855346684193,
        "num(pathline)": 0.08311956248775643,
        "min(distant)": 0.2246351656637665
    },
    "member7": {
        "max(u)": 0.504002391533408,
        "max(v)": 0.24889646870217785,
        "max(length)": 0.7905855346684193,
        "num(pathline)": 0.08311956248775643,
        "min(distant)": 0.2246351656637665
    },
    "member8": {
        "max(u)": 0.504002391533408,
        "max(v)": 0.24889646870217785,
        "max(length)": 0.7905855346684193,
        "num(pathline)": 0.08311956248775643,
        "min(distant)": 0.2246351656637665
    },
    "member9": {
        "max(u)": 0.504002391533408,
        "max(v)": 0.24889646870217785,
        "max(length)": 0.7905855346684193,
        "num(pathline)": 0.08311956248775643,
        "min(distant)": 0.2246351656637665
    },
    "member10": {
        "max(u)": 0.504002391533408,
        "max(v)": 0.24889646870217785,
        "max(length)": 0.7905855346684193,
        "num(pathline)": 0.08311956248775643,
        "min(distant)": 0.2246351656637665
    },
    "member11": {
        "max(u)": 0.504002391533408,
        "max(v)": 0.24889646870217785,
        "max(length)": 0.7905855346684193,
        "num(pathline)": 0.08311956248775643,
        "min(distant)": 0.2246351656637665
    },
    "member12": {
        "max(u)": 0.504002391533408,
        "max(v)": 0.24889646870217785,
        "max(length)": 0.7905855346684193,
        "num(pathline)": 0.08311956248775643,
        "min(distant)": 0.2246351656637665
    },
    "member13": {
        "max(u)": 0.504002391533408,
        "max(v)": 0.24889646870217785,
        "max(length)": 0.7905855346684193,
        "num(pathline)": 0.08311956248775643,
        "min(distant)": 0.2246351656637665
    },
    "member14": {
        "max(u)": 0.504002391533408,
        "max(v)": 0.24889646870217785,
        "max(length)": 0.7905855346684193,
        "num(pathline)": 0.08311956248775643,
        "min(distant)": 0.2246351656637665
    },
    "member15": {
        "max(u)": 0.504002391533408,
        "max(v)": 0.24889646870217785,
        "max(length)": 0.7905855346684193,
        "num(pathline)": 0.08311956248775643,
        "min(distant)": 0.2246351656637665
    },
    "member16": {
        "max(u)": 0.504002391533408,
        "max(v)": 0.24889646870217785,
        "max(length)": 0.7905855346684193,
        "num(pathline)": 0.08311956248775643,
        "min(distant)": 0.2246351656637665
    },
    "member17": {
        "max(u)": 0.504002391533408,
        "max(v)": 0.24889646870217785,
        "max(length)": 0.7905855346684193,
        "num(pathline)": 0.08311956248775643,
        "min(distant)": 0.2246351656637665
    },
    "member18": {
        "max(u)": 0.504002391533408,
        "max(v)": 0.24889646870217785,
        "max(length)": 0.7905855346684193,
        "num(pathline)": 0.08311956248775643,
        "min(distant)": 0.2246351656637665
    },
    "member19": {
        "max(u)": 0.504002391533408,
        "max(v)": 0.24889646870217785,
        "max(length)": 0.7905855346684193,
        "num(pathline)": 0.08311956248775643,
        "min(distant)": 0.2246351656637665
    },
    "member20": {
        "max(u)": 0.504002391533408,
        "max(v)": 0.24889646870217785,
        "max(length)": 0.7905855346684193,
        "num(pathline)": 0.08311956248775643,
        "min(distant)": 0.2246351656637665
    }
}