{
    "member1": {
        "max(u)": 0.8635654476252344,
        "max(v)": 0.0773651973785685,
        "max(length)": 0.34252662064138517,
        "num(pathline)": 0.956815359568935,
        "min(distant)": 0.7291868550652574
    },
    "member2": {
        "max(u)": 0.8635654476252344,
        "max(v)": 0.0773651973785685,
        "max(length)": 0.34252662064138517,
        "num(pathline)": 0.956815359568935,
        "min(distant)": 0.7291868550652574
    },
    "member3": {
        "max(u)": 0.8635654476252344,
        "max(v)": 0.0773651973785685,
        "max(length)": 0.34252662064138517,
        "num(pathline)": 0.956815359568935,
        "min(distant)": 0.7291868550652574
    },
    "member4": {
        "max(u)": 0.8635654476252344,
        "max(v)": 0.0773651973785685,
        "max(length)": 0.34252662064138517,
        "num(pathline)": 0.956815359568935,
        "min(distant)": 0.7291868550652574
    },
    "member5": {
        "max(u)": 0.8635654476252344,
        "max(v)": 0.0773651973785685,
        "max(length)": 0.34252662064138517,
        "num(pathline)": 0.956815359568935,
        "min(distant)": 0.7291868550652574
    },
    "member6": {
        "max(u)": 0.8635654476252344,
        "max(v)": 0.0773651973785685,
        "max(length)": 0.34252662064138517,
        "num(pathline)": 0.956815359568935,
        "min(distant)": 0.7291868550652574
    },
    "member7": {
        "max(u)": 0.8635654476252344,
        "max(v)": 0.0773651973785685,
        "max(length)": 0.34252662064138517,
        "num(pathline)": 0.956815359568935,
        "min(distant)": 0.7291868550652574
    },
    "member8": {
        "max(u)": 0.8635654476252344,
        "max(v)": 0.0773651973785685,
        "max(length)": 0.34252662064138517,
        "num(pathline)": 0.956815359568935,
        "min(distant)": 0.7291868550652574
    },
    "member9": {
        "max(u)": 0.8635654476252344,
        "max(v)": 0.0773651973785685,
        "max(length)": 0.34252662064138517,
        "num(pathline)": 0.956815359568935,
        "min(distant)": 0.7291868550652574
    },
    "member10": {
        "max(u)": 0.8635654476252344,
        "max(v)": 0.0773651973785685,
        "max(length)": 0.34252662064138517,
        "num(pathline)": 0.956815359568935,
        "min(distant)": 0.7291868550652574
    },
    "member11": {
        "max(u)": 0.8635654476252344,
        "max(v)": 0.0773651973785685,
        "max(length)": 0.34252662064138517,
        "num(pathline)": 0.956815359568935,
        "min(distant)": 0.7291868550652574
    },
    "member12": {
        "max(u)": 0.8635654476252344,
        "max(v)": 0.0773651973785685,
        "max(length)": 0.34252662064138517,
        "num(pathline)": 0.956815359568935,
        "min(distant)": 0.7291868550652574
    },
    "member13": {
        "max(u)": 0.8635654476252344,
        "max(v)": 0.0773651973785685,
        "max(length)": 0.34252662064138517,
        "num(pathline)": 0.956815359568935,
        "min(distant)": 0.7291868550652574
    },
    "member14": {
        "max(u)": 0.8635654476252344,
        "max(v)": 0.0773651973785685,
        "max(length)": 0.34252662064138517,
        "num(pathline)": 0.956815359568935,
        "min(distant)": 0.7291868550652574
    },
    "member15": {
        "max(u)": 0.8635654476252344,
        "max(v)": 0.0773651973785685,
        "max(length)": 0.34252662064138517,
        "num(pathline)": 0.956815359568935,
        "min(distant)": 0.7291868550652574
    },
    "member16": {
        "max(u)": 0.8635654476252344,
        "max(v)": 0.0773651973785685,
        "max(length)": 0.34252662064138517,
        "num(pathline)": 0.956815359568935,
        "min(distant)": 0.7291868550652574
    },
    "member17": {
        "max(u)": 0.8635654476252344,
        "max(v)": 0.0773651973785685,
        "max(length)": 0.34252662064138517,
        "num(pathline)": 0.956815359568935,
        "min(distant)": 0.7291868550652574
    },
    "member18": {
        "max(u)": 0.8635654476252344,
        "max(v)": 0.0773651973785685,
        "max(length)": 0.34252662064138517,
        "num(pathline)": 0.956815359568935,
        "min(distant)": 0.7291868550652574
    },
    "member19": {
        "max(u)": 0.8635654476252344,
        "max(v)": 0.0773651973785685,
        "max(length)": 0.34252662064138517,
        "num(pathline)": 0.956815359568935,
        "min(distant)": 0.7291868550652574
    },
    "member20": {
        "max(u)": 0.8635654476252344,
        "max(v)": 0.0773651973785685,
        "max(length)": 0.34252662064138517,
        "num(pathline)": 0.956815359568935,
        "min(distant)": 0.7291868550652574
    }
}