{
    "member1": {
        "max(u)": 0.6361852152527204,
        "max(v)": 0.7042313089114022,
        "max(length)": 0.06317732128318065,
        "num(pathline)": 0.7306599592544762,
        "min(distant)": 0.8682070164369466
    },
    "member2": {
        "max(u)": 0.6361852152527204,
        "max(v)": 0.7042313089114022,
        "max(length)": 0.06317732128318065,
        "num(pathline)": 0.7306599592544762,
        "min(distant)": 0.8682070164369466
    },
    "member3": {
        "max(u)": 0.6361852152527204,
        "max(v)": 0.7042313089114022,
        "max(length)": 0.06317732128318065,
        "num(pathline)": 0.7306599592544762,
        "min(distant)": 0.8682070164369466
    },
    "member4": {
        "max(u)": 0.6361852152527204,
        "max(v)": 0.7042313089114022,
        "max(length)": 0.06317732128318065,
        "num(pathline)": 0.7306599592544762,
        "min(distant)": 0.8682070164369466
    },
    "member5": {
        "max(u)": 0.6361852152527204,
        "max(v)": 0.7042313089114022,
        "max(length)": 0.06317732128318065,
        "num(pathline)": 0.7306599592544762,
        "min(distant)": 0.8682070164369466
    },
    "member6": {
        "max(u)": 0.6361852152527204,
        "max(v)": 0.7042313089114022,
        "max(length)": 0.06317732128318065,
        "num(pathline)": 0.7306599592544762,
        "min(distant)": 0.8682070164369466
    },
    "member7": {
        "max(u)": 0.6361852152527204,
        "max(v)": 0.7042313089114022,
        "max(length)": 0.06317732128318065,
        "num(pathline)": 0.7306599592544762,
        "min(distant)": 0.8682070164369466
    },
    "member8": {
        "max(u)": 0.6361852152527204,
        "max(v)": 0.7042313089114022,
        "max(length)": 0.06317732128318065,
        "num(pathline)": 0.7306599592544762,
        "min(distant)": 0.8682070164369466
    },
    "member9": {
        "max(u)": 0.6361852152527204,
        "max(v)": 0.7042313089114022,
        "max(length)": 0.06317732128318065,
        "num(pathline)": 0.7306599592544762,
        "min(distant)": 0.8682070164369466
    },
    "member10": {
        "max(u)": 0.6361852152527204,
        "max(v)": 0.7042313089114022,
        "max(length)": 0.06317732128318065,
        "num(pathline)": 0.7306599592544762,
        "min(distant)": 0.8682070164369466
    },
    "member11": {
        "max(u)": 0.6361852152527204,
        "max(v)": 0.7042313089114022,
        "max(length)": 0.06317732128318065,
        "num(pathline)": 0.7306599592544762,
        "min(distant)": 0.8682070164369466
    },
    "member12": {
        "max(u)": 0.6361852152527204,
        "max(v)": 0.7042313089114022,
        "max(length)": 0.06317732128318065,
        "num(pathline)": 0.7306599592544762,
        "min(distant)": 0.8682070164369466
    },
    "member13": {
        "max(u)": 0.6361852152527204,
        "max(v)": 0.7042313089114022,
        "max(length)": 0.06317732128318065,
        "num(pathline)": 0.7306599592544762,
        "min(distant)": 0.8682070164369466
    },
    "member14": {
        "max(u)": 0.6361852152527204,
        "max(v)": 0.7042313089114022,
        "max(length)": 0.06317732128318065,
        "num(pathline)": 0.7306599592544762,
        "min(distant)": 0.8682070164369466
    },
    "member15": {
        "max(u)": 0.6361852152527204,
        "max(v)": 0.7042313089114022,
        "max(length)": 0.06317732128318065,
        "num(pathline)": 0.7306599592544762,
        "min(distant)": 0.8682070164369466
    },
    "member16": {
        "max(u)": 0.6361852152527204,
        "max(v)": 0.7042313089114022,
        "max(length)": 0.06317732128318065,
        "num(pathline)": 0.7306599592544762,
        "min(distant)": 0.8682070164369466
    },
    "member17": {
        "max(u)": 0.6361852152527204,
        "max(v)": 0.7042313089114022,
        "max(length)": 0.06317732128318065,
        "num(pathline)": 0.7306599592544762,
        "min(distant)": 0.8682070164369466
    },
    "member18": {
        "max(u)": 0.6361852152527204,
        "max(v)": 0.7042313089114022,
        "max(length)": 0.06317732128318065,
        "num(pathline)": 0.7306599592544762,
        "min(distant)": 0.8682070164369466
    },
    "member19": {
        "max(u)": 0.6361852152527204,
        "max(v)": 0.7042313089114022,
        "max(length)": 0.06317732128318065,
        "num(pathline)": 0.7306599592544762,
        "min(distant)": 0.8682070164369466
    },
    "member20": {
        "max(u)": 0.6361852152527204,
        "max(v)": 0.7042313089114022,
        "max(length)": 0.06317732128318065,
        "num(pathline)": 0.7306599592544762,
        "min(distant)": 0.8682070164369466
    }
}