{
    "member1": {
        "max(u)": 0.3717833090810466,
        "max(v)": 0.4595943530979647,
        "max(length)": 0.4998300496505109,
        "num(pathline)": 0.939732591723354,
        "min(distant)": 0.7097541037687688
    },
    "member2": {
        "max(u)": 0.3717833090810466,
        "max(v)": 0.4595943530979647,
        "max(length)": 0.4998300496505109,
        "num(pathline)": 0.939732591723354,
        "min(distant)": 0.7097541037687688
    },
    "member3": {
        "max(u)": 0.3717833090810466,
        "max(v)": 0.4595943530979647,
        "max(length)": 0.4998300496505109,
        "num(pathline)": 0.939732591723354,
        "min(distant)": 0.7097541037687688
    },
    "member4": {
        "max(u)": 0.3717833090810466,
        "max(v)": 0.4595943530979647,
        "max(length)": 0.4998300496505109,
        "num(pathline)": 0.939732591723354,
        "min(distant)": 0.7097541037687688
    },
    "member5": {
        "max(u)": 0.3717833090810466,
        "max(v)": 0.4595943530979647,
        "max(length)": 0.4998300496505109,
        "num(pathline)": 0.939732591723354,
        "min(distant)": 0.7097541037687688
    },
    "member6": {
        "max(u)": 0.3717833090810466,
        "max(v)": 0.4595943530979647,
        "max(length)": 0.4998300496505109,
        "num(pathline)": 0.939732591723354,
        "min(distant)": 0.7097541037687688
    },
    "member7": {
        "max(u)": 0.3717833090810466,
        "max(v)": 0.4595943530979647,
        "max(length)": 0.4998300496505109,
        "num(pathline)": 0.939732591723354,
        "min(distant)": 0.7097541037687688
    },
    "member8": {
        "max(u)": 0.3717833090810466,
        "max(v)": 0.4595943530979647,
        "max(length)": 0.4998300496505109,
        "num(pathline)": 0.939732591723354,
        "min(distant)": 0.7097541037687688
    },
    "member9": {
        "max(u)": 0.3717833090810466,
        "max(v)": 0.4595943530979647,
        "max(length)": 0.4998300496505109,
        "num(pathline)": 0.939732591723354,
        "min(distant)": 0.7097541037687688
    },
    "member10": {
        "max(u)": 0.3717833090810466,
        "max(v)": 0.4595943530979647,
        "max(length)": 0.4998300496505109,
        "num(pathline)": 0.939732591723354,
        "min(distant)": 0.7097541037687688
    },
    "member11": {
        "max(u)": 0.3717833090810466,
        "max(v)": 0.4595943530979647,
        "max(length)": 0.4998300496505109,
        "num(pathline)": 0.939732591723354,
        "min(distant)": 0.7097541037687688
    },
    "member12": {
        "max(u)": 0.3717833090810466,
        "max(v)": 0.4595943530979647,
        "max(length)": 0.4998300496505109,
        "num(pathline)": 0.939732591723354,
        "min(distant)": 0.7097541037687688
    },
    "member13": {
        "max(u)": 0.3717833090810466,
        "max(v)": 0.4595943530979647,
        "max(length)": 0.4998300496505109,
        "num(pathline)": 0.939732591723354,
        "min(distant)": 0.7097541037687688
    },
    "member14": {
        "max(u)": 0.3717833090810466,
        "max(v)": 0.4595943530979647,
        "max(length)": 0.4998300496505109,
        "num(pathline)": 0.939732591723354,
        "min(distant)": 0.7097541037687688
    },
    "member15": {
        "max(u)": 0.3717833090810466,
        "max(v)": 0.4595943530979647,
        "max(length)": 0.4998300496505109,
        "num(pathline)": 0.939732591723354,
        "min(distant)": 0.7097541037687688
    },
    "member16": {
        "max(u)": 0.3717833090810466,
        "max(v)": 0.4595943530979647,
        "max(length)": 0.4998300496505109,
        "num(pathline)": 0.939732591723354,
        "min(distant)": 0.7097541037687688
    },
    "member17": {
        "max(u)": 0.3717833090810466,
        "max(v)": 0.4595943530979647,
        "max(length)": 0.4998300496505109,
        "num(pathline)": 0.939732591723354,
        "min(distant)": 0.7097541037687688
    },
    "member18": {
        "max(u)": 0.3717833090810466,
        "max(v)": 0.4595943530979647,
        "max(length)": 0.4998300496505109,
        "num(pathline)": 0.939732591723354,
        "min(distant)": 0.7097541037687688
    },
    "member19": {
        "max(u)": 0.3717833090810466,
        "max(v)": 0.4595943530979647,
        "max(length)": 0.4998300496505109,
        "num(pathline)": 0.939732591723354,
        "min(distant)": 0.7097541037687688
    },
    "member20": {
        "max(u)": 0.3717833090810466,
        "max(v)": 0.4595943530979647,
        "max(length)": 0.4998300496505109,
        "num(pathline)": 0.939732591723354,
        "min(distant)": 0.7097541037687688
    }
}