{
    "member1": {
        "max(u)": 0.26912763454289046,
        "max(v)": 0.22648438045064745,
        "max(length)": 0.38423383884608797,
        "num(pathline)": 0.5508832058896803,
        "min(distant)": 0.994889137438136
    },
    "member2": {
        "max(u)": 0.26912763454289046,
        "max(v)": 0.22648438045064745,
        "max(length)": 0.38423383884608797,
        "num(pathline)": 0.5508832058896803,
        "min(distant)": 0.994889137438136
    },
    "member3": {
        "max(u)": 0.26912763454289046,
        "max(v)": 0.22648438045064745,
        "max(length)": 0.38423383884608797,
        "num(pathline)": 0.5508832058896803,
        "min(distant)": 0.994889137438136
    },
    "member4": {
        "max(u)": 0.26912763454289046,
        "max(v)": 0.22648438045064745,
        "max(length)": 0.38423383884608797,
        "num(pathline)": 0.5508832058896803,
        "min(distant)": 0.994889137438136
    },
    "member5": {
        "max(u)": 0.26912763454289046,
        "max(v)": 0.22648438045064745,
        "max(length)": 0.38423383884608797,
        "num(pathline)": 0.5508832058896803,
        "min(distant)": 0.994889137438136
    },
    "member6": {
        "max(u)": 0.26912763454289046,
        "max(v)": 0.22648438045064745,
        "max(length)": 0.38423383884608797,
        "num(pathline)": 0.5508832058896803,
        "min(distant)": 0.994889137438136
    },
    "member7": {
        "max(u)": 0.26912763454289046,
        "max(v)": 0.22648438045064745,
        "max(length)": 0.38423383884608797,
        "num(pathline)": 0.5508832058896803,
        "min(distant)": 0.994889137438136
    },
    "member8": {
        "max(u)": 0.26912763454289046,
        "max(v)": 0.22648438045064745,
        "max(length)": 0.38423383884608797,
        "num(pathline)": 0.5508832058896803,
        "min(distant)": 0.994889137438136
    },
    "member9": {
        "max(u)": 0.26912763454289046,
        "max(v)": 0.22648438045064745,
        "max(length)": 0.38423383884608797,
        "num(pathline)": 0.5508832058896803,
        "min(distant)": 0.994889137438136
    },
    "member10": {
        "max(u)": 0.26912763454289046,
        "max(v)": 0.22648438045064745,
        "max(length)": 0.38423383884608797,
        "num(pathline)": 0.5508832058896803,
        "min(distant)": 0.994889137438136
    },
    "member11": {
        "max(u)": 0.26912763454289046,
        "max(v)": 0.22648438045064745,
        "max(length)": 0.38423383884608797,
        "num(pathline)": 0.5508832058896803,
        "min(distant)": 0.994889137438136
    },
    "member12": {
        "max(u)": 0.26912763454289046,
        "max(v)": 0.22648438045064745,
        "max(length)": 0.38423383884608797,
        "num(pathline)": 0.5508832058896803,
        "min(distant)": 0.994889137438136
    },
    "member13": {
        "max(u)": 0.26912763454289046,
        "max(v)": 0.22648438045064745,
        "max(length)": 0.38423383884608797,
        "num(pathline)": 0.5508832058896803,
        "min(distant)": 0.994889137438136
    },
    "member14": {
        "max(u)": 0.26912763454289046,
        "max(v)": 0.22648438045064745,
        "max(length)": 0.38423383884608797,
        "num(pathline)": 0.5508832058896803,
        "min(distant)": 0.994889137438136
    },
    "member15": {
        "max(u)": 0.26912763454289046,
        "max(v)": 0.22648438045064745,
        "max(length)": 0.38423383884608797,
        "num(pathline)": 0.5508832058896803,
        "min(distant)": 0.994889137438136
    },
    "member16": {
        "max(u)": 0.26912763454289046,
        "max(v)": 0.22648438045064745,
        "max(length)": 0.38423383884608797,
        "num(pathline)": 0.5508832058896803,
        "min(distant)": 0.994889137438136
    },
    "member17": {
        "max(u)": 0.26912763454289046,
        "max(v)": 0.22648438045064745,
        "max(length)": 0.38423383884608797,
        "num(pathline)": 0.5508832058896803,
        "min(distant)": 0.994889137438136
    },
    "member18": {
        "max(u)": 0.26912763454289046,
        "max(v)": 0.22648438045064745,
        "max(length)": 0.38423383884608797,
        "num(pathline)": 0.5508832058896803,
        "min(distant)": 0.994889137438136
    },
    "member19": {
        "max(u)": 0.26912763454289046,
        "max(v)": 0.22648438045064745,
        "max(length)": 0.38423383884608797,
        "num(pathline)": 0.5508832058896803,
        "min(distant)": 0.994889137438136
    },
    "member20": {
        "max(u)": 0.26912763454289046,
        "max(v)": 0.22648438045064745,
        "max(length)": 0.38423383884608797,
        "num(pathline)": 0.5508832058896803,
        "min(distant)": 0.994889137438136
    }
}