{
    "member1": {
        "max(u)": 0.17141684382845002,
        "max(v)": 0.5944952649781714,
        "max(length)": 0.5130796485534642,
        "num(pathline)": 0.9486408363206884,
        "min(distant)": 0.4923417451979485
    },
    "member2": {
        "max(u)": 0.17141684382845002,
        "max(v)": 0.5944952649781714,
        "max(length)": 0.5130796485534642,
        "num(pathline)": 0.9486408363206884,
        "min(distant)": 0.4923417451979485
    },
    "member3": {
        "max(u)": 0.17141684382845002,
        "max(v)": 0.5944952649781714,
        "max(length)": 0.5130796485534642,
        "num(pathline)": 0.9486408363206884,
        "min(distant)": 0.4923417451979485
    },
    "member4": {
        "max(u)": 0.17141684382845002,
        "max(v)": 0.5944952649781714,
        "max(length)": 0.5130796485534642,
        "num(pathline)": 0.9486408363206884,
        "min(distant)": 0.4923417451979485
    },
    "member5": {
        "max(u)": 0.17141684382845002,
        "max(v)": 0.5944952649781714,
        "max(length)": 0.5130796485534642,
        "num(pathline)": 0.9486408363206884,
        "min(distant)": 0.4923417451979485
    },
    "member6": {
        "max(u)": 0.17141684382845002,
        "max(v)": 0.5944952649781714,
        "max(length)": 0.5130796485534642,
        "num(pathline)": 0.9486408363206884,
        "min(distant)": 0.4923417451979485
    },
    "member7": {
        "max(u)": 0.17141684382845002,
        "max(v)": 0.5944952649781714,
        "max(length)": 0.5130796485534642,
        "num(pathline)": 0.9486408363206884,
        "min(distant)": 0.4923417451979485
    },
    "member8": {
        "max(u)": 0.17141684382845002,
        "max(v)": 0.5944952649781714,
        "max(length)": 0.5130796485534642,
        "num(pathline)": 0.9486408363206884,
        "min(distant)": 0.4923417451979485
    },
    "member9": {
        "max(u)": 0.17141684382845002,
        "max(v)": 0.5944952649781714,
        "max(length)": 0.5130796485534642,
        "num(pathline)": 0.9486408363206884,
        "min(distant)": 0.4923417451979485
    },
    "member10": {
        "max(u)": 0.17141684382845002,
        "max(v)": 0.5944952649781714,
        "max(length)": 0.5130796485534642,
        "num(pathline)": 0.9486408363206884,
        "min(distant)": 0.4923417451979485
    },
    "member11": {
        "max(u)": 0.17141684382845002,
        "max(v)": 0.5944952649781714,
        "max(length)": 0.5130796485534642,
        "num(pathline)": 0.9486408363206884,
        "min(distant)": 0.4923417451979485
    },
    "member12": {
        "max(u)": 0.17141684382845002,
        "max(v)": 0.5944952649781714,
        "max(length)": 0.5130796485534642,
        "num(pathline)": 0.9486408363206884,
        "min(distant)": 0.4923417451979485
    },
    "member13": {
        "max(u)": 0.17141684382845002,
        "max(v)": 0.5944952649781714,
        "max(length)": 0.5130796485534642,
        "num(pathline)": 0.9486408363206884,
        "min(distant)": 0.4923417451979485
    },
    "member14": {
        "max(u)": 0.17141684382845002,
        "max(v)": 0.5944952649781714,
        "max(length)": 0.5130796485534642,
        "num(pathline)": 0.9486408363206884,
        "min(distant)": 0.4923417451979485
    },
    "member15": {
        "max(u)": 0.17141684382845002,
        "max(v)": 0.5944952649781714,
        "max(length)": 0.5130796485534642,
        "num(pathline)": 0.9486408363206884,
        "min(distant)": 0.4923417451979485
    },
    "member16": {
        "max(u)": 0.17141684382845002,
        "max(v)": 0.5944952649781714,
        "max(length)": 0.5130796485534642,
        "num(pathline)": 0.9486408363206884,
        "min(distant)": 0.4923417451979485
    },
    "member17": {
        "max(u)": 0.17141684382845002,
        "max(v)": 0.5944952649781714,
        "max(length)": 0.5130796485534642,
        "num(pathline)": 0.9486408363206884,
        "min(distant)": 0.4923417451979485
    },
    "member18": {
        "max(u)": 0.17141684382845002,
        "max(v)": 0.5944952649781714,
        "max(length)": 0.5130796485534642,
        "num(pathline)": 0.9486408363206884,
        "min(distant)": 0.4923417451979485
    },
    "member19": {
        "max(u)": 0.17141684382845002,
        "max(v)": 0.5944952649781714,
        "max(length)": 0.5130796485534642,
        "num(pathline)": 0.9486408363206884,
        "min(distant)": 0.4923417451979485
    },
    "member20": {
        "max(u)": 0.17141684382845002,
        "max(v)": 0.5944952649781714,
        "max(length)": 0.5130796485534642,
        "num(pathline)": 0.9486408363206884,
        "min(distant)": 0.4923417451979485
    }
}