{
    "member1": {
        "max(u)": 0.7495088369411823,
        "max(v)": 0.700895043413447,
        "max(length)": 0.5343794290586067,
        "num(pathline)": 0.7989817371114154,
        "min(distant)": 0.4261176208740496
    },
    "member2": {
        "max(u)": 0.7495088369411823,
        "max(v)": 0.700895043413447,
        "max(length)": 0.5343794290586067,
        "num(pathline)": 0.7989817371114154,
        "min(distant)": 0.4261176208740496
    },
    "member3": {
        "max(u)": 0.7495088369411823,
        "max(v)": 0.700895043413447,
        "max(length)": 0.5343794290586067,
        "num(pathline)": 0.7989817371114154,
        "min(distant)": 0.4261176208740496
    },
    "member4": {
        "max(u)": 0.7495088369411823,
        "max(v)": 0.700895043413447,
        "max(length)": 0.5343794290586067,
        "num(pathline)": 0.7989817371114154,
        "min(distant)": 0.4261176208740496
    },
    "member5": {
        "max(u)": 0.7495088369411823,
        "max(v)": 0.700895043413447,
        "max(length)": 0.5343794290586067,
        "num(pathline)": 0.7989817371114154,
        "min(distant)": 0.4261176208740496
    },
    "member6": {
        "max(u)": 0.7495088369411823,
        "max(v)": 0.700895043413447,
        "max(length)": 0.5343794290586067,
        "num(pathline)": 0.7989817371114154,
        "min(distant)": 0.4261176208740496
    },
    "member7": {
        "max(u)": 0.7495088369411823,
        "max(v)": 0.700895043413447,
        "max(length)": 0.5343794290586067,
        "num(pathline)": 0.7989817371114154,
        "min(distant)": 0.4261176208740496
    },
    "member8": {
        "max(u)": 0.7495088369411823,
        "max(v)": 0.700895043413447,
        "max(length)": 0.5343794290586067,
        "num(pathline)": 0.7989817371114154,
        "min(distant)": 0.4261176208740496
    },
    "member9": {
        "max(u)": 0.7495088369411823,
        "max(v)": 0.700895043413447,
        "max(length)": 0.5343794290586067,
        "num(pathline)": 0.7989817371114154,
        "min(distant)": 0.4261176208740496
    },
    "member10": {
        "max(u)": 0.7495088369411823,
        "max(v)": 0.700895043413447,
        "max(length)": 0.5343794290586067,
        "num(pathline)": 0.7989817371114154,
        "min(distant)": 0.4261176208740496
    },
    "member11": {
        "max(u)": 0.7495088369411823,
        "max(v)": 0.700895043413447,
        "max(length)": 0.5343794290586067,
        "num(pathline)": 0.7989817371114154,
        "min(distant)": 0.4261176208740496
    },
    "member12": {
        "max(u)": 0.7495088369411823,
        "max(v)": 0.700895043413447,
        "max(length)": 0.5343794290586067,
        "num(pathline)": 0.7989817371114154,
        "min(distant)": 0.4261176208740496
    },
    "member13": {
        "max(u)": 0.7495088369411823,
        "max(v)": 0.700895043413447,
        "max(length)": 0.5343794290586067,
        "num(pathline)": 0.7989817371114154,
        "min(distant)": 0.4261176208740496
    },
    "member14": {
        "max(u)": 0.7495088369411823,
        "max(v)": 0.700895043413447,
        "max(length)": 0.5343794290586067,
        "num(pathline)": 0.7989817371114154,
        "min(distant)": 0.4261176208740496
    },
    "member15": {
        "max(u)": 0.7495088369411823,
        "max(v)": 0.700895043413447,
        "max(length)": 0.5343794290586067,
        "num(pathline)": 0.7989817371114154,
        "min(distant)": 0.4261176208740496
    },
    "member16": {
        "max(u)": 0.7495088369411823,
        "max(v)": 0.700895043413447,
        "max(length)": 0.5343794290586067,
        "num(pathline)": 0.7989817371114154,
        "min(distant)": 0.4261176208740496
    },
    "member17": {
        "max(u)": 0.7495088369411823,
        "max(v)": 0.700895043413447,
        "max(length)": 0.5343794290586067,
        "num(pathline)": 0.7989817371114154,
        "min(distant)": 0.4261176208740496
    },
    "member18": {
        "max(u)": 0.7495088369411823,
        "max(v)": 0.700895043413447,
        "max(length)": 0.5343794290586067,
        "num(pathline)": 0.7989817371114154,
        "min(distant)": 0.4261176208740496
    },
    "member19": {
        "max(u)": 0.7495088369411823,
        "max(v)": 0.700895043413447,
        "max(length)": 0.5343794290586067,
        "num(pathline)": 0.7989817371114154,
        "min(distant)": 0.4261176208740496
    },
    "member20": {
        "max(u)": 0.7495088369411823,
        "max(v)": 0.700895043413447,
        "max(length)": 0.5343794290586067,
        "num(pathline)": 0.7989817371114154,
        "min(distant)": 0.4261176208740496
    }
}