{
    "member1": {
        "max(u)": 0.4449318854782729,
        "max(v)": 0.05952432986250378,
        "max(length)": 0.5602500252259711,
        "num(pathline)": 0.24838761509597385,
        "min(distant)": 0.7910781035816252
    },
    "member2": {
        "max(u)": 0.4449318854782729,
        "max(v)": 0.05952432986250378,
        "max(length)": 0.5602500252259711,
        "num(pathline)": 0.24838761509597385,
        "min(distant)": 0.7910781035816252
    },
    "member3": {
        "max(u)": 0.4449318854782729,
        "max(v)": 0.05952432986250378,
        "max(length)": 0.5602500252259711,
        "num(pathline)": 0.24838761509597385,
        "min(distant)": 0.7910781035816252
    },
    "member4": {
        "max(u)": 0.4449318854782729,
        "max(v)": 0.05952432986250378,
        "max(length)": 0.5602500252259711,
        "num(pathline)": 0.24838761509597385,
        "min(distant)": 0.7910781035816252
    },
    "member5": {
        "max(u)": 0.4449318854782729,
        "max(v)": 0.05952432986250378,
        "max(length)": 0.5602500252259711,
        "num(pathline)": 0.24838761509597385,
        "min(distant)": 0.7910781035816252
    },
    "member6": {
        "max(u)": 0.4449318854782729,
        "max(v)": 0.05952432986250378,
        "max(length)": 0.5602500252259711,
        "num(pathline)": 0.24838761509597385,
        "min(distant)": 0.7910781035816252
    },
    "member7": {
        "max(u)": 0.4449318854782729,
        "max(v)": 0.05952432986250378,
        "max(length)": 0.5602500252259711,
        "num(pathline)": 0.24838761509597385,
        "min(distant)": 0.7910781035816252
    },
    "member8": {
        "max(u)": 0.4449318854782729,
        "max(v)": 0.05952432986250378,
        "max(length)": 0.5602500252259711,
        "num(pathline)": 0.24838761509597385,
        "min(distant)": 0.7910781035816252
    },
    "member9": {
        "max(u)": 0.4449318854782729,
        "max(v)": 0.05952432986250378,
        "max(length)": 0.5602500252259711,
        "num(pathline)": 0.24838761509597385,
        "min(distant)": 0.7910781035816252
    },
    "member10": {
        "max(u)": 0.4449318854782729,
        "max(v)": 0.05952432986250378,
        "max(length)": 0.5602500252259711,
        "num(pathline)": 0.24838761509597385,
        "min(distant)": 0.7910781035816252
    },
    "member11": {
        "max(u)": 0.4449318854782729,
        "max(v)": 0.05952432986250378,
        "max(length)": 0.5602500252259711,
        "num(pathline)": 0.24838761509597385,
        "min(distant)": 0.7910781035816252
    },
    "member12": {
        "max(u)": 0.4449318854782729,
        "max(v)": 0.05952432986250378,
        "max(length)": 0.5602500252259711,
        "num(pathline)": 0.24838761509597385,
        "min(distant)": 0.7910781035816252
    },
    "member13": {
        "max(u)": 0.4449318854782729,
        "max(v)": 0.05952432986250378,
        "max(length)": 0.5602500252259711,
        "num(pathline)": 0.24838761509597385,
        "min(distant)": 0.7910781035816252
    },
    "member14": {
        "max(u)": 0.4449318854782729,
        "max(v)": 0.05952432986250378,
        "max(length)": 0.5602500252259711,
        "num(pathline)": 0.24838761509597385,
        "min(distant)": 0.7910781035816252
    },
    "member15": {
        "max(u)": 0.4449318854782729,
        "max(v)": 0.05952432986250378,
        "max(length)": 0.5602500252259711,
        "num(pathline)": 0.24838761509597385,
        "min(distant)": 0.7910781035816252
    },
    "member16": {
        "max(u)": 0.4449318854782729,
        "max(v)": 0.05952432986250378,
        "max(length)": 0.5602500252259711,
        "num(pathline)": 0.24838761509597385,
        "min(distant)": 0.7910781035816252
    },
    "member17": {
        "max(u)": 0.4449318854782729,
        "max(v)": 0.05952432986250378,
        "max(length)": 0.5602500252259711,
        "num(pathline)": 0.24838761509597385,
        "min(distant)": 0.7910781035816252
    },
    "member18": {
        "max(u)": 0.4449318854782729,
        "max(v)": 0.05952432986250378,
        "max(length)": 0.5602500252259711,
        "num(pathline)": 0.24838761509597385,
        "min(distant)": 0.7910781035816252
    },
    "member19": {
        "max(u)": 0.4449318854782729,
        "max(v)": 0.05952432986250378,
        "max(length)": 0.5602500252259711,
        "num(pathline)": 0.24838761509597385,
        "min(distant)": 0.7910781035816252
    },
    "member20": {
        "max(u)": 0.4449318854782729,
        "max(v)": 0.05952432986250378,
        "max(length)": 0.5602500252259711,
        "num(pathline)": 0.24838761509597385,
        "min(distant)": 0.7910781035816252
    }
}