{
    "member1": {
        "max(u)": 0.6433874239581256,
        "max(v)": 0.9093363246279856,
        "max(length)": 0.8286506279863987,
        "num(pathline)": 0.13351266200330902,
        "min(distant)": 0.2810426843791264
    },
    "member2": {
        "max(u)": 0.6433874239581256,
        "max(v)": 0.9093363246279856,
        "max(length)": 0.8286506279863987,
        "num(pathline)": 0.13351266200330902,
        "min(distant)": 0.2810426843791264
    },
    "member3": {
        "max(u)": 0.6433874239581256,
        "max(v)": 0.9093363246279856,
        "max(length)": 0.8286506279863987,
        "num(pathline)": 0.13351266200330902,
        "min(distant)": 0.2810426843791264
    },
    "member4": {
        "max(u)": 0.6433874239581256,
        "max(v)": 0.9093363246279856,
        "max(length)": 0.8286506279863987,
        "num(pathline)": 0.13351266200330902,
        "min(distant)": 0.2810426843791264
    },
    "member5": {
        "max(u)": 0.6433874239581256,
        "max(v)": 0.9093363246279856,
        "max(length)": 0.8286506279863987,
        "num(pathline)": 0.13351266200330902,
        "min(distant)": 0.2810426843791264
    },
    "member6": {
        "max(u)": 0.6433874239581256,
        "max(v)": 0.9093363246279856,
        "max(length)": 0.8286506279863987,
        "num(pathline)": 0.13351266200330902,
        "min(distant)": 0.2810426843791264
    },
    "member7": {
        "max(u)": 0.6433874239581256,
        "max(v)": 0.9093363246279856,
        "max(length)": 0.8286506279863987,
        "num(pathline)": 0.13351266200330902,
        "min(distant)": 0.2810426843791264
    },
    "member8": {
        "max(u)": 0.6433874239581256,
        "max(v)": 0.9093363246279856,
        "max(length)": 0.8286506279863987,
        "num(pathline)": 0.13351266200330902,
        "min(distant)": 0.2810426843791264
    },
    "member9": {
        "max(u)": 0.6433874239581256,
        "max(v)": 0.9093363246279856,
        "max(length)": 0.8286506279863987,
        "num(pathline)": 0.13351266200330902,
        "min(distant)": 0.2810426843791264
    },
    "member10": {
        "max(u)": 0.6433874239581256,
        "max(v)": 0.9093363246279856,
        "max(length)": 0.8286506279863987,
        "num(pathline)": 0.13351266200330902,
        "min(distant)": 0.2810426843791264
    },
    "member11": {
        "max(u)": 0.6433874239581256,
        "max(v)": 0.9093363246279856,
        "max(length)": 0.8286506279863987,
        "num(pathline)": 0.13351266200330902,
        "min(distant)": 0.2810426843791264
    },
    "member12": {
        "max(u)": 0.6433874239581256,
        "max(v)": 0.9093363246279856,
        "max(length)": 0.8286506279863987,
        "num(pathline)": 0.13351266200330902,
        "min(distant)": 0.2810426843791264
    },
    "member13": {
        "max(u)": 0.6433874239581256,
        "max(v)": 0.9093363246279856,
        "max(length)": 0.8286506279863987,
        "num(pathline)": 0.13351266200330902,
        "min(distant)": 0.2810426843791264
    },
    "member14": {
        "max(u)": 0.6433874239581256,
        "max(v)": 0.9093363246279856,
        "max(length)": 0.8286506279863987,
        "num(pathline)": 0.13351266200330902,
        "min(distant)": 0.2810426843791264
    },
    "member15": {
        "max(u)": 0.6433874239581256,
        "max(v)": 0.9093363246279856,
        "max(length)": 0.8286506279863987,
        "num(pathline)": 0.13351266200330902,
        "min(distant)": 0.2810426843791264
    },
    "member16": {
        "max(u)": 0.6433874239581256,
        "max(v)": 0.9093363246279856,
        "max(length)": 0.8286506279863987,
        "num(pathline)": 0.13351266200330902,
        "min(distant)": 0.2810426843791264
    },
    "member17": {
        "max(u)": 0.6433874239581256,
        "max(v)": 0.9093363246279856,
        "max(length)": 0.8286506279863987,
        "num(pathline)": 0.13351266200330902,
        "min(distant)": 0.2810426843791264
    },
    "member18": {
        "max(u)": 0.6433874239581256,
        "max(v)": 0.9093363246279856,
        "max(length)": 0.8286506279863987,
        "num(pathline)": 0.13351266200330902,
        "min(distant)": 0.2810426843791264
    },
    "member19": {
        "max(u)": 0.6433874239581256,
        "max(v)": 0.9093363246279856,
        "max(length)": 0.8286506279863987,
        "num(pathline)": 0.13351266200330902,
        "min(distant)": 0.2810426843791264
    },
    "member20": {
        "max(u)": 0.6433874239581256,
        "max(v)": 0.9093363246279856,
        "max(length)": 0.8286506279863987,
        "num(pathline)": 0.13351266200330902,
        "min(distant)": 0.2810426843791264
    }
}