{
    "member1": {
        "max(u)": 0.8026837192115527,
        "max(v)": 0.17735080014320226,
        "max(length)": 0.4565652117124156,
        "num(pathline)": 0.20254373854919805,
        "min(distant)": 0.7350566270753182
    },
    "member2": {
        "max(u)": 0.8026837192115527,
        "max(v)": 0.17735080014320226,
        "max(length)": 0.4565652117124156,
        "num(pathline)": 0.20254373854919805,
        "min(distant)": 0.7350566270753182
    },
    "member3": {
        "max(u)": 0.8026837192115527,
        "max(v)": 0.17735080014320226,
        "max(length)": 0.4565652117124156,
        "num(pathline)": 0.20254373854919805,
        "min(distant)": 0.7350566270753182
    },
    "member4": {
        "max(u)": 0.8026837192115527,
        "max(v)": 0.17735080014320226,
        "max(length)": 0.4565652117124156,
        "num(pathline)": 0.20254373854919805,
        "min(distant)": 0.7350566270753182
    },
    "member5": {
        "max(u)": 0.8026837192115527,
        "max(v)": 0.17735080014320226,
        "max(length)": 0.4565652117124156,
        "num(pathline)": 0.20254373854919805,
        "min(distant)": 0.7350566270753182
    },
    "member6": {
        "max(u)": 0.8026837192115527,
        "max(v)": 0.17735080014320226,
        "max(length)": 0.4565652117124156,
        "num(pathline)": 0.20254373854919805,
        "min(distant)": 0.7350566270753182
    },
    "member7": {
        "max(u)": 0.8026837192115527,
        "max(v)": 0.17735080014320226,
        "max(length)": 0.4565652117124156,
        "num(pathline)": 0.20254373854919805,
        "min(distant)": 0.7350566270753182
    },
    "member8": {
        "max(u)": 0.8026837192115527,
        "max(v)": 0.17735080014320226,
        "max(length)": 0.4565652117124156,
        "num(pathline)": 0.20254373854919805,
        "min(distant)": 0.7350566270753182
    },
    "member9": {
        "max(u)": 0.8026837192115527,
        "max(v)": 0.17735080014320226,
        "max(length)": 0.4565652117124156,
        "num(pathline)": 0.20254373854919805,
        "min(distant)": 0.7350566270753182
    },
    "member10": {
        "max(u)": 0.8026837192115527,
        "max(v)": 0.17735080014320226,
        "max(length)": 0.4565652117124156,
        "num(pathline)": 0.20254373854919805,
        "min(distant)": 0.7350566270753182
    },
    "member11": {
        "max(u)": 0.8026837192115527,
        "max(v)": 0.17735080014320226,
        "max(length)": 0.4565652117124156,
        "num(pathline)": 0.20254373854919805,
        "min(distant)": 0.7350566270753182
    },
    "member12": {
        "max(u)": 0.8026837192115527,
        "max(v)": 0.17735080014320226,
        "max(length)": 0.4565652117124156,
        "num(pathline)": 0.20254373854919805,
        "min(distant)": 0.7350566270753182
    },
    "member13": {
        "max(u)": 0.8026837192115527,
        "max(v)": 0.17735080014320226,
        "max(length)": 0.4565652117124156,
        "num(pathline)": 0.20254373854919805,
        "min(distant)": 0.7350566270753182
    },
    "member14": {
        "max(u)": 0.8026837192115527,
        "max(v)": 0.17735080014320226,
        "max(length)": 0.4565652117124156,
        "num(pathline)": 0.20254373854919805,
        "min(distant)": 0.7350566270753182
    },
    "member15": {
        "max(u)": 0.8026837192115527,
        "max(v)": 0.17735080014320226,
        "max(length)": 0.4565652117124156,
        "num(pathline)": 0.20254373854919805,
        "min(distant)": 0.7350566270753182
    },
    "member16": {
        "max(u)": 0.8026837192115527,
        "max(v)": 0.17735080014320226,
        "max(length)": 0.4565652117124156,
        "num(pathline)": 0.20254373854919805,
        "min(distant)": 0.7350566270753182
    },
    "member17": {
        "max(u)": 0.8026837192115527,
        "max(v)": 0.17735080014320226,
        "max(length)": 0.4565652117124156,
        "num(pathline)": 0.20254373854919805,
        "min(distant)": 0.7350566270753182
    },
    "member18": {
        "max(u)": 0.8026837192115527,
        "max(v)": 0.17735080014320226,
        "max(length)": 0.4565652117124156,
        "num(pathline)": 0.20254373854919805,
        "min(distant)": 0.7350566270753182
    },
    "member19": {
        "max(u)": 0.8026837192115527,
        "max(v)": 0.17735080014320226,
        "max(length)": 0.4565652117124156,
        "num(pathline)": 0.20254373854919805,
        "min(distant)": 0.7350566270753182
    },
    "member20": {
        "max(u)": 0.8026837192115527,
        "max(v)": 0.17735080014320226,
        "max(length)": 0.4565652117124156,
        "num(pathline)": 0.20254373854919805,
        "min(distant)": 0.7350566270753182
    }
}