{
    "member1": {
        "max(u)": 0.6018350223143594,
        "max(v)": 0.1877598002733546,
        "max(length)": 0.8207213837404959,
        "num(pathline)": 0.6911395951068694,
        "min(distant)": 0.6128515265156743
    },
    "member2": {
        "max(u)": 0.6018350223143594,
        "max(v)": 0.1877598002733546,
        "max(length)": 0.8207213837404959,
        "num(pathline)": 0.6911395951068694,
        "min(distant)": 0.6128515265156743
    },
    "member3": {
        "max(u)": 0.6018350223143594,
        "max(v)": 0.1877598002733546,
        "max(length)": 0.8207213837404959,
        "num(pathline)": 0.6911395951068694,
        "min(distant)": 0.6128515265156743
    },
    "member4": {
        "max(u)": 0.6018350223143594,
        "max(v)": 0.1877598002733546,
        "max(length)": 0.8207213837404959,
        "num(pathline)": 0.6911395951068694,
        "min(distant)": 0.6128515265156743
    },
    "member5": {
        "max(u)": 0.6018350223143594,
        "max(v)": 0.1877598002733546,
        "max(length)": 0.8207213837404959,
        "num(pathline)": 0.6911395951068694,
        "min(distant)": 0.6128515265156743
    },
    "member6": {
        "max(u)": 0.6018350223143594,
        "max(v)": 0.1877598002733546,
        "max(length)": 0.8207213837404959,
        "num(pathline)": 0.6911395951068694,
        "min(distant)": 0.6128515265156743
    },
    "member7": {
        "max(u)": 0.6018350223143594,
        "max(v)": 0.1877598002733546,
        "max(length)": 0.8207213837404959,
        "num(pathline)": 0.6911395951068694,
        "min(distant)": 0.6128515265156743
    },
    "member8": {
        "max(u)": 0.6018350223143594,
        "max(v)": 0.1877598002733546,
        "max(length)": 0.8207213837404959,
        "num(pathline)": 0.6911395951068694,
        "min(distant)": 0.6128515265156743
    },
    "member9": {
        "max(u)": 0.6018350223143594,
        "max(v)": 0.1877598002733546,
        "max(length)": 0.8207213837404959,
        "num(pathline)": 0.6911395951068694,
        "min(distant)": 0.6128515265156743
    },
    "member10": {
        "max(u)": 0.6018350223143594,
        "max(v)": 0.1877598002733546,
        "max(length)": 0.8207213837404959,
        "num(pathline)": 0.6911395951068694,
        "min(distant)": 0.6128515265156743
    },
    "member11": {
        "max(u)": 0.6018350223143594,
        "max(v)": 0.1877598002733546,
        "max(length)": 0.8207213837404959,
        "num(pathline)": 0.6911395951068694,
        "min(distant)": 0.6128515265156743
    },
    "member12": {
        "max(u)": 0.6018350223143594,
        "max(v)": 0.1877598002733546,
        "max(length)": 0.8207213837404959,
        "num(pathline)": 0.6911395951068694,
        "min(distant)": 0.6128515265156743
    },
    "member13": {
        "max(u)": 0.6018350223143594,
        "max(v)": 0.1877598002733546,
        "max(length)": 0.8207213837404959,
        "num(pathline)": 0.6911395951068694,
        "min(distant)": 0.6128515265156743
    },
    "member14": {
        "max(u)": 0.6018350223143594,
        "max(v)": 0.1877598002733546,
        "max(length)": 0.8207213837404959,
        "num(pathline)": 0.6911395951068694,
        "min(distant)": 0.6128515265156743
    },
    "member15": {
        "max(u)": 0.6018350223143594,
        "max(v)": 0.1877598002733546,
        "max(length)": 0.8207213837404959,
        "num(pathline)": 0.6911395951068694,
        "min(distant)": 0.6128515265156743
    },
    "member16": {
        "max(u)": 0.6018350223143594,
        "max(v)": 0.1877598002733546,
        "max(length)": 0.8207213837404959,
        "num(pathline)": 0.6911395951068694,
        "min(distant)": 0.6128515265156743
    },
    "member17": {
        "max(u)": 0.6018350223143594,
        "max(v)": 0.1877598002733546,
        "max(length)": 0.8207213837404959,
        "num(pathline)": 0.6911395951068694,
        "min(distant)": 0.6128515265156743
    },
    "member18": {
        "max(u)": 0.6018350223143594,
        "max(v)": 0.1877598002733546,
        "max(length)": 0.8207213837404959,
        "num(pathline)": 0.6911395951068694,
        "min(distant)": 0.6128515265156743
    },
    "member19": {
        "max(u)": 0.6018350223143594,
        "max(v)": 0.1877598002733546,
        "max(length)": 0.8207213837404959,
        "num(pathline)": 0.6911395951068694,
        "min(distant)": 0.6128515265156743
    },
    "member20": {
        "max(u)": 0.6018350223143594,
        "max(v)": 0.1877598002733546,
        "max(length)": 0.8207213837404959,
        "num(pathline)": 0.6911395951068694,
        "min(distant)": 0.6128515265156743
    }
}