{
    "member1": {
        "max(u)": 0.802834844301471,
        "max(v)": 0.43496204690361917,
        "max(length)": 0.3125572472677063,
        "num(pathline)": 0.32046121062371946,
        "min(distant)": 0.6486543456126315
    },
    "member2": {
        "max(u)": 0.802834844301471,
        "max(v)": 0.43496204690361917,
        "max(length)": 0.3125572472677063,
        "num(pathline)": 0.32046121062371946,
        "min(distant)": 0.6486543456126315
    },
    "member3": {
        "max(u)": 0.802834844301471,
        "max(v)": 0.43496204690361917,
        "max(length)": 0.3125572472677063,
        "num(pathline)": 0.32046121062371946,
        "min(distant)": 0.6486543456126315
    },
    "member4": {
        "max(u)": 0.802834844301471,
        "max(v)": 0.43496204690361917,
        "max(length)": 0.3125572472677063,
        "num(pathline)": 0.32046121062371946,
        "min(distant)": 0.6486543456126315
    },
    "member5": {
        "max(u)": 0.802834844301471,
        "max(v)": 0.43496204690361917,
        "max(length)": 0.3125572472677063,
        "num(pathline)": 0.32046121062371946,
        "min(distant)": 0.6486543456126315
    },
    "member6": {
        "max(u)": 0.802834844301471,
        "max(v)": 0.43496204690361917,
        "max(length)": 0.3125572472677063,
        "num(pathline)": 0.32046121062371946,
        "min(distant)": 0.6486543456126315
    },
    "member7": {
        "max(u)": 0.802834844301471,
        "max(v)": 0.43496204690361917,
        "max(length)": 0.3125572472677063,
        "num(pathline)": 0.32046121062371946,
        "min(distant)": 0.6486543456126315
    },
    "member8": {
        "max(u)": 0.802834844301471,
        "max(v)": 0.43496204690361917,
        "max(length)": 0.3125572472677063,
        "num(pathline)": 0.32046121062371946,
        "min(distant)": 0.6486543456126315
    },
    "member9": {
        "max(u)": 0.802834844301471,
        "max(v)": 0.43496204690361917,
        "max(length)": 0.3125572472677063,
        "num(pathline)": 0.32046121062371946,
        "min(distant)": 0.6486543456126315
    },
    "member10": {
        "max(u)": 0.802834844301471,
        "max(v)": 0.43496204690361917,
        "max(length)": 0.3125572472677063,
        "num(pathline)": 0.32046121062371946,
        "min(distant)": 0.6486543456126315
    },
    "member11": {
        "max(u)": 0.802834844301471,
        "max(v)": 0.43496204690361917,
        "max(length)": 0.3125572472677063,
        "num(pathline)": 0.32046121062371946,
        "min(distant)": 0.6486543456126315
    },
    "member12": {
        "max(u)": 0.802834844301471,
        "max(v)": 0.43496204690361917,
        "max(length)": 0.3125572472677063,
        "num(pathline)": 0.32046121062371946,
        "min(distant)": 0.6486543456126315
    },
    "member13": {
        "max(u)": 0.802834844301471,
        "max(v)": 0.43496204690361917,
        "max(length)": 0.3125572472677063,
        "num(pathline)": 0.32046121062371946,
        "min(distant)": 0.6486543456126315
    },
    "member14": {
        "max(u)": 0.802834844301471,
        "max(v)": 0.43496204690361917,
        "max(length)": 0.3125572472677063,
        "num(pathline)": 0.32046121062371946,
        "min(distant)": 0.6486543456126315
    },
    "member15": {
        "max(u)": 0.802834844301471,
        "max(v)": 0.43496204690361917,
        "max(length)": 0.3125572472677063,
        "num(pathline)": 0.32046121062371946,
        "min(distant)": 0.6486543456126315
    },
    "member16": {
        "max(u)": 0.802834844301471,
        "max(v)": 0.43496204690361917,
        "max(length)": 0.3125572472677063,
        "num(pathline)": 0.32046121062371946,
        "min(distant)": 0.6486543456126315
    },
    "member17": {
        "max(u)": 0.802834844301471,
        "max(v)": 0.43496204690361917,
        "max(length)": 0.3125572472677063,
        "num(pathline)": 0.32046121062371946,
        "min(distant)": 0.6486543456126315
    },
    "member18": {
        "max(u)": 0.802834844301471,
        "max(v)": 0.43496204690361917,
        "max(length)": 0.3125572472677063,
        "num(pathline)": 0.32046121062371946,
        "min(distant)": 0.6486543456126315
    },
    "member19": {
        "max(u)": 0.802834844301471,
        "max(v)": 0.43496204690361917,
        "max(length)": 0.3125572472677063,
        "num(pathline)": 0.32046121062371946,
        "min(distant)": 0.6486543456126315
    },
    "member20": {
        "max(u)": 0.802834844301471,
        "max(v)": 0.43496204690361917,
        "max(length)": 0.3125572472677063,
        "num(pathline)": 0.32046121062371946,
        "min(distant)": 0.6486543456126315
    }
}