{
    "member1": {
        "max(u)": 0.23763933723073238,
        "max(v)": 0.8602564895927872,
        "max(length)": 0.8053713106775783,
        "num(pathline)": 0.22985631708185417,
        "min(distant)": 0.3158269036828134
    },
    "member2": {
        "max(u)": 0.23763933723073238,
        "max(v)": 0.8602564895927872,
        "max(length)": 0.8053713106775783,
        "num(pathline)": 0.22985631708185417,
        "min(distant)": 0.3158269036828134
    },
    "member3": {
        "max(u)": 0.23763933723073238,
        "max(v)": 0.8602564895927872,
        "max(length)": 0.8053713106775783,
        "num(pathline)": 0.22985631708185417,
        "min(distant)": 0.3158269036828134
    },
    "member4": {
        "max(u)": 0.23763933723073238,
        "max(v)": 0.8602564895927872,
        "max(length)": 0.8053713106775783,
        "num(pathline)": 0.22985631708185417,
        "min(distant)": 0.3158269036828134
    },
    "member5": {
        "max(u)": 0.23763933723073238,
        "max(v)": 0.8602564895927872,
        "max(length)": 0.8053713106775783,
        "num(pathline)": 0.22985631708185417,
        "min(distant)": 0.3158269036828134
    },
    "member6": {
        "max(u)": 0.23763933723073238,
        "max(v)": 0.8602564895927872,
        "max(length)": 0.8053713106775783,
        "num(pathline)": 0.22985631708185417,
        "min(distant)": 0.3158269036828134
    },
    "member7": {
        "max(u)": 0.23763933723073238,
        "max(v)": 0.8602564895927872,
        "max(length)": 0.8053713106775783,
        "num(pathline)": 0.22985631708185417,
        "min(distant)": 0.3158269036828134
    },
    "member8": {
        "max(u)": 0.23763933723073238,
        "max(v)": 0.8602564895927872,
        "max(length)": 0.8053713106775783,
        "num(pathline)": 0.22985631708185417,
        "min(distant)": 0.3158269036828134
    },
    "member9": {
        "max(u)": 0.23763933723073238,
        "max(v)": 0.8602564895927872,
        "max(length)": 0.8053713106775783,
        "num(pathline)": 0.22985631708185417,
        "min(distant)": 0.3158269036828134
    },
    "member10": {
        "max(u)": 0.23763933723073238,
        "max(v)": 0.8602564895927872,
        "max(length)": 0.8053713106775783,
        "num(pathline)": 0.22985631708185417,
        "min(distant)": 0.3158269036828134
    },
    "member11": {
        "max(u)": 0.23763933723073238,
        "max(v)": 0.8602564895927872,
        "max(length)": 0.8053713106775783,
        "num(pathline)": 0.22985631708185417,
        "min(distant)": 0.3158269036828134
    },
    "member12": {
        "max(u)": 0.23763933723073238,
        "max(v)": 0.8602564895927872,
        "max(length)": 0.8053713106775783,
        "num(pathline)": 0.22985631708185417,
        "min(distant)": 0.3158269036828134
    },
    "member13": {
        "max(u)": 0.23763933723073238,
        "max(v)": 0.8602564895927872,
        "max(length)": 0.8053713106775783,
        "num(pathline)": 0.22985631708185417,
        "min(distant)": 0.3158269036828134
    },
    "member14": {
        "max(u)": 0.23763933723073238,
        "max(v)": 0.8602564895927872,
        "max(length)": 0.8053713106775783,
        "num(pathline)": 0.22985631708185417,
        "min(distant)": 0.3158269036828134
    },
    "member15": {
        "max(u)": 0.23763933723073238,
        "max(v)": 0.8602564895927872,
        "max(length)": 0.8053713106775783,
        "num(pathline)": 0.22985631708185417,
        "min(distant)": 0.3158269036828134
    },
    "member16": {
        "max(u)": 0.23763933723073238,
        "max(v)": 0.8602564895927872,
        "max(length)": 0.8053713106775783,
        "num(pathline)": 0.22985631708185417,
        "min(distant)": 0.3158269036828134
    },
    "member17": {
        "max(u)": 0.23763933723073238,
        "max(v)": 0.8602564895927872,
        "max(length)": 0.8053713106775783,
        "num(pathline)": 0.22985631708185417,
        "min(distant)": 0.3158269036828134
    },
    "member18": {
        "max(u)": 0.23763933723073238,
        "max(v)": 0.8602564895927872,
        "max(length)": 0.8053713106775783,
        "num(pathline)": 0.22985631708185417,
        "min(distant)": 0.3158269036828134
    },
    "member19": {
        "max(u)": 0.23763933723073238,
        "max(v)": 0.8602564895927872,
        "max(length)": 0.8053713106775783,
        "num(pathline)": 0.22985631708185417,
        "min(distant)": 0.3158269036828134
    },
    "member20": {
        "max(u)": 0.23763933723073238,
        "max(v)": 0.8602564895927872,
        "max(length)": 0.8053713106775783,
        "num(pathline)": 0.22985631708185417,
        "min(distant)": 0.3158269036828134
    }
}