{
    "member1": {
        "max(u)": 0.8809529172526888,
        "max(v)": 0.8097365989542008,
        "max(length)": 0.12210028734597334,
        "num(pathline)": 0.7171373984165801,
        "min(distant)": 0.788308616523797
    },
    "member2": {
        "max(u)": 0.8809529172526888,
        "max(v)": 0.8097365989542008,
        "max(length)": 0.12210028734597334,
        "num(pathline)": 0.7171373984165801,
        "min(distant)": 0.788308616523797
    },
    "member3": {
        "max(u)": 0.8809529172526888,
        "max(v)": 0.8097365989542008,
        "max(length)": 0.12210028734597334,
        "num(pathline)": 0.7171373984165801,
        "min(distant)": 0.788308616523797
    },
    "member4": {
        "max(u)": 0.8809529172526888,
        "max(v)": 0.8097365989542008,
        "max(length)": 0.12210028734597334,
        "num(pathline)": 0.7171373984165801,
        "min(distant)": 0.788308616523797
    },
    "member5": {
        "max(u)": 0.8809529172526888,
        "max(v)": 0.8097365989542008,
        "max(length)": 0.12210028734597334,
        "num(pathline)": 0.7171373984165801,
        "min(distant)": 0.788308616523797
    },
    "member6": {
        "max(u)": 0.8809529172526888,
        "max(v)": 0.8097365989542008,
        "max(length)": 0.12210028734597334,
        "num(pathline)": 0.7171373984165801,
        "min(distant)": 0.788308616523797
    },
    "member7": {
        "max(u)": 0.8809529172526888,
        "max(v)": 0.8097365989542008,
        "max(length)": 0.12210028734597334,
        "num(pathline)": 0.7171373984165801,
        "min(distant)": 0.788308616523797
    },
    "member8": {
        "max(u)": 0.8809529172526888,
        "max(v)": 0.8097365989542008,
        "max(length)": 0.12210028734597334,
        "num(pathline)": 0.7171373984165801,
        "min(distant)": 0.788308616523797
    },
    "member9": {
        "max(u)": 0.8809529172526888,
        "max(v)": 0.8097365989542008,
        "max(length)": 0.12210028734597334,
        "num(pathline)": 0.7171373984165801,
        "min(distant)": 0.788308616523797
    },
    "member10": {
        "max(u)": 0.8809529172526888,
        "max(v)": 0.8097365989542008,
        "max(length)": 0.12210028734597334,
        "num(pathline)": 0.7171373984165801,
        "min(distant)": 0.788308616523797
    },
    "member11": {
        "max(u)": 0.8809529172526888,
        "max(v)": 0.8097365989542008,
        "max(length)": 0.12210028734597334,
        "num(pathline)": 0.7171373984165801,
        "min(distant)": 0.788308616523797
    },
    "member12": {
        "max(u)": 0.8809529172526888,
        "max(v)": 0.8097365989542008,
        "max(length)": 0.12210028734597334,
        "num(pathline)": 0.7171373984165801,
        "min(distant)": 0.788308616523797
    },
    "member13": {
        "max(u)": 0.8809529172526888,
        "max(v)": 0.8097365989542008,
        "max(length)": 0.12210028734597334,
        "num(pathline)": 0.7171373984165801,
        "min(distant)": 0.788308616523797
    },
    "member14": {
        "max(u)": 0.8809529172526888,
        "max(v)": 0.8097365989542008,
        "max(length)": 0.12210028734597334,
        "num(pathline)": 0.7171373984165801,
        "min(distant)": 0.788308616523797
    },
    "member15": {
        "max(u)": 0.8809529172526888,
        "max(v)": 0.8097365989542008,
        "max(length)": 0.12210028734597334,
        "num(pathline)": 0.7171373984165801,
        "min(distant)": 0.788308616523797
    },
    "member16": {
        "max(u)": 0.8809529172526888,
        "max(v)": 0.8097365989542008,
        "max(length)": 0.12210028734597334,
        "num(pathline)": 0.7171373984165801,
        "min(distant)": 0.788308616523797
    },
    "member17": {
        "max(u)": 0.8809529172526888,
        "max(v)": 0.8097365989542008,
        "max(length)": 0.12210028734597334,
        "num(pathline)": 0.7171373984165801,
        "min(distant)": 0.788308616523797
    },
    "member18": {
        "max(u)": 0.8809529172526888,
        "max(v)": 0.8097365989542008,
        "max(length)": 0.12210028734597334,
        "num(pathline)": 0.7171373984165801,
        "min(distant)": 0.788308616523797
    },
    "member19": {
        "max(u)": 0.8809529172526888,
        "max(v)": 0.8097365989542008,
        "max(length)": 0.12210028734597334,
        "num(pathline)": 0.7171373984165801,
        "min(distant)": 0.788308616523797
    },
    "member20": {
        "max(u)": 0.8809529172526888,
        "max(v)": 0.8097365989542008,
        "max(length)": 0.12210028734597334,
        "num(pathline)": 0.7171373984165801,
        "min(distant)": 0.788308616523797
    }
}