{
    "member1": {
        "max(u)": 0.9864474771141294,
        "max(v)": 0.9278851013501792,
        "max(length)": 0.25742303951576095,
        "num(pathline)": 0.5786262856524242,
        "min(distant)": 0.3640743267561476
    },
    "member2": {
        "max(u)": 0.9864474771141294,
        "max(v)": 0.9278851013501792,
        "max(length)": 0.25742303951576095,
        "num(pathline)": 0.5786262856524242,
        "min(distant)": 0.3640743267561476
    },
    "member3": {
        "max(u)": 0.9864474771141294,
        "max(v)": 0.9278851013501792,
        "max(length)": 0.25742303951576095,
        "num(pathline)": 0.5786262856524242,
        "min(distant)": 0.3640743267561476
    },
    "member4": {
        "max(u)": 0.9864474771141294,
        "max(v)": 0.9278851013501792,
        "max(length)": 0.25742303951576095,
        "num(pathline)": 0.5786262856524242,
        "min(distant)": 0.3640743267561476
    },
    "member5": {
        "max(u)": 0.9864474771141294,
        "max(v)": 0.9278851013501792,
        "max(length)": 0.25742303951576095,
        "num(pathline)": 0.5786262856524242,
        "min(distant)": 0.3640743267561476
    },
    "member6": {
        "max(u)": 0.9864474771141294,
        "max(v)": 0.9278851013501792,
        "max(length)": 0.25742303951576095,
        "num(pathline)": 0.5786262856524242,
        "min(distant)": 0.3640743267561476
    },
    "member7": {
        "max(u)": 0.9864474771141294,
        "max(v)": 0.9278851013501792,
        "max(length)": 0.25742303951576095,
        "num(pathline)": 0.5786262856524242,
        "min(distant)": 0.3640743267561476
    },
    "member8": {
        "max(u)": 0.9864474771141294,
        "max(v)": 0.9278851013501792,
        "max(length)": 0.25742303951576095,
        "num(pathline)": 0.5786262856524242,
        "min(distant)": 0.3640743267561476
    },
    "member9": {
        "max(u)": 0.9864474771141294,
        "max(v)": 0.9278851013501792,
        "max(length)": 0.25742303951576095,
        "num(pathline)": 0.5786262856524242,
        "min(distant)": 0.3640743267561476
    },
    "member10": {
        "max(u)": 0.9864474771141294,
        "max(v)": 0.9278851013501792,
        "max(length)": 0.25742303951576095,
        "num(pathline)": 0.5786262856524242,
        "min(distant)": 0.3640743267561476
    },
    "member11": {
        "max(u)": 0.9864474771141294,
        "max(v)": 0.9278851013501792,
        "max(length)": 0.25742303951576095,
        "num(pathline)": 0.5786262856524242,
        "min(distant)": 0.3640743267561476
    },
    "member12": {
        "max(u)": 0.9864474771141294,
        "max(v)": 0.9278851013501792,
        "max(length)": 0.25742303951576095,
        "num(pathline)": 0.5786262856524242,
        "min(distant)": 0.3640743267561476
    },
    "member13": {
        "max(u)": 0.9864474771141294,
        "max(v)": 0.9278851013501792,
        "max(length)": 0.25742303951576095,
        "num(pathline)": 0.5786262856524242,
        "min(distant)": 0.3640743267561476
    },
    "member14": {
        "max(u)": 0.9864474771141294,
        "max(v)": 0.9278851013501792,
        "max(length)": 0.25742303951576095,
        "num(pathline)": 0.5786262856524242,
        "min(distant)": 0.3640743267561476
    },
    "member15": {
        "max(u)": 0.9864474771141294,
        "max(v)": 0.9278851013501792,
        "max(length)": 0.25742303951576095,
        "num(pathline)": 0.5786262856524242,
        "min(distant)": 0.3640743267561476
    },
    "member16": {
        "max(u)": 0.9864474771141294,
        "max(v)": 0.9278851013501792,
        "max(length)": 0.25742303951576095,
        "num(pathline)": 0.5786262856524242,
        "min(distant)": 0.3640743267561476
    },
    "member17": {
        "max(u)": 0.9864474771141294,
        "max(v)": 0.9278851013501792,
        "max(length)": 0.25742303951576095,
        "num(pathline)": 0.5786262856524242,
        "min(distant)": 0.3640743267561476
    },
    "member18": {
        "max(u)": 0.9864474771141294,
        "max(v)": 0.9278851013501792,
        "max(length)": 0.25742303951576095,
        "num(pathline)": 0.5786262856524242,
        "min(distant)": 0.3640743267561476
    },
    "member19": {
        "max(u)": 0.9864474771141294,
        "max(v)": 0.9278851013501792,
        "max(length)": 0.25742303951576095,
        "num(pathline)": 0.5786262856524242,
        "min(distant)": 0.3640743267561476
    },
    "member20": {
        "max(u)": 0.9864474771141294,
        "max(v)": 0.9278851013501792,
        "max(length)": 0.25742303951576095,
        "num(pathline)": 0.5786262856524242,
        "min(distant)": 0.3640743267561476
    }
}