{
    "member1": {
        "max(u)": 0.725420904480569,
        "max(v)": 0.47685095619209106,
        "max(length)": 0.5277217001517024,
        "num(pathline)": 0.5136646851854668,
        "min(distant)": 0.5662690362192145
    },
    "member2": {
        "max(u)": 0.725420904480569,
        "max(v)": 0.47685095619209106,
        "max(length)": 0.5277217001517024,
        "num(pathline)": 0.5136646851854668,
        "min(distant)": 0.5662690362192145
    },
    "member3": {
        "max(u)": 0.725420904480569,
        "max(v)": 0.47685095619209106,
        "max(length)": 0.5277217001517024,
        "num(pathline)": 0.5136646851854668,
        "min(distant)": 0.5662690362192145
    },
    "member4": {
        "max(u)": 0.725420904480569,
        "max(v)": 0.47685095619209106,
        "max(length)": 0.5277217001517024,
        "num(pathline)": 0.5136646851854668,
        "min(distant)": 0.5662690362192145
    },
    "member5": {
        "max(u)": 0.725420904480569,
        "max(v)": 0.47685095619209106,
        "max(length)": 0.5277217001517024,
        "num(pathline)": 0.5136646851854668,
        "min(distant)": 0.5662690362192145
    },
    "member6": {
        "max(u)": 0.725420904480569,
        "max(v)": 0.47685095619209106,
        "max(length)": 0.5277217001517024,
        "num(pathline)": 0.5136646851854668,
        "min(distant)": 0.5662690362192145
    },
    "member7": {
        "max(u)": 0.725420904480569,
        "max(v)": 0.47685095619209106,
        "max(length)": 0.5277217001517024,
        "num(pathline)": 0.5136646851854668,
        "min(distant)": 0.5662690362192145
    },
    "member8": {
        "max(u)": 0.725420904480569,
        "max(v)": 0.47685095619209106,
        "max(length)": 0.5277217001517024,
        "num(pathline)": 0.5136646851854668,
        "min(distant)": 0.5662690362192145
    },
    "member9": {
        "max(u)": 0.725420904480569,
        "max(v)": 0.47685095619209106,
        "max(length)": 0.5277217001517024,
        "num(pathline)": 0.5136646851854668,
        "min(distant)": 0.5662690362192145
    },
    "member10": {
        "max(u)": 0.725420904480569,
        "max(v)": 0.47685095619209106,
        "max(length)": 0.5277217001517024,
        "num(pathline)": 0.5136646851854668,
        "min(distant)": 0.5662690362192145
    },
    "member11": {
        "max(u)": 0.725420904480569,
        "max(v)": 0.47685095619209106,
        "max(length)": 0.5277217001517024,
        "num(pathline)": 0.5136646851854668,
        "min(distant)": 0.5662690362192145
    },
    "member12": {
        "max(u)": 0.725420904480569,
        "max(v)": 0.47685095619209106,
        "max(length)": 0.5277217001517024,
        "num(pathline)": 0.5136646851854668,
        "min(distant)": 0.5662690362192145
    },
    "member13": {
        "max(u)": 0.725420904480569,
        "max(v)": 0.47685095619209106,
        "max(length)": 0.5277217001517024,
        "num(pathline)": 0.5136646851854668,
        "min(distant)": 0.5662690362192145
    },
    "member14": {
        "max(u)": 0.725420904480569,
        "max(v)": 0.47685095619209106,
        "max(length)": 0.5277217001517024,
        "num(pathline)": 0.5136646851854668,
        "min(distant)": 0.5662690362192145
    },
    "member15": {
        "max(u)": 0.725420904480569,
        "max(v)": 0.47685095619209106,
        "max(length)": 0.5277217001517024,
        "num(pathline)": 0.5136646851854668,
        "min(distant)": 0.5662690362192145
    },
    "member16": {
        "max(u)": 0.725420904480569,
        "max(v)": 0.47685095619209106,
        "max(length)": 0.5277217001517024,
        "num(pathline)": 0.5136646851854668,
        "min(distant)": 0.5662690362192145
    },
    "member17": {
        "max(u)": 0.725420904480569,
        "max(v)": 0.47685095619209106,
        "max(length)": 0.5277217001517024,
        "num(pathline)": 0.5136646851854668,
        "min(distant)": 0.5662690362192145
    },
    "member18": {
        "max(u)": 0.725420904480569,
        "max(v)": 0.47685095619209106,
        "max(length)": 0.5277217001517024,
        "num(pathline)": 0.5136646851854668,
        "min(distant)": 0.5662690362192145
    },
    "member19": {
        "max(u)": 0.725420904480569,
        "max(v)": 0.47685095619209106,
        "max(length)": 0.5277217001517024,
        "num(pathline)": 0.5136646851854668,
        "min(distant)": 0.5662690362192145
    },
    "member20": {
        "max(u)": 0.725420904480569,
        "max(v)": 0.47685095619209106,
        "max(length)": 0.5277217001517024,
        "num(pathline)": 0.5136646851854668,
        "min(distant)": 0.5662690362192145
    }
}