{
    "member1": {
        "max(u)": 0.19287967733896583,
        "max(v)": 0.10277962338002022,
        "max(length)": 0.41490907931198395,
        "num(pathline)": 0.8041885613504228,
        "min(distant)": 0.8618698671948406
    },
    "member2": {
        "max(u)": 0.19287967733896583,
        "max(v)": 0.10277962338002022,
        "max(length)": 0.41490907931198395,
        "num(pathline)": 0.8041885613504228,
        "min(distant)": 0.8618698671948406
    },
    "member3": {
        "max(u)": 0.19287967733896583,
        "max(v)": 0.10277962338002022,
        "max(length)": 0.41490907931198395,
        "num(pathline)": 0.8041885613504228,
        "min(distant)": 0.8618698671948406
    },
    "member4": {
        "max(u)": 0.19287967733896583,
        "max(v)": 0.10277962338002022,
        "max(length)": 0.41490907931198395,
        "num(pathline)": 0.8041885613504228,
        "min(distant)": 0.8618698671948406
    },
    "member5": {
        "max(u)": 0.19287967733896583,
        "max(v)": 0.10277962338002022,
        "max(length)": 0.41490907931198395,
        "num(pathline)": 0.8041885613504228,
        "min(distant)": 0.8618698671948406
    },
    "member6": {
        "max(u)": 0.19287967733896583,
        "max(v)": 0.10277962338002022,
        "max(length)": 0.41490907931198395,
        "num(pathline)": 0.8041885613504228,
        "min(distant)": 0.8618698671948406
    },
    "member7": {
        "max(u)": 0.19287967733896583,
        "max(v)": 0.10277962338002022,
        "max(length)": 0.41490907931198395,
        "num(pathline)": 0.8041885613504228,
        "min(distant)": 0.8618698671948406
    },
    "member8": {
        "max(u)": 0.19287967733896583,
        "max(v)": 0.10277962338002022,
        "max(length)": 0.41490907931198395,
        "num(pathline)": 0.8041885613504228,
        "min(distant)": 0.8618698671948406
    },
    "member9": {
        "max(u)": 0.19287967733896583,
        "max(v)": 0.10277962338002022,
        "max(length)": 0.41490907931198395,
        "num(pathline)": 0.8041885613504228,
        "min(distant)": 0.8618698671948406
    },
    "member10": {
        "max(u)": 0.19287967733896583,
        "max(v)": 0.10277962338002022,
        "max(length)": 0.41490907931198395,
        "num(pathline)": 0.8041885613504228,
        "min(distant)": 0.8618698671948406
    },
    "member11": {
        "max(u)": 0.19287967733896583,
        "max(v)": 0.10277962338002022,
        "max(length)": 0.41490907931198395,
        "num(pathline)": 0.8041885613504228,
        "min(distant)": 0.8618698671948406
    },
    "member12": {
        "max(u)": 0.19287967733896583,
        "max(v)": 0.10277962338002022,
        "max(length)": 0.41490907931198395,
        "num(pathline)": 0.8041885613504228,
        "min(distant)": 0.8618698671948406
    },
    "member13": {
        "max(u)": 0.19287967733896583,
        "max(v)": 0.10277962338002022,
        "max(length)": 0.41490907931198395,
        "num(pathline)": 0.8041885613504228,
        "min(distant)": 0.8618698671948406
    },
    "member14": {
        "max(u)": 0.19287967733896583,
        "max(v)": 0.10277962338002022,
        "max(length)": 0.41490907931198395,
        "num(pathline)": 0.8041885613504228,
        "min(distant)": 0.8618698671948406
    },
    "member15": {
        "max(u)": 0.19287967733896583,
        "max(v)": 0.10277962338002022,
        "max(length)": 0.41490907931198395,
        "num(pathline)": 0.8041885613504228,
        "min(distant)": 0.8618698671948406
    },
    "member16": {
        "max(u)": 0.19287967733896583,
        "max(v)": 0.10277962338002022,
        "max(length)": 0.41490907931198395,
        "num(pathline)": 0.8041885613504228,
        "min(distant)": 0.8618698671948406
    },
    "member17": {
        "max(u)": 0.19287967733896583,
        "max(v)": 0.10277962338002022,
        "max(length)": 0.41490907931198395,
        "num(pathline)": 0.8041885613504228,
        "min(distant)": 0.8618698671948406
    },
    "member18": {
        "max(u)": 0.19287967733896583,
        "max(v)": 0.10277962338002022,
        "max(length)": 0.41490907931198395,
        "num(pathline)": 0.8041885613504228,
        "min(distant)": 0.8618698671948406
    },
    "member19": {
        "max(u)": 0.19287967733896583,
        "max(v)": 0.10277962338002022,
        "max(length)": 0.41490907931198395,
        "num(pathline)": 0.8041885613504228,
        "min(distant)": 0.8618698671948406
    },
    "member20": {
        "max(u)": 0.19287967733896583,
        "max(v)": 0.10277962338002022,
        "max(length)": 0.41490907931198395,
        "num(pathline)": 0.8041885613504228,
        "min(distant)": 0.8618698671948406
    }
}