{
    "member1": {
        "max(u)": 0.571894015236311,
        "max(v)": 0.46112499488292824,
        "max(length)": 0.7685037722349461,
        "num(pathline)": 0.09304967017766053,
        "min(distant)": 0.8544079045985986
    },
    "member2": {
        "max(u)": 0.571894015236311,
        "max(v)": 0.46112499488292824,
        "max(length)": 0.7685037722349461,
        "num(pathline)": 0.09304967017766053,
        "min(distant)": 0.8544079045985986
    },
    "member3": {
        "max(u)": 0.571894015236311,
        "max(v)": 0.46112499488292824,
        "max(length)": 0.7685037722349461,
        "num(pathline)": 0.09304967017766053,
        "min(distant)": 0.8544079045985986
    },
    "member4": {
        "max(u)": 0.571894015236311,
        "max(v)": 0.46112499488292824,
        "max(length)": 0.7685037722349461,
        "num(pathline)": 0.09304967017766053,
        "min(distant)": 0.8544079045985986
    },
    "member5": {
        "max(u)": 0.571894015236311,
        "max(v)": 0.46112499488292824,
        "max(length)": 0.7685037722349461,
        "num(pathline)": 0.09304967017766053,
        "min(distant)": 0.8544079045985986
    },
    "member6": {
        "max(u)": 0.571894015236311,
        "max(v)": 0.46112499488292824,
        "max(length)": 0.7685037722349461,
        "num(pathline)": 0.09304967017766053,
        "min(distant)": 0.8544079045985986
    },
    "member7": {
        "max(u)": 0.571894015236311,
        "max(v)": 0.46112499488292824,
        "max(length)": 0.7685037722349461,
        "num(pathline)": 0.09304967017766053,
        "min(distant)": 0.8544079045985986
    },
    "member8": {
        "max(u)": 0.571894015236311,
        "max(v)": 0.46112499488292824,
        "max(length)": 0.7685037722349461,
        "num(pathline)": 0.09304967017766053,
        "min(distant)": 0.8544079045985986
    },
    "member9": {
        "max(u)": 0.571894015236311,
        "max(v)": 0.46112499488292824,
        "max(length)": 0.7685037722349461,
        "num(pathline)": 0.09304967017766053,
        "min(distant)": 0.8544079045985986
    },
    "member10": {
        "max(u)": 0.571894015236311,
        "max(v)": 0.46112499488292824,
        "max(length)": 0.7685037722349461,
        "num(pathline)": 0.09304967017766053,
        "min(distant)": 0.8544079045985986
    },
    "member11": {
        "max(u)": 0.571894015236311,
        "max(v)": 0.46112499488292824,
        "max(length)": 0.7685037722349461,
        "num(pathline)": 0.09304967017766053,
        "min(distant)": 0.8544079045985986
    },
    "member12": {
        "max(u)": 0.571894015236311,
        "max(v)": 0.46112499488292824,
        "max(length)": 0.7685037722349461,
        "num(pathline)": 0.09304967017766053,
        "min(distant)": 0.8544079045985986
    },
    "member13": {
        "max(u)": 0.571894015236311,
        "max(v)": 0.46112499488292824,
        "max(length)": 0.7685037722349461,
        "num(pathline)": 0.09304967017766053,
        "min(distant)": 0.8544079045985986
    },
    "member14": {
        "max(u)": 0.571894015236311,
        "max(v)": 0.46112499488292824,
        "max(length)": 0.7685037722349461,
        "num(pathline)": 0.09304967017766053,
        "min(distant)": 0.8544079045985986
    },
    "member15": {
        "max(u)": 0.571894015236311,
        "max(v)": 0.46112499488292824,
        "max(length)": 0.7685037722349461,
        "num(pathline)": 0.09304967017766053,
        "min(distant)": 0.8544079045985986
    },
    "member16": {
        "max(u)": 0.571894015236311,
        "max(v)": 0.46112499488292824,
        "max(length)": 0.7685037722349461,
        "num(pathline)": 0.09304967017766053,
        "min(distant)": 0.8544079045985986
    },
    "member17": {
        "max(u)": 0.571894015236311,
        "max(v)": 0.46112499488292824,
        "max(length)": 0.7685037722349461,
        "num(pathline)": 0.09304967017766053,
        "min(distant)": 0.8544079045985986
    },
    "member18": {
        "max(u)": 0.571894015236311,
        "max(v)": 0.46112499488292824,
        "max(length)": 0.7685037722349461,
        "num(pathline)": 0.09304967017766053,
        "min(distant)": 0.8544079045985986
    },
    "member19": {
        "max(u)": 0.571894015236311,
        "max(v)": 0.46112499488292824,
        "max(length)": 0.7685037722349461,
        "num(pathline)": 0.09304967017766053,
        "min(distant)": 0.8544079045985986
    },
    "member20": {
        "max(u)": 0.571894015236311,
        "max(v)": 0.46112499488292824,
        "max(length)": 0.7685037722349461,
        "num(pathline)": 0.09304967017766053,
        "min(distant)": 0.8544079045985986
    }
}