{
    "member1": {
        "max(u)": 0.7172139419038995,
        "max(v)": 0.8780068328713229,
        "max(length)": 0.7073184032309708,
        "num(pathline)": 0.5218390356291208,
        "min(distant)": 0.544615346277836
    },
    "member2": {
        "max(u)": 0.7172139419038995,
        "max(v)": 0.8780068328713229,
        "max(length)": 0.7073184032309708,
        "num(pathline)": 0.5218390356291208,
        "min(distant)": 0.544615346277836
    },
    "member3": {
        "max(u)": 0.7172139419038995,
        "max(v)": 0.8780068328713229,
        "max(length)": 0.7073184032309708,
        "num(pathline)": 0.5218390356291208,
        "min(distant)": 0.544615346277836
    },
    "member4": {
        "max(u)": 0.7172139419038995,
        "max(v)": 0.8780068328713229,
        "max(length)": 0.7073184032309708,
        "num(pathline)": 0.5218390356291208,
        "min(distant)": 0.544615346277836
    },
    "member5": {
        "max(u)": 0.7172139419038995,
        "max(v)": 0.8780068328713229,
        "max(length)": 0.7073184032309708,
        "num(pathline)": 0.5218390356291208,
        "min(distant)": 0.544615346277836
    },
    "member6": {
        "max(u)": 0.7172139419038995,
        "max(v)": 0.8780068328713229,
        "max(length)": 0.7073184032309708,
        "num(pathline)": 0.5218390356291208,
        "min(distant)": 0.544615346277836
    },
    "member7": {
        "max(u)": 0.7172139419038995,
        "max(v)": 0.8780068328713229,
        "max(length)": 0.7073184032309708,
        "num(pathline)": 0.5218390356291208,
        "min(distant)": 0.544615346277836
    },
    "member8": {
        "max(u)": 0.7172139419038995,
        "max(v)": 0.8780068328713229,
        "max(length)": 0.7073184032309708,
        "num(pathline)": 0.5218390356291208,
        "min(distant)": 0.544615346277836
    },
    "member9": {
        "max(u)": 0.7172139419038995,
        "max(v)": 0.8780068328713229,
        "max(length)": 0.7073184032309708,
        "num(pathline)": 0.5218390356291208,
        "min(distant)": 0.544615346277836
    },
    "member10": {
        "max(u)": 0.7172139419038995,
        "max(v)": 0.8780068328713229,
        "max(length)": 0.7073184032309708,
        "num(pathline)": 0.5218390356291208,
        "min(distant)": 0.544615346277836
    },
    "member11": {
        "max(u)": 0.7172139419038995,
        "max(v)": 0.8780068328713229,
        "max(length)": 0.7073184032309708,
        "num(pathline)": 0.5218390356291208,
        "min(distant)": 0.544615346277836
    },
    "member12": {
        "max(u)": 0.7172139419038995,
        "max(v)": 0.8780068328713229,
        "max(length)": 0.7073184032309708,
        "num(pathline)": 0.5218390356291208,
        "min(distant)": 0.544615346277836
    },
    "member13": {
        "max(u)": 0.7172139419038995,
        "max(v)": 0.8780068328713229,
        "max(length)": 0.7073184032309708,
        "num(pathline)": 0.5218390356291208,
        "min(distant)": 0.544615346277836
    },
    "member14": {
        "max(u)": 0.7172139419038995,
        "max(v)": 0.8780068328713229,
        "max(length)": 0.7073184032309708,
        "num(pathline)": 0.5218390356291208,
        "min(distant)": 0.544615346277836
    },
    "member15": {
        "max(u)": 0.7172139419038995,
        "max(v)": 0.8780068328713229,
        "max(length)": 0.7073184032309708,
        "num(pathline)": 0.5218390356291208,
        "min(distant)": 0.544615346277836
    },
    "member16": {
        "max(u)": 0.7172139419038995,
        "max(v)": 0.8780068328713229,
        "max(length)": 0.7073184032309708,
        "num(pathline)": 0.5218390356291208,
        "min(distant)": 0.544615346277836
    },
    "member17": {
        "max(u)": 0.7172139419038995,
        "max(v)": 0.8780068328713229,
        "max(length)": 0.7073184032309708,
        "num(pathline)": 0.5218390356291208,
        "min(distant)": 0.544615346277836
    },
    "member18": {
        "max(u)": 0.7172139419038995,
        "max(v)": 0.8780068328713229,
        "max(length)": 0.7073184032309708,
        "num(pathline)": 0.5218390356291208,
        "min(distant)": 0.544615346277836
    },
    "member19": {
        "max(u)": 0.7172139419038995,
        "max(v)": 0.8780068328713229,
        "max(length)": 0.7073184032309708,
        "num(pathline)": 0.5218390356291208,
        "min(distant)": 0.544615346277836
    },
    "member20": {
        "max(u)": 0.7172139419038995,
        "max(v)": 0.8780068328713229,
        "max(length)": 0.7073184032309708,
        "num(pathline)": 0.5218390356291208,
        "min(distant)": 0.544615346277836
    }
}