{
    "member1": {
        "max(u)": 0.21706127013974807,
        "max(v)": 0.4533260339870304,
        "max(length)": 0.2706819464133272,
        "num(pathline)": 0.06954903944637081,
        "min(distant)": 0.2545846271282094
    },
    "member2": {
        "max(u)": 0.21706127013974807,
        "max(v)": 0.4533260339870304,
        "max(length)": 0.2706819464133272,
        "num(pathline)": 0.06954903944637081,
        "min(distant)": 0.2545846271282094
    },
    "member3": {
        "max(u)": 0.21706127013974807,
        "max(v)": 0.4533260339870304,
        "max(length)": 0.2706819464133272,
        "num(pathline)": 0.06954903944637081,
        "min(distant)": 0.2545846271282094
    },
    "member4": {
        "max(u)": 0.21706127013974807,
        "max(v)": 0.4533260339870304,
        "max(length)": 0.2706819464133272,
        "num(pathline)": 0.06954903944637081,
        "min(distant)": 0.2545846271282094
    },
    "member5": {
        "max(u)": 0.21706127013974807,
        "max(v)": 0.4533260339870304,
        "max(length)": 0.2706819464133272,
        "num(pathline)": 0.06954903944637081,
        "min(distant)": 0.2545846271282094
    },
    "member6": {
        "max(u)": 0.21706127013974807,
        "max(v)": 0.4533260339870304,
        "max(length)": 0.2706819464133272,
        "num(pathline)": 0.06954903944637081,
        "min(distant)": 0.2545846271282094
    },
    "member7": {
        "max(u)": 0.21706127013974807,
        "max(v)": 0.4533260339870304,
        "max(length)": 0.2706819464133272,
        "num(pathline)": 0.06954903944637081,
        "min(distant)": 0.2545846271282094
    },
    "member8": {
        "max(u)": 0.21706127013974807,
        "max(v)": 0.4533260339870304,
        "max(length)": 0.2706819464133272,
        "num(pathline)": 0.06954903944637081,
        "min(distant)": 0.2545846271282094
    },
    "member9": {
        "max(u)": 0.21706127013974807,
        "max(v)": 0.4533260339870304,
        "max(length)": 0.2706819464133272,
        "num(pathline)": 0.06954903944637081,
        "min(distant)": 0.2545846271282094
    },
    "member10": {
        "max(u)": 0.21706127013974807,
        "max(v)": 0.4533260339870304,
        "max(length)": 0.2706819464133272,
        "num(pathline)": 0.06954903944637081,
        "min(distant)": 0.2545846271282094
    },
    "member11": {
        "max(u)": 0.21706127013974807,
        "max(v)": 0.4533260339870304,
        "max(length)": 0.2706819464133272,
        "num(pathline)": 0.06954903944637081,
        "min(distant)": 0.2545846271282094
    },
    "member12": {
        "max(u)": 0.21706127013974807,
        "max(v)": 0.4533260339870304,
        "max(length)": 0.2706819464133272,
        "num(pathline)": 0.06954903944637081,
        "min(distant)": 0.2545846271282094
    },
    "member13": {
        "max(u)": 0.21706127013974807,
        "max(v)": 0.4533260339870304,
        "max(length)": 0.2706819464133272,
        "num(pathline)": 0.06954903944637081,
        "min(distant)": 0.2545846271282094
    },
    "member14": {
        "max(u)": 0.21706127013974807,
        "max(v)": 0.4533260339870304,
        "max(length)": 0.2706819464133272,
        "num(pathline)": 0.06954903944637081,
        "min(distant)": 0.2545846271282094
    },
    "member15": {
        "max(u)": 0.21706127013974807,
        "max(v)": 0.4533260339870304,
        "max(length)": 0.2706819464133272,
        "num(pathline)": 0.06954903944637081,
        "min(distant)": 0.2545846271282094
    },
    "member16": {
        "max(u)": 0.21706127013974807,
        "max(v)": 0.4533260339870304,
        "max(length)": 0.2706819464133272,
        "num(pathline)": 0.06954903944637081,
        "min(distant)": 0.2545846271282094
    },
    "member17": {
        "max(u)": 0.21706127013974807,
        "max(v)": 0.4533260339870304,
        "max(length)": 0.2706819464133272,
        "num(pathline)": 0.06954903944637081,
        "min(distant)": 0.2545846271282094
    },
    "member18": {
        "max(u)": 0.21706127013974807,
        "max(v)": 0.4533260339870304,
        "max(length)": 0.2706819464133272,
        "num(pathline)": 0.06954903944637081,
        "min(distant)": 0.2545846271282094
    },
    "member19": {
        "max(u)": 0.21706127013974807,
        "max(v)": 0.4533260339870304,
        "max(length)": 0.2706819464133272,
        "num(pathline)": 0.06954903944637081,
        "min(distant)": 0.2545846271282094
    },
    "member20": {
        "max(u)": 0.21706127013974807,
        "max(v)": 0.4533260339870304,
        "max(length)": 0.2706819464133272,
        "num(pathline)": 0.06954903944637081,
        "min(distant)": 0.2545846271282094
    }
}