{
    "member1": {
        "max(u)": 0.06629206101519858,
        "max(v)": 0.6989185198266514,
        "max(length)": 0.31064363055180955,
        "num(pathline)": 0.27949162407103356,
        "min(distant)": 0.4693080953021288
    },
    "member2": {
        "max(u)": 0.06629206101519858,
        "max(v)": 0.6989185198266514,
        "max(length)": 0.31064363055180955,
        "num(pathline)": 0.27949162407103356,
        "min(distant)": 0.4693080953021288
    },
    "member3": {
        "max(u)": 0.06629206101519858,
        "max(v)": 0.6989185198266514,
        "max(length)": 0.31064363055180955,
        "num(pathline)": 0.27949162407103356,
        "min(distant)": 0.4693080953021288
    },
    "member4": {
        "max(u)": 0.06629206101519858,
        "max(v)": 0.6989185198266514,
        "max(length)": 0.31064363055180955,
        "num(pathline)": 0.27949162407103356,
        "min(distant)": 0.4693080953021288
    },
    "member5": {
        "max(u)": 0.06629206101519858,
        "max(v)": 0.6989185198266514,
        "max(length)": 0.31064363055180955,
        "num(pathline)": 0.27949162407103356,
        "min(distant)": 0.4693080953021288
    },
    "member6": {
        "max(u)": 0.06629206101519858,
        "max(v)": 0.6989185198266514,
        "max(length)": 0.31064363055180955,
        "num(pathline)": 0.27949162407103356,
        "min(distant)": 0.4693080953021288
    },
    "member7": {
        "max(u)": 0.06629206101519858,
        "max(v)": 0.6989185198266514,
        "max(length)": 0.31064363055180955,
        "num(pathline)": 0.27949162407103356,
        "min(distant)": 0.4693080953021288
    },
    "member8": {
        "max(u)": 0.06629206101519858,
        "max(v)": 0.6989185198266514,
        "max(length)": 0.31064363055180955,
        "num(pathline)": 0.27949162407103356,
        "min(distant)": 0.4693080953021288
    },
    "member9": {
        "max(u)": 0.06629206101519858,
        "max(v)": 0.6989185198266514,
        "max(length)": 0.31064363055180955,
        "num(pathline)": 0.27949162407103356,
        "min(distant)": 0.4693080953021288
    },
    "member10": {
        "max(u)": 0.06629206101519858,
        "max(v)": 0.6989185198266514,
        "max(length)": 0.31064363055180955,
        "num(pathline)": 0.27949162407103356,
        "min(distant)": 0.4693080953021288
    },
    "member11": {
        "max(u)": 0.06629206101519858,
        "max(v)": 0.6989185198266514,
        "max(length)": 0.31064363055180955,
        "num(pathline)": 0.27949162407103356,
        "min(distant)": 0.4693080953021288
    },
    "member12": {
        "max(u)": 0.06629206101519858,
        "max(v)": 0.6989185198266514,
        "max(length)": 0.31064363055180955,
        "num(pathline)": 0.27949162407103356,
        "min(distant)": 0.4693080953021288
    },
    "member13": {
        "max(u)": 0.06629206101519858,
        "max(v)": 0.6989185198266514,
        "max(length)": 0.31064363055180955,
        "num(pathline)": 0.27949162407103356,
        "min(distant)": 0.4693080953021288
    },
    "member14": {
        "max(u)": 0.06629206101519858,
        "max(v)": 0.6989185198266514,
        "max(length)": 0.31064363055180955,
        "num(pathline)": 0.27949162407103356,
        "min(distant)": 0.4693080953021288
    },
    "member15": {
        "max(u)": 0.06629206101519858,
        "max(v)": 0.6989185198266514,
        "max(length)": 0.31064363055180955,
        "num(pathline)": 0.27949162407103356,
        "min(distant)": 0.4693080953021288
    },
    "member16": {
        "max(u)": 0.06629206101519858,
        "max(v)": 0.6989185198266514,
        "max(length)": 0.31064363055180955,
        "num(pathline)": 0.27949162407103356,
        "min(distant)": 0.4693080953021288
    },
    "member17": {
        "max(u)": 0.06629206101519858,
        "max(v)": 0.6989185198266514,
        "max(length)": 0.31064363055180955,
        "num(pathline)": 0.27949162407103356,
        "min(distant)": 0.4693080953021288
    },
    "member18": {
        "max(u)": 0.06629206101519858,
        "max(v)": 0.6989185198266514,
        "max(length)": 0.31064363055180955,
        "num(pathline)": 0.27949162407103356,
        "min(distant)": 0.4693080953021288
    },
    "member19": {
        "max(u)": 0.06629206101519858,
        "max(v)": 0.6989185198266514,
        "max(length)": 0.31064363055180955,
        "num(pathline)": 0.27949162407103356,
        "min(distant)": 0.4693080953021288
    },
    "member20": {
        "max(u)": 0.06629206101519858,
        "max(v)": 0.6989185198266514,
        "max(length)": 0.31064363055180955,
        "num(pathline)": 0.27949162407103356,
        "min(distant)": 0.4693080953021288
    }
}