{
    "member1": {
        "max(u)": 0.3547524857476011,
        "max(v)": 0.6812825740911863,
        "max(length)": 0.25613618233124524,
        "num(pathline)": 0.330417904773456,
        "min(distant)": 0.3296250401651518
    },
    "member2": {
        "max(u)": 0.3547524857476011,
        "max(v)": 0.6812825740911863,
        "max(length)": 0.25613618233124524,
        "num(pathline)": 0.330417904773456,
        "min(distant)": 0.3296250401651518
    },
    "member3": {
        "max(u)": 0.3547524857476011,
        "max(v)": 0.6812825740911863,
        "max(length)": 0.25613618233124524,
        "num(pathline)": 0.330417904773456,
        "min(distant)": 0.3296250401651518
    },
    "member4": {
        "max(u)": 0.3547524857476011,
        "max(v)": 0.6812825740911863,
        "max(length)": 0.25613618233124524,
        "num(pathline)": 0.330417904773456,
        "min(distant)": 0.3296250401651518
    },
    "member5": {
        "max(u)": 0.3547524857476011,
        "max(v)": 0.6812825740911863,
        "max(length)": 0.25613618233124524,
        "num(pathline)": 0.330417904773456,
        "min(distant)": 0.3296250401651518
    },
    "member6": {
        "max(u)": 0.3547524857476011,
        "max(v)": 0.6812825740911863,
        "max(length)": 0.25613618233124524,
        "num(pathline)": 0.330417904773456,
        "min(distant)": 0.3296250401651518
    },
    "member7": {
        "max(u)": 0.3547524857476011,
        "max(v)": 0.6812825740911863,
        "max(length)": 0.25613618233124524,
        "num(pathline)": 0.330417904773456,
        "min(distant)": 0.3296250401651518
    },
    "member8": {
        "max(u)": 0.3547524857476011,
        "max(v)": 0.6812825740911863,
        "max(length)": 0.25613618233124524,
        "num(pathline)": 0.330417904773456,
        "min(distant)": 0.3296250401651518
    },
    "member9": {
        "max(u)": 0.3547524857476011,
        "max(v)": 0.6812825740911863,
        "max(length)": 0.25613618233124524,
        "num(pathline)": 0.330417904773456,
        "min(distant)": 0.3296250401651518
    },
    "member10": {
        "max(u)": 0.3547524857476011,
        "max(v)": 0.6812825740911863,
        "max(length)": 0.25613618233124524,
        "num(pathline)": 0.330417904773456,
        "min(distant)": 0.3296250401651518
    },
    "member11": {
        "max(u)": 0.3547524857476011,
        "max(v)": 0.6812825740911863,
        "max(length)": 0.25613618233124524,
        "num(pathline)": 0.330417904773456,
        "min(distant)": 0.3296250401651518
    },
    "member12": {
        "max(u)": 0.3547524857476011,
        "max(v)": 0.6812825740911863,
        "max(length)": 0.25613618233124524,
        "num(pathline)": 0.330417904773456,
        "min(distant)": 0.3296250401651518
    },
    "member13": {
        "max(u)": 0.3547524857476011,
        "max(v)": 0.6812825740911863,
        "max(length)": 0.25613618233124524,
        "num(pathline)": 0.330417904773456,
        "min(distant)": 0.3296250401651518
    },
    "member14": {
        "max(u)": 0.3547524857476011,
        "max(v)": 0.6812825740911863,
        "max(length)": 0.25613618233124524,
        "num(pathline)": 0.330417904773456,
        "min(distant)": 0.3296250401651518
    },
    "member15": {
        "max(u)": 0.3547524857476011,
        "max(v)": 0.6812825740911863,
        "max(length)": 0.25613618233124524,
        "num(pathline)": 0.330417904773456,
        "min(distant)": 0.3296250401651518
    },
    "member16": {
        "max(u)": 0.3547524857476011,
        "max(v)": 0.6812825740911863,
        "max(length)": 0.25613618233124524,
        "num(pathline)": 0.330417904773456,
        "min(distant)": 0.3296250401651518
    },
    "member17": {
        "max(u)": 0.3547524857476011,
        "max(v)": 0.6812825740911863,
        "max(length)": 0.25613618233124524,
        "num(pathline)": 0.330417904773456,
        "min(distant)": 0.3296250401651518
    },
    "member18": {
        "max(u)": 0.3547524857476011,
        "max(v)": 0.6812825740911863,
        "max(length)": 0.25613618233124524,
        "num(pathline)": 0.330417904773456,
        "min(distant)": 0.3296250401651518
    },
    "member19": {
        "max(u)": 0.3547524857476011,
        "max(v)": 0.6812825740911863,
        "max(length)": 0.25613618233124524,
        "num(pathline)": 0.330417904773456,
        "min(distant)": 0.3296250401651518
    },
    "member20": {
        "max(u)": 0.3547524857476011,
        "max(v)": 0.6812825740911863,
        "max(length)": 0.25613618233124524,
        "num(pathline)": 0.330417904773456,
        "min(distant)": 0.3296250401651518
    }
}