{
    "member1": {
        "max(u)": 0.7642120551025162,
        "max(v)": 0.8351700761157403,
        "max(length)": 0.8160659917661259,
        "num(pathline)": 0.039935318884513626,
        "min(distant)": 0.1648197873674513
    },
    "member2": {
        "max(u)": 0.7642120551025162,
        "max(v)": 0.8351700761157403,
        "max(length)": 0.8160659917661259,
        "num(pathline)": 0.039935318884513626,
        "min(distant)": 0.1648197873674513
    },
    "member3": {
        "max(u)": 0.7642120551025162,
        "max(v)": 0.8351700761157403,
        "max(length)": 0.8160659917661259,
        "num(pathline)": 0.039935318884513626,
        "min(distant)": 0.1648197873674513
    },
    "member4": {
        "max(u)": 0.7642120551025162,
        "max(v)": 0.8351700761157403,
        "max(length)": 0.8160659917661259,
        "num(pathline)": 0.039935318884513626,
        "min(distant)": 0.1648197873674513
    },
    "member5": {
        "max(u)": 0.7642120551025162,
        "max(v)": 0.8351700761157403,
        "max(length)": 0.8160659917661259,
        "num(pathline)": 0.039935318884513626,
        "min(distant)": 0.1648197873674513
    },
    "member6": {
        "max(u)": 0.7642120551025162,
        "max(v)": 0.8351700761157403,
        "max(length)": 0.8160659917661259,
        "num(pathline)": 0.039935318884513626,
        "min(distant)": 0.1648197873674513
    },
    "member7": {
        "max(u)": 0.7642120551025162,
        "max(v)": 0.8351700761157403,
        "max(length)": 0.8160659917661259,
        "num(pathline)": 0.039935318884513626,
        "min(distant)": 0.1648197873674513
    },
    "member8": {
        "max(u)": 0.7642120551025162,
        "max(v)": 0.8351700761157403,
        "max(length)": 0.8160659917661259,
        "num(pathline)": 0.039935318884513626,
        "min(distant)": 0.1648197873674513
    },
    "member9": {
        "max(u)": 0.7642120551025162,
        "max(v)": 0.8351700761157403,
        "max(length)": 0.8160659917661259,
        "num(pathline)": 0.039935318884513626,
        "min(distant)": 0.1648197873674513
    },
    "member10": {
        "max(u)": 0.7642120551025162,
        "max(v)": 0.8351700761157403,
        "max(length)": 0.8160659917661259,
        "num(pathline)": 0.039935318884513626,
        "min(distant)": 0.1648197873674513
    },
    "member11": {
        "max(u)": 0.7642120551025162,
        "max(v)": 0.8351700761157403,
        "max(length)": 0.8160659917661259,
        "num(pathline)": 0.039935318884513626,
        "min(distant)": 0.1648197873674513
    },
    "member12": {
        "max(u)": 0.7642120551025162,
        "max(v)": 0.8351700761157403,
        "max(length)": 0.8160659917661259,
        "num(pathline)": 0.039935318884513626,
        "min(distant)": 0.1648197873674513
    },
    "member13": {
        "max(u)": 0.7642120551025162,
        "max(v)": 0.8351700761157403,
        "max(length)": 0.8160659917661259,
        "num(pathline)": 0.039935318884513626,
        "min(distant)": 0.1648197873674513
    },
    "member14": {
        "max(u)": 0.7642120551025162,
        "max(v)": 0.8351700761157403,
        "max(length)": 0.8160659917661259,
        "num(pathline)": 0.039935318884513626,
        "min(distant)": 0.1648197873674513
    },
    "member15": {
        "max(u)": 0.7642120551025162,
        "max(v)": 0.8351700761157403,
        "max(length)": 0.8160659917661259,
        "num(pathline)": 0.039935318884513626,
        "min(distant)": 0.1648197873674513
    },
    "member16": {
        "max(u)": 0.7642120551025162,
        "max(v)": 0.8351700761157403,
        "max(length)": 0.8160659917661259,
        "num(pathline)": 0.039935318884513626,
        "min(distant)": 0.1648197873674513
    },
    "member17": {
        "max(u)": 0.7642120551025162,
        "max(v)": 0.8351700761157403,
        "max(length)": 0.8160659917661259,
        "num(pathline)": 0.039935318884513626,
        "min(distant)": 0.1648197873674513
    },
    "member18": {
        "max(u)": 0.7642120551025162,
        "max(v)": 0.8351700761157403,
        "max(length)": 0.8160659917661259,
        "num(pathline)": 0.039935318884513626,
        "min(distant)": 0.1648197873674513
    },
    "member19": {
        "max(u)": 0.7642120551025162,
        "max(v)": 0.8351700761157403,
        "max(length)": 0.8160659917661259,
        "num(pathline)": 0.039935318884513626,
        "min(distant)": 0.1648197873674513
    },
    "member20": {
        "max(u)": 0.7642120551025162,
        "max(v)": 0.8351700761157403,
        "max(length)": 0.8160659917661259,
        "num(pathline)": 0.039935318884513626,
        "min(distant)": 0.1648197873674513
    }
}