{
    "member1": {
        "max(u)": 0.9955748168456643,
        "max(v)": 0.4593111487160907,
        "max(length)": 0.5248094456799443,
        "num(pathline)": 0.14282874343404195,
        "min(distant)": 0.194123928250171
    },
    "member2": {
        "max(u)": 0.9955748168456643,
        "max(v)": 0.4593111487160907,
        "max(length)": 0.5248094456799443,
        "num(pathline)": 0.14282874343404195,
        "min(distant)": 0.194123928250171
    },
    "member3": {
        "max(u)": 0.9955748168456643,
        "max(v)": 0.4593111487160907,
        "max(length)": 0.5248094456799443,
        "num(pathline)": 0.14282874343404195,
        "min(distant)": 0.194123928250171
    },
    "member4": {
        "max(u)": 0.9955748168456643,
        "max(v)": 0.4593111487160907,
        "max(length)": 0.5248094456799443,
        "num(pathline)": 0.14282874343404195,
        "min(distant)": 0.194123928250171
    },
    "member5": {
        "max(u)": 0.9955748168456643,
        "max(v)": 0.4593111487160907,
        "max(length)": 0.5248094456799443,
        "num(pathline)": 0.14282874343404195,
        "min(distant)": 0.194123928250171
    },
    "member6": {
        "max(u)": 0.9955748168456643,
        "max(v)": 0.4593111487160907,
        "max(length)": 0.5248094456799443,
        "num(pathline)": 0.14282874343404195,
        "min(distant)": 0.194123928250171
    },
    "member7": {
        "max(u)": 0.9955748168456643,
        "max(v)": 0.4593111487160907,
        "max(length)": 0.5248094456799443,
        "num(pathline)": 0.14282874343404195,
        "min(distant)": 0.194123928250171
    },
    "member8": {
        "max(u)": 0.9955748168456643,
        "max(v)": 0.4593111487160907,
        "max(length)": 0.5248094456799443,
        "num(pathline)": 0.14282874343404195,
        "min(distant)": 0.194123928250171
    },
    "member9": {
        "max(u)": 0.9955748168456643,
        "max(v)": 0.4593111487160907,
        "max(length)": 0.5248094456799443,
        "num(pathline)": 0.14282874343404195,
        "min(distant)": 0.194123928250171
    },
    "member10": {
        "max(u)": 0.9955748168456643,
        "max(v)": 0.4593111487160907,
        "max(length)": 0.5248094456799443,
        "num(pathline)": 0.14282874343404195,
        "min(distant)": 0.194123928250171
    },
    "member11": {
        "max(u)": 0.9955748168456643,
        "max(v)": 0.4593111487160907,
        "max(length)": 0.5248094456799443,
        "num(pathline)": 0.14282874343404195,
        "min(distant)": 0.194123928250171
    },
    "member12": {
        "max(u)": 0.9955748168456643,
        "max(v)": 0.4593111487160907,
        "max(length)": 0.5248094456799443,
        "num(pathline)": 0.14282874343404195,
        "min(distant)": 0.194123928250171
    },
    "member13": {
        "max(u)": 0.9955748168456643,
        "max(v)": 0.4593111487160907,
        "max(length)": 0.5248094456799443,
        "num(pathline)": 0.14282874343404195,
        "min(distant)": 0.194123928250171
    },
    "member14": {
        "max(u)": 0.9955748168456643,
        "max(v)": 0.4593111487160907,
        "max(length)": 0.5248094456799443,
        "num(pathline)": 0.14282874343404195,
        "min(distant)": 0.194123928250171
    },
    "member15": {
        "max(u)": 0.9955748168456643,
        "max(v)": 0.4593111487160907,
        "max(length)": 0.5248094456799443,
        "num(pathline)": 0.14282874343404195,
        "min(distant)": 0.194123928250171
    },
    "member16": {
        "max(u)": 0.9955748168456643,
        "max(v)": 0.4593111487160907,
        "max(length)": 0.5248094456799443,
        "num(pathline)": 0.14282874343404195,
        "min(distant)": 0.194123928250171
    },
    "member17": {
        "max(u)": 0.9955748168456643,
        "max(v)": 0.4593111487160907,
        "max(length)": 0.5248094456799443,
        "num(pathline)": 0.14282874343404195,
        "min(distant)": 0.194123928250171
    },
    "member18": {
        "max(u)": 0.9955748168456643,
        "max(v)": 0.4593111487160907,
        "max(length)": 0.5248094456799443,
        "num(pathline)": 0.14282874343404195,
        "min(distant)": 0.194123928250171
    },
    "member19": {
        "max(u)": 0.9955748168456643,
        "max(v)": 0.4593111487160907,
        "max(length)": 0.5248094456799443,
        "num(pathline)": 0.14282874343404195,
        "min(distant)": 0.194123928250171
    },
    "member20": {
        "max(u)": 0.9955748168456643,
        "max(v)": 0.4593111487160907,
        "max(length)": 0.5248094456799443,
        "num(pathline)": 0.14282874343404195,
        "min(distant)": 0.194123928250171
    }
}