{
    "member1": {
        "max(u)": 0.5184412410315958,
        "max(v)": 0.24258521616876672,
        "max(length)": 0.3488908321746974,
        "num(pathline)": 0.40014953141256604,
        "min(distant)": 0.594941502272787
    },
    "member2": {
        "max(u)": 0.5184412410315958,
        "max(v)": 0.24258521616876672,
        "max(length)": 0.3488908321746974,
        "num(pathline)": 0.40014953141256604,
        "min(distant)": 0.594941502272787
    },
    "member3": {
        "max(u)": 0.5184412410315958,
        "max(v)": 0.24258521616876672,
        "max(length)": 0.3488908321746974,
        "num(pathline)": 0.40014953141256604,
        "min(distant)": 0.594941502272787
    },
    "member4": {
        "max(u)": 0.5184412410315958,
        "max(v)": 0.24258521616876672,
        "max(length)": 0.3488908321746974,
        "num(pathline)": 0.40014953141256604,
        "min(distant)": 0.594941502272787
    },
    "member5": {
        "max(u)": 0.5184412410315958,
        "max(v)": 0.24258521616876672,
        "max(length)": 0.3488908321746974,
        "num(pathline)": 0.40014953141256604,
        "min(distant)": 0.594941502272787
    },
    "member6": {
        "max(u)": 0.5184412410315958,
        "max(v)": 0.24258521616876672,
        "max(length)": 0.3488908321746974,
        "num(pathline)": 0.40014953141256604,
        "min(distant)": 0.594941502272787
    },
    "member7": {
        "max(u)": 0.5184412410315958,
        "max(v)": 0.24258521616876672,
        "max(length)": 0.3488908321746974,
        "num(pathline)": 0.40014953141256604,
        "min(distant)": 0.594941502272787
    },
    "member8": {
        "max(u)": 0.5184412410315958,
        "max(v)": 0.24258521616876672,
        "max(length)": 0.3488908321746974,
        "num(pathline)": 0.40014953141256604,
        "min(distant)": 0.594941502272787
    },
    "member9": {
        "max(u)": 0.5184412410315958,
        "max(v)": 0.24258521616876672,
        "max(length)": 0.3488908321746974,
        "num(pathline)": 0.40014953141256604,
        "min(distant)": 0.594941502272787
    },
    "member10": {
        "max(u)": 0.5184412410315958,
        "max(v)": 0.24258521616876672,
        "max(length)": 0.3488908321746974,
        "num(pathline)": 0.40014953141256604,
        "min(distant)": 0.594941502272787
    },
    "member11": {
        "max(u)": 0.5184412410315958,
        "max(v)": 0.24258521616876672,
        "max(length)": 0.3488908321746974,
        "num(pathline)": 0.40014953141256604,
        "min(distant)": 0.594941502272787
    },
    "member12": {
        "max(u)": 0.5184412410315958,
        "max(v)": 0.24258521616876672,
        "max(length)": 0.3488908321746974,
        "num(pathline)": 0.40014953141256604,
        "min(distant)": 0.594941502272787
    },
    "member13": {
        "max(u)": 0.5184412410315958,
        "max(v)": 0.24258521616876672,
        "max(length)": 0.3488908321746974,
        "num(pathline)": 0.40014953141256604,
        "min(distant)": 0.594941502272787
    },
    "member14": {
        "max(u)": 0.5184412410315958,
        "max(v)": 0.24258521616876672,
        "max(length)": 0.3488908321746974,
        "num(pathline)": 0.40014953141256604,
        "min(distant)": 0.594941502272787
    },
    "member15": {
        "max(u)": 0.5184412410315958,
        "max(v)": 0.24258521616876672,
        "max(length)": 0.3488908321746974,
        "num(pathline)": 0.40014953141256604,
        "min(distant)": 0.594941502272787
    },
    "member16": {
        "max(u)": 0.5184412410315958,
        "max(v)": 0.24258521616876672,
        "max(length)": 0.3488908321746974,
        "num(pathline)": 0.40014953141256604,
        "min(distant)": 0.594941502272787
    },
    "member17": {
        "max(u)": 0.5184412410315958,
        "max(v)": 0.24258521616876672,
        "max(length)": 0.3488908321746974,
        "num(pathline)": 0.40014953141256604,
        "min(distant)": 0.594941502272787
    },
    "member18": {
        "max(u)": 0.5184412410315958,
        "max(v)": 0.24258521616876672,
        "max(length)": 0.3488908321746974,
        "num(pathline)": 0.40014953141256604,
        "min(distant)": 0.594941502272787
    },
    "member19": {
        "max(u)": 0.5184412410315958,
        "max(v)": 0.24258521616876672,
        "max(length)": 0.3488908321746974,
        "num(pathline)": 0.40014953141256604,
        "min(distant)": 0.594941502272787
    },
    "member20": {
        "max(u)": 0.5184412410315958,
        "max(v)": 0.24258521616876672,
        "max(length)": 0.3488908321746974,
        "num(pathline)": 0.40014953141256604,
        "min(distant)": 0.594941502272787
    }
}