{
    "member1": {
        "max(u)": 0.4540288722003891,
        "max(v)": 0.12184592006667172,
        "max(length)": 0.9476247176291605,
        "num(pathline)": 0.7458086309823139,
        "min(distant)": 0.608455547672884
    },
    "member2": {
        "max(u)": 0.4540288722003891,
        "max(v)": 0.12184592006667172,
        "max(length)": 0.9476247176291605,
        "num(pathline)": 0.7458086309823139,
        "min(distant)": 0.608455547672884
    },
    "member3": {
        "max(u)": 0.4540288722003891,
        "max(v)": 0.12184592006667172,
        "max(length)": 0.9476247176291605,
        "num(pathline)": 0.7458086309823139,
        "min(distant)": 0.608455547672884
    },
    "member4": {
        "max(u)": 0.4540288722003891,
        "max(v)": 0.12184592006667172,
        "max(length)": 0.9476247176291605,
        "num(pathline)": 0.7458086309823139,
        "min(distant)": 0.608455547672884
    },
    "member5": {
        "max(u)": 0.4540288722003891,
        "max(v)": 0.12184592006667172,
        "max(length)": 0.9476247176291605,
        "num(pathline)": 0.7458086309823139,
        "min(distant)": 0.608455547672884
    },
    "member6": {
        "max(u)": 0.4540288722003891,
        "max(v)": 0.12184592006667172,
        "max(length)": 0.9476247176291605,
        "num(pathline)": 0.7458086309823139,
        "min(distant)": 0.608455547672884
    },
    "member7": {
        "max(u)": 0.4540288722003891,
        "max(v)": 0.12184592006667172,
        "max(length)": 0.9476247176291605,
        "num(pathline)": 0.7458086309823139,
        "min(distant)": 0.608455547672884
    },
    "member8": {
        "max(u)": 0.4540288722003891,
        "max(v)": 0.12184592006667172,
        "max(length)": 0.9476247176291605,
        "num(pathline)": 0.7458086309823139,
        "min(distant)": 0.608455547672884
    },
    "member9": {
        "max(u)": 0.4540288722003891,
        "max(v)": 0.12184592006667172,
        "max(length)": 0.9476247176291605,
        "num(pathline)": 0.7458086309823139,
        "min(distant)": 0.608455547672884
    },
    "member10": {
        "max(u)": 0.4540288722003891,
        "max(v)": 0.12184592006667172,
        "max(length)": 0.9476247176291605,
        "num(pathline)": 0.7458086309823139,
        "min(distant)": 0.608455547672884
    },
    "member11": {
        "max(u)": 0.4540288722003891,
        "max(v)": 0.12184592006667172,
        "max(length)": 0.9476247176291605,
        "num(pathline)": 0.7458086309823139,
        "min(distant)": 0.608455547672884
    },
    "member12": {
        "max(u)": 0.4540288722003891,
        "max(v)": 0.12184592006667172,
        "max(length)": 0.9476247176291605,
        "num(pathline)": 0.7458086309823139,
        "min(distant)": 0.608455547672884
    },
    "member13": {
        "max(u)": 0.4540288722003891,
        "max(v)": 0.12184592006667172,
        "max(length)": 0.9476247176291605,
        "num(pathline)": 0.7458086309823139,
        "min(distant)": 0.608455547672884
    },
    "member14": {
        "max(u)": 0.4540288722003891,
        "max(v)": 0.12184592006667172,
        "max(length)": 0.9476247176291605,
        "num(pathline)": 0.7458086309823139,
        "min(distant)": 0.608455547672884
    },
    "member15": {
        "max(u)": 0.4540288722003891,
        "max(v)": 0.12184592006667172,
        "max(length)": 0.9476247176291605,
        "num(pathline)": 0.7458086309823139,
        "min(distant)": 0.608455547672884
    },
    "member16": {
        "max(u)": 0.4540288722003891,
        "max(v)": 0.12184592006667172,
        "max(length)": 0.9476247176291605,
        "num(pathline)": 0.7458086309823139,
        "min(distant)": 0.608455547672884
    },
    "member17": {
        "max(u)": 0.4540288722003891,
        "max(v)": 0.12184592006667172,
        "max(length)": 0.9476247176291605,
        "num(pathline)": 0.7458086309823139,
        "min(distant)": 0.608455547672884
    },
    "member18": {
        "max(u)": 0.4540288722003891,
        "max(v)": 0.12184592006667172,
        "max(length)": 0.9476247176291605,
        "num(pathline)": 0.7458086309823139,
        "min(distant)": 0.608455547672884
    },
    "member19": {
        "max(u)": 0.4540288722003891,
        "max(v)": 0.12184592006667172,
        "max(length)": 0.9476247176291605,
        "num(pathline)": 0.7458086309823139,
        "min(distant)": 0.608455547672884
    },
    "member20": {
        "max(u)": 0.4540288722003891,
        "max(v)": 0.12184592006667172,
        "max(length)": 0.9476247176291605,
        "num(pathline)": 0.7458086309823139,
        "min(distant)": 0.608455547672884
    }
}