{
    "member1": {
        "max(u)": 0.3915635424371786,
        "max(v)": 0.9385801536580303,
        "max(length)": 0.8965232325457096,
        "num(pathline)": 0.8513567707432003,
        "min(distant)": 0.4171402915639847
    },
    "member2": {
        "max(u)": 0.3915635424371786,
        "max(v)": 0.9385801536580303,
        "max(length)": 0.8965232325457096,
        "num(pathline)": 0.8513567707432003,
        "min(distant)": 0.4171402915639847
    },
    "member3": {
        "max(u)": 0.3915635424371786,
        "max(v)": 0.9385801536580303,
        "max(length)": 0.8965232325457096,
        "num(pathline)": 0.8513567707432003,
        "min(distant)": 0.4171402915639847
    },
    "member4": {
        "max(u)": 0.3915635424371786,
        "max(v)": 0.9385801536580303,
        "max(length)": 0.8965232325457096,
        "num(pathline)": 0.8513567707432003,
        "min(distant)": 0.4171402915639847
    },
    "member5": {
        "max(u)": 0.3915635424371786,
        "max(v)": 0.9385801536580303,
        "max(length)": 0.8965232325457096,
        "num(pathline)": 0.8513567707432003,
        "min(distant)": 0.4171402915639847
    },
    "member6": {
        "max(u)": 0.3915635424371786,
        "max(v)": 0.9385801536580303,
        "max(length)": 0.8965232325457096,
        "num(pathline)": 0.8513567707432003,
        "min(distant)": 0.4171402915639847
    },
    "member7": {
        "max(u)": 0.3915635424371786,
        "max(v)": 0.9385801536580303,
        "max(length)": 0.8965232325457096,
        "num(pathline)": 0.8513567707432003,
        "min(distant)": 0.4171402915639847
    },
    "member8": {
        "max(u)": 0.3915635424371786,
        "max(v)": 0.9385801536580303,
        "max(length)": 0.8965232325457096,
        "num(pathline)": 0.8513567707432003,
        "min(distant)": 0.4171402915639847
    },
    "member9": {
        "max(u)": 0.3915635424371786,
        "max(v)": 0.9385801536580303,
        "max(length)": 0.8965232325457096,
        "num(pathline)": 0.8513567707432003,
        "min(distant)": 0.4171402915639847
    },
    "member10": {
        "max(u)": 0.3915635424371786,
        "max(v)": 0.9385801536580303,
        "max(length)": 0.8965232325457096,
        "num(pathline)": 0.8513567707432003,
        "min(distant)": 0.4171402915639847
    },
    "member11": {
        "max(u)": 0.3915635424371786,
        "max(v)": 0.9385801536580303,
        "max(length)": 0.8965232325457096,
        "num(pathline)": 0.8513567707432003,
        "min(distant)": 0.4171402915639847
    },
    "member12": {
        "max(u)": 0.3915635424371786,
        "max(v)": 0.9385801536580303,
        "max(length)": 0.8965232325457096,
        "num(pathline)": 0.8513567707432003,
        "min(distant)": 0.4171402915639847
    },
    "member13": {
        "max(u)": 0.3915635424371786,
        "max(v)": 0.9385801536580303,
        "max(length)": 0.8965232325457096,
        "num(pathline)": 0.8513567707432003,
        "min(distant)": 0.4171402915639847
    },
    "member14": {
        "max(u)": 0.3915635424371786,
        "max(v)": 0.9385801536580303,
        "max(length)": 0.8965232325457096,
        "num(pathline)": 0.8513567707432003,
        "min(distant)": 0.4171402915639847
    },
    "member15": {
        "max(u)": 0.3915635424371786,
        "max(v)": 0.9385801536580303,
        "max(length)": 0.8965232325457096,
        "num(pathline)": 0.8513567707432003,
        "min(distant)": 0.4171402915639847
    },
    "member16": {
        "max(u)": 0.3915635424371786,
        "max(v)": 0.9385801536580303,
        "max(length)": 0.8965232325457096,
        "num(pathline)": 0.8513567707432003,
        "min(distant)": 0.4171402915639847
    },
    "member17": {
        "max(u)": 0.3915635424371786,
        "max(v)": 0.9385801536580303,
        "max(length)": 0.8965232325457096,
        "num(pathline)": 0.8513567707432003,
        "min(distant)": 0.4171402915639847
    },
    "member18": {
        "max(u)": 0.3915635424371786,
        "max(v)": 0.9385801536580303,
        "max(length)": 0.8965232325457096,
        "num(pathline)": 0.8513567707432003,
        "min(distant)": 0.4171402915639847
    },
    "member19": {
        "max(u)": 0.3915635424371786,
        "max(v)": 0.9385801536580303,
        "max(length)": 0.8965232325457096,
        "num(pathline)": 0.8513567707432003,
        "min(distant)": 0.4171402915639847
    },
    "member20": {
        "max(u)": 0.3915635424371786,
        "max(v)": 0.9385801536580303,
        "max(length)": 0.8965232325457096,
        "num(pathline)": 0.8513567707432003,
        "min(distant)": 0.4171402915639847
    }
}