{
    "member1": {
        "max(u)": 0.643510173470807,
        "max(v)": 0.6779322410102298,
        "max(length)": 0.5341976334700597,
        "num(pathline)": 0.8011536301643702,
        "min(distant)": 0.11272748637349073
    },
    "member2": {
        "max(u)": 0.643510173470807,
        "max(v)": 0.6779322410102298,
        "max(length)": 0.5341976334700597,
        "num(pathline)": 0.8011536301643702,
        "min(distant)": 0.11272748637349073
    },
    "member3": {
        "max(u)": 0.643510173470807,
        "max(v)": 0.6779322410102298,
        "max(length)": 0.5341976334700597,
        "num(pathline)": 0.8011536301643702,
        "min(distant)": 0.11272748637349073
    },
    "member4": {
        "max(u)": 0.643510173470807,
        "max(v)": 0.6779322410102298,
        "max(length)": 0.5341976334700597,
        "num(pathline)": 0.8011536301643702,
        "min(distant)": 0.11272748637349073
    },
    "member5": {
        "max(u)": 0.643510173470807,
        "max(v)": 0.6779322410102298,
        "max(length)": 0.5341976334700597,
        "num(pathline)": 0.8011536301643702,
        "min(distant)": 0.11272748637349073
    },
    "member6": {
        "max(u)": 0.643510173470807,
        "max(v)": 0.6779322410102298,
        "max(length)": 0.5341976334700597,
        "num(pathline)": 0.8011536301643702,
        "min(distant)": 0.11272748637349073
    },
    "member7": {
        "max(u)": 0.643510173470807,
        "max(v)": 0.6779322410102298,
        "max(length)": 0.5341976334700597,
        "num(pathline)": 0.8011536301643702,
        "min(distant)": 0.11272748637349073
    },
    "member8": {
        "max(u)": 0.643510173470807,
        "max(v)": 0.6779322410102298,
        "max(length)": 0.5341976334700597,
        "num(pathline)": 0.8011536301643702,
        "min(distant)": 0.11272748637349073
    },
    "member9": {
        "max(u)": 0.643510173470807,
        "max(v)": 0.6779322410102298,
        "max(length)": 0.5341976334700597,
        "num(pathline)": 0.8011536301643702,
        "min(distant)": 0.11272748637349073
    },
    "member10": {
        "max(u)": 0.643510173470807,
        "max(v)": 0.6779322410102298,
        "max(length)": 0.5341976334700597,
        "num(pathline)": 0.8011536301643702,
        "min(distant)": 0.11272748637349073
    },
    "member11": {
        "max(u)": 0.643510173470807,
        "max(v)": 0.6779322410102298,
        "max(length)": 0.5341976334700597,
        "num(pathline)": 0.8011536301643702,
        "min(distant)": 0.11272748637349073
    },
    "member12": {
        "max(u)": 0.643510173470807,
        "max(v)": 0.6779322410102298,
        "max(length)": 0.5341976334700597,
        "num(pathline)": 0.8011536301643702,
        "min(distant)": 0.11272748637349073
    },
    "member13": {
        "max(u)": 0.643510173470807,
        "max(v)": 0.6779322410102298,
        "max(length)": 0.5341976334700597,
        "num(pathline)": 0.8011536301643702,
        "min(distant)": 0.11272748637349073
    },
    "member14": {
        "max(u)": 0.643510173470807,
        "max(v)": 0.6779322410102298,
        "max(length)": 0.5341976334700597,
        "num(pathline)": 0.8011536301643702,
        "min(distant)": 0.11272748637349073
    },
    "member15": {
        "max(u)": 0.643510173470807,
        "max(v)": 0.6779322410102298,
        "max(length)": 0.5341976334700597,
        "num(pathline)": 0.8011536301643702,
        "min(distant)": 0.11272748637349073
    },
    "member16": {
        "max(u)": 0.643510173470807,
        "max(v)": 0.6779322410102298,
        "max(length)": 0.5341976334700597,
        "num(pathline)": 0.8011536301643702,
        "min(distant)": 0.11272748637349073
    },
    "member17": {
        "max(u)": 0.643510173470807,
        "max(v)": 0.6779322410102298,
        "max(length)": 0.5341976334700597,
        "num(pathline)": 0.8011536301643702,
        "min(distant)": 0.11272748637349073
    },
    "member18": {
        "max(u)": 0.643510173470807,
        "max(v)": 0.6779322410102298,
        "max(length)": 0.5341976334700597,
        "num(pathline)": 0.8011536301643702,
        "min(distant)": 0.11272748637349073
    },
    "member19": {
        "max(u)": 0.643510173470807,
        "max(v)": 0.6779322410102298,
        "max(length)": 0.5341976334700597,
        "num(pathline)": 0.8011536301643702,
        "min(distant)": 0.11272748637349073
    },
    "member20": {
        "max(u)": 0.643510173470807,
        "max(v)": 0.6779322410102298,
        "max(length)": 0.5341976334700597,
        "num(pathline)": 0.8011536301643702,
        "min(distant)": 0.11272748637349073
    }
}