{
    "member1": {
        "max(u)": 0.7288250452004709,
        "max(v)": 0.0956509855664992,
        "max(length)": 0.38513722238343595,
        "num(pathline)": 0.904024939739255,
        "min(distant)": 0.04527919487337961
    },
    "member2": {
        "max(u)": 0.7288250452004709,
        "max(v)": 0.0956509855664992,
        "max(length)": 0.38513722238343595,
        "num(pathline)": 0.904024939739255,
        "min(distant)": 0.04527919487337961
    },
    "member3": {
        "max(u)": 0.7288250452004709,
        "max(v)": 0.0956509855664992,
        "max(length)": 0.38513722238343595,
        "num(pathline)": 0.904024939739255,
        "min(distant)": 0.04527919487337961
    },
    "member4": {
        "max(u)": 0.7288250452004709,
        "max(v)": 0.0956509855664992,
        "max(length)": 0.38513722238343595,
        "num(pathline)": 0.904024939739255,
        "min(distant)": 0.04527919487337961
    },
    "member5": {
        "max(u)": 0.7288250452004709,
        "max(v)": 0.0956509855664992,
        "max(length)": 0.38513722238343595,
        "num(pathline)": 0.904024939739255,
        "min(distant)": 0.04527919487337961
    },
    "member6": {
        "max(u)": 0.7288250452004709,
        "max(v)": 0.0956509855664992,
        "max(length)": 0.38513722238343595,
        "num(pathline)": 0.904024939739255,
        "min(distant)": 0.04527919487337961
    },
    "member7": {
        "max(u)": 0.7288250452004709,
        "max(v)": 0.0956509855664992,
        "max(length)": 0.38513722238343595,
        "num(pathline)": 0.904024939739255,
        "min(distant)": 0.04527919487337961
    },
    "member8": {
        "max(u)": 0.7288250452004709,
        "max(v)": 0.0956509855664992,
        "max(length)": 0.38513722238343595,
        "num(pathline)": 0.904024939739255,
        "min(distant)": 0.04527919487337961
    },
    "member9": {
        "max(u)": 0.7288250452004709,
        "max(v)": 0.0956509855664992,
        "max(length)": 0.38513722238343595,
        "num(pathline)": 0.904024939739255,
        "min(distant)": 0.04527919487337961
    },
    "member10": {
        "max(u)": 0.7288250452004709,
        "max(v)": 0.0956509855664992,
        "max(length)": 0.38513722238343595,
        "num(pathline)": 0.904024939739255,
        "min(distant)": 0.04527919487337961
    },
    "member11": {
        "max(u)": 0.7288250452004709,
        "max(v)": 0.0956509855664992,
        "max(length)": 0.38513722238343595,
        "num(pathline)": 0.904024939739255,
        "min(distant)": 0.04527919487337961
    },
    "member12": {
        "max(u)": 0.7288250452004709,
        "max(v)": 0.0956509855664992,
        "max(length)": 0.38513722238343595,
        "num(pathline)": 0.904024939739255,
        "min(distant)": 0.04527919487337961
    },
    "member13": {
        "max(u)": 0.7288250452004709,
        "max(v)": 0.0956509855664992,
        "max(length)": 0.38513722238343595,
        "num(pathline)": 0.904024939739255,
        "min(distant)": 0.04527919487337961
    },
    "member14": {
        "max(u)": 0.7288250452004709,
        "max(v)": 0.0956509855664992,
        "max(length)": 0.38513722238343595,
        "num(pathline)": 0.904024939739255,
        "min(distant)": 0.04527919487337961
    },
    "member15": {
        "max(u)": 0.7288250452004709,
        "max(v)": 0.0956509855664992,
        "max(length)": 0.38513722238343595,
        "num(pathline)": 0.904024939739255,
        "min(distant)": 0.04527919487337961
    },
    "member16": {
        "max(u)": 0.7288250452004709,
        "max(v)": 0.0956509855664992,
        "max(length)": 0.38513722238343595,
        "num(pathline)": 0.904024939739255,
        "min(distant)": 0.04527919487337961
    },
    "member17": {
        "max(u)": 0.7288250452004709,
        "max(v)": 0.0956509855664992,
        "max(length)": 0.38513722238343595,
        "num(pathline)": 0.904024939739255,
        "min(distant)": 0.04527919487337961
    },
    "member18": {
        "max(u)": 0.7288250452004709,
        "max(v)": 0.0956509855664992,
        "max(length)": 0.38513722238343595,
        "num(pathline)": 0.904024939739255,
        "min(distant)": 0.04527919487337961
    },
    "member19": {
        "max(u)": 0.7288250452004709,
        "max(v)": 0.0956509855664992,
        "max(length)": 0.38513722238343595,
        "num(pathline)": 0.904024939739255,
        "min(distant)": 0.04527919487337961
    },
    "member20": {
        "max(u)": 0.7288250452004709,
        "max(v)": 0.0956509855664992,
        "max(length)": 0.38513722238343595,
        "num(pathline)": 0.904024939739255,
        "min(distant)": 0.04527919487337961
    }
}