{
    "member1": {
        "max(u)": 0.028973955591319878,
        "max(v)": 0.014200886030423132,
        "max(length)": 0.47998041189392016,
        "num(pathline)": 0.40666828900265894,
        "min(distant)": 0.36173266913934987
    },
    "member2": {
        "max(u)": 0.028973955591319878,
        "max(v)": 0.014200886030423132,
        "max(length)": 0.47998041189392016,
        "num(pathline)": 0.40666828900265894,
        "min(distant)": 0.36173266913934987
    },
    "member3": {
        "max(u)": 0.028973955591319878,
        "max(v)": 0.014200886030423132,
        "max(length)": 0.47998041189392016,
        "num(pathline)": 0.40666828900265894,
        "min(distant)": 0.36173266913934987
    },
    "member4": {
        "max(u)": 0.028973955591319878,
        "max(v)": 0.014200886030423132,
        "max(length)": 0.47998041189392016,
        "num(pathline)": 0.40666828900265894,
        "min(distant)": 0.36173266913934987
    },
    "member5": {
        "max(u)": 0.028973955591319878,
        "max(v)": 0.014200886030423132,
        "max(length)": 0.47998041189392016,
        "num(pathline)": 0.40666828900265894,
        "min(distant)": 0.36173266913934987
    },
    "member6": {
        "max(u)": 0.028973955591319878,
        "max(v)": 0.014200886030423132,
        "max(length)": 0.47998041189392016,
        "num(pathline)": 0.40666828900265894,
        "min(distant)": 0.36173266913934987
    },
    "member7": {
        "max(u)": 0.028973955591319878,
        "max(v)": 0.014200886030423132,
        "max(length)": 0.47998041189392016,
        "num(pathline)": 0.40666828900265894,
        "min(distant)": 0.36173266913934987
    },
    "member8": {
        "max(u)": 0.028973955591319878,
        "max(v)": 0.014200886030423132,
        "max(length)": 0.47998041189392016,
        "num(pathline)": 0.40666828900265894,
        "min(distant)": 0.36173266913934987
    },
    "member9": {
        "max(u)": 0.028973955591319878,
        "max(v)": 0.014200886030423132,
        "max(length)": 0.47998041189392016,
        "num(pathline)": 0.40666828900265894,
        "min(distant)": 0.36173266913934987
    },
    "member10": {
        "max(u)": 0.028973955591319878,
        "max(v)": 0.014200886030423132,
        "max(length)": 0.47998041189392016,
        "num(pathline)": 0.40666828900265894,
        "min(distant)": 0.36173266913934987
    },
    "member11": {
        "max(u)": 0.028973955591319878,
        "max(v)": 0.014200886030423132,
        "max(length)": 0.47998041189392016,
        "num(pathline)": 0.40666828900265894,
        "min(distant)": 0.36173266913934987
    },
    "member12": {
        "max(u)": 0.028973955591319878,
        "max(v)": 0.014200886030423132,
        "max(length)": 0.47998041189392016,
        "num(pathline)": 0.40666828900265894,
        "min(distant)": 0.36173266913934987
    },
    "member13": {
        "max(u)": 0.028973955591319878,
        "max(v)": 0.014200886030423132,
        "max(length)": 0.47998041189392016,
        "num(pathline)": 0.40666828900265894,
        "min(distant)": 0.36173266913934987
    },
    "member14": {
        "max(u)": 0.028973955591319878,
        "max(v)": 0.014200886030423132,
        "max(length)": 0.47998041189392016,
        "num(pathline)": 0.40666828900265894,
        "min(distant)": 0.36173266913934987
    },
    "member15": {
        "max(u)": 0.028973955591319878,
        "max(v)": 0.014200886030423132,
        "max(length)": 0.47998041189392016,
        "num(pathline)": 0.40666828900265894,
        "min(distant)": 0.36173266913934987
    },
    "member16": {
        "max(u)": 0.028973955591319878,
        "max(v)": 0.014200886030423132,
        "max(length)": 0.47998041189392016,
        "num(pathline)": 0.40666828900265894,
        "min(distant)": 0.36173266913934987
    },
    "member17": {
        "max(u)": 0.028973955591319878,
        "max(v)": 0.014200886030423132,
        "max(length)": 0.47998041189392016,
        "num(pathline)": 0.40666828900265894,
        "min(distant)": 0.36173266913934987
    },
    "member18": {
        "max(u)": 0.028973955591319878,
        "max(v)": 0.014200886030423132,
        "max(length)": 0.47998041189392016,
        "num(pathline)": 0.40666828900265894,
        "min(distant)": 0.36173266913934987
    },
    "member19": {
        "max(u)": 0.028973955591319878,
        "max(v)": 0.014200886030423132,
        "max(length)": 0.47998041189392016,
        "num(pathline)": 0.40666828900265894,
        "min(distant)": 0.36173266913934987
    },
    "member20": {
        "max(u)": 0.028973955591319878,
        "max(v)": 0.014200886030423132,
        "max(length)": 0.47998041189392016,
        "num(pathline)": 0.40666828900265894,
        "min(distant)": 0.36173266913934987
    }
}