{
    "member1": {
        "max(u)": 0.5309027141726487,
        "max(v)": 0.3930208931377456,
        "max(length)": 0.10782586910099079,
        "num(pathline)": 0.1409491627918763,
        "min(distant)": 0.79216391608014
    },
    "member2": {
        "max(u)": 0.5309027141726487,
        "max(v)": 0.3930208931377456,
        "max(length)": 0.10782586910099079,
        "num(pathline)": 0.1409491627918763,
        "min(distant)": 0.79216391608014
    },
    "member3": {
        "max(u)": 0.5309027141726487,
        "max(v)": 0.3930208931377456,
        "max(length)": 0.10782586910099079,
        "num(pathline)": 0.1409491627918763,
        "min(distant)": 0.79216391608014
    },
    "member4": {
        "max(u)": 0.5309027141726487,
        "max(v)": 0.3930208931377456,
        "max(length)": 0.10782586910099079,
        "num(pathline)": 0.1409491627918763,
        "min(distant)": 0.79216391608014
    },
    "member5": {
        "max(u)": 0.5309027141726487,
        "max(v)": 0.3930208931377456,
        "max(length)": 0.10782586910099079,
        "num(pathline)": 0.1409491627918763,
        "min(distant)": 0.79216391608014
    },
    "member6": {
        "max(u)": 0.5309027141726487,
        "max(v)": 0.3930208931377456,
        "max(length)": 0.10782586910099079,
        "num(pathline)": 0.1409491627918763,
        "min(distant)": 0.79216391608014
    },
    "member7": {
        "max(u)": 0.5309027141726487,
        "max(v)": 0.3930208931377456,
        "max(length)": 0.10782586910099079,
        "num(pathline)": 0.1409491627918763,
        "min(distant)": 0.79216391608014
    },
    "member8": {
        "max(u)": 0.5309027141726487,
        "max(v)": 0.3930208931377456,
        "max(length)": 0.10782586910099079,
        "num(pathline)": 0.1409491627918763,
        "min(distant)": 0.79216391608014
    },
    "member9": {
        "max(u)": 0.5309027141726487,
        "max(v)": 0.3930208931377456,
        "max(length)": 0.10782586910099079,
        "num(pathline)": 0.1409491627918763,
        "min(distant)": 0.79216391608014
    },
    "member10": {
        "max(u)": 0.5309027141726487,
        "max(v)": 0.3930208931377456,
        "max(length)": 0.10782586910099079,
        "num(pathline)": 0.1409491627918763,
        "min(distant)": 0.79216391608014
    },
    "member11": {
        "max(u)": 0.5309027141726487,
        "max(v)": 0.3930208931377456,
        "max(length)": 0.10782586910099079,
        "num(pathline)": 0.1409491627918763,
        "min(distant)": 0.79216391608014
    },
    "member12": {
        "max(u)": 0.5309027141726487,
        "max(v)": 0.3930208931377456,
        "max(length)": 0.10782586910099079,
        "num(pathline)": 0.1409491627918763,
        "min(distant)": 0.79216391608014
    },
    "member13": {
        "max(u)": 0.5309027141726487,
        "max(v)": 0.3930208931377456,
        "max(length)": 0.10782586910099079,
        "num(pathline)": 0.1409491627918763,
        "min(distant)": 0.79216391608014
    },
    "member14": {
        "max(u)": 0.5309027141726487,
        "max(v)": 0.3930208931377456,
        "max(length)": 0.10782586910099079,
        "num(pathline)": 0.1409491627918763,
        "min(distant)": 0.79216391608014
    },
    "member15": {
        "max(u)": 0.5309027141726487,
        "max(v)": 0.3930208931377456,
        "max(length)": 0.10782586910099079,
        "num(pathline)": 0.1409491627918763,
        "min(distant)": 0.79216391608014
    },
    "member16": {
        "max(u)": 0.5309027141726487,
        "max(v)": 0.3930208931377456,
        "max(length)": 0.10782586910099079,
        "num(pathline)": 0.1409491627918763,
        "min(distant)": 0.79216391608014
    },
    "member17": {
        "max(u)": 0.5309027141726487,
        "max(v)": 0.3930208931377456,
        "max(length)": 0.10782586910099079,
        "num(pathline)": 0.1409491627918763,
        "min(distant)": 0.79216391608014
    },
    "member18": {
        "max(u)": 0.5309027141726487,
        "max(v)": 0.3930208931377456,
        "max(length)": 0.10782586910099079,
        "num(pathline)": 0.1409491627918763,
        "min(distant)": 0.79216391608014
    },
    "member19": {
        "max(u)": 0.5309027141726487,
        "max(v)": 0.3930208931377456,
        "max(length)": 0.10782586910099079,
        "num(pathline)": 0.1409491627918763,
        "min(distant)": 0.79216391608014
    },
    "member20": {
        "max(u)": 0.5309027141726487,
        "max(v)": 0.3930208931377456,
        "max(length)": 0.10782586910099079,
        "num(pathline)": 0.1409491627918763,
        "min(distant)": 0.79216391608014
    }
}