{
    "member1": {
        "max(u)": 0.489473066937428,
        "max(v)": 0.6479601725923139,
        "max(length)": 0.11269853556037945,
        "num(pathline)": 0.8318440076557138,
        "min(distant)": 0.3370989068394612
    },
    "member2": {
        "max(u)": 0.489473066937428,
        "max(v)": 0.6479601725923139,
        "max(length)": 0.11269853556037945,
        "num(pathline)": 0.8318440076557138,
        "min(distant)": 0.3370989068394612
    },
    "member3": {
        "max(u)": 0.489473066937428,
        "max(v)": 0.6479601725923139,
        "max(length)": 0.11269853556037945,
        "num(pathline)": 0.8318440076557138,
        "min(distant)": 0.3370989068394612
    },
    "member4": {
        "max(u)": 0.489473066937428,
        "max(v)": 0.6479601725923139,
        "max(length)": 0.11269853556037945,
        "num(pathline)": 0.8318440076557138,
        "min(distant)": 0.3370989068394612
    },
    "member5": {
        "max(u)": 0.489473066937428,
        "max(v)": 0.6479601725923139,
        "max(length)": 0.11269853556037945,
        "num(pathline)": 0.8318440076557138,
        "min(distant)": 0.3370989068394612
    },
    "member6": {
        "max(u)": 0.489473066937428,
        "max(v)": 0.6479601725923139,
        "max(length)": 0.11269853556037945,
        "num(pathline)": 0.8318440076557138,
        "min(distant)": 0.3370989068394612
    },
    "member7": {
        "max(u)": 0.489473066937428,
        "max(v)": 0.6479601725923139,
        "max(length)": 0.11269853556037945,
        "num(pathline)": 0.8318440076557138,
        "min(distant)": 0.3370989068394612
    },
    "member8": {
        "max(u)": 0.489473066937428,
        "max(v)": 0.6479601725923139,
        "max(length)": 0.11269853556037945,
        "num(pathline)": 0.8318440076557138,
        "min(distant)": 0.3370989068394612
    },
    "member9": {
        "max(u)": 0.489473066937428,
        "max(v)": 0.6479601725923139,
        "max(length)": 0.11269853556037945,
        "num(pathline)": 0.8318440076557138,
        "min(distant)": 0.3370989068394612
    },
    "member10": {
        "max(u)": 0.489473066937428,
        "max(v)": 0.6479601725923139,
        "max(length)": 0.11269853556037945,
        "num(pathline)": 0.8318440076557138,
        "min(distant)": 0.3370989068394612
    },
    "member11": {
        "max(u)": 0.489473066937428,
        "max(v)": 0.6479601725923139,
        "max(length)": 0.11269853556037945,
        "num(pathline)": 0.8318440076557138,
        "min(distant)": 0.3370989068394612
    },
    "member12": {
        "max(u)": 0.489473066937428,
        "max(v)": 0.6479601725923139,
        "max(length)": 0.11269853556037945,
        "num(pathline)": 0.8318440076557138,
        "min(distant)": 0.3370989068394612
    },
    "member13": {
        "max(u)": 0.489473066937428,
        "max(v)": 0.6479601725923139,
        "max(length)": 0.11269853556037945,
        "num(pathline)": 0.8318440076557138,
        "min(distant)": 0.3370989068394612
    },
    "member14": {
        "max(u)": 0.489473066937428,
        "max(v)": 0.6479601725923139,
        "max(length)": 0.11269853556037945,
        "num(pathline)": 0.8318440076557138,
        "min(distant)": 0.3370989068394612
    },
    "member15": {
        "max(u)": 0.489473066937428,
        "max(v)": 0.6479601725923139,
        "max(length)": 0.11269853556037945,
        "num(pathline)": 0.8318440076557138,
        "min(distant)": 0.3370989068394612
    },
    "member16": {
        "max(u)": 0.489473066937428,
        "max(v)": 0.6479601725923139,
        "max(length)": 0.11269853556037945,
        "num(pathline)": 0.8318440076557138,
        "min(distant)": 0.3370989068394612
    },
    "member17": {
        "max(u)": 0.489473066937428,
        "max(v)": 0.6479601725923139,
        "max(length)": 0.11269853556037945,
        "num(pathline)": 0.8318440076557138,
        "min(distant)": 0.3370989068394612
    },
    "member18": {
        "max(u)": 0.489473066937428,
        "max(v)": 0.6479601725923139,
        "max(length)": 0.11269853556037945,
        "num(pathline)": 0.8318440076557138,
        "min(distant)": 0.3370989068394612
    },
    "member19": {
        "max(u)": 0.489473066937428,
        "max(v)": 0.6479601725923139,
        "max(length)": 0.11269853556037945,
        "num(pathline)": 0.8318440076557138,
        "min(distant)": 0.3370989068394612
    },
    "member20": {
        "max(u)": 0.489473066937428,
        "max(v)": 0.6479601725923139,
        "max(length)": 0.11269853556037945,
        "num(pathline)": 0.8318440076557138,
        "min(distant)": 0.3370989068394612
    }
}