{
    "member1": {
        "max(u)": 0.8818911548517031,
        "max(v)": 0.24321541102825173,
        "max(length)": 0.9525539322782606,
        "num(pathline)": 0.55063490290411,
        "min(distant)": 0.8937031425417543
    },
    "member2": {
        "max(u)": 0.8818911548517031,
        "max(v)": 0.24321541102825173,
        "max(length)": 0.9525539322782606,
        "num(pathline)": 0.55063490290411,
        "min(distant)": 0.8937031425417543
    },
    "member3": {
        "max(u)": 0.8818911548517031,
        "max(v)": 0.24321541102825173,
        "max(length)": 0.9525539322782606,
        "num(pathline)": 0.55063490290411,
        "min(distant)": 0.8937031425417543
    },
    "member4": {
        "max(u)": 0.8818911548517031,
        "max(v)": 0.24321541102825173,
        "max(length)": 0.9525539322782606,
        "num(pathline)": 0.55063490290411,
        "min(distant)": 0.8937031425417543
    },
    "member5": {
        "max(u)": 0.8818911548517031,
        "max(v)": 0.24321541102825173,
        "max(length)": 0.9525539322782606,
        "num(pathline)": 0.55063490290411,
        "min(distant)": 0.8937031425417543
    },
    "member6": {
        "max(u)": 0.8818911548517031,
        "max(v)": 0.24321541102825173,
        "max(length)": 0.9525539322782606,
        "num(pathline)": 0.55063490290411,
        "min(distant)": 0.8937031425417543
    },
    "member7": {
        "max(u)": 0.8818911548517031,
        "max(v)": 0.24321541102825173,
        "max(length)": 0.9525539322782606,
        "num(pathline)": 0.55063490290411,
        "min(distant)": 0.8937031425417543
    },
    "member8": {
        "max(u)": 0.8818911548517031,
        "max(v)": 0.24321541102825173,
        "max(length)": 0.9525539322782606,
        "num(pathline)": 0.55063490290411,
        "min(distant)": 0.8937031425417543
    },
    "member9": {
        "max(u)": 0.8818911548517031,
        "max(v)": 0.24321541102825173,
        "max(length)": 0.9525539322782606,
        "num(pathline)": 0.55063490290411,
        "min(distant)": 0.8937031425417543
    },
    "member10": {
        "max(u)": 0.8818911548517031,
        "max(v)": 0.24321541102825173,
        "max(length)": 0.9525539322782606,
        "num(pathline)": 0.55063490290411,
        "min(distant)": 0.8937031425417543
    },
    "member11": {
        "max(u)": 0.8818911548517031,
        "max(v)": 0.24321541102825173,
        "max(length)": 0.9525539322782606,
        "num(pathline)": 0.55063490290411,
        "min(distant)": 0.8937031425417543
    },
    "member12": {
        "max(u)": 0.8818911548517031,
        "max(v)": 0.24321541102825173,
        "max(length)": 0.9525539322782606,
        "num(pathline)": 0.55063490290411,
        "min(distant)": 0.8937031425417543
    },
    "member13": {
        "max(u)": 0.8818911548517031,
        "max(v)": 0.24321541102825173,
        "max(length)": 0.9525539322782606,
        "num(pathline)": 0.55063490290411,
        "min(distant)": 0.8937031425417543
    },
    "member14": {
        "max(u)": 0.8818911548517031,
        "max(v)": 0.24321541102825173,
        "max(length)": 0.9525539322782606,
        "num(pathline)": 0.55063490290411,
        "min(distant)": 0.8937031425417543
    },
    "member15": {
        "max(u)": 0.8818911548517031,
        "max(v)": 0.24321541102825173,
        "max(length)": 0.9525539322782606,
        "num(pathline)": 0.55063490290411,
        "min(distant)": 0.8937031425417543
    },
    "member16": {
        "max(u)": 0.8818911548517031,
        "max(v)": 0.24321541102825173,
        "max(length)": 0.9525539322782606,
        "num(pathline)": 0.55063490290411,
        "min(distant)": 0.8937031425417543
    },
    "member17": {
        "max(u)": 0.8818911548517031,
        "max(v)": 0.24321541102825173,
        "max(length)": 0.9525539322782606,
        "num(pathline)": 0.55063490290411,
        "min(distant)": 0.8937031425417543
    },
    "member18": {
        "max(u)": 0.8818911548517031,
        "max(v)": 0.24321541102825173,
        "max(length)": 0.9525539322782606,
        "num(pathline)": 0.55063490290411,
        "min(distant)": 0.8937031425417543
    },
    "member19": {
        "max(u)": 0.8818911548517031,
        "max(v)": 0.24321541102825173,
        "max(length)": 0.9525539322782606,
        "num(pathline)": 0.55063490290411,
        "min(distant)": 0.8937031425417543
    },
    "member20": {
        "max(u)": 0.8818911548517031,
        "max(v)": 0.24321541102825173,
        "max(length)": 0.9525539322782606,
        "num(pathline)": 0.55063490290411,
        "min(distant)": 0.8937031425417543
    }
}