{
    "member1": {
        "max(u)": 0.5488936202565093,
        "max(v)": 0.6534838654289298,
        "max(length)": 0.2726037034651677,
        "num(pathline)": 0.8081307794910564,
        "min(distant)": 0.3375607162870937
    },
    "member2": {
        "max(u)": 0.5488936202565093,
        "max(v)": 0.6534838654289298,
        "max(length)": 0.2726037034651677,
        "num(pathline)": 0.8081307794910564,
        "min(distant)": 0.3375607162870937
    },
    "member3": {
        "max(u)": 0.5488936202565093,
        "max(v)": 0.6534838654289298,
        "max(length)": 0.2726037034651677,
        "num(pathline)": 0.8081307794910564,
        "min(distant)": 0.3375607162870937
    },
    "member4": {
        "max(u)": 0.5488936202565093,
        "max(v)": 0.6534838654289298,
        "max(length)": 0.2726037034651677,
        "num(pathline)": 0.8081307794910564,
        "min(distant)": 0.3375607162870937
    },
    "member5": {
        "max(u)": 0.5488936202565093,
        "max(v)": 0.6534838654289298,
        "max(length)": 0.2726037034651677,
        "num(pathline)": 0.8081307794910564,
        "min(distant)": 0.3375607162870937
    },
    "member6": {
        "max(u)": 0.5488936202565093,
        "max(v)": 0.6534838654289298,
        "max(length)": 0.2726037034651677,
        "num(pathline)": 0.8081307794910564,
        "min(distant)": 0.3375607162870937
    },
    "member7": {
        "max(u)": 0.5488936202565093,
        "max(v)": 0.6534838654289298,
        "max(length)": 0.2726037034651677,
        "num(pathline)": 0.8081307794910564,
        "min(distant)": 0.3375607162870937
    },
    "member8": {
        "max(u)": 0.5488936202565093,
        "max(v)": 0.6534838654289298,
        "max(length)": 0.2726037034651677,
        "num(pathline)": 0.8081307794910564,
        "min(distant)": 0.3375607162870937
    },
    "member9": {
        "max(u)": 0.5488936202565093,
        "max(v)": 0.6534838654289298,
        "max(length)": 0.2726037034651677,
        "num(pathline)": 0.8081307794910564,
        "min(distant)": 0.3375607162870937
    },
    "member10": {
        "max(u)": 0.5488936202565093,
        "max(v)": 0.6534838654289298,
        "max(length)": 0.2726037034651677,
        "num(pathline)": 0.8081307794910564,
        "min(distant)": 0.3375607162870937
    },
    "member11": {
        "max(u)": 0.5488936202565093,
        "max(v)": 0.6534838654289298,
        "max(length)": 0.2726037034651677,
        "num(pathline)": 0.8081307794910564,
        "min(distant)": 0.3375607162870937
    },
    "member12": {
        "max(u)": 0.5488936202565093,
        "max(v)": 0.6534838654289298,
        "max(length)": 0.2726037034651677,
        "num(pathline)": 0.8081307794910564,
        "min(distant)": 0.3375607162870937
    },
    "member13": {
        "max(u)": 0.5488936202565093,
        "max(v)": 0.6534838654289298,
        "max(length)": 0.2726037034651677,
        "num(pathline)": 0.8081307794910564,
        "min(distant)": 0.3375607162870937
    },
    "member14": {
        "max(u)": 0.5488936202565093,
        "max(v)": 0.6534838654289298,
        "max(length)": 0.2726037034651677,
        "num(pathline)": 0.8081307794910564,
        "min(distant)": 0.3375607162870937
    },
    "member15": {
        "max(u)": 0.5488936202565093,
        "max(v)": 0.6534838654289298,
        "max(length)": 0.2726037034651677,
        "num(pathline)": 0.8081307794910564,
        "min(distant)": 0.3375607162870937
    },
    "member16": {
        "max(u)": 0.5488936202565093,
        "max(v)": 0.6534838654289298,
        "max(length)": 0.2726037034651677,
        "num(pathline)": 0.8081307794910564,
        "min(distant)": 0.3375607162870937
    },
    "member17": {
        "max(u)": 0.5488936202565093,
        "max(v)": 0.6534838654289298,
        "max(length)": 0.2726037034651677,
        "num(pathline)": 0.8081307794910564,
        "min(distant)": 0.3375607162870937
    },
    "member18": {
        "max(u)": 0.5488936202565093,
        "max(v)": 0.6534838654289298,
        "max(length)": 0.2726037034651677,
        "num(pathline)": 0.8081307794910564,
        "min(distant)": 0.3375607162870937
    },
    "member19": {
        "max(u)": 0.5488936202565093,
        "max(v)": 0.6534838654289298,
        "max(length)": 0.2726037034651677,
        "num(pathline)": 0.8081307794910564,
        "min(distant)": 0.3375607162870937
    },
    "member20": {
        "max(u)": 0.5488936202565093,
        "max(v)": 0.6534838654289298,
        "max(length)": 0.2726037034651677,
        "num(pathline)": 0.8081307794910564,
        "min(distant)": 0.3375607162870937
    }
}