{
    "member1": {
        "max(u)": 0.784147826233508,
        "max(v)": 0.009886315773782961,
        "max(length)": 0.47047976238651645,
        "num(pathline)": 0.0741556435866515,
        "min(distant)": 0.5656010606712791
    },
    "member2": {
        "max(u)": 0.784147826233508,
        "max(v)": 0.009886315773782961,
        "max(length)": 0.47047976238651645,
        "num(pathline)": 0.0741556435866515,
        "min(distant)": 0.5656010606712791
    },
    "member3": {
        "max(u)": 0.784147826233508,
        "max(v)": 0.009886315773782961,
        "max(length)": 0.47047976238651645,
        "num(pathline)": 0.0741556435866515,
        "min(distant)": 0.5656010606712791
    },
    "member4": {
        "max(u)": 0.784147826233508,
        "max(v)": 0.009886315773782961,
        "max(length)": 0.47047976238651645,
        "num(pathline)": 0.0741556435866515,
        "min(distant)": 0.5656010606712791
    },
    "member5": {
        "max(u)": 0.784147826233508,
        "max(v)": 0.009886315773782961,
        "max(length)": 0.47047976238651645,
        "num(pathline)": 0.0741556435866515,
        "min(distant)": 0.5656010606712791
    },
    "member6": {
        "max(u)": 0.784147826233508,
        "max(v)": 0.009886315773782961,
        "max(length)": 0.47047976238651645,
        "num(pathline)": 0.0741556435866515,
        "min(distant)": 0.5656010606712791
    },
    "member7": {
        "max(u)": 0.784147826233508,
        "max(v)": 0.009886315773782961,
        "max(length)": 0.47047976238651645,
        "num(pathline)": 0.0741556435866515,
        "min(distant)": 0.5656010606712791
    },
    "member8": {
        "max(u)": 0.784147826233508,
        "max(v)": 0.009886315773782961,
        "max(length)": 0.47047976238651645,
        "num(pathline)": 0.0741556435866515,
        "min(distant)": 0.5656010606712791
    },
    "member9": {
        "max(u)": 0.784147826233508,
        "max(v)": 0.009886315773782961,
        "max(length)": 0.47047976238651645,
        "num(pathline)": 0.0741556435866515,
        "min(distant)": 0.5656010606712791
    },
    "member10": {
        "max(u)": 0.784147826233508,
        "max(v)": 0.009886315773782961,
        "max(length)": 0.47047976238651645,
        "num(pathline)": 0.0741556435866515,
        "min(distant)": 0.5656010606712791
    },
    "member11": {
        "max(u)": 0.784147826233508,
        "max(v)": 0.009886315773782961,
        "max(length)": 0.47047976238651645,
        "num(pathline)": 0.0741556435866515,
        "min(distant)": 0.5656010606712791
    },
    "member12": {
        "max(u)": 0.784147826233508,
        "max(v)": 0.009886315773782961,
        "max(length)": 0.47047976238651645,
        "num(pathline)": 0.0741556435866515,
        "min(distant)": 0.5656010606712791
    },
    "member13": {
        "max(u)": 0.784147826233508,
        "max(v)": 0.009886315773782961,
        "max(length)": 0.47047976238651645,
        "num(pathline)": 0.0741556435866515,
        "min(distant)": 0.5656010606712791
    },
    "member14": {
        "max(u)": 0.784147826233508,
        "max(v)": 0.009886315773782961,
        "max(length)": 0.47047976238651645,
        "num(pathline)": 0.0741556435866515,
        "min(distant)": 0.5656010606712791
    },
    "member15": {
        "max(u)": 0.784147826233508,
        "max(v)": 0.009886315773782961,
        "max(length)": 0.47047976238651645,
        "num(pathline)": 0.0741556435866515,
        "min(distant)": 0.5656010606712791
    },
    "member16": {
        "max(u)": 0.784147826233508,
        "max(v)": 0.009886315773782961,
        "max(length)": 0.47047976238651645,
        "num(pathline)": 0.0741556435866515,
        "min(distant)": 0.5656010606712791
    },
    "member17": {
        "max(u)": 0.784147826233508,
        "max(v)": 0.009886315773782961,
        "max(length)": 0.47047976238651645,
        "num(pathline)": 0.0741556435866515,
        "min(distant)": 0.5656010606712791
    },
    "member18": {
        "max(u)": 0.784147826233508,
        "max(v)": 0.009886315773782961,
        "max(length)": 0.47047976238651645,
        "num(pathline)": 0.0741556435866515,
        "min(distant)": 0.5656010606712791
    },
    "member19": {
        "max(u)": 0.784147826233508,
        "max(v)": 0.009886315773782961,
        "max(length)": 0.47047976238651645,
        "num(pathline)": 0.0741556435866515,
        "min(distant)": 0.5656010606712791
    },
    "member20": {
        "max(u)": 0.784147826233508,
        "max(v)": 0.009886315773782961,
        "max(length)": 0.47047976238651645,
        "num(pathline)": 0.0741556435866515,
        "min(distant)": 0.5656010606712791
    }
}