{
    "member1": {
        "max(u)": 0.2766298272458484,
        "max(v)": 0.5734654972424873,
        "max(length)": 0.4206767019399533,
        "num(pathline)": 0.9172918618519872,
        "min(distant)": 0.7251083666585547
    },
    "member2": {
        "max(u)": 0.2766298272458484,
        "max(v)": 0.5734654972424873,
        "max(length)": 0.4206767019399533,
        "num(pathline)": 0.9172918618519872,
        "min(distant)": 0.7251083666585547
    },
    "member3": {
        "max(u)": 0.2766298272458484,
        "max(v)": 0.5734654972424873,
        "max(length)": 0.4206767019399533,
        "num(pathline)": 0.9172918618519872,
        "min(distant)": 0.7251083666585547
    },
    "member4": {
        "max(u)": 0.2766298272458484,
        "max(v)": 0.5734654972424873,
        "max(length)": 0.4206767019399533,
        "num(pathline)": 0.9172918618519872,
        "min(distant)": 0.7251083666585547
    },
    "member5": {
        "max(u)": 0.2766298272458484,
        "max(v)": 0.5734654972424873,
        "max(length)": 0.4206767019399533,
        "num(pathline)": 0.9172918618519872,
        "min(distant)": 0.7251083666585547
    },
    "member6": {
        "max(u)": 0.2766298272458484,
        "max(v)": 0.5734654972424873,
        "max(length)": 0.4206767019399533,
        "num(pathline)": 0.9172918618519872,
        "min(distant)": 0.7251083666585547
    },
    "member7": {
        "max(u)": 0.2766298272458484,
        "max(v)": 0.5734654972424873,
        "max(length)": 0.4206767019399533,
        "num(pathline)": 0.9172918618519872,
        "min(distant)": 0.7251083666585547
    },
    "member8": {
        "max(u)": 0.2766298272458484,
        "max(v)": 0.5734654972424873,
        "max(length)": 0.4206767019399533,
        "num(pathline)": 0.9172918618519872,
        "min(distant)": 0.7251083666585547
    },
    "member9": {
        "max(u)": 0.2766298272458484,
        "max(v)": 0.5734654972424873,
        "max(length)": 0.4206767019399533,
        "num(pathline)": 0.9172918618519872,
        "min(distant)": 0.7251083666585547
    },
    "member10": {
        "max(u)": 0.2766298272458484,
        "max(v)": 0.5734654972424873,
        "max(length)": 0.4206767019399533,
        "num(pathline)": 0.9172918618519872,
        "min(distant)": 0.7251083666585547
    },
    "member11": {
        "max(u)": 0.2766298272458484,
        "max(v)": 0.5734654972424873,
        "max(length)": 0.4206767019399533,
        "num(pathline)": 0.9172918618519872,
        "min(distant)": 0.7251083666585547
    },
    "member12": {
        "max(u)": 0.2766298272458484,
        "max(v)": 0.5734654972424873,
        "max(length)": 0.4206767019399533,
        "num(pathline)": 0.9172918618519872,
        "min(distant)": 0.7251083666585547
    },
    "member13": {
        "max(u)": 0.2766298272458484,
        "max(v)": 0.5734654972424873,
        "max(length)": 0.4206767019399533,
        "num(pathline)": 0.9172918618519872,
        "min(distant)": 0.7251083666585547
    },
    "member14": {
        "max(u)": 0.2766298272458484,
        "max(v)": 0.5734654972424873,
        "max(length)": 0.4206767019399533,
        "num(pathline)": 0.9172918618519872,
        "min(distant)": 0.7251083666585547
    },
    "member15": {
        "max(u)": 0.2766298272458484,
        "max(v)": 0.5734654972424873,
        "max(length)": 0.4206767019399533,
        "num(pathline)": 0.9172918618519872,
        "min(distant)": 0.7251083666585547
    },
    "member16": {
        "max(u)": 0.2766298272458484,
        "max(v)": 0.5734654972424873,
        "max(length)": 0.4206767019399533,
        "num(pathline)": 0.9172918618519872,
        "min(distant)": 0.7251083666585547
    },
    "member17": {
        "max(u)": 0.2766298272458484,
        "max(v)": 0.5734654972424873,
        "max(length)": 0.4206767019399533,
        "num(pathline)": 0.9172918618519872,
        "min(distant)": 0.7251083666585547
    },
    "member18": {
        "max(u)": 0.2766298272458484,
        "max(v)": 0.5734654972424873,
        "max(length)": 0.4206767019399533,
        "num(pathline)": 0.9172918618519872,
        "min(distant)": 0.7251083666585547
    },
    "member19": {
        "max(u)": 0.2766298272458484,
        "max(v)": 0.5734654972424873,
        "max(length)": 0.4206767019399533,
        "num(pathline)": 0.9172918618519872,
        "min(distant)": 0.7251083666585547
    },
    "member20": {
        "max(u)": 0.2766298272458484,
        "max(v)": 0.5734654972424873,
        "max(length)": 0.4206767019399533,
        "num(pathline)": 0.9172918618519872,
        "min(distant)": 0.7251083666585547
    }
}