{
    "member1": {
        "max(u)": 0.21527079690557627,
        "max(v)": 0.5530213182606922,
        "max(length)": 0.9247256453454349,
        "num(pathline)": 0.6281671942903163,
        "min(distant)": 0.4336540006500851
    },
    "member2": {
        "max(u)": 0.21527079690557627,
        "max(v)": 0.5530213182606922,
        "max(length)": 0.9247256453454349,
        "num(pathline)": 0.6281671942903163,
        "min(distant)": 0.4336540006500851
    },
    "member3": {
        "max(u)": 0.21527079690557627,
        "max(v)": 0.5530213182606922,
        "max(length)": 0.9247256453454349,
        "num(pathline)": 0.6281671942903163,
        "min(distant)": 0.4336540006500851
    },
    "member4": {
        "max(u)": 0.21527079690557627,
        "max(v)": 0.5530213182606922,
        "max(length)": 0.9247256453454349,
        "num(pathline)": 0.6281671942903163,
        "min(distant)": 0.4336540006500851
    },
    "member5": {
        "max(u)": 0.21527079690557627,
        "max(v)": 0.5530213182606922,
        "max(length)": 0.9247256453454349,
        "num(pathline)": 0.6281671942903163,
        "min(distant)": 0.4336540006500851
    },
    "member6": {
        "max(u)": 0.21527079690557627,
        "max(v)": 0.5530213182606922,
        "max(length)": 0.9247256453454349,
        "num(pathline)": 0.6281671942903163,
        "min(distant)": 0.4336540006500851
    },
    "member7": {
        "max(u)": 0.21527079690557627,
        "max(v)": 0.5530213182606922,
        "max(length)": 0.9247256453454349,
        "num(pathline)": 0.6281671942903163,
        "min(distant)": 0.4336540006500851
    },
    "member8": {
        "max(u)": 0.21527079690557627,
        "max(v)": 0.5530213182606922,
        "max(length)": 0.9247256453454349,
        "num(pathline)": 0.6281671942903163,
        "min(distant)": 0.4336540006500851
    },
    "member9": {
        "max(u)": 0.21527079690557627,
        "max(v)": 0.5530213182606922,
        "max(length)": 0.9247256453454349,
        "num(pathline)": 0.6281671942903163,
        "min(distant)": 0.4336540006500851
    },
    "member10": {
        "max(u)": 0.21527079690557627,
        "max(v)": 0.5530213182606922,
        "max(length)": 0.9247256453454349,
        "num(pathline)": 0.6281671942903163,
        "min(distant)": 0.4336540006500851
    },
    "member11": {
        "max(u)": 0.21527079690557627,
        "max(v)": 0.5530213182606922,
        "max(length)": 0.9247256453454349,
        "num(pathline)": 0.6281671942903163,
        "min(distant)": 0.4336540006500851
    },
    "member12": {
        "max(u)": 0.21527079690557627,
        "max(v)": 0.5530213182606922,
        "max(length)": 0.9247256453454349,
        "num(pathline)": 0.6281671942903163,
        "min(distant)": 0.4336540006500851
    },
    "member13": {
        "max(u)": 0.21527079690557627,
        "max(v)": 0.5530213182606922,
        "max(length)": 0.9247256453454349,
        "num(pathline)": 0.6281671942903163,
        "min(distant)": 0.4336540006500851
    },
    "member14": {
        "max(u)": 0.21527079690557627,
        "max(v)": 0.5530213182606922,
        "max(length)": 0.9247256453454349,
        "num(pathline)": 0.6281671942903163,
        "min(distant)": 0.4336540006500851
    },
    "member15": {
        "max(u)": 0.21527079690557627,
        "max(v)": 0.5530213182606922,
        "max(length)": 0.9247256453454349,
        "num(pathline)": 0.6281671942903163,
        "min(distant)": 0.4336540006500851
    },
    "member16": {
        "max(u)": 0.21527079690557627,
        "max(v)": 0.5530213182606922,
        "max(length)": 0.9247256453454349,
        "num(pathline)": 0.6281671942903163,
        "min(distant)": 0.4336540006500851
    },
    "member17": {
        "max(u)": 0.21527079690557627,
        "max(v)": 0.5530213182606922,
        "max(length)": 0.9247256453454349,
        "num(pathline)": 0.6281671942903163,
        "min(distant)": 0.4336540006500851
    },
    "member18": {
        "max(u)": 0.21527079690557627,
        "max(v)": 0.5530213182606922,
        "max(length)": 0.9247256453454349,
        "num(pathline)": 0.6281671942903163,
        "min(distant)": 0.4336540006500851
    },
    "member19": {
        "max(u)": 0.21527079690557627,
        "max(v)": 0.5530213182606922,
        "max(length)": 0.9247256453454349,
        "num(pathline)": 0.6281671942903163,
        "min(distant)": 0.4336540006500851
    },
    "member20": {
        "max(u)": 0.21527079690557627,
        "max(v)": 0.5530213182606922,
        "max(length)": 0.9247256453454349,
        "num(pathline)": 0.6281671942903163,
        "min(distant)": 0.4336540006500851
    }
}