{
    "member1": {
        "max(u)": 0.02781954966383715,
        "max(v)": 0.6452055876477039,
        "max(length)": 0.7293244944232397,
        "num(pathline)": 0.40044121782542474,
        "min(distant)": 0.7714794205198554
    },
    "member2": {
        "max(u)": 0.02781954966383715,
        "max(v)": 0.6452055876477039,
        "max(length)": 0.7293244944232397,
        "num(pathline)": 0.40044121782542474,
        "min(distant)": 0.7714794205198554
    },
    "member3": {
        "max(u)": 0.02781954966383715,
        "max(v)": 0.6452055876477039,
        "max(length)": 0.7293244944232397,
        "num(pathline)": 0.40044121782542474,
        "min(distant)": 0.7714794205198554
    },
    "member4": {
        "max(u)": 0.02781954966383715,
        "max(v)": 0.6452055876477039,
        "max(length)": 0.7293244944232397,
        "num(pathline)": 0.40044121782542474,
        "min(distant)": 0.7714794205198554
    },
    "member5": {
        "max(u)": 0.02781954966383715,
        "max(v)": 0.6452055876477039,
        "max(length)": 0.7293244944232397,
        "num(pathline)": 0.40044121782542474,
        "min(distant)": 0.7714794205198554
    },
    "member6": {
        "max(u)": 0.02781954966383715,
        "max(v)": 0.6452055876477039,
        "max(length)": 0.7293244944232397,
        "num(pathline)": 0.40044121782542474,
        "min(distant)": 0.7714794205198554
    },
    "member7": {
        "max(u)": 0.02781954966383715,
        "max(v)": 0.6452055876477039,
        "max(length)": 0.7293244944232397,
        "num(pathline)": 0.40044121782542474,
        "min(distant)": 0.7714794205198554
    },
    "member8": {
        "max(u)": 0.02781954966383715,
        "max(v)": 0.6452055876477039,
        "max(length)": 0.7293244944232397,
        "num(pathline)": 0.40044121782542474,
        "min(distant)": 0.7714794205198554
    },
    "member9": {
        "max(u)": 0.02781954966383715,
        "max(v)": 0.6452055876477039,
        "max(length)": 0.7293244944232397,
        "num(pathline)": 0.40044121782542474,
        "min(distant)": 0.7714794205198554
    },
    "member10": {
        "max(u)": 0.02781954966383715,
        "max(v)": 0.6452055876477039,
        "max(length)": 0.7293244944232397,
        "num(pathline)": 0.40044121782542474,
        "min(distant)": 0.7714794205198554
    },
    "member11": {
        "max(u)": 0.02781954966383715,
        "max(v)": 0.6452055876477039,
        "max(length)": 0.7293244944232397,
        "num(pathline)": 0.40044121782542474,
        "min(distant)": 0.7714794205198554
    },
    "member12": {
        "max(u)": 0.02781954966383715,
        "max(v)": 0.6452055876477039,
        "max(length)": 0.7293244944232397,
        "num(pathline)": 0.40044121782542474,
        "min(distant)": 0.7714794205198554
    },
    "member13": {
        "max(u)": 0.02781954966383715,
        "max(v)": 0.6452055876477039,
        "max(length)": 0.7293244944232397,
        "num(pathline)": 0.40044121782542474,
        "min(distant)": 0.7714794205198554
    },
    "member14": {
        "max(u)": 0.02781954966383715,
        "max(v)": 0.6452055876477039,
        "max(length)": 0.7293244944232397,
        "num(pathline)": 0.40044121782542474,
        "min(distant)": 0.7714794205198554
    },
    "member15": {
        "max(u)": 0.02781954966383715,
        "max(v)": 0.6452055876477039,
        "max(length)": 0.7293244944232397,
        "num(pathline)": 0.40044121782542474,
        "min(distant)": 0.7714794205198554
    },
    "member16": {
        "max(u)": 0.02781954966383715,
        "max(v)": 0.6452055876477039,
        "max(length)": 0.7293244944232397,
        "num(pathline)": 0.40044121782542474,
        "min(distant)": 0.7714794205198554
    },
    "member17": {
        "max(u)": 0.02781954966383715,
        "max(v)": 0.6452055876477039,
        "max(length)": 0.7293244944232397,
        "num(pathline)": 0.40044121782542474,
        "min(distant)": 0.7714794205198554
    },
    "member18": {
        "max(u)": 0.02781954966383715,
        "max(v)": 0.6452055876477039,
        "max(length)": 0.7293244944232397,
        "num(pathline)": 0.40044121782542474,
        "min(distant)": 0.7714794205198554
    },
    "member19": {
        "max(u)": 0.02781954966383715,
        "max(v)": 0.6452055876477039,
        "max(length)": 0.7293244944232397,
        "num(pathline)": 0.40044121782542474,
        "min(distant)": 0.7714794205198554
    },
    "member20": {
        "max(u)": 0.02781954966383715,
        "max(v)": 0.6452055876477039,
        "max(length)": 0.7293244944232397,
        "num(pathline)": 0.40044121782542474,
        "min(distant)": 0.7714794205198554
    }
}