{
    "member1": {
        "max(u)": 0.10411731575782268,
        "max(v)": 0.0864739556968277,
        "max(length)": 0.03869210324690919,
        "num(pathline)": 0.8370935763664213,
        "min(distant)": 0.4850687251685505
    },
    "member2": {
        "max(u)": 0.10411731575782268,
        "max(v)": 0.0864739556968277,
        "max(length)": 0.03869210324690919,
        "num(pathline)": 0.8370935763664213,
        "min(distant)": 0.4850687251685505
    },
    "member3": {
        "max(u)": 0.10411731575782268,
        "max(v)": 0.0864739556968277,
        "max(length)": 0.03869210324690919,
        "num(pathline)": 0.8370935763664213,
        "min(distant)": 0.4850687251685505
    },
    "member4": {
        "max(u)": 0.10411731575782268,
        "max(v)": 0.0864739556968277,
        "max(length)": 0.03869210324690919,
        "num(pathline)": 0.8370935763664213,
        "min(distant)": 0.4850687251685505
    },
    "member5": {
        "max(u)": 0.10411731575782268,
        "max(v)": 0.0864739556968277,
        "max(length)": 0.03869210324690919,
        "num(pathline)": 0.8370935763664213,
        "min(distant)": 0.4850687251685505
    },
    "member6": {
        "max(u)": 0.10411731575782268,
        "max(v)": 0.0864739556968277,
        "max(length)": 0.03869210324690919,
        "num(pathline)": 0.8370935763664213,
        "min(distant)": 0.4850687251685505
    },
    "member7": {
        "max(u)": 0.10411731575782268,
        "max(v)": 0.0864739556968277,
        "max(length)": 0.03869210324690919,
        "num(pathline)": 0.8370935763664213,
        "min(distant)": 0.4850687251685505
    },
    "member8": {
        "max(u)": 0.10411731575782268,
        "max(v)": 0.0864739556968277,
        "max(length)": 0.03869210324690919,
        "num(pathline)": 0.8370935763664213,
        "min(distant)": 0.4850687251685505
    },
    "member9": {
        "max(u)": 0.10411731575782268,
        "max(v)": 0.0864739556968277,
        "max(length)": 0.03869210324690919,
        "num(pathline)": 0.8370935763664213,
        "min(distant)": 0.4850687251685505
    },
    "member10": {
        "max(u)": 0.10411731575782268,
        "max(v)": 0.0864739556968277,
        "max(length)": 0.03869210324690919,
        "num(pathline)": 0.8370935763664213,
        "min(distant)": 0.4850687251685505
    },
    "member11": {
        "max(u)": 0.10411731575782268,
        "max(v)": 0.0864739556968277,
        "max(length)": 0.03869210324690919,
        "num(pathline)": 0.8370935763664213,
        "min(distant)": 0.4850687251685505
    },
    "member12": {
        "max(u)": 0.10411731575782268,
        "max(v)": 0.0864739556968277,
        "max(length)": 0.03869210324690919,
        "num(pathline)": 0.8370935763664213,
        "min(distant)": 0.4850687251685505
    },
    "member13": {
        "max(u)": 0.10411731575782268,
        "max(v)": 0.0864739556968277,
        "max(length)": 0.03869210324690919,
        "num(pathline)": 0.8370935763664213,
        "min(distant)": 0.4850687251685505
    },
    "member14": {
        "max(u)": 0.10411731575782268,
        "max(v)": 0.0864739556968277,
        "max(length)": 0.03869210324690919,
        "num(pathline)": 0.8370935763664213,
        "min(distant)": 0.4850687251685505
    },
    "member15": {
        "max(u)": 0.10411731575782268,
        "max(v)": 0.0864739556968277,
        "max(length)": 0.03869210324690919,
        "num(pathline)": 0.8370935763664213,
        "min(distant)": 0.4850687251685505
    },
    "member16": {
        "max(u)": 0.10411731575782268,
        "max(v)": 0.0864739556968277,
        "max(length)": 0.03869210324690919,
        "num(pathline)": 0.8370935763664213,
        "min(distant)": 0.4850687251685505
    },
    "member17": {
        "max(u)": 0.10411731575782268,
        "max(v)": 0.0864739556968277,
        "max(length)": 0.03869210324690919,
        "num(pathline)": 0.8370935763664213,
        "min(distant)": 0.4850687251685505
    },
    "member18": {
        "max(u)": 0.10411731575782268,
        "max(v)": 0.0864739556968277,
        "max(length)": 0.03869210324690919,
        "num(pathline)": 0.8370935763664213,
        "min(distant)": 0.4850687251685505
    },
    "member19": {
        "max(u)": 0.10411731575782268,
        "max(v)": 0.0864739556968277,
        "max(length)": 0.03869210324690919,
        "num(pathline)": 0.8370935763664213,
        "min(distant)": 0.4850687251685505
    },
    "member20": {
        "max(u)": 0.10411731575782268,
        "max(v)": 0.0864739556968277,
        "max(length)": 0.03869210324690919,
        "num(pathline)": 0.8370935763664213,
        "min(distant)": 0.4850687251685505
    }
}