{
    "member1": {
        "max(u)": 0.0207338502208807,
        "max(v)": 0.47290517560069956,
        "max(length)": 0.5007113339297568,
        "num(pathline)": 0.2725085458901838,
        "min(distant)": 0.28717798156975904
    },
    "member2": {
        "max(u)": 0.0207338502208807,
        "max(v)": 0.47290517560069956,
        "max(length)": 0.5007113339297568,
        "num(pathline)": 0.2725085458901838,
        "min(distant)": 0.28717798156975904
    },
    "member3": {
        "max(u)": 0.0207338502208807,
        "max(v)": 0.47290517560069956,
        "max(length)": 0.5007113339297568,
        "num(pathline)": 0.2725085458901838,
        "min(distant)": 0.28717798156975904
    },
    "member4": {
        "max(u)": 0.0207338502208807,
        "max(v)": 0.47290517560069956,
        "max(length)": 0.5007113339297568,
        "num(pathline)": 0.2725085458901838,
        "min(distant)": 0.28717798156975904
    },
    "member5": {
        "max(u)": 0.0207338502208807,
        "max(v)": 0.47290517560069956,
        "max(length)": 0.5007113339297568,
        "num(pathline)": 0.2725085458901838,
        "min(distant)": 0.28717798156975904
    },
    "member6": {
        "max(u)": 0.0207338502208807,
        "max(v)": 0.47290517560069956,
        "max(length)": 0.5007113339297568,
        "num(pathline)": 0.2725085458901838,
        "min(distant)": 0.28717798156975904
    },
    "member7": {
        "max(u)": 0.0207338502208807,
        "max(v)": 0.47290517560069956,
        "max(length)": 0.5007113339297568,
        "num(pathline)": 0.2725085458901838,
        "min(distant)": 0.28717798156975904
    },
    "member8": {
        "max(u)": 0.0207338502208807,
        "max(v)": 0.47290517560069956,
        "max(length)": 0.5007113339297568,
        "num(pathline)": 0.2725085458901838,
        "min(distant)": 0.28717798156975904
    },
    "member9": {
        "max(u)": 0.0207338502208807,
        "max(v)": 0.47290517560069956,
        "max(length)": 0.5007113339297568,
        "num(pathline)": 0.2725085458901838,
        "min(distant)": 0.28717798156975904
    },
    "member10": {
        "max(u)": 0.0207338502208807,
        "max(v)": 0.47290517560069956,
        "max(length)": 0.5007113339297568,
        "num(pathline)": 0.2725085458901838,
        "min(distant)": 0.28717798156975904
    },
    "member11": {
        "max(u)": 0.0207338502208807,
        "max(v)": 0.47290517560069956,
        "max(length)": 0.5007113339297568,
        "num(pathline)": 0.2725085458901838,
        "min(distant)": 0.28717798156975904
    },
    "member12": {
        "max(u)": 0.0207338502208807,
        "max(v)": 0.47290517560069956,
        "max(length)": 0.5007113339297568,
        "num(pathline)": 0.2725085458901838,
        "min(distant)": 0.28717798156975904
    },
    "member13": {
        "max(u)": 0.0207338502208807,
        "max(v)": 0.47290517560069956,
        "max(length)": 0.5007113339297568,
        "num(pathline)": 0.2725085458901838,
        "min(distant)": 0.28717798156975904
    },
    "member14": {
        "max(u)": 0.0207338502208807,
        "max(v)": 0.47290517560069956,
        "max(length)": 0.5007113339297568,
        "num(pathline)": 0.2725085458901838,
        "min(distant)": 0.28717798156975904
    },
    "member15": {
        "max(u)": 0.0207338502208807,
        "max(v)": 0.47290517560069956,
        "max(length)": 0.5007113339297568,
        "num(pathline)": 0.2725085458901838,
        "min(distant)": 0.28717798156975904
    },
    "member16": {
        "max(u)": 0.0207338502208807,
        "max(v)": 0.47290517560069956,
        "max(length)": 0.5007113339297568,
        "num(pathline)": 0.2725085458901838,
        "min(distant)": 0.28717798156975904
    },
    "member17": {
        "max(u)": 0.0207338502208807,
        "max(v)": 0.47290517560069956,
        "max(length)": 0.5007113339297568,
        "num(pathline)": 0.2725085458901838,
        "min(distant)": 0.28717798156975904
    },
    "member18": {
        "max(u)": 0.0207338502208807,
        "max(v)": 0.47290517560069956,
        "max(length)": 0.5007113339297568,
        "num(pathline)": 0.2725085458901838,
        "min(distant)": 0.28717798156975904
    },
    "member19": {
        "max(u)": 0.0207338502208807,
        "max(v)": 0.47290517560069956,
        "max(length)": 0.5007113339297568,
        "num(pathline)": 0.2725085458901838,
        "min(distant)": 0.28717798156975904
    },
    "member20": {
        "max(u)": 0.0207338502208807,
        "max(v)": 0.47290517560069956,
        "max(length)": 0.5007113339297568,
        "num(pathline)": 0.2725085458901838,
        "min(distant)": 0.28717798156975904
    }
}