{
    "member1": {
        "max(u)": 0.20536774410338365,
        "max(v)": 0.0451142651398051,
        "max(length)": 0.4827415902357587,
        "num(pathline)": 0.8893280641081363,
        "min(distant)": 0.7931333396806632
    },
    "member2": {
        "max(u)": 0.20536774410338365,
        "max(v)": 0.0451142651398051,
        "max(length)": 0.4827415902357587,
        "num(pathline)": 0.8893280641081363,
        "min(distant)": 0.7931333396806632
    },
    "member3": {
        "max(u)": 0.20536774410338365,
        "max(v)": 0.0451142651398051,
        "max(length)": 0.4827415902357587,
        "num(pathline)": 0.8893280641081363,
        "min(distant)": 0.7931333396806632
    },
    "member4": {
        "max(u)": 0.20536774410338365,
        "max(v)": 0.0451142651398051,
        "max(length)": 0.4827415902357587,
        "num(pathline)": 0.8893280641081363,
        "min(distant)": 0.7931333396806632
    },
    "member5": {
        "max(u)": 0.20536774410338365,
        "max(v)": 0.0451142651398051,
        "max(length)": 0.4827415902357587,
        "num(pathline)": 0.8893280641081363,
        "min(distant)": 0.7931333396806632
    },
    "member6": {
        "max(u)": 0.20536774410338365,
        "max(v)": 0.0451142651398051,
        "max(length)": 0.4827415902357587,
        "num(pathline)": 0.8893280641081363,
        "min(distant)": 0.7931333396806632
    },
    "member7": {
        "max(u)": 0.20536774410338365,
        "max(v)": 0.0451142651398051,
        "max(length)": 0.4827415902357587,
        "num(pathline)": 0.8893280641081363,
        "min(distant)": 0.7931333396806632
    },
    "member8": {
        "max(u)": 0.20536774410338365,
        "max(v)": 0.0451142651398051,
        "max(length)": 0.4827415902357587,
        "num(pathline)": 0.8893280641081363,
        "min(distant)": 0.7931333396806632
    },
    "member9": {
        "max(u)": 0.20536774410338365,
        "max(v)": 0.0451142651398051,
        "max(length)": 0.4827415902357587,
        "num(pathline)": 0.8893280641081363,
        "min(distant)": 0.7931333396806632
    },
    "member10": {
        "max(u)": 0.20536774410338365,
        "max(v)": 0.0451142651398051,
        "max(length)": 0.4827415902357587,
        "num(pathline)": 0.8893280641081363,
        "min(distant)": 0.7931333396806632
    },
    "member11": {
        "max(u)": 0.20536774410338365,
        "max(v)": 0.0451142651398051,
        "max(length)": 0.4827415902357587,
        "num(pathline)": 0.8893280641081363,
        "min(distant)": 0.7931333396806632
    },
    "member12": {
        "max(u)": 0.20536774410338365,
        "max(v)": 0.0451142651398051,
        "max(length)": 0.4827415902357587,
        "num(pathline)": 0.8893280641081363,
        "min(distant)": 0.7931333396806632
    },
    "member13": {
        "max(u)": 0.20536774410338365,
        "max(v)": 0.0451142651398051,
        "max(length)": 0.4827415902357587,
        "num(pathline)": 0.8893280641081363,
        "min(distant)": 0.7931333396806632
    },
    "member14": {
        "max(u)": 0.20536774410338365,
        "max(v)": 0.0451142651398051,
        "max(length)": 0.4827415902357587,
        "num(pathline)": 0.8893280641081363,
        "min(distant)": 0.7931333396806632
    },
    "member15": {
        "max(u)": 0.20536774410338365,
        "max(v)": 0.0451142651398051,
        "max(length)": 0.4827415902357587,
        "num(pathline)": 0.8893280641081363,
        "min(distant)": 0.7931333396806632
    },
    "member16": {
        "max(u)": 0.20536774410338365,
        "max(v)": 0.0451142651398051,
        "max(length)": 0.4827415902357587,
        "num(pathline)": 0.8893280641081363,
        "min(distant)": 0.7931333396806632
    },
    "member17": {
        "max(u)": 0.20536774410338365,
        "max(v)": 0.0451142651398051,
        "max(length)": 0.4827415902357587,
        "num(pathline)": 0.8893280641081363,
        "min(distant)": 0.7931333396806632
    },
    "member18": {
        "max(u)": 0.20536774410338365,
        "max(v)": 0.0451142651398051,
        "max(length)": 0.4827415902357587,
        "num(pathline)": 0.8893280641081363,
        "min(distant)": 0.7931333396806632
    },
    "member19": {
        "max(u)": 0.20536774410338365,
        "max(v)": 0.0451142651398051,
        "max(length)": 0.4827415902357587,
        "num(pathline)": 0.8893280641081363,
        "min(distant)": 0.7931333396806632
    },
    "member20": {
        "max(u)": 0.20536774410338365,
        "max(v)": 0.0451142651398051,
        "max(length)": 0.4827415902357587,
        "num(pathline)": 0.8893280641081363,
        "min(distant)": 0.7931333396806632
    }
}