{
    "member1": {
        "max(u)": 0.8435766524301849,
        "max(v)": 0.32371027104975447,
        "max(length)": 0.7687626822085784,
        "num(pathline)": 0.6541163799490693,
        "min(distant)": 0.6781428804623941
    },
    "member2": {
        "max(u)": 0.8435766524301849,
        "max(v)": 0.32371027104975447,
        "max(length)": 0.7687626822085784,
        "num(pathline)": 0.6541163799490693,
        "min(distant)": 0.6781428804623941
    },
    "member3": {
        "max(u)": 0.8435766524301849,
        "max(v)": 0.32371027104975447,
        "max(length)": 0.7687626822085784,
        "num(pathline)": 0.6541163799490693,
        "min(distant)": 0.6781428804623941
    },
    "member4": {
        "max(u)": 0.8435766524301849,
        "max(v)": 0.32371027104975447,
        "max(length)": 0.7687626822085784,
        "num(pathline)": 0.6541163799490693,
        "min(distant)": 0.6781428804623941
    },
    "member5": {
        "max(u)": 0.8435766524301849,
        "max(v)": 0.32371027104975447,
        "max(length)": 0.7687626822085784,
        "num(pathline)": 0.6541163799490693,
        "min(distant)": 0.6781428804623941
    },
    "member6": {
        "max(u)": 0.8435766524301849,
        "max(v)": 0.32371027104975447,
        "max(length)": 0.7687626822085784,
        "num(pathline)": 0.6541163799490693,
        "min(distant)": 0.6781428804623941
    },
    "member7": {
        "max(u)": 0.8435766524301849,
        "max(v)": 0.32371027104975447,
        "max(length)": 0.7687626822085784,
        "num(pathline)": 0.6541163799490693,
        "min(distant)": 0.6781428804623941
    },
    "member8": {
        "max(u)": 0.8435766524301849,
        "max(v)": 0.32371027104975447,
        "max(length)": 0.7687626822085784,
        "num(pathline)": 0.6541163799490693,
        "min(distant)": 0.6781428804623941
    },
    "member9": {
        "max(u)": 0.8435766524301849,
        "max(v)": 0.32371027104975447,
        "max(length)": 0.7687626822085784,
        "num(pathline)": 0.6541163799490693,
        "min(distant)": 0.6781428804623941
    },
    "member10": {
        "max(u)": 0.8435766524301849,
        "max(v)": 0.32371027104975447,
        "max(length)": 0.7687626822085784,
        "num(pathline)": 0.6541163799490693,
        "min(distant)": 0.6781428804623941
    },
    "member11": {
        "max(u)": 0.8435766524301849,
        "max(v)": 0.32371027104975447,
        "max(length)": 0.7687626822085784,
        "num(pathline)": 0.6541163799490693,
        "min(distant)": 0.6781428804623941
    },
    "member12": {
        "max(u)": 0.8435766524301849,
        "max(v)": 0.32371027104975447,
        "max(length)": 0.7687626822085784,
        "num(pathline)": 0.6541163799490693,
        "min(distant)": 0.6781428804623941
    },
    "member13": {
        "max(u)": 0.8435766524301849,
        "max(v)": 0.32371027104975447,
        "max(length)": 0.7687626822085784,
        "num(pathline)": 0.6541163799490693,
        "min(distant)": 0.6781428804623941
    },
    "member14": {
        "max(u)": 0.8435766524301849,
        "max(v)": 0.32371027104975447,
        "max(length)": 0.7687626822085784,
        "num(pathline)": 0.6541163799490693,
        "min(distant)": 0.6781428804623941
    },
    "member15": {
        "max(u)": 0.8435766524301849,
        "max(v)": 0.32371027104975447,
        "max(length)": 0.7687626822085784,
        "num(pathline)": 0.6541163799490693,
        "min(distant)": 0.6781428804623941
    },
    "member16": {
        "max(u)": 0.8435766524301849,
        "max(v)": 0.32371027104975447,
        "max(length)": 0.7687626822085784,
        "num(pathline)": 0.6541163799490693,
        "min(distant)": 0.6781428804623941
    },
    "member17": {
        "max(u)": 0.8435766524301849,
        "max(v)": 0.32371027104975447,
        "max(length)": 0.7687626822085784,
        "num(pathline)": 0.6541163799490693,
        "min(distant)": 0.6781428804623941
    },
    "member18": {
        "max(u)": 0.8435766524301849,
        "max(v)": 0.32371027104975447,
        "max(length)": 0.7687626822085784,
        "num(pathline)": 0.6541163799490693,
        "min(distant)": 0.6781428804623941
    },
    "member19": {
        "max(u)": 0.8435766524301849,
        "max(v)": 0.32371027104975447,
        "max(length)": 0.7687626822085784,
        "num(pathline)": 0.6541163799490693,
        "min(distant)": 0.6781428804623941
    },
    "member20": {
        "max(u)": 0.8435766524301849,
        "max(v)": 0.32371027104975447,
        "max(length)": 0.7687626822085784,
        "num(pathline)": 0.6541163799490693,
        "min(distant)": 0.6781428804623941
    }
}