{
    "member1": {
        "max(u)": 0.3948612397151522,
        "max(v)": 0.1329781443837108,
        "max(length)": 0.5372309142181222,
        "num(pathline)": 0.9879397341115173,
        "min(distant)": 0.9075607112433552
    },
    "member2": {
        "max(u)": 0.3948612397151522,
        "max(v)": 0.1329781443837108,
        "max(length)": 0.5372309142181222,
        "num(pathline)": 0.9879397341115173,
        "min(distant)": 0.9075607112433552
    },
    "member3": {
        "max(u)": 0.3948612397151522,
        "max(v)": 0.1329781443837108,
        "max(length)": 0.5372309142181222,
        "num(pathline)": 0.9879397341115173,
        "min(distant)": 0.9075607112433552
    },
    "member4": {
        "max(u)": 0.3948612397151522,
        "max(v)": 0.1329781443837108,
        "max(length)": 0.5372309142181222,
        "num(pathline)": 0.9879397341115173,
        "min(distant)": 0.9075607112433552
    },
    "member5": {
        "max(u)": 0.3948612397151522,
        "max(v)": 0.1329781443837108,
        "max(length)": 0.5372309142181222,
        "num(pathline)": 0.9879397341115173,
        "min(distant)": 0.9075607112433552
    },
    "member6": {
        "max(u)": 0.3948612397151522,
        "max(v)": 0.1329781443837108,
        "max(length)": 0.5372309142181222,
        "num(pathline)": 0.9879397341115173,
        "min(distant)": 0.9075607112433552
    },
    "member7": {
        "max(u)": 0.3948612397151522,
        "max(v)": 0.1329781443837108,
        "max(length)": 0.5372309142181222,
        "num(pathline)": 0.9879397341115173,
        "min(distant)": 0.9075607112433552
    },
    "member8": {
        "max(u)": 0.3948612397151522,
        "max(v)": 0.1329781443837108,
        "max(length)": 0.5372309142181222,
        "num(pathline)": 0.9879397341115173,
        "min(distant)": 0.9075607112433552
    },
    "member9": {
        "max(u)": 0.3948612397151522,
        "max(v)": 0.1329781443837108,
        "max(length)": 0.5372309142181222,
        "num(pathline)": 0.9879397341115173,
        "min(distant)": 0.9075607112433552
    },
    "member10": {
        "max(u)": 0.3948612397151522,
        "max(v)": 0.1329781443837108,
        "max(length)": 0.5372309142181222,
        "num(pathline)": 0.9879397341115173,
        "min(distant)": 0.9075607112433552
    },
    "member11": {
        "max(u)": 0.3948612397151522,
        "max(v)": 0.1329781443837108,
        "max(length)": 0.5372309142181222,
        "num(pathline)": 0.9879397341115173,
        "min(distant)": 0.9075607112433552
    },
    "member12": {
        "max(u)": 0.3948612397151522,
        "max(v)": 0.1329781443837108,
        "max(length)": 0.5372309142181222,
        "num(pathline)": 0.9879397341115173,
        "min(distant)": 0.9075607112433552
    },
    "member13": {
        "max(u)": 0.3948612397151522,
        "max(v)": 0.1329781443837108,
        "max(length)": 0.5372309142181222,
        "num(pathline)": 0.9879397341115173,
        "min(distant)": 0.9075607112433552
    },
    "member14": {
        "max(u)": 0.3948612397151522,
        "max(v)": 0.1329781443837108,
        "max(length)": 0.5372309142181222,
        "num(pathline)": 0.9879397341115173,
        "min(distant)": 0.9075607112433552
    },
    "member15": {
        "max(u)": 0.3948612397151522,
        "max(v)": 0.1329781443837108,
        "max(length)": 0.5372309142181222,
        "num(pathline)": 0.9879397341115173,
        "min(distant)": 0.9075607112433552
    },
    "member16": {
        "max(u)": 0.3948612397151522,
        "max(v)": 0.1329781443837108,
        "max(length)": 0.5372309142181222,
        "num(pathline)": 0.9879397341115173,
        "min(distant)": 0.9075607112433552
    },
    "member17": {
        "max(u)": 0.3948612397151522,
        "max(v)": 0.1329781443837108,
        "max(length)": 0.5372309142181222,
        "num(pathline)": 0.9879397341115173,
        "min(distant)": 0.9075607112433552
    },
    "member18": {
        "max(u)": 0.3948612397151522,
        "max(v)": 0.1329781443837108,
        "max(length)": 0.5372309142181222,
        "num(pathline)": 0.9879397341115173,
        "min(distant)": 0.9075607112433552
    },
    "member19": {
        "max(u)": 0.3948612397151522,
        "max(v)": 0.1329781443837108,
        "max(length)": 0.5372309142181222,
        "num(pathline)": 0.9879397341115173,
        "min(distant)": 0.9075607112433552
    },
    "member20": {
        "max(u)": 0.3948612397151522,
        "max(v)": 0.1329781443837108,
        "max(length)": 0.5372309142181222,
        "num(pathline)": 0.9879397341115173,
        "min(distant)": 0.9075607112433552
    }
}