{
    "member1": {
        "max(u)": 0.4847667647084317,
        "max(v)": 0.9697816471925567,
        "max(length)": 0.8043842851288392,
        "num(pathline)": 0.49529585419601385,
        "min(distant)": 0.34023567949746425
    },
    "member2": {
        "max(u)": 0.4847667647084317,
        "max(v)": 0.9697816471925567,
        "max(length)": 0.8043842851288392,
        "num(pathline)": 0.49529585419601385,
        "min(distant)": 0.34023567949746425
    },
    "member3": {
        "max(u)": 0.4847667647084317,
        "max(v)": 0.9697816471925567,
        "max(length)": 0.8043842851288392,
        "num(pathline)": 0.49529585419601385,
        "min(distant)": 0.34023567949746425
    },
    "member4": {
        "max(u)": 0.4847667647084317,
        "max(v)": 0.9697816471925567,
        "max(length)": 0.8043842851288392,
        "num(pathline)": 0.49529585419601385,
        "min(distant)": 0.34023567949746425
    },
    "member5": {
        "max(u)": 0.4847667647084317,
        "max(v)": 0.9697816471925567,
        "max(length)": 0.8043842851288392,
        "num(pathline)": 0.49529585419601385,
        "min(distant)": 0.34023567949746425
    },
    "member6": {
        "max(u)": 0.4847667647084317,
        "max(v)": 0.9697816471925567,
        "max(length)": 0.8043842851288392,
        "num(pathline)": 0.49529585419601385,
        "min(distant)": 0.34023567949746425
    },
    "member7": {
        "max(u)": 0.4847667647084317,
        "max(v)": 0.9697816471925567,
        "max(length)": 0.8043842851288392,
        "num(pathline)": 0.49529585419601385,
        "min(distant)": 0.34023567949746425
    },
    "member8": {
        "max(u)": 0.4847667647084317,
        "max(v)": 0.9697816471925567,
        "max(length)": 0.8043842851288392,
        "num(pathline)": 0.49529585419601385,
        "min(distant)": 0.34023567949746425
    },
    "member9": {
        "max(u)": 0.4847667647084317,
        "max(v)": 0.9697816471925567,
        "max(length)": 0.8043842851288392,
        "num(pathline)": 0.49529585419601385,
        "min(distant)": 0.34023567949746425
    },
    "member10": {
        "max(u)": 0.4847667647084317,
        "max(v)": 0.9697816471925567,
        "max(length)": 0.8043842851288392,
        "num(pathline)": 0.49529585419601385,
        "min(distant)": 0.34023567949746425
    },
    "member11": {
        "max(u)": 0.4847667647084317,
        "max(v)": 0.9697816471925567,
        "max(length)": 0.8043842851288392,
        "num(pathline)": 0.49529585419601385,
        "min(distant)": 0.34023567949746425
    },
    "member12": {
        "max(u)": 0.4847667647084317,
        "max(v)": 0.9697816471925567,
        "max(length)": 0.8043842851288392,
        "num(pathline)": 0.49529585419601385,
        "min(distant)": 0.34023567949746425
    },
    "member13": {
        "max(u)": 0.4847667647084317,
        "max(v)": 0.9697816471925567,
        "max(length)": 0.8043842851288392,
        "num(pathline)": 0.49529585419601385,
        "min(distant)": 0.34023567949746425
    },
    "member14": {
        "max(u)": 0.4847667647084317,
        "max(v)": 0.9697816471925567,
        "max(length)": 0.8043842851288392,
        "num(pathline)": 0.49529585419601385,
        "min(distant)": 0.34023567949746425
    },
    "member15": {
        "max(u)": 0.4847667647084317,
        "max(v)": 0.9697816471925567,
        "max(length)": 0.8043842851288392,
        "num(pathline)": 0.49529585419601385,
        "min(distant)": 0.34023567949746425
    },
    "member16": {
        "max(u)": 0.4847667647084317,
        "max(v)": 0.9697816471925567,
        "max(length)": 0.8043842851288392,
        "num(pathline)": 0.49529585419601385,
        "min(distant)": 0.34023567949746425
    },
    "member17": {
        "max(u)": 0.4847667647084317,
        "max(v)": 0.9697816471925567,
        "max(length)": 0.8043842851288392,
        "num(pathline)": 0.49529585419601385,
        "min(distant)": 0.34023567949746425
    },
    "member18": {
        "max(u)": 0.4847667647084317,
        "max(v)": 0.9697816471925567,
        "max(length)": 0.8043842851288392,
        "num(pathline)": 0.49529585419601385,
        "min(distant)": 0.34023567949746425
    },
    "member19": {
        "max(u)": 0.4847667647084317,
        "max(v)": 0.9697816471925567,
        "max(length)": 0.8043842851288392,
        "num(pathline)": 0.49529585419601385,
        "min(distant)": 0.34023567949746425
    },
    "member20": {
        "max(u)": 0.4847667647084317,
        "max(v)": 0.9697816471925567,
        "max(length)": 0.8043842851288392,
        "num(pathline)": 0.49529585419601385,
        "min(distant)": 0.34023567949746425
    }
}