{
    "member1": {
        "max(u)": 0.06563632903057226,
        "max(v)": 0.4431940276444666,
        "max(length)": 0.5707321685495278,
        "num(pathline)": 0.6451886168896518,
        "min(distant)": 0.8864350075795868
    },
    "member2": {
        "max(u)": 0.06563632903057226,
        "max(v)": 0.4431940276444666,
        "max(length)": 0.5707321685495278,
        "num(pathline)": 0.6451886168896518,
        "min(distant)": 0.8864350075795868
    },
    "member3": {
        "max(u)": 0.06563632903057226,
        "max(v)": 0.4431940276444666,
        "max(length)": 0.5707321685495278,
        "num(pathline)": 0.6451886168896518,
        "min(distant)": 0.8864350075795868
    },
    "member4": {
        "max(u)": 0.06563632903057226,
        "max(v)": 0.4431940276444666,
        "max(length)": 0.5707321685495278,
        "num(pathline)": 0.6451886168896518,
        "min(distant)": 0.8864350075795868
    },
    "member5": {
        "max(u)": 0.06563632903057226,
        "max(v)": 0.4431940276444666,
        "max(length)": 0.5707321685495278,
        "num(pathline)": 0.6451886168896518,
        "min(distant)": 0.8864350075795868
    },
    "member6": {
        "max(u)": 0.06563632903057226,
        "max(v)": 0.4431940276444666,
        "max(length)": 0.5707321685495278,
        "num(pathline)": 0.6451886168896518,
        "min(distant)": 0.8864350075795868
    },
    "member7": {
        "max(u)": 0.06563632903057226,
        "max(v)": 0.4431940276444666,
        "max(length)": 0.5707321685495278,
        "num(pathline)": 0.6451886168896518,
        "min(distant)": 0.8864350075795868
    },
    "member8": {
        "max(u)": 0.06563632903057226,
        "max(v)": 0.4431940276444666,
        "max(length)": 0.5707321685495278,
        "num(pathline)": 0.6451886168896518,
        "min(distant)": 0.8864350075795868
    },
    "member9": {
        "max(u)": 0.06563632903057226,
        "max(v)": 0.4431940276444666,
        "max(length)": 0.5707321685495278,
        "num(pathline)": 0.6451886168896518,
        "min(distant)": 0.8864350075795868
    },
    "member10": {
        "max(u)": 0.06563632903057226,
        "max(v)": 0.4431940276444666,
        "max(length)": 0.5707321685495278,
        "num(pathline)": 0.6451886168896518,
        "min(distant)": 0.8864350075795868
    },
    "member11": {
        "max(u)": 0.06563632903057226,
        "max(v)": 0.4431940276444666,
        "max(length)": 0.5707321685495278,
        "num(pathline)": 0.6451886168896518,
        "min(distant)": 0.8864350075795868
    },
    "member12": {
        "max(u)": 0.06563632903057226,
        "max(v)": 0.4431940276444666,
        "max(length)": 0.5707321685495278,
        "num(pathline)": 0.6451886168896518,
        "min(distant)": 0.8864350075795868
    },
    "member13": {
        "max(u)": 0.06563632903057226,
        "max(v)": 0.4431940276444666,
        "max(length)": 0.5707321685495278,
        "num(pathline)": 0.6451886168896518,
        "min(distant)": 0.8864350075795868
    },
    "member14": {
        "max(u)": 0.06563632903057226,
        "max(v)": 0.4431940276444666,
        "max(length)": 0.5707321685495278,
        "num(pathline)": 0.6451886168896518,
        "min(distant)": 0.8864350075795868
    },
    "member15": {
        "max(u)": 0.06563632903057226,
        "max(v)": 0.4431940276444666,
        "max(length)": 0.5707321685495278,
        "num(pathline)": 0.6451886168896518,
        "min(distant)": 0.8864350075795868
    },
    "member16": {
        "max(u)": 0.06563632903057226,
        "max(v)": 0.4431940276444666,
        "max(length)": 0.5707321685495278,
        "num(pathline)": 0.6451886168896518,
        "min(distant)": 0.8864350075795868
    },
    "member17": {
        "max(u)": 0.06563632903057226,
        "max(v)": 0.4431940276444666,
        "max(length)": 0.5707321685495278,
        "num(pathline)": 0.6451886168896518,
        "min(distant)": 0.8864350075795868
    },
    "member18": {
        "max(u)": 0.06563632903057226,
        "max(v)": 0.4431940276444666,
        "max(length)": 0.5707321685495278,
        "num(pathline)": 0.6451886168896518,
        "min(distant)": 0.8864350075795868
    },
    "member19": {
        "max(u)": 0.06563632903057226,
        "max(v)": 0.4431940276444666,
        "max(length)": 0.5707321685495278,
        "num(pathline)": 0.6451886168896518,
        "min(distant)": 0.8864350075795868
    },
    "member20": {
        "max(u)": 0.06563632903057226,
        "max(v)": 0.4431940276444666,
        "max(length)": 0.5707321685495278,
        "num(pathline)": 0.6451886168896518,
        "min(distant)": 0.8864350075795868
    }
}