{
    "member1": {
        "max(u)": 0.21430648543329422,
        "max(v)": 0.3205100357800882,
        "max(length)": 0.47238772741783774,
        "num(pathline)": 0.46060372171046104,
        "min(distant)": 0.0898320571190322
    },
    "member2": {
        "max(u)": 0.21430648543329422,
        "max(v)": 0.3205100357800882,
        "max(length)": 0.47238772741783774,
        "num(pathline)": 0.46060372171046104,
        "min(distant)": 0.0898320571190322
    },
    "member3": {
        "max(u)": 0.21430648543329422,
        "max(v)": 0.3205100357800882,
        "max(length)": 0.47238772741783774,
        "num(pathline)": 0.46060372171046104,
        "min(distant)": 0.0898320571190322
    },
    "member4": {
        "max(u)": 0.21430648543329422,
        "max(v)": 0.3205100357800882,
        "max(length)": 0.47238772741783774,
        "num(pathline)": 0.46060372171046104,
        "min(distant)": 0.0898320571190322
    },
    "member5": {
        "max(u)": 0.21430648543329422,
        "max(v)": 0.3205100357800882,
        "max(length)": 0.47238772741783774,
        "num(pathline)": 0.46060372171046104,
        "min(distant)": 0.0898320571190322
    },
    "member6": {
        "max(u)": 0.21430648543329422,
        "max(v)": 0.3205100357800882,
        "max(length)": 0.47238772741783774,
        "num(pathline)": 0.46060372171046104,
        "min(distant)": 0.0898320571190322
    },
    "member7": {
        "max(u)": 0.21430648543329422,
        "max(v)": 0.3205100357800882,
        "max(length)": 0.47238772741783774,
        "num(pathline)": 0.46060372171046104,
        "min(distant)": 0.0898320571190322
    },
    "member8": {
        "max(u)": 0.21430648543329422,
        "max(v)": 0.3205100357800882,
        "max(length)": 0.47238772741783774,
        "num(pathline)": 0.46060372171046104,
        "min(distant)": 0.0898320571190322
    },
    "member9": {
        "max(u)": 0.21430648543329422,
        "max(v)": 0.3205100357800882,
        "max(length)": 0.47238772741783774,
        "num(pathline)": 0.46060372171046104,
        "min(distant)": 0.0898320571190322
    },
    "member10": {
        "max(u)": 0.21430648543329422,
        "max(v)": 0.3205100357800882,
        "max(length)": 0.47238772741783774,
        "num(pathline)": 0.46060372171046104,
        "min(distant)": 0.0898320571190322
    },
    "member11": {
        "max(u)": 0.21430648543329422,
        "max(v)": 0.3205100357800882,
        "max(length)": 0.47238772741783774,
        "num(pathline)": 0.46060372171046104,
        "min(distant)": 0.0898320571190322
    },
    "member12": {
        "max(u)": 0.21430648543329422,
        "max(v)": 0.3205100357800882,
        "max(length)": 0.47238772741783774,
        "num(pathline)": 0.46060372171046104,
        "min(distant)": 0.0898320571190322
    },
    "member13": {
        "max(u)": 0.21430648543329422,
        "max(v)": 0.3205100357800882,
        "max(length)": 0.47238772741783774,
        "num(pathline)": 0.46060372171046104,
        "min(distant)": 0.0898320571190322
    },
    "member14": {
        "max(u)": 0.21430648543329422,
        "max(v)": 0.3205100357800882,
        "max(length)": 0.47238772741783774,
        "num(pathline)": 0.46060372171046104,
        "min(distant)": 0.0898320571190322
    },
    "member15": {
        "max(u)": 0.21430648543329422,
        "max(v)": 0.3205100357800882,
        "max(length)": 0.47238772741783774,
        "num(pathline)": 0.46060372171046104,
        "min(distant)": 0.0898320571190322
    },
    "member16": {
        "max(u)": 0.21430648543329422,
        "max(v)": 0.3205100357800882,
        "max(length)": 0.47238772741783774,
        "num(pathline)": 0.46060372171046104,
        "min(distant)": 0.0898320571190322
    },
    "member17": {
        "max(u)": 0.21430648543329422,
        "max(v)": 0.3205100357800882,
        "max(length)": 0.47238772741783774,
        "num(pathline)": 0.46060372171046104,
        "min(distant)": 0.0898320571190322
    },
    "member18": {
        "max(u)": 0.21430648543329422,
        "max(v)": 0.3205100357800882,
        "max(length)": 0.47238772741783774,
        "num(pathline)": 0.46060372171046104,
        "min(distant)": 0.0898320571190322
    },
    "member19": {
        "max(u)": 0.21430648543329422,
        "max(v)": 0.3205100357800882,
        "max(length)": 0.47238772741783774,
        "num(pathline)": 0.46060372171046104,
        "min(distant)": 0.0898320571190322
    },
    "member20": {
        "max(u)": 0.21430648543329422,
        "max(v)": 0.3205100357800882,
        "max(length)": 0.47238772741783774,
        "num(pathline)": 0.46060372171046104,
        "min(distant)": 0.0898320571190322
    }
}