{
    "member1": {
        "max(u)": 0.42087938692257654,
        "max(v)": 0.7834888094189952,
        "max(length)": 0.5872091276046634,
        "num(pathline)": 0.16083363220108482,
        "min(distant)": 0.9350344402710797
    },
    "member2": {
        "max(u)": 0.42087938692257654,
        "max(v)": 0.7834888094189952,
        "max(length)": 0.5872091276046634,
        "num(pathline)": 0.16083363220108482,
        "min(distant)": 0.9350344402710797
    },
    "member3": {
        "max(u)": 0.42087938692257654,
        "max(v)": 0.7834888094189952,
        "max(length)": 0.5872091276046634,
        "num(pathline)": 0.16083363220108482,
        "min(distant)": 0.9350344402710797
    },
    "member4": {
        "max(u)": 0.42087938692257654,
        "max(v)": 0.7834888094189952,
        "max(length)": 0.5872091276046634,
        "num(pathline)": 0.16083363220108482,
        "min(distant)": 0.9350344402710797
    },
    "member5": {
        "max(u)": 0.42087938692257654,
        "max(v)": 0.7834888094189952,
        "max(length)": 0.5872091276046634,
        "num(pathline)": 0.16083363220108482,
        "min(distant)": 0.9350344402710797
    },
    "member6": {
        "max(u)": 0.42087938692257654,
        "max(v)": 0.7834888094189952,
        "max(length)": 0.5872091276046634,
        "num(pathline)": 0.16083363220108482,
        "min(distant)": 0.9350344402710797
    },
    "member7": {
        "max(u)": 0.42087938692257654,
        "max(v)": 0.7834888094189952,
        "max(length)": 0.5872091276046634,
        "num(pathline)": 0.16083363220108482,
        "min(distant)": 0.9350344402710797
    },
    "member8": {
        "max(u)": 0.42087938692257654,
        "max(v)": 0.7834888094189952,
        "max(length)": 0.5872091276046634,
        "num(pathline)": 0.16083363220108482,
        "min(distant)": 0.9350344402710797
    },
    "member9": {
        "max(u)": 0.42087938692257654,
        "max(v)": 0.7834888094189952,
        "max(length)": 0.5872091276046634,
        "num(pathline)": 0.16083363220108482,
        "min(distant)": 0.9350344402710797
    },
    "member10": {
        "max(u)": 0.42087938692257654,
        "max(v)": 0.7834888094189952,
        "max(length)": 0.5872091276046634,
        "num(pathline)": 0.16083363220108482,
        "min(distant)": 0.9350344402710797
    },
    "member11": {
        "max(u)": 0.42087938692257654,
        "max(v)": 0.7834888094189952,
        "max(length)": 0.5872091276046634,
        "num(pathline)": 0.16083363220108482,
        "min(distant)": 0.9350344402710797
    },
    "member12": {
        "max(u)": 0.42087938692257654,
        "max(v)": 0.7834888094189952,
        "max(length)": 0.5872091276046634,
        "num(pathline)": 0.16083363220108482,
        "min(distant)": 0.9350344402710797
    },
    "member13": {
        "max(u)": 0.42087938692257654,
        "max(v)": 0.7834888094189952,
        "max(length)": 0.5872091276046634,
        "num(pathline)": 0.16083363220108482,
        "min(distant)": 0.9350344402710797
    },
    "member14": {
        "max(u)": 0.42087938692257654,
        "max(v)": 0.7834888094189952,
        "max(length)": 0.5872091276046634,
        "num(pathline)": 0.16083363220108482,
        "min(distant)": 0.9350344402710797
    },
    "member15": {
        "max(u)": 0.42087938692257654,
        "max(v)": 0.7834888094189952,
        "max(length)": 0.5872091276046634,
        "num(pathline)": 0.16083363220108482,
        "min(distant)": 0.9350344402710797
    },
    "member16": {
        "max(u)": 0.42087938692257654,
        "max(v)": 0.7834888094189952,
        "max(length)": 0.5872091276046634,
        "num(pathline)": 0.16083363220108482,
        "min(distant)": 0.9350344402710797
    },
    "member17": {
        "max(u)": 0.42087938692257654,
        "max(v)": 0.7834888094189952,
        "max(length)": 0.5872091276046634,
        "num(pathline)": 0.16083363220108482,
        "min(distant)": 0.9350344402710797
    },
    "member18": {
        "max(u)": 0.42087938692257654,
        "max(v)": 0.7834888094189952,
        "max(length)": 0.5872091276046634,
        "num(pathline)": 0.16083363220108482,
        "min(distant)": 0.9350344402710797
    },
    "member19": {
        "max(u)": 0.42087938692257654,
        "max(v)": 0.7834888094189952,
        "max(length)": 0.5872091276046634,
        "num(pathline)": 0.16083363220108482,
        "min(distant)": 0.9350344402710797
    },
    "member20": {
        "max(u)": 0.42087938692257654,
        "max(v)": 0.7834888094189952,
        "max(length)": 0.5872091276046634,
        "num(pathline)": 0.16083363220108482,
        "min(distant)": 0.9350344402710797
    }
}