{
    "member1": {
        "max(u)": 0.1300621530747066,
        "max(v)": 0.9228482757897596,
        "max(length)": 0.029099159207241487,
        "num(pathline)": 0.6145832778137132,
        "min(distant)": 0.6553443368368397
    },
    "member2": {
        "max(u)": 0.1300621530747066,
        "max(v)": 0.9228482757897596,
        "max(length)": 0.029099159207241487,
        "num(pathline)": 0.6145832778137132,
        "min(distant)": 0.6553443368368397
    },
    "member3": {
        "max(u)": 0.1300621530747066,
        "max(v)": 0.9228482757897596,
        "max(length)": 0.029099159207241487,
        "num(pathline)": 0.6145832778137132,
        "min(distant)": 0.6553443368368397
    },
    "member4": {
        "max(u)": 0.1300621530747066,
        "max(v)": 0.9228482757897596,
        "max(length)": 0.029099159207241487,
        "num(pathline)": 0.6145832778137132,
        "min(distant)": 0.6553443368368397
    },
    "member5": {
        "max(u)": 0.1300621530747066,
        "max(v)": 0.9228482757897596,
        "max(length)": 0.029099159207241487,
        "num(pathline)": 0.6145832778137132,
        "min(distant)": 0.6553443368368397
    },
    "member6": {
        "max(u)": 0.1300621530747066,
        "max(v)": 0.9228482757897596,
        "max(length)": 0.029099159207241487,
        "num(pathline)": 0.6145832778137132,
        "min(distant)": 0.6553443368368397
    },
    "member7": {
        "max(u)": 0.1300621530747066,
        "max(v)": 0.9228482757897596,
        "max(length)": 0.029099159207241487,
        "num(pathline)": 0.6145832778137132,
        "min(distant)": 0.6553443368368397
    },
    "member8": {
        "max(u)": 0.1300621530747066,
        "max(v)": 0.9228482757897596,
        "max(length)": 0.029099159207241487,
        "num(pathline)": 0.6145832778137132,
        "min(distant)": 0.6553443368368397
    },
    "member9": {
        "max(u)": 0.1300621530747066,
        "max(v)": 0.9228482757897596,
        "max(length)": 0.029099159207241487,
        "num(pathline)": 0.6145832778137132,
        "min(distant)": 0.6553443368368397
    },
    "member10": {
        "max(u)": 0.1300621530747066,
        "max(v)": 0.9228482757897596,
        "max(length)": 0.029099159207241487,
        "num(pathline)": 0.6145832778137132,
        "min(distant)": 0.6553443368368397
    },
    "member11": {
        "max(u)": 0.1300621530747066,
        "max(v)": 0.9228482757897596,
        "max(length)": 0.029099159207241487,
        "num(pathline)": 0.6145832778137132,
        "min(distant)": 0.6553443368368397
    },
    "member12": {
        "max(u)": 0.1300621530747066,
        "max(v)": 0.9228482757897596,
        "max(length)": 0.029099159207241487,
        "num(pathline)": 0.6145832778137132,
        "min(distant)": 0.6553443368368397
    },
    "member13": {
        "max(u)": 0.1300621530747066,
        "max(v)": 0.9228482757897596,
        "max(length)": 0.029099159207241487,
        "num(pathline)": 0.6145832778137132,
        "min(distant)": 0.6553443368368397
    },
    "member14": {
        "max(u)": 0.1300621530747066,
        "max(v)": 0.9228482757897596,
        "max(length)": 0.029099159207241487,
        "num(pathline)": 0.6145832778137132,
        "min(distant)": 0.6553443368368397
    },
    "member15": {
        "max(u)": 0.1300621530747066,
        "max(v)": 0.9228482757897596,
        "max(length)": 0.029099159207241487,
        "num(pathline)": 0.6145832778137132,
        "min(distant)": 0.6553443368368397
    },
    "member16": {
        "max(u)": 0.1300621530747066,
        "max(v)": 0.9228482757897596,
        "max(length)": 0.029099159207241487,
        "num(pathline)": 0.6145832778137132,
        "min(distant)": 0.6553443368368397
    },
    "member17": {
        "max(u)": 0.1300621530747066,
        "max(v)": 0.9228482757897596,
        "max(length)": 0.029099159207241487,
        "num(pathline)": 0.6145832778137132,
        "min(distant)": 0.6553443368368397
    },
    "member18": {
        "max(u)": 0.1300621530747066,
        "max(v)": 0.9228482757897596,
        "max(length)": 0.029099159207241487,
        "num(pathline)": 0.6145832778137132,
        "min(distant)": 0.6553443368368397
    },
    "member19": {
        "max(u)": 0.1300621530747066,
        "max(v)": 0.9228482757897596,
        "max(length)": 0.029099159207241487,
        "num(pathline)": 0.6145832778137132,
        "min(distant)": 0.6553443368368397
    },
    "member20": {
        "max(u)": 0.1300621530747066,
        "max(v)": 0.9228482757897596,
        "max(length)": 0.029099159207241487,
        "num(pathline)": 0.6145832778137132,
        "min(distant)": 0.6553443368368397
    }
}