{
    "member1": {
        "max(u)": 0.7030995790504363,
        "max(v)": 0.2211091495032682,
        "max(length)": 0.27554699816718187,
        "num(pathline)": 0.602943209393106,
        "min(distant)": 0.40622955931643967
    },
    "member2": {
        "max(u)": 0.7030995790504363,
        "max(v)": 0.2211091495032682,
        "max(length)": 0.27554699816718187,
        "num(pathline)": 0.602943209393106,
        "min(distant)": 0.40622955931643967
    },
    "member3": {
        "max(u)": 0.7030995790504363,
        "max(v)": 0.2211091495032682,
        "max(length)": 0.27554699816718187,
        "num(pathline)": 0.602943209393106,
        "min(distant)": 0.40622955931643967
    },
    "member4": {
        "max(u)": 0.7030995790504363,
        "max(v)": 0.2211091495032682,
        "max(length)": 0.27554699816718187,
        "num(pathline)": 0.602943209393106,
        "min(distant)": 0.40622955931643967
    },
    "member5": {
        "max(u)": 0.7030995790504363,
        "max(v)": 0.2211091495032682,
        "max(length)": 0.27554699816718187,
        "num(pathline)": 0.602943209393106,
        "min(distant)": 0.40622955931643967
    },
    "member6": {
        "max(u)": 0.7030995790504363,
        "max(v)": 0.2211091495032682,
        "max(length)": 0.27554699816718187,
        "num(pathline)": 0.602943209393106,
        "min(distant)": 0.40622955931643967
    },
    "member7": {
        "max(u)": 0.7030995790504363,
        "max(v)": 0.2211091495032682,
        "max(length)": 0.27554699816718187,
        "num(pathline)": 0.602943209393106,
        "min(distant)": 0.40622955931643967
    },
    "member8": {
        "max(u)": 0.7030995790504363,
        "max(v)": 0.2211091495032682,
        "max(length)": 0.27554699816718187,
        "num(pathline)": 0.602943209393106,
        "min(distant)": 0.40622955931643967
    },
    "member9": {
        "max(u)": 0.7030995790504363,
        "max(v)": 0.2211091495032682,
        "max(length)": 0.27554699816718187,
        "num(pathline)": 0.602943209393106,
        "min(distant)": 0.40622955931643967
    },
    "member10": {
        "max(u)": 0.7030995790504363,
        "max(v)": 0.2211091495032682,
        "max(length)": 0.27554699816718187,
        "num(pathline)": 0.602943209393106,
        "min(distant)": 0.40622955931643967
    },
    "member11": {
        "max(u)": 0.7030995790504363,
        "max(v)": 0.2211091495032682,
        "max(length)": 0.27554699816718187,
        "num(pathline)": 0.602943209393106,
        "min(distant)": 0.40622955931643967
    },
    "member12": {
        "max(u)": 0.7030995790504363,
        "max(v)": 0.2211091495032682,
        "max(length)": 0.27554699816718187,
        "num(pathline)": 0.602943209393106,
        "min(distant)": 0.40622955931643967
    },
    "member13": {
        "max(u)": 0.7030995790504363,
        "max(v)": 0.2211091495032682,
        "max(length)": 0.27554699816718187,
        "num(pathline)": 0.602943209393106,
        "min(distant)": 0.40622955931643967
    },
    "member14": {
        "max(u)": 0.7030995790504363,
        "max(v)": 0.2211091495032682,
        "max(length)": 0.27554699816718187,
        "num(pathline)": 0.602943209393106,
        "min(distant)": 0.40622955931643967
    },
    "member15": {
        "max(u)": 0.7030995790504363,
        "max(v)": 0.2211091495032682,
        "max(length)": 0.27554699816718187,
        "num(pathline)": 0.602943209393106,
        "min(distant)": 0.40622955931643967
    },
    "member16": {
        "max(u)": 0.7030995790504363,
        "max(v)": 0.2211091495032682,
        "max(length)": 0.27554699816718187,
        "num(pathline)": 0.602943209393106,
        "min(distant)": 0.40622955931643967
    },
    "member17": {
        "max(u)": 0.7030995790504363,
        "max(v)": 0.2211091495032682,
        "max(length)": 0.27554699816718187,
        "num(pathline)": 0.602943209393106,
        "min(distant)": 0.40622955931643967
    },
    "member18": {
        "max(u)": 0.7030995790504363,
        "max(v)": 0.2211091495032682,
        "max(length)": 0.27554699816718187,
        "num(pathline)": 0.602943209393106,
        "min(distant)": 0.40622955931643967
    },
    "member19": {
        "max(u)": 0.7030995790504363,
        "max(v)": 0.2211091495032682,
        "max(length)": 0.27554699816718187,
        "num(pathline)": 0.602943209393106,
        "min(distant)": 0.40622955931643967
    },
    "member20": {
        "max(u)": 0.7030995790504363,
        "max(v)": 0.2211091495032682,
        "max(length)": 0.27554699816718187,
        "num(pathline)": 0.602943209393106,
        "min(distant)": 0.40622955931643967
    }
}