{
    "member1": {
        "max(u)": 0.05128650164651216,
        "max(v)": 0.4430019669169951,
        "max(length)": 0.04026384090205559,
        "num(pathline)": 0.026532330656931835,
        "min(distant)": 0.6931912276536901
    },
    "member2": {
        "max(u)": 0.05128650164651216,
        "max(v)": 0.4430019669169951,
        "max(length)": 0.04026384090205559,
        "num(pathline)": 0.026532330656931835,
        "min(distant)": 0.6931912276536901
    },
    "member3": {
        "max(u)": 0.05128650164651216,
        "max(v)": 0.4430019669169951,
        "max(length)": 0.04026384090205559,
        "num(pathline)": 0.026532330656931835,
        "min(distant)": 0.6931912276536901
    },
    "member4": {
        "max(u)": 0.05128650164651216,
        "max(v)": 0.4430019669169951,
        "max(length)": 0.04026384090205559,
        "num(pathline)": 0.026532330656931835,
        "min(distant)": 0.6931912276536901
    },
    "member5": {
        "max(u)": 0.05128650164651216,
        "max(v)": 0.4430019669169951,
        "max(length)": 0.04026384090205559,
        "num(pathline)": 0.026532330656931835,
        "min(distant)": 0.6931912276536901
    },
    "member6": {
        "max(u)": 0.05128650164651216,
        "max(v)": 0.4430019669169951,
        "max(length)": 0.04026384090205559,
        "num(pathline)": 0.026532330656931835,
        "min(distant)": 0.6931912276536901
    },
    "member7": {
        "max(u)": 0.05128650164651216,
        "max(v)": 0.4430019669169951,
        "max(length)": 0.04026384090205559,
        "num(pathline)": 0.026532330656931835,
        "min(distant)": 0.6931912276536901
    },
    "member8": {
        "max(u)": 0.05128650164651216,
        "max(v)": 0.4430019669169951,
        "max(length)": 0.04026384090205559,
        "num(pathline)": 0.026532330656931835,
        "min(distant)": 0.6931912276536901
    },
    "member9": {
        "max(u)": 0.05128650164651216,
        "max(v)": 0.4430019669169951,
        "max(length)": 0.04026384090205559,
        "num(pathline)": 0.026532330656931835,
        "min(distant)": 0.6931912276536901
    },
    "member10": {
        "max(u)": 0.05128650164651216,
        "max(v)": 0.4430019669169951,
        "max(length)": 0.04026384090205559,
        "num(pathline)": 0.026532330656931835,
        "min(distant)": 0.6931912276536901
    },
    "member11": {
        "max(u)": 0.05128650164651216,
        "max(v)": 0.4430019669169951,
        "max(length)": 0.04026384090205559,
        "num(pathline)": 0.026532330656931835,
        "min(distant)": 0.6931912276536901
    },
    "member12": {
        "max(u)": 0.05128650164651216,
        "max(v)": 0.4430019669169951,
        "max(length)": 0.04026384090205559,
        "num(pathline)": 0.026532330656931835,
        "min(distant)": 0.6931912276536901
    },
    "member13": {
        "max(u)": 0.05128650164651216,
        "max(v)": 0.4430019669169951,
        "max(length)": 0.04026384090205559,
        "num(pathline)": 0.026532330656931835,
        "min(distant)": 0.6931912276536901
    },
    "member14": {
        "max(u)": 0.05128650164651216,
        "max(v)": 0.4430019669169951,
        "max(length)": 0.04026384090205559,
        "num(pathline)": 0.026532330656931835,
        "min(distant)": 0.6931912276536901
    },
    "member15": {
        "max(u)": 0.05128650164651216,
        "max(v)": 0.4430019669169951,
        "max(length)": 0.04026384090205559,
        "num(pathline)": 0.026532330656931835,
        "min(distant)": 0.6931912276536901
    },
    "member16": {
        "max(u)": 0.05128650164651216,
        "max(v)": 0.4430019669169951,
        "max(length)": 0.04026384090205559,
        "num(pathline)": 0.026532330656931835,
        "min(distant)": 0.6931912276536901
    },
    "member17": {
        "max(u)": 0.05128650164651216,
        "max(v)": 0.4430019669169951,
        "max(length)": 0.04026384090205559,
        "num(pathline)": 0.026532330656931835,
        "min(distant)": 0.6931912276536901
    },
    "member18": {
        "max(u)": 0.05128650164651216,
        "max(v)": 0.4430019669169951,
        "max(length)": 0.04026384090205559,
        "num(pathline)": 0.026532330656931835,
        "min(distant)": 0.6931912276536901
    },
    "member19": {
        "max(u)": 0.05128650164651216,
        "max(v)": 0.4430019669169951,
        "max(length)": 0.04026384090205559,
        "num(pathline)": 0.026532330656931835,
        "min(distant)": 0.6931912276536901
    },
    "member20": {
        "max(u)": 0.05128650164651216,
        "max(v)": 0.4430019669169951,
        "max(length)": 0.04026384090205559,
        "num(pathline)": 0.026532330656931835,
        "min(distant)": 0.6931912276536901
    }
}