{
    "member1": {
        "max(u)": 0.4109566001217071,
        "max(v)": 0.25028772800190136,
        "max(length)": 0.553659307023001,
        "num(pathline)": 0.5472086176519599,
        "min(distant)": 0.7400936646188602
    },
    "member2": {
        "max(u)": 0.4109566001217071,
        "max(v)": 0.25028772800190136,
        "max(length)": 0.553659307023001,
        "num(pathline)": 0.5472086176519599,
        "min(distant)": 0.7400936646188602
    },
    "member3": {
        "max(u)": 0.4109566001217071,
        "max(v)": 0.25028772800190136,
        "max(length)": 0.553659307023001,
        "num(pathline)": 0.5472086176519599,
        "min(distant)": 0.7400936646188602
    },
    "member4": {
        "max(u)": 0.4109566001217071,
        "max(v)": 0.25028772800190136,
        "max(length)": 0.553659307023001,
        "num(pathline)": 0.5472086176519599,
        "min(distant)": 0.7400936646188602
    },
    "member5": {
        "max(u)": 0.4109566001217071,
        "max(v)": 0.25028772800190136,
        "max(length)": 0.553659307023001,
        "num(pathline)": 0.5472086176519599,
        "min(distant)": 0.7400936646188602
    },
    "member6": {
        "max(u)": 0.4109566001217071,
        "max(v)": 0.25028772800190136,
        "max(length)": 0.553659307023001,
        "num(pathline)": 0.5472086176519599,
        "min(distant)": 0.7400936646188602
    },
    "member7": {
        "max(u)": 0.4109566001217071,
        "max(v)": 0.25028772800190136,
        "max(length)": 0.553659307023001,
        "num(pathline)": 0.5472086176519599,
        "min(distant)": 0.7400936646188602
    },
    "member8": {
        "max(u)": 0.4109566001217071,
        "max(v)": 0.25028772800190136,
        "max(length)": 0.553659307023001,
        "num(pathline)": 0.5472086176519599,
        "min(distant)": 0.7400936646188602
    },
    "member9": {
        "max(u)": 0.4109566001217071,
        "max(v)": 0.25028772800190136,
        "max(length)": 0.553659307023001,
        "num(pathline)": 0.5472086176519599,
        "min(distant)": 0.7400936646188602
    },
    "member10": {
        "max(u)": 0.4109566001217071,
        "max(v)": 0.25028772800190136,
        "max(length)": 0.553659307023001,
        "num(pathline)": 0.5472086176519599,
        "min(distant)": 0.7400936646188602
    },
    "member11": {
        "max(u)": 0.4109566001217071,
        "max(v)": 0.25028772800190136,
        "max(length)": 0.553659307023001,
        "num(pathline)": 0.5472086176519599,
        "min(distant)": 0.7400936646188602
    },
    "member12": {
        "max(u)": 0.4109566001217071,
        "max(v)": 0.25028772800190136,
        "max(length)": 0.553659307023001,
        "num(pathline)": 0.5472086176519599,
        "min(distant)": 0.7400936646188602
    },
    "member13": {
        "max(u)": 0.4109566001217071,
        "max(v)": 0.25028772800190136,
        "max(length)": 0.553659307023001,
        "num(pathline)": 0.5472086176519599,
        "min(distant)": 0.7400936646188602
    },
    "member14": {
        "max(u)": 0.4109566001217071,
        "max(v)": 0.25028772800190136,
        "max(length)": 0.553659307023001,
        "num(pathline)": 0.5472086176519599,
        "min(distant)": 0.7400936646188602
    },
    "member15": {
        "max(u)": 0.4109566001217071,
        "max(v)": 0.25028772800190136,
        "max(length)": 0.553659307023001,
        "num(pathline)": 0.5472086176519599,
        "min(distant)": 0.7400936646188602
    },
    "member16": {
        "max(u)": 0.4109566001217071,
        "max(v)": 0.25028772800190136,
        "max(length)": 0.553659307023001,
        "num(pathline)": 0.5472086176519599,
        "min(distant)": 0.7400936646188602
    },
    "member17": {
        "max(u)": 0.4109566001217071,
        "max(v)": 0.25028772800190136,
        "max(length)": 0.553659307023001,
        "num(pathline)": 0.5472086176519599,
        "min(distant)": 0.7400936646188602
    },
    "member18": {
        "max(u)": 0.4109566001217071,
        "max(v)": 0.25028772800190136,
        "max(length)": 0.553659307023001,
        "num(pathline)": 0.5472086176519599,
        "min(distant)": 0.7400936646188602
    },
    "member19": {
        "max(u)": 0.4109566001217071,
        "max(v)": 0.25028772800190136,
        "max(length)": 0.553659307023001,
        "num(pathline)": 0.5472086176519599,
        "min(distant)": 0.7400936646188602
    },
    "member20": {
        "max(u)": 0.4109566001217071,
        "max(v)": 0.25028772800190136,
        "max(length)": 0.553659307023001,
        "num(pathline)": 0.5472086176519599,
        "min(distant)": 0.7400936646188602
    }
}