{
    "member1": {
        "max(u)": 0.33339684998244257,
        "max(v)": 0.6181323900364244,
        "max(length)": 0.36678212685378087,
        "num(pathline)": 0.21678041559435535,
        "min(distant)": 0.4585435304170725
    },
    "member2": {
        "max(u)": 0.33339684998244257,
        "max(v)": 0.6181323900364244,
        "max(length)": 0.36678212685378087,
        "num(pathline)": 0.21678041559435535,
        "min(distant)": 0.4585435304170725
    },
    "member3": {
        "max(u)": 0.33339684998244257,
        "max(v)": 0.6181323900364244,
        "max(length)": 0.36678212685378087,
        "num(pathline)": 0.21678041559435535,
        "min(distant)": 0.4585435304170725
    },
    "member4": {
        "max(u)": 0.33339684998244257,
        "max(v)": 0.6181323900364244,
        "max(length)": 0.36678212685378087,
        "num(pathline)": 0.21678041559435535,
        "min(distant)": 0.4585435304170725
    },
    "member5": {
        "max(u)": 0.33339684998244257,
        "max(v)": 0.6181323900364244,
        "max(length)": 0.36678212685378087,
        "num(pathline)": 0.21678041559435535,
        "min(distant)": 0.4585435304170725
    },
    "member6": {
        "max(u)": 0.33339684998244257,
        "max(v)": 0.6181323900364244,
        "max(length)": 0.36678212685378087,
        "num(pathline)": 0.21678041559435535,
        "min(distant)": 0.4585435304170725
    },
    "member7": {
        "max(u)": 0.33339684998244257,
        "max(v)": 0.6181323900364244,
        "max(length)": 0.36678212685378087,
        "num(pathline)": 0.21678041559435535,
        "min(distant)": 0.4585435304170725
    },
    "member8": {
        "max(u)": 0.33339684998244257,
        "max(v)": 0.6181323900364244,
        "max(length)": 0.36678212685378087,
        "num(pathline)": 0.21678041559435535,
        "min(distant)": 0.4585435304170725
    },
    "member9": {
        "max(u)": 0.33339684998244257,
        "max(v)": 0.6181323900364244,
        "max(length)": 0.36678212685378087,
        "num(pathline)": 0.21678041559435535,
        "min(distant)": 0.4585435304170725
    },
    "member10": {
        "max(u)": 0.33339684998244257,
        "max(v)": 0.6181323900364244,
        "max(length)": 0.36678212685378087,
        "num(pathline)": 0.21678041559435535,
        "min(distant)": 0.4585435304170725
    },
    "member11": {
        "max(u)": 0.33339684998244257,
        "max(v)": 0.6181323900364244,
        "max(length)": 0.36678212685378087,
        "num(pathline)": 0.21678041559435535,
        "min(distant)": 0.4585435304170725
    },
    "member12": {
        "max(u)": 0.33339684998244257,
        "max(v)": 0.6181323900364244,
        "max(length)": 0.36678212685378087,
        "num(pathline)": 0.21678041559435535,
        "min(distant)": 0.4585435304170725
    },
    "member13": {
        "max(u)": 0.33339684998244257,
        "max(v)": 0.6181323900364244,
        "max(length)": 0.36678212685378087,
        "num(pathline)": 0.21678041559435535,
        "min(distant)": 0.4585435304170725
    },
    "member14": {
        "max(u)": 0.33339684998244257,
        "max(v)": 0.6181323900364244,
        "max(length)": 0.36678212685378087,
        "num(pathline)": 0.21678041559435535,
        "min(distant)": 0.4585435304170725
    },
    "member15": {
        "max(u)": 0.33339684998244257,
        "max(v)": 0.6181323900364244,
        "max(length)": 0.36678212685378087,
        "num(pathline)": 0.21678041559435535,
        "min(distant)": 0.4585435304170725
    },
    "member16": {
        "max(u)": 0.33339684998244257,
        "max(v)": 0.6181323900364244,
        "max(length)": 0.36678212685378087,
        "num(pathline)": 0.21678041559435535,
        "min(distant)": 0.4585435304170725
    },
    "member17": {
        "max(u)": 0.33339684998244257,
        "max(v)": 0.6181323900364244,
        "max(length)": 0.36678212685378087,
        "num(pathline)": 0.21678041559435535,
        "min(distant)": 0.4585435304170725
    },
    "member18": {
        "max(u)": 0.33339684998244257,
        "max(v)": 0.6181323900364244,
        "max(length)": 0.36678212685378087,
        "num(pathline)": 0.21678041559435535,
        "min(distant)": 0.4585435304170725
    },
    "member19": {
        "max(u)": 0.33339684998244257,
        "max(v)": 0.6181323900364244,
        "max(length)": 0.36678212685378087,
        "num(pathline)": 0.21678041559435535,
        "min(distant)": 0.4585435304170725
    },
    "member20": {
        "max(u)": 0.33339684998244257,
        "max(v)": 0.6181323900364244,
        "max(length)": 0.36678212685378087,
        "num(pathline)": 0.21678041559435535,
        "min(distant)": 0.4585435304170725
    }
}