{
    "member1": {
        "max(u)": 0.19492473644986807,
        "max(v)": 0.5668416084292618,
        "max(length)": 0.9383666619805016,
        "num(pathline)": 0.7206580458111032,
        "min(distant)": 0.1292009440098426
    },
    "member2": {
        "max(u)": 0.19492473644986807,
        "max(v)": 0.5668416084292618,
        "max(length)": 0.9383666619805016,
        "num(pathline)": 0.7206580458111032,
        "min(distant)": 0.1292009440098426
    },
    "member3": {
        "max(u)": 0.19492473644986807,
        "max(v)": 0.5668416084292618,
        "max(length)": 0.9383666619805016,
        "num(pathline)": 0.7206580458111032,
        "min(distant)": 0.1292009440098426
    },
    "member4": {
        "max(u)": 0.19492473644986807,
        "max(v)": 0.5668416084292618,
        "max(length)": 0.9383666619805016,
        "num(pathline)": 0.7206580458111032,
        "min(distant)": 0.1292009440098426
    },
    "member5": {
        "max(u)": 0.19492473644986807,
        "max(v)": 0.5668416084292618,
        "max(length)": 0.9383666619805016,
        "num(pathline)": 0.7206580458111032,
        "min(distant)": 0.1292009440098426
    },
    "member6": {
        "max(u)": 0.19492473644986807,
        "max(v)": 0.5668416084292618,
        "max(length)": 0.9383666619805016,
        "num(pathline)": 0.7206580458111032,
        "min(distant)": 0.1292009440098426
    },
    "member7": {
        "max(u)": 0.19492473644986807,
        "max(v)": 0.5668416084292618,
        "max(length)": 0.9383666619805016,
        "num(pathline)": 0.7206580458111032,
        "min(distant)": 0.1292009440098426
    },
    "member8": {
        "max(u)": 0.19492473644986807,
        "max(v)": 0.5668416084292618,
        "max(length)": 0.9383666619805016,
        "num(pathline)": 0.7206580458111032,
        "min(distant)": 0.1292009440098426
    },
    "member9": {
        "max(u)": 0.19492473644986807,
        "max(v)": 0.5668416084292618,
        "max(length)": 0.9383666619805016,
        "num(pathline)": 0.7206580458111032,
        "min(distant)": 0.1292009440098426
    },
    "member10": {
        "max(u)": 0.19492473644986807,
        "max(v)": 0.5668416084292618,
        "max(length)": 0.9383666619805016,
        "num(pathline)": 0.7206580458111032,
        "min(distant)": 0.1292009440098426
    },
    "member11": {
        "max(u)": 0.19492473644986807,
        "max(v)": 0.5668416084292618,
        "max(length)": 0.9383666619805016,
        "num(pathline)": 0.7206580458111032,
        "min(distant)": 0.1292009440098426
    },
    "member12": {
        "max(u)": 0.19492473644986807,
        "max(v)": 0.5668416084292618,
        "max(length)": 0.9383666619805016,
        "num(pathline)": 0.7206580458111032,
        "min(distant)": 0.1292009440098426
    },
    "member13": {
        "max(u)": 0.19492473644986807,
        "max(v)": 0.5668416084292618,
        "max(length)": 0.9383666619805016,
        "num(pathline)": 0.7206580458111032,
        "min(distant)": 0.1292009440098426
    },
    "member14": {
        "max(u)": 0.19492473644986807,
        "max(v)": 0.5668416084292618,
        "max(length)": 0.9383666619805016,
        "num(pathline)": 0.7206580458111032,
        "min(distant)": 0.1292009440098426
    },
    "member15": {
        "max(u)": 0.19492473644986807,
        "max(v)": 0.5668416084292618,
        "max(length)": 0.9383666619805016,
        "num(pathline)": 0.7206580458111032,
        "min(distant)": 0.1292009440098426
    },
    "member16": {
        "max(u)": 0.19492473644986807,
        "max(v)": 0.5668416084292618,
        "max(length)": 0.9383666619805016,
        "num(pathline)": 0.7206580458111032,
        "min(distant)": 0.1292009440098426
    },
    "member17": {
        "max(u)": 0.19492473644986807,
        "max(v)": 0.5668416084292618,
        "max(length)": 0.9383666619805016,
        "num(pathline)": 0.7206580458111032,
        "min(distant)": 0.1292009440098426
    },
    "member18": {
        "max(u)": 0.19492473644986807,
        "max(v)": 0.5668416084292618,
        "max(length)": 0.9383666619805016,
        "num(pathline)": 0.7206580458111032,
        "min(distant)": 0.1292009440098426
    },
    "member19": {
        "max(u)": 0.19492473644986807,
        "max(v)": 0.5668416084292618,
        "max(length)": 0.9383666619805016,
        "num(pathline)": 0.7206580458111032,
        "min(distant)": 0.1292009440098426
    },
    "member20": {
        "max(u)": 0.19492473644986807,
        "max(v)": 0.5668416084292618,
        "max(length)": 0.9383666619805016,
        "num(pathline)": 0.7206580458111032,
        "min(distant)": 0.1292009440098426
    }
}