{
    "member1": {
        "max(u)": 0.9166316035936241,
        "max(v)": 0.07362265221453068,
        "max(length)": 0.0865305676315814,
        "num(pathline)": 0.03704077031382236,
        "min(distant)": 0.16400218063411676
    },
    "member2": {
        "max(u)": 0.9166316035936241,
        "max(v)": 0.07362265221453068,
        "max(length)": 0.0865305676315814,
        "num(pathline)": 0.03704077031382236,
        "min(distant)": 0.16400218063411676
    },
    "member3": {
        "max(u)": 0.9166316035936241,
        "max(v)": 0.07362265221453068,
        "max(length)": 0.0865305676315814,
        "num(pathline)": 0.03704077031382236,
        "min(distant)": 0.16400218063411676
    },
    "member4": {
        "max(u)": 0.9166316035936241,
        "max(v)": 0.07362265221453068,
        "max(length)": 0.0865305676315814,
        "num(pathline)": 0.03704077031382236,
        "min(distant)": 0.16400218063411676
    },
    "member5": {
        "max(u)": 0.9166316035936241,
        "max(v)": 0.07362265221453068,
        "max(length)": 0.0865305676315814,
        "num(pathline)": 0.03704077031382236,
        "min(distant)": 0.16400218063411676
    },
    "member6": {
        "max(u)": 0.9166316035936241,
        "max(v)": 0.07362265221453068,
        "max(length)": 0.0865305676315814,
        "num(pathline)": 0.03704077031382236,
        "min(distant)": 0.16400218063411676
    },
    "member7": {
        "max(u)": 0.9166316035936241,
        "max(v)": 0.07362265221453068,
        "max(length)": 0.0865305676315814,
        "num(pathline)": 0.03704077031382236,
        "min(distant)": 0.16400218063411676
    },
    "member8": {
        "max(u)": 0.9166316035936241,
        "max(v)": 0.07362265221453068,
        "max(length)": 0.0865305676315814,
        "num(pathline)": 0.03704077031382236,
        "min(distant)": 0.16400218063411676
    },
    "member9": {
        "max(u)": 0.9166316035936241,
        "max(v)": 0.07362265221453068,
        "max(length)": 0.0865305676315814,
        "num(pathline)": 0.03704077031382236,
        "min(distant)": 0.16400218063411676
    },
    "member10": {
        "max(u)": 0.9166316035936241,
        "max(v)": 0.07362265221453068,
        "max(length)": 0.0865305676315814,
        "num(pathline)": 0.03704077031382236,
        "min(distant)": 0.16400218063411676
    },
    "member11": {
        "max(u)": 0.9166316035936241,
        "max(v)": 0.07362265221453068,
        "max(length)": 0.0865305676315814,
        "num(pathline)": 0.03704077031382236,
        "min(distant)": 0.16400218063411676
    },
    "member12": {
        "max(u)": 0.9166316035936241,
        "max(v)": 0.07362265221453068,
        "max(length)": 0.0865305676315814,
        "num(pathline)": 0.03704077031382236,
        "min(distant)": 0.16400218063411676
    },
    "member13": {
        "max(u)": 0.9166316035936241,
        "max(v)": 0.07362265221453068,
        "max(length)": 0.0865305676315814,
        "num(pathline)": 0.03704077031382236,
        "min(distant)": 0.16400218063411676
    },
    "member14": {
        "max(u)": 0.9166316035936241,
        "max(v)": 0.07362265221453068,
        "max(length)": 0.0865305676315814,
        "num(pathline)": 0.03704077031382236,
        "min(distant)": 0.16400218063411676
    },
    "member15": {
        "max(u)": 0.9166316035936241,
        "max(v)": 0.07362265221453068,
        "max(length)": 0.0865305676315814,
        "num(pathline)": 0.03704077031382236,
        "min(distant)": 0.16400218063411676
    },
    "member16": {
        "max(u)": 0.9166316035936241,
        "max(v)": 0.07362265221453068,
        "max(length)": 0.0865305676315814,
        "num(pathline)": 0.03704077031382236,
        "min(distant)": 0.16400218063411676
    },
    "member17": {
        "max(u)": 0.9166316035936241,
        "max(v)": 0.07362265221453068,
        "max(length)": 0.0865305676315814,
        "num(pathline)": 0.03704077031382236,
        "min(distant)": 0.16400218063411676
    },
    "member18": {
        "max(u)": 0.9166316035936241,
        "max(v)": 0.07362265221453068,
        "max(length)": 0.0865305676315814,
        "num(pathline)": 0.03704077031382236,
        "min(distant)": 0.16400218063411676
    },
    "member19": {
        "max(u)": 0.9166316035936241,
        "max(v)": 0.07362265221453068,
        "max(length)": 0.0865305676315814,
        "num(pathline)": 0.03704077031382236,
        "min(distant)": 0.16400218063411676
    },
    "member20": {
        "max(u)": 0.9166316035936241,
        "max(v)": 0.07362265221453068,
        "max(length)": 0.0865305676315814,
        "num(pathline)": 0.03704077031382236,
        "min(distant)": 0.16400218063411676
    }
}