{
    "member1": {
        "max(u)": 0.21973760935245568,
        "max(v)": 0.7062703632128919,
        "max(length)": 0.7082978805660595,
        "num(pathline)": 0.2146214827261208,
        "min(distant)": 0.1552529738799413
    },
    "member2": {
        "max(u)": 0.21973760935245568,
        "max(v)": 0.7062703632128919,
        "max(length)": 0.7082978805660595,
        "num(pathline)": 0.2146214827261208,
        "min(distant)": 0.1552529738799413
    },
    "member3": {
        "max(u)": 0.21973760935245568,
        "max(v)": 0.7062703632128919,
        "max(length)": 0.7082978805660595,
        "num(pathline)": 0.2146214827261208,
        "min(distant)": 0.1552529738799413
    },
    "member4": {
        "max(u)": 0.21973760935245568,
        "max(v)": 0.7062703632128919,
        "max(length)": 0.7082978805660595,
        "num(pathline)": 0.2146214827261208,
        "min(distant)": 0.1552529738799413
    },
    "member5": {
        "max(u)": 0.21973760935245568,
        "max(v)": 0.7062703632128919,
        "max(length)": 0.7082978805660595,
        "num(pathline)": 0.2146214827261208,
        "min(distant)": 0.1552529738799413
    },
    "member6": {
        "max(u)": 0.21973760935245568,
        "max(v)": 0.7062703632128919,
        "max(length)": 0.7082978805660595,
        "num(pathline)": 0.2146214827261208,
        "min(distant)": 0.1552529738799413
    },
    "member7": {
        "max(u)": 0.21973760935245568,
        "max(v)": 0.7062703632128919,
        "max(length)": 0.7082978805660595,
        "num(pathline)": 0.2146214827261208,
        "min(distant)": 0.1552529738799413
    },
    "member8": {
        "max(u)": 0.21973760935245568,
        "max(v)": 0.7062703632128919,
        "max(length)": 0.7082978805660595,
        "num(pathline)": 0.2146214827261208,
        "min(distant)": 0.1552529738799413
    },
    "member9": {
        "max(u)": 0.21973760935245568,
        "max(v)": 0.7062703632128919,
        "max(length)": 0.7082978805660595,
        "num(pathline)": 0.2146214827261208,
        "min(distant)": 0.1552529738799413
    },
    "member10": {
        "max(u)": 0.21973760935245568,
        "max(v)": 0.7062703632128919,
        "max(length)": 0.7082978805660595,
        "num(pathline)": 0.2146214827261208,
        "min(distant)": 0.1552529738799413
    },
    "member11": {
        "max(u)": 0.21973760935245568,
        "max(v)": 0.7062703632128919,
        "max(length)": 0.7082978805660595,
        "num(pathline)": 0.2146214827261208,
        "min(distant)": 0.1552529738799413
    },
    "member12": {
        "max(u)": 0.21973760935245568,
        "max(v)": 0.7062703632128919,
        "max(length)": 0.7082978805660595,
        "num(pathline)": 0.2146214827261208,
        "min(distant)": 0.1552529738799413
    },
    "member13": {
        "max(u)": 0.21973760935245568,
        "max(v)": 0.7062703632128919,
        "max(length)": 0.7082978805660595,
        "num(pathline)": 0.2146214827261208,
        "min(distant)": 0.1552529738799413
    },
    "member14": {
        "max(u)": 0.21973760935245568,
        "max(v)": 0.7062703632128919,
        "max(length)": 0.7082978805660595,
        "num(pathline)": 0.2146214827261208,
        "min(distant)": 0.1552529738799413
    },
    "member15": {
        "max(u)": 0.21973760935245568,
        "max(v)": 0.7062703632128919,
        "max(length)": 0.7082978805660595,
        "num(pathline)": 0.2146214827261208,
        "min(distant)": 0.1552529738799413
    },
    "member16": {
        "max(u)": 0.21973760935245568,
        "max(v)": 0.7062703632128919,
        "max(length)": 0.7082978805660595,
        "num(pathline)": 0.2146214827261208,
        "min(distant)": 0.1552529738799413
    },
    "member17": {
        "max(u)": 0.21973760935245568,
        "max(v)": 0.7062703632128919,
        "max(length)": 0.7082978805660595,
        "num(pathline)": 0.2146214827261208,
        "min(distant)": 0.1552529738799413
    },
    "member18": {
        "max(u)": 0.21973760935245568,
        "max(v)": 0.7062703632128919,
        "max(length)": 0.7082978805660595,
        "num(pathline)": 0.2146214827261208,
        "min(distant)": 0.1552529738799413
    },
    "member19": {
        "max(u)": 0.21973760935245568,
        "max(v)": 0.7062703632128919,
        "max(length)": 0.7082978805660595,
        "num(pathline)": 0.2146214827261208,
        "min(distant)": 0.1552529738799413
    },
    "member20": {
        "max(u)": 0.21973760935245568,
        "max(v)": 0.7062703632128919,
        "max(length)": 0.7082978805660595,
        "num(pathline)": 0.2146214827261208,
        "min(distant)": 0.1552529738799413
    }
}