{
    "member1": {
        "max(u)": 0.19148553037310134,
        "max(v)": 0.7485649382073825,
        "max(length)": 0.4863403597224748,
        "num(pathline)": 0.8430656403626008,
        "min(distant)": 0.9645165369209462
    },
    "member2": {
        "max(u)": 0.19148553037310134,
        "max(v)": 0.7485649382073825,
        "max(length)": 0.4863403597224748,
        "num(pathline)": 0.8430656403626008,
        "min(distant)": 0.9645165369209462
    },
    "member3": {
        "max(u)": 0.19148553037310134,
        "max(v)": 0.7485649382073825,
        "max(length)": 0.4863403597224748,
        "num(pathline)": 0.8430656403626008,
        "min(distant)": 0.9645165369209462
    },
    "member4": {
        "max(u)": 0.19148553037310134,
        "max(v)": 0.7485649382073825,
        "max(length)": 0.4863403597224748,
        "num(pathline)": 0.8430656403626008,
        "min(distant)": 0.9645165369209462
    },
    "member5": {
        "max(u)": 0.19148553037310134,
        "max(v)": 0.7485649382073825,
        "max(length)": 0.4863403597224748,
        "num(pathline)": 0.8430656403626008,
        "min(distant)": 0.9645165369209462
    },
    "member6": {
        "max(u)": 0.19148553037310134,
        "max(v)": 0.7485649382073825,
        "max(length)": 0.4863403597224748,
        "num(pathline)": 0.8430656403626008,
        "min(distant)": 0.9645165369209462
    },
    "member7": {
        "max(u)": 0.19148553037310134,
        "max(v)": 0.7485649382073825,
        "max(length)": 0.4863403597224748,
        "num(pathline)": 0.8430656403626008,
        "min(distant)": 0.9645165369209462
    },
    "member8": {
        "max(u)": 0.19148553037310134,
        "max(v)": 0.7485649382073825,
        "max(length)": 0.4863403597224748,
        "num(pathline)": 0.8430656403626008,
        "min(distant)": 0.9645165369209462
    },
    "member9": {
        "max(u)": 0.19148553037310134,
        "max(v)": 0.7485649382073825,
        "max(length)": 0.4863403597224748,
        "num(pathline)": 0.8430656403626008,
        "min(distant)": 0.9645165369209462
    },
    "member10": {
        "max(u)": 0.19148553037310134,
        "max(v)": 0.7485649382073825,
        "max(length)": 0.4863403597224748,
        "num(pathline)": 0.8430656403626008,
        "min(distant)": 0.9645165369209462
    },
    "member11": {
        "max(u)": 0.19148553037310134,
        "max(v)": 0.7485649382073825,
        "max(length)": 0.4863403597224748,
        "num(pathline)": 0.8430656403626008,
        "min(distant)": 0.9645165369209462
    },
    "member12": {
        "max(u)": 0.19148553037310134,
        "max(v)": 0.7485649382073825,
        "max(length)": 0.4863403597224748,
        "num(pathline)": 0.8430656403626008,
        "min(distant)": 0.9645165369209462
    },
    "member13": {
        "max(u)": 0.19148553037310134,
        "max(v)": 0.7485649382073825,
        "max(length)": 0.4863403597224748,
        "num(pathline)": 0.8430656403626008,
        "min(distant)": 0.9645165369209462
    },
    "member14": {
        "max(u)": 0.19148553037310134,
        "max(v)": 0.7485649382073825,
        "max(length)": 0.4863403597224748,
        "num(pathline)": 0.8430656403626008,
        "min(distant)": 0.9645165369209462
    },
    "member15": {
        "max(u)": 0.19148553037310134,
        "max(v)": 0.7485649382073825,
        "max(length)": 0.4863403597224748,
        "num(pathline)": 0.8430656403626008,
        "min(distant)": 0.9645165369209462
    },
    "member16": {
        "max(u)": 0.19148553037310134,
        "max(v)": 0.7485649382073825,
        "max(length)": 0.4863403597224748,
        "num(pathline)": 0.8430656403626008,
        "min(distant)": 0.9645165369209462
    },
    "member17": {
        "max(u)": 0.19148553037310134,
        "max(v)": 0.7485649382073825,
        "max(length)": 0.4863403597224748,
        "num(pathline)": 0.8430656403626008,
        "min(distant)": 0.9645165369209462
    },
    "member18": {
        "max(u)": 0.19148553037310134,
        "max(v)": 0.7485649382073825,
        "max(length)": 0.4863403597224748,
        "num(pathline)": 0.8430656403626008,
        "min(distant)": 0.9645165369209462
    },
    "member19": {
        "max(u)": 0.19148553037310134,
        "max(v)": 0.7485649382073825,
        "max(length)": 0.4863403597224748,
        "num(pathline)": 0.8430656403626008,
        "min(distant)": 0.9645165369209462
    },
    "member20": {
        "max(u)": 0.19148553037310134,
        "max(v)": 0.7485649382073825,
        "max(length)": 0.4863403597224748,
        "num(pathline)": 0.8430656403626008,
        "min(distant)": 0.9645165369209462
    }
}