{
    "member1": {
        "max(u)": 0.25916902261972086,
        "max(v)": 0.8341808844724009,
        "max(length)": 0.8642699937609858,
        "num(pathline)": 0.9726535494731631,
        "min(distant)": 0.20502249122706662
    },
    "member2": {
        "max(u)": 0.25916902261972086,
        "max(v)": 0.8341808844724009,
        "max(length)": 0.8642699937609858,
        "num(pathline)": 0.9726535494731631,
        "min(distant)": 0.20502249122706662
    },
    "member3": {
        "max(u)": 0.25916902261972086,
        "max(v)": 0.8341808844724009,
        "max(length)": 0.8642699937609858,
        "num(pathline)": 0.9726535494731631,
        "min(distant)": 0.20502249122706662
    },
    "member4": {
        "max(u)": 0.25916902261972086,
        "max(v)": 0.8341808844724009,
        "max(length)": 0.8642699937609858,
        "num(pathline)": 0.9726535494731631,
        "min(distant)": 0.20502249122706662
    },
    "member5": {
        "max(u)": 0.25916902261972086,
        "max(v)": 0.8341808844724009,
        "max(length)": 0.8642699937609858,
        "num(pathline)": 0.9726535494731631,
        "min(distant)": 0.20502249122706662
    },
    "member6": {
        "max(u)": 0.25916902261972086,
        "max(v)": 0.8341808844724009,
        "max(length)": 0.8642699937609858,
        "num(pathline)": 0.9726535494731631,
        "min(distant)": 0.20502249122706662
    },
    "member7": {
        "max(u)": 0.25916902261972086,
        "max(v)": 0.8341808844724009,
        "max(length)": 0.8642699937609858,
        "num(pathline)": 0.9726535494731631,
        "min(distant)": 0.20502249122706662
    },
    "member8": {
        "max(u)": 0.25916902261972086,
        "max(v)": 0.8341808844724009,
        "max(length)": 0.8642699937609858,
        "num(pathline)": 0.9726535494731631,
        "min(distant)": 0.20502249122706662
    },
    "member9": {
        "max(u)": 0.25916902261972086,
        "max(v)": 0.8341808844724009,
        "max(length)": 0.8642699937609858,
        "num(pathline)": 0.9726535494731631,
        "min(distant)": 0.20502249122706662
    },
    "member10": {
        "max(u)": 0.25916902261972086,
        "max(v)": 0.8341808844724009,
        "max(length)": 0.8642699937609858,
        "num(pathline)": 0.9726535494731631,
        "min(distant)": 0.20502249122706662
    },
    "member11": {
        "max(u)": 0.25916902261972086,
        "max(v)": 0.8341808844724009,
        "max(length)": 0.8642699937609858,
        "num(pathline)": 0.9726535494731631,
        "min(distant)": 0.20502249122706662
    },
    "member12": {
        "max(u)": 0.25916902261972086,
        "max(v)": 0.8341808844724009,
        "max(length)": 0.8642699937609858,
        "num(pathline)": 0.9726535494731631,
        "min(distant)": 0.20502249122706662
    },
    "member13": {
        "max(u)": 0.25916902261972086,
        "max(v)": 0.8341808844724009,
        "max(length)": 0.8642699937609858,
        "num(pathline)": 0.9726535494731631,
        "min(distant)": 0.20502249122706662
    },
    "member14": {
        "max(u)": 0.25916902261972086,
        "max(v)": 0.8341808844724009,
        "max(length)": 0.8642699937609858,
        "num(pathline)": 0.9726535494731631,
        "min(distant)": 0.20502249122706662
    },
    "member15": {
        "max(u)": 0.25916902261972086,
        "max(v)": 0.8341808844724009,
        "max(length)": 0.8642699937609858,
        "num(pathline)": 0.9726535494731631,
        "min(distant)": 0.20502249122706662
    },
    "member16": {
        "max(u)": 0.25916902261972086,
        "max(v)": 0.8341808844724009,
        "max(length)": 0.8642699937609858,
        "num(pathline)": 0.9726535494731631,
        "min(distant)": 0.20502249122706662
    },
    "member17": {
        "max(u)": 0.25916902261972086,
        "max(v)": 0.8341808844724009,
        "max(length)": 0.8642699937609858,
        "num(pathline)": 0.9726535494731631,
        "min(distant)": 0.20502249122706662
    },
    "member18": {
        "max(u)": 0.25916902261972086,
        "max(v)": 0.8341808844724009,
        "max(length)": 0.8642699937609858,
        "num(pathline)": 0.9726535494731631,
        "min(distant)": 0.20502249122706662
    },
    "member19": {
        "max(u)": 0.25916902261972086,
        "max(v)": 0.8341808844724009,
        "max(length)": 0.8642699937609858,
        "num(pathline)": 0.9726535494731631,
        "min(distant)": 0.20502249122706662
    },
    "member20": {
        "max(u)": 0.25916902261972086,
        "max(v)": 0.8341808844724009,
        "max(length)": 0.8642699937609858,
        "num(pathline)": 0.9726535494731631,
        "min(distant)": 0.20502249122706662
    }
}