{
    "member1": {
        "max(u)": 0.19994051430521032,
        "max(v)": 0.4032726714372761,
        "max(length)": 0.3410446329134972,
        "num(pathline)": 0.6191883255868138,
        "min(distant)": 0.08110003417955314
    },
    "member2": {
        "max(u)": 0.19994051430521032,
        "max(v)": 0.4032726714372761,
        "max(length)": 0.3410446329134972,
        "num(pathline)": 0.6191883255868138,
        "min(distant)": 0.08110003417955314
    },
    "member3": {
        "max(u)": 0.19994051430521032,
        "max(v)": 0.4032726714372761,
        "max(length)": 0.3410446329134972,
        "num(pathline)": 0.6191883255868138,
        "min(distant)": 0.08110003417955314
    },
    "member4": {
        "max(u)": 0.19994051430521032,
        "max(v)": 0.4032726714372761,
        "max(length)": 0.3410446329134972,
        "num(pathline)": 0.6191883255868138,
        "min(distant)": 0.08110003417955314
    },
    "member5": {
        "max(u)": 0.19994051430521032,
        "max(v)": 0.4032726714372761,
        "max(length)": 0.3410446329134972,
        "num(pathline)": 0.6191883255868138,
        "min(distant)": 0.08110003417955314
    },
    "member6": {
        "max(u)": 0.19994051430521032,
        "max(v)": 0.4032726714372761,
        "max(length)": 0.3410446329134972,
        "num(pathline)": 0.6191883255868138,
        "min(distant)": 0.08110003417955314
    },
    "member7": {
        "max(u)": 0.19994051430521032,
        "max(v)": 0.4032726714372761,
        "max(length)": 0.3410446329134972,
        "num(pathline)": 0.6191883255868138,
        "min(distant)": 0.08110003417955314
    },
    "member8": {
        "max(u)": 0.19994051430521032,
        "max(v)": 0.4032726714372761,
        "max(length)": 0.3410446329134972,
        "num(pathline)": 0.6191883255868138,
        "min(distant)": 0.08110003417955314
    },
    "member9": {
        "max(u)": 0.19994051430521032,
        "max(v)": 0.4032726714372761,
        "max(length)": 0.3410446329134972,
        "num(pathline)": 0.6191883255868138,
        "min(distant)": 0.08110003417955314
    },
    "member10": {
        "max(u)": 0.19994051430521032,
        "max(v)": 0.4032726714372761,
        "max(length)": 0.3410446329134972,
        "num(pathline)": 0.6191883255868138,
        "min(distant)": 0.08110003417955314
    },
    "member11": {
        "max(u)": 0.19994051430521032,
        "max(v)": 0.4032726714372761,
        "max(length)": 0.3410446329134972,
        "num(pathline)": 0.6191883255868138,
        "min(distant)": 0.08110003417955314
    },
    "member12": {
        "max(u)": 0.19994051430521032,
        "max(v)": 0.4032726714372761,
        "max(length)": 0.3410446329134972,
        "num(pathline)": 0.6191883255868138,
        "min(distant)": 0.08110003417955314
    },
    "member13": {
        "max(u)": 0.19994051430521032,
        "max(v)": 0.4032726714372761,
        "max(length)": 0.3410446329134972,
        "num(pathline)": 0.6191883255868138,
        "min(distant)": 0.08110003417955314
    },
    "member14": {
        "max(u)": 0.19994051430521032,
        "max(v)": 0.4032726714372761,
        "max(length)": 0.3410446329134972,
        "num(pathline)": 0.6191883255868138,
        "min(distant)": 0.08110003417955314
    },
    "member15": {
        "max(u)": 0.19994051430521032,
        "max(v)": 0.4032726714372761,
        "max(length)": 0.3410446329134972,
        "num(pathline)": 0.6191883255868138,
        "min(distant)": 0.08110003417955314
    },
    "member16": {
        "max(u)": 0.19994051430521032,
        "max(v)": 0.4032726714372761,
        "max(length)": 0.3410446329134972,
        "num(pathline)": 0.6191883255868138,
        "min(distant)": 0.08110003417955314
    },
    "member17": {
        "max(u)": 0.19994051430521032,
        "max(v)": 0.4032726714372761,
        "max(length)": 0.3410446329134972,
        "num(pathline)": 0.6191883255868138,
        "min(distant)": 0.08110003417955314
    },
    "member18": {
        "max(u)": 0.19994051430521032,
        "max(v)": 0.4032726714372761,
        "max(length)": 0.3410446329134972,
        "num(pathline)": 0.6191883255868138,
        "min(distant)": 0.08110003417955314
    },
    "member19": {
        "max(u)": 0.19994051430521032,
        "max(v)": 0.4032726714372761,
        "max(length)": 0.3410446329134972,
        "num(pathline)": 0.6191883255868138,
        "min(distant)": 0.08110003417955314
    },
    "member20": {
        "max(u)": 0.19994051430521032,
        "max(v)": 0.4032726714372761,
        "max(length)": 0.3410446329134972,
        "num(pathline)": 0.6191883255868138,
        "min(distant)": 0.08110003417955314
    }
}