{
    "member1": {
        "max(u)": 0.6928434333791208,
        "max(v)": 0.25381608543187195,
        "max(length)": 0.784509967519133,
        "num(pathline)": 0.45559494584248206,
        "min(distant)": 0.8217511658809169
    },
    "member2": {
        "max(u)": 0.6928434333791208,
        "max(v)": 0.25381608543187195,
        "max(length)": 0.784509967519133,
        "num(pathline)": 0.45559494584248206,
        "min(distant)": 0.8217511658809169
    },
    "member3": {
        "max(u)": 0.6928434333791208,
        "max(v)": 0.25381608543187195,
        "max(length)": 0.784509967519133,
        "num(pathline)": 0.45559494584248206,
        "min(distant)": 0.8217511658809169
    },
    "member4": {
        "max(u)": 0.6928434333791208,
        "max(v)": 0.25381608543187195,
        "max(length)": 0.784509967519133,
        "num(pathline)": 0.45559494584248206,
        "min(distant)": 0.8217511658809169
    },
    "member5": {
        "max(u)": 0.6928434333791208,
        "max(v)": 0.25381608543187195,
        "max(length)": 0.784509967519133,
        "num(pathline)": 0.45559494584248206,
        "min(distant)": 0.8217511658809169
    },
    "member6": {
        "max(u)": 0.6928434333791208,
        "max(v)": 0.25381608543187195,
        "max(length)": 0.784509967519133,
        "num(pathline)": 0.45559494584248206,
        "min(distant)": 0.8217511658809169
    },
    "member7": {
        "max(u)": 0.6928434333791208,
        "max(v)": 0.25381608543187195,
        "max(length)": 0.784509967519133,
        "num(pathline)": 0.45559494584248206,
        "min(distant)": 0.8217511658809169
    },
    "member8": {
        "max(u)": 0.6928434333791208,
        "max(v)": 0.25381608543187195,
        "max(length)": 0.784509967519133,
        "num(pathline)": 0.45559494584248206,
        "min(distant)": 0.8217511658809169
    },
    "member9": {
        "max(u)": 0.6928434333791208,
        "max(v)": 0.25381608543187195,
        "max(length)": 0.784509967519133,
        "num(pathline)": 0.45559494584248206,
        "min(distant)": 0.8217511658809169
    },
    "member10": {
        "max(u)": 0.6928434333791208,
        "max(v)": 0.25381608543187195,
        "max(length)": 0.784509967519133,
        "num(pathline)": 0.45559494584248206,
        "min(distant)": 0.8217511658809169
    },
    "member11": {
        "max(u)": 0.6928434333791208,
        "max(v)": 0.25381608543187195,
        "max(length)": 0.784509967519133,
        "num(pathline)": 0.45559494584248206,
        "min(distant)": 0.8217511658809169
    },
    "member12": {
        "max(u)": 0.6928434333791208,
        "max(v)": 0.25381608543187195,
        "max(length)": 0.784509967519133,
        "num(pathline)": 0.45559494584248206,
        "min(distant)": 0.8217511658809169
    },
    "member13": {
        "max(u)": 0.6928434333791208,
        "max(v)": 0.25381608543187195,
        "max(length)": 0.784509967519133,
        "num(pathline)": 0.45559494584248206,
        "min(distant)": 0.8217511658809169
    },
    "member14": {
        "max(u)": 0.6928434333791208,
        "max(v)": 0.25381608543187195,
        "max(length)": 0.784509967519133,
        "num(pathline)": 0.45559494584248206,
        "min(distant)": 0.8217511658809169
    },
    "member15": {
        "max(u)": 0.6928434333791208,
        "max(v)": 0.25381608543187195,
        "max(length)": 0.784509967519133,
        "num(pathline)": 0.45559494584248206,
        "min(distant)": 0.8217511658809169
    },
    "member16": {
        "max(u)": 0.6928434333791208,
        "max(v)": 0.25381608543187195,
        "max(length)": 0.784509967519133,
        "num(pathline)": 0.45559494584248206,
        "min(distant)": 0.8217511658809169
    },
    "member17": {
        "max(u)": 0.6928434333791208,
        "max(v)": 0.25381608543187195,
        "max(length)": 0.784509967519133,
        "num(pathline)": 0.45559494584248206,
        "min(distant)": 0.8217511658809169
    },
    "member18": {
        "max(u)": 0.6928434333791208,
        "max(v)": 0.25381608543187195,
        "max(length)": 0.784509967519133,
        "num(pathline)": 0.45559494584248206,
        "min(distant)": 0.8217511658809169
    },
    "member19": {
        "max(u)": 0.6928434333791208,
        "max(v)": 0.25381608543187195,
        "max(length)": 0.784509967519133,
        "num(pathline)": 0.45559494584248206,
        "min(distant)": 0.8217511658809169
    },
    "member20": {
        "max(u)": 0.6928434333791208,
        "max(v)": 0.25381608543187195,
        "max(length)": 0.784509967519133,
        "num(pathline)": 0.45559494584248206,
        "min(distant)": 0.8217511658809169
    }
}