{
    "member1": {
        "max(u)": 0.7383643284556252,
        "max(v)": 0.2482570347288554,
        "max(length)": 0.6786082590189285,
        "num(pathline)": 0.516845823893722,
        "min(distant)": 0.906885716438872
    },
    "member2": {
        "max(u)": 0.7383643284556252,
        "max(v)": 0.2482570347288554,
        "max(length)": 0.6786082590189285,
        "num(pathline)": 0.516845823893722,
        "min(distant)": 0.906885716438872
    },
    "member3": {
        "max(u)": 0.7383643284556252,
        "max(v)": 0.2482570347288554,
        "max(length)": 0.6786082590189285,
        "num(pathline)": 0.516845823893722,
        "min(distant)": 0.906885716438872
    },
    "member4": {
        "max(u)": 0.7383643284556252,
        "max(v)": 0.2482570347288554,
        "max(length)": 0.6786082590189285,
        "num(pathline)": 0.516845823893722,
        "min(distant)": 0.906885716438872
    },
    "member5": {
        "max(u)": 0.7383643284556252,
        "max(v)": 0.2482570347288554,
        "max(length)": 0.6786082590189285,
        "num(pathline)": 0.516845823893722,
        "min(distant)": 0.906885716438872
    },
    "member6": {
        "max(u)": 0.7383643284556252,
        "max(v)": 0.2482570347288554,
        "max(length)": 0.6786082590189285,
        "num(pathline)": 0.516845823893722,
        "min(distant)": 0.906885716438872
    },
    "member7": {
        "max(u)": 0.7383643284556252,
        "max(v)": 0.2482570347288554,
        "max(length)": 0.6786082590189285,
        "num(pathline)": 0.516845823893722,
        "min(distant)": 0.906885716438872
    },
    "member8": {
        "max(u)": 0.7383643284556252,
        "max(v)": 0.2482570347288554,
        "max(length)": 0.6786082590189285,
        "num(pathline)": 0.516845823893722,
        "min(distant)": 0.906885716438872
    },
    "member9": {
        "max(u)": 0.7383643284556252,
        "max(v)": 0.2482570347288554,
        "max(length)": 0.6786082590189285,
        "num(pathline)": 0.516845823893722,
        "min(distant)": 0.906885716438872
    },
    "member10": {
        "max(u)": 0.7383643284556252,
        "max(v)": 0.2482570347288554,
        "max(length)": 0.6786082590189285,
        "num(pathline)": 0.516845823893722,
        "min(distant)": 0.906885716438872
    },
    "member11": {
        "max(u)": 0.7383643284556252,
        "max(v)": 0.2482570347288554,
        "max(length)": 0.6786082590189285,
        "num(pathline)": 0.516845823893722,
        "min(distant)": 0.906885716438872
    },
    "member12": {
        "max(u)": 0.7383643284556252,
        "max(v)": 0.2482570347288554,
        "max(length)": 0.6786082590189285,
        "num(pathline)": 0.516845823893722,
        "min(distant)": 0.906885716438872
    },
    "member13": {
        "max(u)": 0.7383643284556252,
        "max(v)": 0.2482570347288554,
        "max(length)": 0.6786082590189285,
        "num(pathline)": 0.516845823893722,
        "min(distant)": 0.906885716438872
    },
    "member14": {
        "max(u)": 0.7383643284556252,
        "max(v)": 0.2482570347288554,
        "max(length)": 0.6786082590189285,
        "num(pathline)": 0.516845823893722,
        "min(distant)": 0.906885716438872
    },
    "member15": {
        "max(u)": 0.7383643284556252,
        "max(v)": 0.2482570347288554,
        "max(length)": 0.6786082590189285,
        "num(pathline)": 0.516845823893722,
        "min(distant)": 0.906885716438872
    },
    "member16": {
        "max(u)": 0.7383643284556252,
        "max(v)": 0.2482570347288554,
        "max(length)": 0.6786082590189285,
        "num(pathline)": 0.516845823893722,
        "min(distant)": 0.906885716438872
    },
    "member17": {
        "max(u)": 0.7383643284556252,
        "max(v)": 0.2482570347288554,
        "max(length)": 0.6786082590189285,
        "num(pathline)": 0.516845823893722,
        "min(distant)": 0.906885716438872
    },
    "member18": {
        "max(u)": 0.7383643284556252,
        "max(v)": 0.2482570347288554,
        "max(length)": 0.6786082590189285,
        "num(pathline)": 0.516845823893722,
        "min(distant)": 0.906885716438872
    },
    "member19": {
        "max(u)": 0.7383643284556252,
        "max(v)": 0.2482570347288554,
        "max(length)": 0.6786082590189285,
        "num(pathline)": 0.516845823893722,
        "min(distant)": 0.906885716438872
    },
    "member20": {
        "max(u)": 0.7383643284556252,
        "max(v)": 0.2482570347288554,
        "max(length)": 0.6786082590189285,
        "num(pathline)": 0.516845823893722,
        "min(distant)": 0.906885716438872
    }
}