{
    "member1": {
        "max(u)": 0.784368179959189,
        "max(v)": 0.7955375811934781,
        "max(length)": 0.5842665832749396,
        "num(pathline)": 0.5211480063322789,
        "min(distant)": 0.5783180858790108
    },
    "member2": {
        "max(u)": 0.784368179959189,
        "max(v)": 0.7955375811934781,
        "max(length)": 0.5842665832749396,
        "num(pathline)": 0.5211480063322789,
        "min(distant)": 0.5783180858790108
    },
    "member3": {
        "max(u)": 0.784368179959189,
        "max(v)": 0.7955375811934781,
        "max(length)": 0.5842665832749396,
        "num(pathline)": 0.5211480063322789,
        "min(distant)": 0.5783180858790108
    },
    "member4": {
        "max(u)": 0.784368179959189,
        "max(v)": 0.7955375811934781,
        "max(length)": 0.5842665832749396,
        "num(pathline)": 0.5211480063322789,
        "min(distant)": 0.5783180858790108
    },
    "member5": {
        "max(u)": 0.784368179959189,
        "max(v)": 0.7955375811934781,
        "max(length)": 0.5842665832749396,
        "num(pathline)": 0.5211480063322789,
        "min(distant)": 0.5783180858790108
    },
    "member6": {
        "max(u)": 0.784368179959189,
        "max(v)": 0.7955375811934781,
        "max(length)": 0.5842665832749396,
        "num(pathline)": 0.5211480063322789,
        "min(distant)": 0.5783180858790108
    },
    "member7": {
        "max(u)": 0.784368179959189,
        "max(v)": 0.7955375811934781,
        "max(length)": 0.5842665832749396,
        "num(pathline)": 0.5211480063322789,
        "min(distant)": 0.5783180858790108
    },
    "member8": {
        "max(u)": 0.784368179959189,
        "max(v)": 0.7955375811934781,
        "max(length)": 0.5842665832749396,
        "num(pathline)": 0.5211480063322789,
        "min(distant)": 0.5783180858790108
    },
    "member9": {
        "max(u)": 0.784368179959189,
        "max(v)": 0.7955375811934781,
        "max(length)": 0.5842665832749396,
        "num(pathline)": 0.5211480063322789,
        "min(distant)": 0.5783180858790108
    },
    "member10": {
        "max(u)": 0.784368179959189,
        "max(v)": 0.7955375811934781,
        "max(length)": 0.5842665832749396,
        "num(pathline)": 0.5211480063322789,
        "min(distant)": 0.5783180858790108
    },
    "member11": {
        "max(u)": 0.784368179959189,
        "max(v)": 0.7955375811934781,
        "max(length)": 0.5842665832749396,
        "num(pathline)": 0.5211480063322789,
        "min(distant)": 0.5783180858790108
    },
    "member12": {
        "max(u)": 0.784368179959189,
        "max(v)": 0.7955375811934781,
        "max(length)": 0.5842665832749396,
        "num(pathline)": 0.5211480063322789,
        "min(distant)": 0.5783180858790108
    },
    "member13": {
        "max(u)": 0.784368179959189,
        "max(v)": 0.7955375811934781,
        "max(length)": 0.5842665832749396,
        "num(pathline)": 0.5211480063322789,
        "min(distant)": 0.5783180858790108
    },
    "member14": {
        "max(u)": 0.784368179959189,
        "max(v)": 0.7955375811934781,
        "max(length)": 0.5842665832749396,
        "num(pathline)": 0.5211480063322789,
        "min(distant)": 0.5783180858790108
    },
    "member15": {
        "max(u)": 0.784368179959189,
        "max(v)": 0.7955375811934781,
        "max(length)": 0.5842665832749396,
        "num(pathline)": 0.5211480063322789,
        "min(distant)": 0.5783180858790108
    },
    "member16": {
        "max(u)": 0.784368179959189,
        "max(v)": 0.7955375811934781,
        "max(length)": 0.5842665832749396,
        "num(pathline)": 0.5211480063322789,
        "min(distant)": 0.5783180858790108
    },
    "member17": {
        "max(u)": 0.784368179959189,
        "max(v)": 0.7955375811934781,
        "max(length)": 0.5842665832749396,
        "num(pathline)": 0.5211480063322789,
        "min(distant)": 0.5783180858790108
    },
    "member18": {
        "max(u)": 0.784368179959189,
        "max(v)": 0.7955375811934781,
        "max(length)": 0.5842665832749396,
        "num(pathline)": 0.5211480063322789,
        "min(distant)": 0.5783180858790108
    },
    "member19": {
        "max(u)": 0.784368179959189,
        "max(v)": 0.7955375811934781,
        "max(length)": 0.5842665832749396,
        "num(pathline)": 0.5211480063322789,
        "min(distant)": 0.5783180858790108
    },
    "member20": {
        "max(u)": 0.784368179959189,
        "max(v)": 0.7955375811934781,
        "max(length)": 0.5842665832749396,
        "num(pathline)": 0.5211480063322789,
        "min(distant)": 0.5783180858790108
    }
}