{
    "member1": {
        "max(u)": 0.48176395594617927,
        "max(v)": 0.7666982137242315,
        "max(length)": 0.5301523052103023,
        "num(pathline)": 0.6052913096943227,
        "min(distant)": 0.12453324267523569
    },
    "member2": {
        "max(u)": 0.48176395594617927,
        "max(v)": 0.7666982137242315,
        "max(length)": 0.5301523052103023,
        "num(pathline)": 0.6052913096943227,
        "min(distant)": 0.12453324267523569
    },
    "member3": {
        "max(u)": 0.48176395594617927,
        "max(v)": 0.7666982137242315,
        "max(length)": 0.5301523052103023,
        "num(pathline)": 0.6052913096943227,
        "min(distant)": 0.12453324267523569
    },
    "member4": {
        "max(u)": 0.48176395594617927,
        "max(v)": 0.7666982137242315,
        "max(length)": 0.5301523052103023,
        "num(pathline)": 0.6052913096943227,
        "min(distant)": 0.12453324267523569
    },
    "member5": {
        "max(u)": 0.48176395594617927,
        "max(v)": 0.7666982137242315,
        "max(length)": 0.5301523052103023,
        "num(pathline)": 0.6052913096943227,
        "min(distant)": 0.12453324267523569
    },
    "member6": {
        "max(u)": 0.48176395594617927,
        "max(v)": 0.7666982137242315,
        "max(length)": 0.5301523052103023,
        "num(pathline)": 0.6052913096943227,
        "min(distant)": 0.12453324267523569
    },
    "member7": {
        "max(u)": 0.48176395594617927,
        "max(v)": 0.7666982137242315,
        "max(length)": 0.5301523052103023,
        "num(pathline)": 0.6052913096943227,
        "min(distant)": 0.12453324267523569
    },
    "member8": {
        "max(u)": 0.48176395594617927,
        "max(v)": 0.7666982137242315,
        "max(length)": 0.5301523052103023,
        "num(pathline)": 0.6052913096943227,
        "min(distant)": 0.12453324267523569
    },
    "member9": {
        "max(u)": 0.48176395594617927,
        "max(v)": 0.7666982137242315,
        "max(length)": 0.5301523052103023,
        "num(pathline)": 0.6052913096943227,
        "min(distant)": 0.12453324267523569
    },
    "member10": {
        "max(u)": 0.48176395594617927,
        "max(v)": 0.7666982137242315,
        "max(length)": 0.5301523052103023,
        "num(pathline)": 0.6052913096943227,
        "min(distant)": 0.12453324267523569
    },
    "member11": {
        "max(u)": 0.48176395594617927,
        "max(v)": 0.7666982137242315,
        "max(length)": 0.5301523052103023,
        "num(pathline)": 0.6052913096943227,
        "min(distant)": 0.12453324267523569
    },
    "member12": {
        "max(u)": 0.48176395594617927,
        "max(v)": 0.7666982137242315,
        "max(length)": 0.5301523052103023,
        "num(pathline)": 0.6052913096943227,
        "min(distant)": 0.12453324267523569
    },
    "member13": {
        "max(u)": 0.48176395594617927,
        "max(v)": 0.7666982137242315,
        "max(length)": 0.5301523052103023,
        "num(pathline)": 0.6052913096943227,
        "min(distant)": 0.12453324267523569
    },
    "member14": {
        "max(u)": 0.48176395594617927,
        "max(v)": 0.7666982137242315,
        "max(length)": 0.5301523052103023,
        "num(pathline)": 0.6052913096943227,
        "min(distant)": 0.12453324267523569
    },
    "member15": {
        "max(u)": 0.48176395594617927,
        "max(v)": 0.7666982137242315,
        "max(length)": 0.5301523052103023,
        "num(pathline)": 0.6052913096943227,
        "min(distant)": 0.12453324267523569
    },
    "member16": {
        "max(u)": 0.48176395594617927,
        "max(v)": 0.7666982137242315,
        "max(length)": 0.5301523052103023,
        "num(pathline)": 0.6052913096943227,
        "min(distant)": 0.12453324267523569
    },
    "member17": {
        "max(u)": 0.48176395594617927,
        "max(v)": 0.7666982137242315,
        "max(length)": 0.5301523052103023,
        "num(pathline)": 0.6052913096943227,
        "min(distant)": 0.12453324267523569
    },
    "member18": {
        "max(u)": 0.48176395594617927,
        "max(v)": 0.7666982137242315,
        "max(length)": 0.5301523052103023,
        "num(pathline)": 0.6052913096943227,
        "min(distant)": 0.12453324267523569
    },
    "member19": {
        "max(u)": 0.48176395594617927,
        "max(v)": 0.7666982137242315,
        "max(length)": 0.5301523052103023,
        "num(pathline)": 0.6052913096943227,
        "min(distant)": 0.12453324267523569
    },
    "member20": {
        "max(u)": 0.48176395594617927,
        "max(v)": 0.7666982137242315,
        "max(length)": 0.5301523052103023,
        "num(pathline)": 0.6052913096943227,
        "min(distant)": 0.12453324267523569
    }
}