{
    "member1": {
        "max(u)": 0.3509571667555942,
        "max(v)": 0.9429391738563916,
        "max(length)": 0.26690417069465333,
        "num(pathline)": 0.05643235171771144,
        "min(distant)": 0.35788988444332537
    },
    "member2": {
        "max(u)": 0.3509571667555942,
        "max(v)": 0.9429391738563916,
        "max(length)": 0.26690417069465333,
        "num(pathline)": 0.05643235171771144,
        "min(distant)": 0.35788988444332537
    },
    "member3": {
        "max(u)": 0.3509571667555942,
        "max(v)": 0.9429391738563916,
        "max(length)": 0.26690417069465333,
        "num(pathline)": 0.05643235171771144,
        "min(distant)": 0.35788988444332537
    },
    "member4": {
        "max(u)": 0.3509571667555942,
        "max(v)": 0.9429391738563916,
        "max(length)": 0.26690417069465333,
        "num(pathline)": 0.05643235171771144,
        "min(distant)": 0.35788988444332537
    },
    "member5": {
        "max(u)": 0.3509571667555942,
        "max(v)": 0.9429391738563916,
        "max(length)": 0.26690417069465333,
        "num(pathline)": 0.05643235171771144,
        "min(distant)": 0.35788988444332537
    },
    "member6": {
        "max(u)": 0.3509571667555942,
        "max(v)": 0.9429391738563916,
        "max(length)": 0.26690417069465333,
        "num(pathline)": 0.05643235171771144,
        "min(distant)": 0.35788988444332537
    },
    "member7": {
        "max(u)": 0.3509571667555942,
        "max(v)": 0.9429391738563916,
        "max(length)": 0.26690417069465333,
        "num(pathline)": 0.05643235171771144,
        "min(distant)": 0.35788988444332537
    },
    "member8": {
        "max(u)": 0.3509571667555942,
        "max(v)": 0.9429391738563916,
        "max(length)": 0.26690417069465333,
        "num(pathline)": 0.05643235171771144,
        "min(distant)": 0.35788988444332537
    },
    "member9": {
        "max(u)": 0.3509571667555942,
        "max(v)": 0.9429391738563916,
        "max(length)": 0.26690417069465333,
        "num(pathline)": 0.05643235171771144,
        "min(distant)": 0.35788988444332537
    },
    "member10": {
        "max(u)": 0.3509571667555942,
        "max(v)": 0.9429391738563916,
        "max(length)": 0.26690417069465333,
        "num(pathline)": 0.05643235171771144,
        "min(distant)": 0.35788988444332537
    },
    "member11": {
        "max(u)": 0.3509571667555942,
        "max(v)": 0.9429391738563916,
        "max(length)": 0.26690417069465333,
        "num(pathline)": 0.05643235171771144,
        "min(distant)": 0.35788988444332537
    },
    "member12": {
        "max(u)": 0.3509571667555942,
        "max(v)": 0.9429391738563916,
        "max(length)": 0.26690417069465333,
        "num(pathline)": 0.05643235171771144,
        "min(distant)": 0.35788988444332537
    },
    "member13": {
        "max(u)": 0.3509571667555942,
        "max(v)": 0.9429391738563916,
        "max(length)": 0.26690417069465333,
        "num(pathline)": 0.05643235171771144,
        "min(distant)": 0.35788988444332537
    },
    "member14": {
        "max(u)": 0.3509571667555942,
        "max(v)": 0.9429391738563916,
        "max(length)": 0.26690417069465333,
        "num(pathline)": 0.05643235171771144,
        "min(distant)": 0.35788988444332537
    },
    "member15": {
        "max(u)": 0.3509571667555942,
        "max(v)": 0.9429391738563916,
        "max(length)": 0.26690417069465333,
        "num(pathline)": 0.05643235171771144,
        "min(distant)": 0.35788988444332537
    },
    "member16": {
        "max(u)": 0.3509571667555942,
        "max(v)": 0.9429391738563916,
        "max(length)": 0.26690417069465333,
        "num(pathline)": 0.05643235171771144,
        "min(distant)": 0.35788988444332537
    },
    "member17": {
        "max(u)": 0.3509571667555942,
        "max(v)": 0.9429391738563916,
        "max(length)": 0.26690417069465333,
        "num(pathline)": 0.05643235171771144,
        "min(distant)": 0.35788988444332537
    },
    "member18": {
        "max(u)": 0.3509571667555942,
        "max(v)": 0.9429391738563916,
        "max(length)": 0.26690417069465333,
        "num(pathline)": 0.05643235171771144,
        "min(distant)": 0.35788988444332537
    },
    "member19": {
        "max(u)": 0.3509571667555942,
        "max(v)": 0.9429391738563916,
        "max(length)": 0.26690417069465333,
        "num(pathline)": 0.05643235171771144,
        "min(distant)": 0.35788988444332537
    },
    "member20": {
        "max(u)": 0.3509571667555942,
        "max(v)": 0.9429391738563916,
        "max(length)": 0.26690417069465333,
        "num(pathline)": 0.05643235171771144,
        "min(distant)": 0.35788988444332537
    }
}