{
    "member1": {
        "max(u)": 0.08866842461652569,
        "max(v)": 0.5111555615634399,
        "max(length)": 0.6017205886862548,
        "num(pathline)": 0.4820789042675314,
        "min(distant)": 0.6163303478882137
    },
    "member2": {
        "max(u)": 0.08866842461652569,
        "max(v)": 0.5111555615634399,
        "max(length)": 0.6017205886862548,
        "num(pathline)": 0.4820789042675314,
        "min(distant)": 0.6163303478882137
    },
    "member3": {
        "max(u)": 0.08866842461652569,
        "max(v)": 0.5111555615634399,
        "max(length)": 0.6017205886862548,
        "num(pathline)": 0.4820789042675314,
        "min(distant)": 0.6163303478882137
    },
    "member4": {
        "max(u)": 0.08866842461652569,
        "max(v)": 0.5111555615634399,
        "max(length)": 0.6017205886862548,
        "num(pathline)": 0.4820789042675314,
        "min(distant)": 0.6163303478882137
    },
    "member5": {
        "max(u)": 0.08866842461652569,
        "max(v)": 0.5111555615634399,
        "max(length)": 0.6017205886862548,
        "num(pathline)": 0.4820789042675314,
        "min(distant)": 0.6163303478882137
    },
    "member6": {
        "max(u)": 0.08866842461652569,
        "max(v)": 0.5111555615634399,
        "max(length)": 0.6017205886862548,
        "num(pathline)": 0.4820789042675314,
        "min(distant)": 0.6163303478882137
    },
    "member7": {
        "max(u)": 0.08866842461652569,
        "max(v)": 0.5111555615634399,
        "max(length)": 0.6017205886862548,
        "num(pathline)": 0.4820789042675314,
        "min(distant)": 0.6163303478882137
    },
    "member8": {
        "max(u)": 0.08866842461652569,
        "max(v)": 0.5111555615634399,
        "max(length)": 0.6017205886862548,
        "num(pathline)": 0.4820789042675314,
        "min(distant)": 0.6163303478882137
    },
    "member9": {
        "max(u)": 0.08866842461652569,
        "max(v)": 0.5111555615634399,
        "max(length)": 0.6017205886862548,
        "num(pathline)": 0.4820789042675314,
        "min(distant)": 0.6163303478882137
    },
    "member10": {
        "max(u)": 0.08866842461652569,
        "max(v)": 0.5111555615634399,
        "max(length)": 0.6017205886862548,
        "num(pathline)": 0.4820789042675314,
        "min(distant)": 0.6163303478882137
    },
    "member11": {
        "max(u)": 0.08866842461652569,
        "max(v)": 0.5111555615634399,
        "max(length)": 0.6017205886862548,
        "num(pathline)": 0.4820789042675314,
        "min(distant)": 0.6163303478882137
    },
    "member12": {
        "max(u)": 0.08866842461652569,
        "max(v)": 0.5111555615634399,
        "max(length)": 0.6017205886862548,
        "num(pathline)": 0.4820789042675314,
        "min(distant)": 0.6163303478882137
    },
    "member13": {
        "max(u)": 0.08866842461652569,
        "max(v)": 0.5111555615634399,
        "max(length)": 0.6017205886862548,
        "num(pathline)": 0.4820789042675314,
        "min(distant)": 0.6163303478882137
    },
    "member14": {
        "max(u)": 0.08866842461652569,
        "max(v)": 0.5111555615634399,
        "max(length)": 0.6017205886862548,
        "num(pathline)": 0.4820789042675314,
        "min(distant)": 0.6163303478882137
    },
    "member15": {
        "max(u)": 0.08866842461652569,
        "max(v)": 0.5111555615634399,
        "max(length)": 0.6017205886862548,
        "num(pathline)": 0.4820789042675314,
        "min(distant)": 0.6163303478882137
    },
    "member16": {
        "max(u)": 0.08866842461652569,
        "max(v)": 0.5111555615634399,
        "max(length)": 0.6017205886862548,
        "num(pathline)": 0.4820789042675314,
        "min(distant)": 0.6163303478882137
    },
    "member17": {
        "max(u)": 0.08866842461652569,
        "max(v)": 0.5111555615634399,
        "max(length)": 0.6017205886862548,
        "num(pathline)": 0.4820789042675314,
        "min(distant)": 0.6163303478882137
    },
    "member18": {
        "max(u)": 0.08866842461652569,
        "max(v)": 0.5111555615634399,
        "max(length)": 0.6017205886862548,
        "num(pathline)": 0.4820789042675314,
        "min(distant)": 0.6163303478882137
    },
    "member19": {
        "max(u)": 0.08866842461652569,
        "max(v)": 0.5111555615634399,
        "max(length)": 0.6017205886862548,
        "num(pathline)": 0.4820789042675314,
        "min(distant)": 0.6163303478882137
    },
    "member20": {
        "max(u)": 0.08866842461652569,
        "max(v)": 0.5111555615634399,
        "max(length)": 0.6017205886862548,
        "num(pathline)": 0.4820789042675314,
        "min(distant)": 0.6163303478882137
    }
}