{
    "member1": {
        "max(u)": 0.7943378327390485,
        "max(v)": 0.8452136916716593,
        "max(length)": 0.9966926633211788,
        "num(pathline)": 0.739490808767892,
        "min(distant)": 0.3431209125903597
    },
    "member2": {
        "max(u)": 0.7943378327390485,
        "max(v)": 0.8452136916716593,
        "max(length)": 0.9966926633211788,
        "num(pathline)": 0.739490808767892,
        "min(distant)": 0.3431209125903597
    },
    "member3": {
        "max(u)": 0.7943378327390485,
        "max(v)": 0.8452136916716593,
        "max(length)": 0.9966926633211788,
        "num(pathline)": 0.739490808767892,
        "min(distant)": 0.3431209125903597
    },
    "member4": {
        "max(u)": 0.7943378327390485,
        "max(v)": 0.8452136916716593,
        "max(length)": 0.9966926633211788,
        "num(pathline)": 0.739490808767892,
        "min(distant)": 0.3431209125903597
    },
    "member5": {
        "max(u)": 0.7943378327390485,
        "max(v)": 0.8452136916716593,
        "max(length)": 0.9966926633211788,
        "num(pathline)": 0.739490808767892,
        "min(distant)": 0.3431209125903597
    },
    "member6": {
        "max(u)": 0.7943378327390485,
        "max(v)": 0.8452136916716593,
        "max(length)": 0.9966926633211788,
        "num(pathline)": 0.739490808767892,
        "min(distant)": 0.3431209125903597
    },
    "member7": {
        "max(u)": 0.7943378327390485,
        "max(v)": 0.8452136916716593,
        "max(length)": 0.9966926633211788,
        "num(pathline)": 0.739490808767892,
        "min(distant)": 0.3431209125903597
    },
    "member8": {
        "max(u)": 0.7943378327390485,
        "max(v)": 0.8452136916716593,
        "max(length)": 0.9966926633211788,
        "num(pathline)": 0.739490808767892,
        "min(distant)": 0.3431209125903597
    },
    "member9": {
        "max(u)": 0.7943378327390485,
        "max(v)": 0.8452136916716593,
        "max(length)": 0.9966926633211788,
        "num(pathline)": 0.739490808767892,
        "min(distant)": 0.3431209125903597
    },
    "member10": {
        "max(u)": 0.7943378327390485,
        "max(v)": 0.8452136916716593,
        "max(length)": 0.9966926633211788,
        "num(pathline)": 0.739490808767892,
        "min(distant)": 0.3431209125903597
    },
    "member11": {
        "max(u)": 0.7943378327390485,
        "max(v)": 0.8452136916716593,
        "max(length)": 0.9966926633211788,
        "num(pathline)": 0.739490808767892,
        "min(distant)": 0.3431209125903597
    },
    "member12": {
        "max(u)": 0.7943378327390485,
        "max(v)": 0.8452136916716593,
        "max(length)": 0.9966926633211788,
        "num(pathline)": 0.739490808767892,
        "min(distant)": 0.3431209125903597
    },
    "member13": {
        "max(u)": 0.7943378327390485,
        "max(v)": 0.8452136916716593,
        "max(length)": 0.9966926633211788,
        "num(pathline)": 0.739490808767892,
        "min(distant)": 0.3431209125903597
    },
    "member14": {
        "max(u)": 0.7943378327390485,
        "max(v)": 0.8452136916716593,
        "max(length)": 0.9966926633211788,
        "num(pathline)": 0.739490808767892,
        "min(distant)": 0.3431209125903597
    },
    "member15": {
        "max(u)": 0.7943378327390485,
        "max(v)": 0.8452136916716593,
        "max(length)": 0.9966926633211788,
        "num(pathline)": 0.739490808767892,
        "min(distant)": 0.3431209125903597
    },
    "member16": {
        "max(u)": 0.7943378327390485,
        "max(v)": 0.8452136916716593,
        "max(length)": 0.9966926633211788,
        "num(pathline)": 0.739490808767892,
        "min(distant)": 0.3431209125903597
    },
    "member17": {
        "max(u)": 0.7943378327390485,
        "max(v)": 0.8452136916716593,
        "max(length)": 0.9966926633211788,
        "num(pathline)": 0.739490808767892,
        "min(distant)": 0.3431209125903597
    },
    "member18": {
        "max(u)": 0.7943378327390485,
        "max(v)": 0.8452136916716593,
        "max(length)": 0.9966926633211788,
        "num(pathline)": 0.739490808767892,
        "min(distant)": 0.3431209125903597
    },
    "member19": {
        "max(u)": 0.7943378327390485,
        "max(v)": 0.8452136916716593,
        "max(length)": 0.9966926633211788,
        "num(pathline)": 0.739490808767892,
        "min(distant)": 0.3431209125903597
    },
    "member20": {
        "max(u)": 0.7943378327390485,
        "max(v)": 0.8452136916716593,
        "max(length)": 0.9966926633211788,
        "num(pathline)": 0.739490808767892,
        "min(distant)": 0.3431209125903597
    }
}