{
    "member1": {
        "max(u)": 0.25665297693288025,
        "max(v)": 0.7961719562629331,
        "max(length)": 0.38870725108346116,
        "num(pathline)": 0.5487526827086695,
        "min(distant)": 0.3346730211372395
    },
    "member2": {
        "max(u)": 0.25665297693288025,
        "max(v)": 0.7961719562629331,
        "max(length)": 0.38870725108346116,
        "num(pathline)": 0.5487526827086695,
        "min(distant)": 0.3346730211372395
    },
    "member3": {
        "max(u)": 0.25665297693288025,
        "max(v)": 0.7961719562629331,
        "max(length)": 0.38870725108346116,
        "num(pathline)": 0.5487526827086695,
        "min(distant)": 0.3346730211372395
    },
    "member4": {
        "max(u)": 0.25665297693288025,
        "max(v)": 0.7961719562629331,
        "max(length)": 0.38870725108346116,
        "num(pathline)": 0.5487526827086695,
        "min(distant)": 0.3346730211372395
    },
    "member5": {
        "max(u)": 0.25665297693288025,
        "max(v)": 0.7961719562629331,
        "max(length)": 0.38870725108346116,
        "num(pathline)": 0.5487526827086695,
        "min(distant)": 0.3346730211372395
    },
    "member6": {
        "max(u)": 0.25665297693288025,
        "max(v)": 0.7961719562629331,
        "max(length)": 0.38870725108346116,
        "num(pathline)": 0.5487526827086695,
        "min(distant)": 0.3346730211372395
    },
    "member7": {
        "max(u)": 0.25665297693288025,
        "max(v)": 0.7961719562629331,
        "max(length)": 0.38870725108346116,
        "num(pathline)": 0.5487526827086695,
        "min(distant)": 0.3346730211372395
    },
    "member8": {
        "max(u)": 0.25665297693288025,
        "max(v)": 0.7961719562629331,
        "max(length)": 0.38870725108346116,
        "num(pathline)": 0.5487526827086695,
        "min(distant)": 0.3346730211372395
    },
    "member9": {
        "max(u)": 0.25665297693288025,
        "max(v)": 0.7961719562629331,
        "max(length)": 0.38870725108346116,
        "num(pathline)": 0.5487526827086695,
        "min(distant)": 0.3346730211372395
    },
    "member10": {
        "max(u)": 0.25665297693288025,
        "max(v)": 0.7961719562629331,
        "max(length)": 0.38870725108346116,
        "num(pathline)": 0.5487526827086695,
        "min(distant)": 0.3346730211372395
    },
    "member11": {
        "max(u)": 0.25665297693288025,
        "max(v)": 0.7961719562629331,
        "max(length)": 0.38870725108346116,
        "num(pathline)": 0.5487526827086695,
        "min(distant)": 0.3346730211372395
    },
    "member12": {
        "max(u)": 0.25665297693288025,
        "max(v)": 0.7961719562629331,
        "max(length)": 0.38870725108346116,
        "num(pathline)": 0.5487526827086695,
        "min(distant)": 0.3346730211372395
    },
    "member13": {
        "max(u)": 0.25665297693288025,
        "max(v)": 0.7961719562629331,
        "max(length)": 0.38870725108346116,
        "num(pathline)": 0.5487526827086695,
        "min(distant)": 0.3346730211372395
    },
    "member14": {
        "max(u)": 0.25665297693288025,
        "max(v)": 0.7961719562629331,
        "max(length)": 0.38870725108346116,
        "num(pathline)": 0.5487526827086695,
        "min(distant)": 0.3346730211372395
    },
    "member15": {
        "max(u)": 0.25665297693288025,
        "max(v)": 0.7961719562629331,
        "max(length)": 0.38870725108346116,
        "num(pathline)": 0.5487526827086695,
        "min(distant)": 0.3346730211372395
    },
    "member16": {
        "max(u)": 0.25665297693288025,
        "max(v)": 0.7961719562629331,
        "max(length)": 0.38870725108346116,
        "num(pathline)": 0.5487526827086695,
        "min(distant)": 0.3346730211372395
    },
    "member17": {
        "max(u)": 0.25665297693288025,
        "max(v)": 0.7961719562629331,
        "max(length)": 0.38870725108346116,
        "num(pathline)": 0.5487526827086695,
        "min(distant)": 0.3346730211372395
    },
    "member18": {
        "max(u)": 0.25665297693288025,
        "max(v)": 0.7961719562629331,
        "max(length)": 0.38870725108346116,
        "num(pathline)": 0.5487526827086695,
        "min(distant)": 0.3346730211372395
    },
    "member19": {
        "max(u)": 0.25665297693288025,
        "max(v)": 0.7961719562629331,
        "max(length)": 0.38870725108346116,
        "num(pathline)": 0.5487526827086695,
        "min(distant)": 0.3346730211372395
    },
    "member20": {
        "max(u)": 0.25665297693288025,
        "max(v)": 0.7961719562629331,
        "max(length)": 0.38870725108346116,
        "num(pathline)": 0.5487526827086695,
        "min(distant)": 0.3346730211372395
    }
}