{
    "member1": {
        "max(u)": 0.023446668948755245,
        "max(v)": 0.8280359164477457,
        "max(length)": 0.03286227994596547,
        "num(pathline)": 0.7299721965526247,
        "min(distant)": 0.6204945645770782
    },
    "member2": {
        "max(u)": 0.023446668948755245,
        "max(v)": 0.8280359164477457,
        "max(length)": 0.03286227994596547,
        "num(pathline)": 0.7299721965526247,
        "min(distant)": 0.6204945645770782
    },
    "member3": {
        "max(u)": 0.023446668948755245,
        "max(v)": 0.8280359164477457,
        "max(length)": 0.03286227994596547,
        "num(pathline)": 0.7299721965526247,
        "min(distant)": 0.6204945645770782
    },
    "member4": {
        "max(u)": 0.023446668948755245,
        "max(v)": 0.8280359164477457,
        "max(length)": 0.03286227994596547,
        "num(pathline)": 0.7299721965526247,
        "min(distant)": 0.6204945645770782
    },
    "member5": {
        "max(u)": 0.023446668948755245,
        "max(v)": 0.8280359164477457,
        "max(length)": 0.03286227994596547,
        "num(pathline)": 0.7299721965526247,
        "min(distant)": 0.6204945645770782
    },
    "member6": {
        "max(u)": 0.023446668948755245,
        "max(v)": 0.8280359164477457,
        "max(length)": 0.03286227994596547,
        "num(pathline)": 0.7299721965526247,
        "min(distant)": 0.6204945645770782
    },
    "member7": {
        "max(u)": 0.023446668948755245,
        "max(v)": 0.8280359164477457,
        "max(length)": 0.03286227994596547,
        "num(pathline)": 0.7299721965526247,
        "min(distant)": 0.6204945645770782
    },
    "member8": {
        "max(u)": 0.023446668948755245,
        "max(v)": 0.8280359164477457,
        "max(length)": 0.03286227994596547,
        "num(pathline)": 0.7299721965526247,
        "min(distant)": 0.6204945645770782
    },
    "member9": {
        "max(u)": 0.023446668948755245,
        "max(v)": 0.8280359164477457,
        "max(length)": 0.03286227994596547,
        "num(pathline)": 0.7299721965526247,
        "min(distant)": 0.6204945645770782
    },
    "member10": {
        "max(u)": 0.023446668948755245,
        "max(v)": 0.8280359164477457,
        "max(length)": 0.03286227994596547,
        "num(pathline)": 0.7299721965526247,
        "min(distant)": 0.6204945645770782
    },
    "member11": {
        "max(u)": 0.023446668948755245,
        "max(v)": 0.8280359164477457,
        "max(length)": 0.03286227994596547,
        "num(pathline)": 0.7299721965526247,
        "min(distant)": 0.6204945645770782
    },
    "member12": {
        "max(u)": 0.023446668948755245,
        "max(v)": 0.8280359164477457,
        "max(length)": 0.03286227994596547,
        "num(pathline)": 0.7299721965526247,
        "min(distant)": 0.6204945645770782
    },
    "member13": {
        "max(u)": 0.023446668948755245,
        "max(v)": 0.8280359164477457,
        "max(length)": 0.03286227994596547,
        "num(pathline)": 0.7299721965526247,
        "min(distant)": 0.6204945645770782
    },
    "member14": {
        "max(u)": 0.023446668948755245,
        "max(v)": 0.8280359164477457,
        "max(length)": 0.03286227994596547,
        "num(pathline)": 0.7299721965526247,
        "min(distant)": 0.6204945645770782
    },
    "member15": {
        "max(u)": 0.023446668948755245,
        "max(v)": 0.8280359164477457,
        "max(length)": 0.03286227994596547,
        "num(pathline)": 0.7299721965526247,
        "min(distant)": 0.6204945645770782
    },
    "member16": {
        "max(u)": 0.023446668948755245,
        "max(v)": 0.8280359164477457,
        "max(length)": 0.03286227994596547,
        "num(pathline)": 0.7299721965526247,
        "min(distant)": 0.6204945645770782
    },
    "member17": {
        "max(u)": 0.023446668948755245,
        "max(v)": 0.8280359164477457,
        "max(length)": 0.03286227994596547,
        "num(pathline)": 0.7299721965526247,
        "min(distant)": 0.6204945645770782
    },
    "member18": {
        "max(u)": 0.023446668948755245,
        "max(v)": 0.8280359164477457,
        "max(length)": 0.03286227994596547,
        "num(pathline)": 0.7299721965526247,
        "min(distant)": 0.6204945645770782
    },
    "member19": {
        "max(u)": 0.023446668948755245,
        "max(v)": 0.8280359164477457,
        "max(length)": 0.03286227994596547,
        "num(pathline)": 0.7299721965526247,
        "min(distant)": 0.6204945645770782
    },
    "member20": {
        "max(u)": 0.023446668948755245,
        "max(v)": 0.8280359164477457,
        "max(length)": 0.03286227994596547,
        "num(pathline)": 0.7299721965526247,
        "min(distant)": 0.6204945645770782
    }
}