{
    "member1": {
        "max(u)": 0.5354178097568574,
        "max(v)": 0.027221938905635734,
        "max(length)": 0.9739709175770094,
        "num(pathline)": 0.06448004625810377,
        "min(distant)": 0.764555702995627
    },
    "member2": {
        "max(u)": 0.5354178097568574,
        "max(v)": 0.027221938905635734,
        "max(length)": 0.9739709175770094,
        "num(pathline)": 0.06448004625810377,
        "min(distant)": 0.764555702995627
    },
    "member3": {
        "max(u)": 0.5354178097568574,
        "max(v)": 0.027221938905635734,
        "max(length)": 0.9739709175770094,
        "num(pathline)": 0.06448004625810377,
        "min(distant)": 0.764555702995627
    },
    "member4": {
        "max(u)": 0.5354178097568574,
        "max(v)": 0.027221938905635734,
        "max(length)": 0.9739709175770094,
        "num(pathline)": 0.06448004625810377,
        "min(distant)": 0.764555702995627
    },
    "member5": {
        "max(u)": 0.5354178097568574,
        "max(v)": 0.027221938905635734,
        "max(length)": 0.9739709175770094,
        "num(pathline)": 0.06448004625810377,
        "min(distant)": 0.764555702995627
    },
    "member6": {
        "max(u)": 0.5354178097568574,
        "max(v)": 0.027221938905635734,
        "max(length)": 0.9739709175770094,
        "num(pathline)": 0.06448004625810377,
        "min(distant)": 0.764555702995627
    },
    "member7": {
        "max(u)": 0.5354178097568574,
        "max(v)": 0.027221938905635734,
        "max(length)": 0.9739709175770094,
        "num(pathline)": 0.06448004625810377,
        "min(distant)": 0.764555702995627
    },
    "member8": {
        "max(u)": 0.5354178097568574,
        "max(v)": 0.027221938905635734,
        "max(length)": 0.9739709175770094,
        "num(pathline)": 0.06448004625810377,
        "min(distant)": 0.764555702995627
    },
    "member9": {
        "max(u)": 0.5354178097568574,
        "max(v)": 0.027221938905635734,
        "max(length)": 0.9739709175770094,
        "num(pathline)": 0.06448004625810377,
        "min(distant)": 0.764555702995627
    },
    "member10": {
        "max(u)": 0.5354178097568574,
        "max(v)": 0.027221938905635734,
        "max(length)": 0.9739709175770094,
        "num(pathline)": 0.06448004625810377,
        "min(distant)": 0.764555702995627
    },
    "member11": {
        "max(u)": 0.5354178097568574,
        "max(v)": 0.027221938905635734,
        "max(length)": 0.9739709175770094,
        "num(pathline)": 0.06448004625810377,
        "min(distant)": 0.764555702995627
    },
    "member12": {
        "max(u)": 0.5354178097568574,
        "max(v)": 0.027221938905635734,
        "max(length)": 0.9739709175770094,
        "num(pathline)": 0.06448004625810377,
        "min(distant)": 0.764555702995627
    },
    "member13": {
        "max(u)": 0.5354178097568574,
        "max(v)": 0.027221938905635734,
        "max(length)": 0.9739709175770094,
        "num(pathline)": 0.06448004625810377,
        "min(distant)": 0.764555702995627
    },
    "member14": {
        "max(u)": 0.5354178097568574,
        "max(v)": 0.027221938905635734,
        "max(length)": 0.9739709175770094,
        "num(pathline)": 0.06448004625810377,
        "min(distant)": 0.764555702995627
    },
    "member15": {
        "max(u)": 0.5354178097568574,
        "max(v)": 0.027221938905635734,
        "max(length)": 0.9739709175770094,
        "num(pathline)": 0.06448004625810377,
        "min(distant)": 0.764555702995627
    },
    "member16": {
        "max(u)": 0.5354178097568574,
        "max(v)": 0.027221938905635734,
        "max(length)": 0.9739709175770094,
        "num(pathline)": 0.06448004625810377,
        "min(distant)": 0.764555702995627
    },
    "member17": {
        "max(u)": 0.5354178097568574,
        "max(v)": 0.027221938905635734,
        "max(length)": 0.9739709175770094,
        "num(pathline)": 0.06448004625810377,
        "min(distant)": 0.764555702995627
    },
    "member18": {
        "max(u)": 0.5354178097568574,
        "max(v)": 0.027221938905635734,
        "max(length)": 0.9739709175770094,
        "num(pathline)": 0.06448004625810377,
        "min(distant)": 0.764555702995627
    },
    "member19": {
        "max(u)": 0.5354178097568574,
        "max(v)": 0.027221938905635734,
        "max(length)": 0.9739709175770094,
        "num(pathline)": 0.06448004625810377,
        "min(distant)": 0.764555702995627
    },
    "member20": {
        "max(u)": 0.5354178097568574,
        "max(v)": 0.027221938905635734,
        "max(length)": 0.9739709175770094,
        "num(pathline)": 0.06448004625810377,
        "min(distant)": 0.764555702995627
    }
}