{
    "member1": {
        "max(u)": 0.6593252439484779,
        "max(v)": 0.03689961788903706,
        "max(length)": 0.5795461152383202,
        "num(pathline)": 0.5714124269463424,
        "min(distant)": 0.36099894260867116
    },
    "member2": {
        "max(u)": 0.6593252439484779,
        "max(v)": 0.03689961788903706,
        "max(length)": 0.5795461152383202,
        "num(pathline)": 0.5714124269463424,
        "min(distant)": 0.36099894260867116
    },
    "member3": {
        "max(u)": 0.6593252439484779,
        "max(v)": 0.03689961788903706,
        "max(length)": 0.5795461152383202,
        "num(pathline)": 0.5714124269463424,
        "min(distant)": 0.36099894260867116
    },
    "member4": {
        "max(u)": 0.6593252439484779,
        "max(v)": 0.03689961788903706,
        "max(length)": 0.5795461152383202,
        "num(pathline)": 0.5714124269463424,
        "min(distant)": 0.36099894260867116
    },
    "member5": {
        "max(u)": 0.6593252439484779,
        "max(v)": 0.03689961788903706,
        "max(length)": 0.5795461152383202,
        "num(pathline)": 0.5714124269463424,
        "min(distant)": 0.36099894260867116
    },
    "member6": {
        "max(u)": 0.6593252439484779,
        "max(v)": 0.03689961788903706,
        "max(length)": 0.5795461152383202,
        "num(pathline)": 0.5714124269463424,
        "min(distant)": 0.36099894260867116
    },
    "member7": {
        "max(u)": 0.6593252439484779,
        "max(v)": 0.03689961788903706,
        "max(length)": 0.5795461152383202,
        "num(pathline)": 0.5714124269463424,
        "min(distant)": 0.36099894260867116
    },
    "member8": {
        "max(u)": 0.6593252439484779,
        "max(v)": 0.03689961788903706,
        "max(length)": 0.5795461152383202,
        "num(pathline)": 0.5714124269463424,
        "min(distant)": 0.36099894260867116
    },
    "member9": {
        "max(u)": 0.6593252439484779,
        "max(v)": 0.03689961788903706,
        "max(length)": 0.5795461152383202,
        "num(pathline)": 0.5714124269463424,
        "min(distant)": 0.36099894260867116
    },
    "member10": {
        "max(u)": 0.6593252439484779,
        "max(v)": 0.03689961788903706,
        "max(length)": 0.5795461152383202,
        "num(pathline)": 0.5714124269463424,
        "min(distant)": 0.36099894260867116
    },
    "member11": {
        "max(u)": 0.6593252439484779,
        "max(v)": 0.03689961788903706,
        "max(length)": 0.5795461152383202,
        "num(pathline)": 0.5714124269463424,
        "min(distant)": 0.36099894260867116
    },
    "member12": {
        "max(u)": 0.6593252439484779,
        "max(v)": 0.03689961788903706,
        "max(length)": 0.5795461152383202,
        "num(pathline)": 0.5714124269463424,
        "min(distant)": 0.36099894260867116
    },
    "member13": {
        "max(u)": 0.6593252439484779,
        "max(v)": 0.03689961788903706,
        "max(length)": 0.5795461152383202,
        "num(pathline)": 0.5714124269463424,
        "min(distant)": 0.36099894260867116
    },
    "member14": {
        "max(u)": 0.6593252439484779,
        "max(v)": 0.03689961788903706,
        "max(length)": 0.5795461152383202,
        "num(pathline)": 0.5714124269463424,
        "min(distant)": 0.36099894260867116
    },
    "member15": {
        "max(u)": 0.6593252439484779,
        "max(v)": 0.03689961788903706,
        "max(length)": 0.5795461152383202,
        "num(pathline)": 0.5714124269463424,
        "min(distant)": 0.36099894260867116
    },
    "member16": {
        "max(u)": 0.6593252439484779,
        "max(v)": 0.03689961788903706,
        "max(length)": 0.5795461152383202,
        "num(pathline)": 0.5714124269463424,
        "min(distant)": 0.36099894260867116
    },
    "member17": {
        "max(u)": 0.6593252439484779,
        "max(v)": 0.03689961788903706,
        "max(length)": 0.5795461152383202,
        "num(pathline)": 0.5714124269463424,
        "min(distant)": 0.36099894260867116
    },
    "member18": {
        "max(u)": 0.6593252439484779,
        "max(v)": 0.03689961788903706,
        "max(length)": 0.5795461152383202,
        "num(pathline)": 0.5714124269463424,
        "min(distant)": 0.36099894260867116
    },
    "member19": {
        "max(u)": 0.6593252439484779,
        "max(v)": 0.03689961788903706,
        "max(length)": 0.5795461152383202,
        "num(pathline)": 0.5714124269463424,
        "min(distant)": 0.36099894260867116
    },
    "member20": {
        "max(u)": 0.6593252439484779,
        "max(v)": 0.03689961788903706,
        "max(length)": 0.5795461152383202,
        "num(pathline)": 0.5714124269463424,
        "min(distant)": 0.36099894260867116
    }
}