{
    "member1": {
        "max(u)": 0.8547867650703105,
        "max(v)": 0.9600046306525458,
        "max(length)": 0.9525059713921957,
        "num(pathline)": 0.26746714551871764,
        "min(distant)": 0.345589249109306
    },
    "member2": {
        "max(u)": 0.8547867650703105,
        "max(v)": 0.9600046306525458,
        "max(length)": 0.9525059713921957,
        "num(pathline)": 0.26746714551871764,
        "min(distant)": 0.345589249109306
    },
    "member3": {
        "max(u)": 0.8547867650703105,
        "max(v)": 0.9600046306525458,
        "max(length)": 0.9525059713921957,
        "num(pathline)": 0.26746714551871764,
        "min(distant)": 0.345589249109306
    },
    "member4": {
        "max(u)": 0.8547867650703105,
        "max(v)": 0.9600046306525458,
        "max(length)": 0.9525059713921957,
        "num(pathline)": 0.26746714551871764,
        "min(distant)": 0.345589249109306
    },
    "member5": {
        "max(u)": 0.8547867650703105,
        "max(v)": 0.9600046306525458,
        "max(length)": 0.9525059713921957,
        "num(pathline)": 0.26746714551871764,
        "min(distant)": 0.345589249109306
    },
    "member6": {
        "max(u)": 0.8547867650703105,
        "max(v)": 0.9600046306525458,
        "max(length)": 0.9525059713921957,
        "num(pathline)": 0.26746714551871764,
        "min(distant)": 0.345589249109306
    },
    "member7": {
        "max(u)": 0.8547867650703105,
        "max(v)": 0.9600046306525458,
        "max(length)": 0.9525059713921957,
        "num(pathline)": 0.26746714551871764,
        "min(distant)": 0.345589249109306
    },
    "member8": {
        "max(u)": 0.8547867650703105,
        "max(v)": 0.9600046306525458,
        "max(length)": 0.9525059713921957,
        "num(pathline)": 0.26746714551871764,
        "min(distant)": 0.345589249109306
    },
    "member9": {
        "max(u)": 0.8547867650703105,
        "max(v)": 0.9600046306525458,
        "max(length)": 0.9525059713921957,
        "num(pathline)": 0.26746714551871764,
        "min(distant)": 0.345589249109306
    },
    "member10": {
        "max(u)": 0.8547867650703105,
        "max(v)": 0.9600046306525458,
        "max(length)": 0.9525059713921957,
        "num(pathline)": 0.26746714551871764,
        "min(distant)": 0.345589249109306
    },
    "member11": {
        "max(u)": 0.8547867650703105,
        "max(v)": 0.9600046306525458,
        "max(length)": 0.9525059713921957,
        "num(pathline)": 0.26746714551871764,
        "min(distant)": 0.345589249109306
    },
    "member12": {
        "max(u)": 0.8547867650703105,
        "max(v)": 0.9600046306525458,
        "max(length)": 0.9525059713921957,
        "num(pathline)": 0.26746714551871764,
        "min(distant)": 0.345589249109306
    },
    "member13": {
        "max(u)": 0.8547867650703105,
        "max(v)": 0.9600046306525458,
        "max(length)": 0.9525059713921957,
        "num(pathline)": 0.26746714551871764,
        "min(distant)": 0.345589249109306
    },
    "member14": {
        "max(u)": 0.8547867650703105,
        "max(v)": 0.9600046306525458,
        "max(length)": 0.9525059713921957,
        "num(pathline)": 0.26746714551871764,
        "min(distant)": 0.345589249109306
    },
    "member15": {
        "max(u)": 0.8547867650703105,
        "max(v)": 0.9600046306525458,
        "max(length)": 0.9525059713921957,
        "num(pathline)": 0.26746714551871764,
        "min(distant)": 0.345589249109306
    },
    "member16": {
        "max(u)": 0.8547867650703105,
        "max(v)": 0.9600046306525458,
        "max(length)": 0.9525059713921957,
        "num(pathline)": 0.26746714551871764,
        "min(distant)": 0.345589249109306
    },
    "member17": {
        "max(u)": 0.8547867650703105,
        "max(v)": 0.9600046306525458,
        "max(length)": 0.9525059713921957,
        "num(pathline)": 0.26746714551871764,
        "min(distant)": 0.345589249109306
    },
    "member18": {
        "max(u)": 0.8547867650703105,
        "max(v)": 0.9600046306525458,
        "max(length)": 0.9525059713921957,
        "num(pathline)": 0.26746714551871764,
        "min(distant)": 0.345589249109306
    },
    "member19": {
        "max(u)": 0.8547867650703105,
        "max(v)": 0.9600046306525458,
        "max(length)": 0.9525059713921957,
        "num(pathline)": 0.26746714551871764,
        "min(distant)": 0.345589249109306
    },
    "member20": {
        "max(u)": 0.8547867650703105,
        "max(v)": 0.9600046306525458,
        "max(length)": 0.9525059713921957,
        "num(pathline)": 0.26746714551871764,
        "min(distant)": 0.345589249109306
    }
}