{
    "member1": {
        "max(u)": 0.6433389607415506,
        "max(v)": 0.17451046962731986,
        "max(length)": 0.9356874285651329,
        "num(pathline)": 0.15968657499130523,
        "min(distant)": 0.5010427458937149
    },
    "member2": {
        "max(u)": 0.6433389607415506,
        "max(v)": 0.17451046962731986,
        "max(length)": 0.9356874285651329,
        "num(pathline)": 0.15968657499130523,
        "min(distant)": 0.5010427458937149
    },
    "member3": {
        "max(u)": 0.6433389607415506,
        "max(v)": 0.17451046962731986,
        "max(length)": 0.9356874285651329,
        "num(pathline)": 0.15968657499130523,
        "min(distant)": 0.5010427458937149
    },
    "member4": {
        "max(u)": 0.6433389607415506,
        "max(v)": 0.17451046962731986,
        "max(length)": 0.9356874285651329,
        "num(pathline)": 0.15968657499130523,
        "min(distant)": 0.5010427458937149
    },
    "member5": {
        "max(u)": 0.6433389607415506,
        "max(v)": 0.17451046962731986,
        "max(length)": 0.9356874285651329,
        "num(pathline)": 0.15968657499130523,
        "min(distant)": 0.5010427458937149
    },
    "member6": {
        "max(u)": 0.6433389607415506,
        "max(v)": 0.17451046962731986,
        "max(length)": 0.9356874285651329,
        "num(pathline)": 0.15968657499130523,
        "min(distant)": 0.5010427458937149
    },
    "member7": {
        "max(u)": 0.6433389607415506,
        "max(v)": 0.17451046962731986,
        "max(length)": 0.9356874285651329,
        "num(pathline)": 0.15968657499130523,
        "min(distant)": 0.5010427458937149
    },
    "member8": {
        "max(u)": 0.6433389607415506,
        "max(v)": 0.17451046962731986,
        "max(length)": 0.9356874285651329,
        "num(pathline)": 0.15968657499130523,
        "min(distant)": 0.5010427458937149
    },
    "member9": {
        "max(u)": 0.6433389607415506,
        "max(v)": 0.17451046962731986,
        "max(length)": 0.9356874285651329,
        "num(pathline)": 0.15968657499130523,
        "min(distant)": 0.5010427458937149
    },
    "member10": {
        "max(u)": 0.6433389607415506,
        "max(v)": 0.17451046962731986,
        "max(length)": 0.9356874285651329,
        "num(pathline)": 0.15968657499130523,
        "min(distant)": 0.5010427458937149
    },
    "member11": {
        "max(u)": 0.6433389607415506,
        "max(v)": 0.17451046962731986,
        "max(length)": 0.9356874285651329,
        "num(pathline)": 0.15968657499130523,
        "min(distant)": 0.5010427458937149
    },
    "member12": {
        "max(u)": 0.6433389607415506,
        "max(v)": 0.17451046962731986,
        "max(length)": 0.9356874285651329,
        "num(pathline)": 0.15968657499130523,
        "min(distant)": 0.5010427458937149
    },
    "member13": {
        "max(u)": 0.6433389607415506,
        "max(v)": 0.17451046962731986,
        "max(length)": 0.9356874285651329,
        "num(pathline)": 0.15968657499130523,
        "min(distant)": 0.5010427458937149
    },
    "member14": {
        "max(u)": 0.6433389607415506,
        "max(v)": 0.17451046962731986,
        "max(length)": 0.9356874285651329,
        "num(pathline)": 0.15968657499130523,
        "min(distant)": 0.5010427458937149
    },
    "member15": {
        "max(u)": 0.6433389607415506,
        "max(v)": 0.17451046962731986,
        "max(length)": 0.9356874285651329,
        "num(pathline)": 0.15968657499130523,
        "min(distant)": 0.5010427458937149
    },
    "member16": {
        "max(u)": 0.6433389607415506,
        "max(v)": 0.17451046962731986,
        "max(length)": 0.9356874285651329,
        "num(pathline)": 0.15968657499130523,
        "min(distant)": 0.5010427458937149
    },
    "member17": {
        "max(u)": 0.6433389607415506,
        "max(v)": 0.17451046962731986,
        "max(length)": 0.9356874285651329,
        "num(pathline)": 0.15968657499130523,
        "min(distant)": 0.5010427458937149
    },
    "member18": {
        "max(u)": 0.6433389607415506,
        "max(v)": 0.17451046962731986,
        "max(length)": 0.9356874285651329,
        "num(pathline)": 0.15968657499130523,
        "min(distant)": 0.5010427458937149
    },
    "member19": {
        "max(u)": 0.6433389607415506,
        "max(v)": 0.17451046962731986,
        "max(length)": 0.9356874285651329,
        "num(pathline)": 0.15968657499130523,
        "min(distant)": 0.5010427458937149
    },
    "member20": {
        "max(u)": 0.6433389607415506,
        "max(v)": 0.17451046962731986,
        "max(length)": 0.9356874285651329,
        "num(pathline)": 0.15968657499130523,
        "min(distant)": 0.5010427458937149
    }
}