{
    "member1": {
        "max(u)": 0.8265739006916385,
        "max(v)": 0.27957551191326646,
        "max(length)": 0.24431809455733244,
        "num(pathline)": 0.98285132136181,
        "min(distant)": 0.6530080240476057
    },
    "member2": {
        "max(u)": 0.8265739006916385,
        "max(v)": 0.27957551191326646,
        "max(length)": 0.24431809455733244,
        "num(pathline)": 0.98285132136181,
        "min(distant)": 0.6530080240476057
    },
    "member3": {
        "max(u)": 0.8265739006916385,
        "max(v)": 0.27957551191326646,
        "max(length)": 0.24431809455733244,
        "num(pathline)": 0.98285132136181,
        "min(distant)": 0.6530080240476057
    },
    "member4": {
        "max(u)": 0.8265739006916385,
        "max(v)": 0.27957551191326646,
        "max(length)": 0.24431809455733244,
        "num(pathline)": 0.98285132136181,
        "min(distant)": 0.6530080240476057
    },
    "member5": {
        "max(u)": 0.8265739006916385,
        "max(v)": 0.27957551191326646,
        "max(length)": 0.24431809455733244,
        "num(pathline)": 0.98285132136181,
        "min(distant)": 0.6530080240476057
    },
    "member6": {
        "max(u)": 0.8265739006916385,
        "max(v)": 0.27957551191326646,
        "max(length)": 0.24431809455733244,
        "num(pathline)": 0.98285132136181,
        "min(distant)": 0.6530080240476057
    },
    "member7": {
        "max(u)": 0.8265739006916385,
        "max(v)": 0.27957551191326646,
        "max(length)": 0.24431809455733244,
        "num(pathline)": 0.98285132136181,
        "min(distant)": 0.6530080240476057
    },
    "member8": {
        "max(u)": 0.8265739006916385,
        "max(v)": 0.27957551191326646,
        "max(length)": 0.24431809455733244,
        "num(pathline)": 0.98285132136181,
        "min(distant)": 0.6530080240476057
    },
    "member9": {
        "max(u)": 0.8265739006916385,
        "max(v)": 0.27957551191326646,
        "max(length)": 0.24431809455733244,
        "num(pathline)": 0.98285132136181,
        "min(distant)": 0.6530080240476057
    },
    "member10": {
        "max(u)": 0.8265739006916385,
        "max(v)": 0.27957551191326646,
        "max(length)": 0.24431809455733244,
        "num(pathline)": 0.98285132136181,
        "min(distant)": 0.6530080240476057
    },
    "member11": {
        "max(u)": 0.8265739006916385,
        "max(v)": 0.27957551191326646,
        "max(length)": 0.24431809455733244,
        "num(pathline)": 0.98285132136181,
        "min(distant)": 0.6530080240476057
    },
    "member12": {
        "max(u)": 0.8265739006916385,
        "max(v)": 0.27957551191326646,
        "max(length)": 0.24431809455733244,
        "num(pathline)": 0.98285132136181,
        "min(distant)": 0.6530080240476057
    },
    "member13": {
        "max(u)": 0.8265739006916385,
        "max(v)": 0.27957551191326646,
        "max(length)": 0.24431809455733244,
        "num(pathline)": 0.98285132136181,
        "min(distant)": 0.6530080240476057
    },
    "member14": {
        "max(u)": 0.8265739006916385,
        "max(v)": 0.27957551191326646,
        "max(length)": 0.24431809455733244,
        "num(pathline)": 0.98285132136181,
        "min(distant)": 0.6530080240476057
    },
    "member15": {
        "max(u)": 0.8265739006916385,
        "max(v)": 0.27957551191326646,
        "max(length)": 0.24431809455733244,
        "num(pathline)": 0.98285132136181,
        "min(distant)": 0.6530080240476057
    },
    "member16": {
        "max(u)": 0.8265739006916385,
        "max(v)": 0.27957551191326646,
        "max(length)": 0.24431809455733244,
        "num(pathline)": 0.98285132136181,
        "min(distant)": 0.6530080240476057
    },
    "member17": {
        "max(u)": 0.8265739006916385,
        "max(v)": 0.27957551191326646,
        "max(length)": 0.24431809455733244,
        "num(pathline)": 0.98285132136181,
        "min(distant)": 0.6530080240476057
    },
    "member18": {
        "max(u)": 0.8265739006916385,
        "max(v)": 0.27957551191326646,
        "max(length)": 0.24431809455733244,
        "num(pathline)": 0.98285132136181,
        "min(distant)": 0.6530080240476057
    },
    "member19": {
        "max(u)": 0.8265739006916385,
        "max(v)": 0.27957551191326646,
        "max(length)": 0.24431809455733244,
        "num(pathline)": 0.98285132136181,
        "min(distant)": 0.6530080240476057
    },
    "member20": {
        "max(u)": 0.8265739006916385,
        "max(v)": 0.27957551191326646,
        "max(length)": 0.24431809455733244,
        "num(pathline)": 0.98285132136181,
        "min(distant)": 0.6530080240476057
    }
}