{
    "member1": {
        "max(u)": 0.18984563208928007,
        "max(v)": 0.8874612658669075,
        "max(length)": 0.7685680172822661,
        "num(pathline)": 0.9280256549433284,
        "min(distant)": 0.9063356150136506
    },
    "member2": {
        "max(u)": 0.18984563208928007,
        "max(v)": 0.8874612658669075,
        "max(length)": 0.7685680172822661,
        "num(pathline)": 0.9280256549433284,
        "min(distant)": 0.9063356150136506
    },
    "member3": {
        "max(u)": 0.18984563208928007,
        "max(v)": 0.8874612658669075,
        "max(length)": 0.7685680172822661,
        "num(pathline)": 0.9280256549433284,
        "min(distant)": 0.9063356150136506
    },
    "member4": {
        "max(u)": 0.18984563208928007,
        "max(v)": 0.8874612658669075,
        "max(length)": 0.7685680172822661,
        "num(pathline)": 0.9280256549433284,
        "min(distant)": 0.9063356150136506
    },
    "member5": {
        "max(u)": 0.18984563208928007,
        "max(v)": 0.8874612658669075,
        "max(length)": 0.7685680172822661,
        "num(pathline)": 0.9280256549433284,
        "min(distant)": 0.9063356150136506
    },
    "member6": {
        "max(u)": 0.18984563208928007,
        "max(v)": 0.8874612658669075,
        "max(length)": 0.7685680172822661,
        "num(pathline)": 0.9280256549433284,
        "min(distant)": 0.9063356150136506
    },
    "member7": {
        "max(u)": 0.18984563208928007,
        "max(v)": 0.8874612658669075,
        "max(length)": 0.7685680172822661,
        "num(pathline)": 0.9280256549433284,
        "min(distant)": 0.9063356150136506
    },
    "member8": {
        "max(u)": 0.18984563208928007,
        "max(v)": 0.8874612658669075,
        "max(length)": 0.7685680172822661,
        "num(pathline)": 0.9280256549433284,
        "min(distant)": 0.9063356150136506
    },
    "member9": {
        "max(u)": 0.18984563208928007,
        "max(v)": 0.8874612658669075,
        "max(length)": 0.7685680172822661,
        "num(pathline)": 0.9280256549433284,
        "min(distant)": 0.9063356150136506
    },
    "member10": {
        "max(u)": 0.18984563208928007,
        "max(v)": 0.8874612658669075,
        "max(length)": 0.7685680172822661,
        "num(pathline)": 0.9280256549433284,
        "min(distant)": 0.9063356150136506
    },
    "member11": {
        "max(u)": 0.18984563208928007,
        "max(v)": 0.8874612658669075,
        "max(length)": 0.7685680172822661,
        "num(pathline)": 0.9280256549433284,
        "min(distant)": 0.9063356150136506
    },
    "member12": {
        "max(u)": 0.18984563208928007,
        "max(v)": 0.8874612658669075,
        "max(length)": 0.7685680172822661,
        "num(pathline)": 0.9280256549433284,
        "min(distant)": 0.9063356150136506
    },
    "member13": {
        "max(u)": 0.18984563208928007,
        "max(v)": 0.8874612658669075,
        "max(length)": 0.7685680172822661,
        "num(pathline)": 0.9280256549433284,
        "min(distant)": 0.9063356150136506
    },
    "member14": {
        "max(u)": 0.18984563208928007,
        "max(v)": 0.8874612658669075,
        "max(length)": 0.7685680172822661,
        "num(pathline)": 0.9280256549433284,
        "min(distant)": 0.9063356150136506
    },
    "member15": {
        "max(u)": 0.18984563208928007,
        "max(v)": 0.8874612658669075,
        "max(length)": 0.7685680172822661,
        "num(pathline)": 0.9280256549433284,
        "min(distant)": 0.9063356150136506
    },
    "member16": {
        "max(u)": 0.18984563208928007,
        "max(v)": 0.8874612658669075,
        "max(length)": 0.7685680172822661,
        "num(pathline)": 0.9280256549433284,
        "min(distant)": 0.9063356150136506
    },
    "member17": {
        "max(u)": 0.18984563208928007,
        "max(v)": 0.8874612658669075,
        "max(length)": 0.7685680172822661,
        "num(pathline)": 0.9280256549433284,
        "min(distant)": 0.9063356150136506
    },
    "member18": {
        "max(u)": 0.18984563208928007,
        "max(v)": 0.8874612658669075,
        "max(length)": 0.7685680172822661,
        "num(pathline)": 0.9280256549433284,
        "min(distant)": 0.9063356150136506
    },
    "member19": {
        "max(u)": 0.18984563208928007,
        "max(v)": 0.8874612658669075,
        "max(length)": 0.7685680172822661,
        "num(pathline)": 0.9280256549433284,
        "min(distant)": 0.9063356150136506
    },
    "member20": {
        "max(u)": 0.18984563208928007,
        "max(v)": 0.8874612658669075,
        "max(length)": 0.7685680172822661,
        "num(pathline)": 0.9280256549433284,
        "min(distant)": 0.9063356150136506
    }
}