{
    "member1": {
        "max(u)": 0.4612572575431624,
        "max(v)": 0.25893676203710514,
        "max(length)": 0.18845273461469902,
        "num(pathline)": 0.8041653650341885,
        "min(distant)": 0.5528375963616384
    },
    "member2": {
        "max(u)": 0.4612572575431624,
        "max(v)": 0.25893676203710514,
        "max(length)": 0.18845273461469902,
        "num(pathline)": 0.8041653650341885,
        "min(distant)": 0.5528375963616384
    },
    "member3": {
        "max(u)": 0.4612572575431624,
        "max(v)": 0.25893676203710514,
        "max(length)": 0.18845273461469902,
        "num(pathline)": 0.8041653650341885,
        "min(distant)": 0.5528375963616384
    },
    "member4": {
        "max(u)": 0.4612572575431624,
        "max(v)": 0.25893676203710514,
        "max(length)": 0.18845273461469902,
        "num(pathline)": 0.8041653650341885,
        "min(distant)": 0.5528375963616384
    },
    "member5": {
        "max(u)": 0.4612572575431624,
        "max(v)": 0.25893676203710514,
        "max(length)": 0.18845273461469902,
        "num(pathline)": 0.8041653650341885,
        "min(distant)": 0.5528375963616384
    },
    "member6": {
        "max(u)": 0.4612572575431624,
        "max(v)": 0.25893676203710514,
        "max(length)": 0.18845273461469902,
        "num(pathline)": 0.8041653650341885,
        "min(distant)": 0.5528375963616384
    },
    "member7": {
        "max(u)": 0.4612572575431624,
        "max(v)": 0.25893676203710514,
        "max(length)": 0.18845273461469902,
        "num(pathline)": 0.8041653650341885,
        "min(distant)": 0.5528375963616384
    },
    "member8": {
        "max(u)": 0.4612572575431624,
        "max(v)": 0.25893676203710514,
        "max(length)": 0.18845273461469902,
        "num(pathline)": 0.8041653650341885,
        "min(distant)": 0.5528375963616384
    },
    "member9": {
        "max(u)": 0.4612572575431624,
        "max(v)": 0.25893676203710514,
        "max(length)": 0.18845273461469902,
        "num(pathline)": 0.8041653650341885,
        "min(distant)": 0.5528375963616384
    },
    "member10": {
        "max(u)": 0.4612572575431624,
        "max(v)": 0.25893676203710514,
        "max(length)": 0.18845273461469902,
        "num(pathline)": 0.8041653650341885,
        "min(distant)": 0.5528375963616384
    },
    "member11": {
        "max(u)": 0.4612572575431624,
        "max(v)": 0.25893676203710514,
        "max(length)": 0.18845273461469902,
        "num(pathline)": 0.8041653650341885,
        "min(distant)": 0.5528375963616384
    },
    "member12": {
        "max(u)": 0.4612572575431624,
        "max(v)": 0.25893676203710514,
        "max(length)": 0.18845273461469902,
        "num(pathline)": 0.8041653650341885,
        "min(distant)": 0.5528375963616384
    },
    "member13": {
        "max(u)": 0.4612572575431624,
        "max(v)": 0.25893676203710514,
        "max(length)": 0.18845273461469902,
        "num(pathline)": 0.8041653650341885,
        "min(distant)": 0.5528375963616384
    },
    "member14": {
        "max(u)": 0.4612572575431624,
        "max(v)": 0.25893676203710514,
        "max(length)": 0.18845273461469902,
        "num(pathline)": 0.8041653650341885,
        "min(distant)": 0.5528375963616384
    },
    "member15": {
        "max(u)": 0.4612572575431624,
        "max(v)": 0.25893676203710514,
        "max(length)": 0.18845273461469902,
        "num(pathline)": 0.8041653650341885,
        "min(distant)": 0.5528375963616384
    },
    "member16": {
        "max(u)": 0.4612572575431624,
        "max(v)": 0.25893676203710514,
        "max(length)": 0.18845273461469902,
        "num(pathline)": 0.8041653650341885,
        "min(distant)": 0.5528375963616384
    },
    "member17": {
        "max(u)": 0.4612572575431624,
        "max(v)": 0.25893676203710514,
        "max(length)": 0.18845273461469902,
        "num(pathline)": 0.8041653650341885,
        "min(distant)": 0.5528375963616384
    },
    "member18": {
        "max(u)": 0.4612572575431624,
        "max(v)": 0.25893676203710514,
        "max(length)": 0.18845273461469902,
        "num(pathline)": 0.8041653650341885,
        "min(distant)": 0.5528375963616384
    },
    "member19": {
        "max(u)": 0.4612572575431624,
        "max(v)": 0.25893676203710514,
        "max(length)": 0.18845273461469902,
        "num(pathline)": 0.8041653650341885,
        "min(distant)": 0.5528375963616384
    },
    "member20": {
        "max(u)": 0.4612572575431624,
        "max(v)": 0.25893676203710514,
        "max(length)": 0.18845273461469902,
        "num(pathline)": 0.8041653650341885,
        "min(distant)": 0.5528375963616384
    }
}