{
    "member1": {
        "max(u)": 0.3394589272184685,
        "max(v)": 0.18483649121235723,
        "max(length)": 0.08378227678435102,
        "num(pathline)": 0.16720258492291995,
        "min(distant)": 0.5955814499760641
    },
    "member2": {
        "max(u)": 0.3394589272184685,
        "max(v)": 0.18483649121235723,
        "max(length)": 0.08378227678435102,
        "num(pathline)": 0.16720258492291995,
        "min(distant)": 0.5955814499760641
    },
    "member3": {
        "max(u)": 0.3394589272184685,
        "max(v)": 0.18483649121235723,
        "max(length)": 0.08378227678435102,
        "num(pathline)": 0.16720258492291995,
        "min(distant)": 0.5955814499760641
    },
    "member4": {
        "max(u)": 0.3394589272184685,
        "max(v)": 0.18483649121235723,
        "max(length)": 0.08378227678435102,
        "num(pathline)": 0.16720258492291995,
        "min(distant)": 0.5955814499760641
    },
    "member5": {
        "max(u)": 0.3394589272184685,
        "max(v)": 0.18483649121235723,
        "max(length)": 0.08378227678435102,
        "num(pathline)": 0.16720258492291995,
        "min(distant)": 0.5955814499760641
    },
    "member6": {
        "max(u)": 0.3394589272184685,
        "max(v)": 0.18483649121235723,
        "max(length)": 0.08378227678435102,
        "num(pathline)": 0.16720258492291995,
        "min(distant)": 0.5955814499760641
    },
    "member7": {
        "max(u)": 0.3394589272184685,
        "max(v)": 0.18483649121235723,
        "max(length)": 0.08378227678435102,
        "num(pathline)": 0.16720258492291995,
        "min(distant)": 0.5955814499760641
    },
    "member8": {
        "max(u)": 0.3394589272184685,
        "max(v)": 0.18483649121235723,
        "max(length)": 0.08378227678435102,
        "num(pathline)": 0.16720258492291995,
        "min(distant)": 0.5955814499760641
    },
    "member9": {
        "max(u)": 0.3394589272184685,
        "max(v)": 0.18483649121235723,
        "max(length)": 0.08378227678435102,
        "num(pathline)": 0.16720258492291995,
        "min(distant)": 0.5955814499760641
    },
    "member10": {
        "max(u)": 0.3394589272184685,
        "max(v)": 0.18483649121235723,
        "max(length)": 0.08378227678435102,
        "num(pathline)": 0.16720258492291995,
        "min(distant)": 0.5955814499760641
    },
    "member11": {
        "max(u)": 0.3394589272184685,
        "max(v)": 0.18483649121235723,
        "max(length)": 0.08378227678435102,
        "num(pathline)": 0.16720258492291995,
        "min(distant)": 0.5955814499760641
    },
    "member12": {
        "max(u)": 0.3394589272184685,
        "max(v)": 0.18483649121235723,
        "max(length)": 0.08378227678435102,
        "num(pathline)": 0.16720258492291995,
        "min(distant)": 0.5955814499760641
    },
    "member13": {
        "max(u)": 0.3394589272184685,
        "max(v)": 0.18483649121235723,
        "max(length)": 0.08378227678435102,
        "num(pathline)": 0.16720258492291995,
        "min(distant)": 0.5955814499760641
    },
    "member14": {
        "max(u)": 0.3394589272184685,
        "max(v)": 0.18483649121235723,
        "max(length)": 0.08378227678435102,
        "num(pathline)": 0.16720258492291995,
        "min(distant)": 0.5955814499760641
    },
    "member15": {
        "max(u)": 0.3394589272184685,
        "max(v)": 0.18483649121235723,
        "max(length)": 0.08378227678435102,
        "num(pathline)": 0.16720258492291995,
        "min(distant)": 0.5955814499760641
    },
    "member16": {
        "max(u)": 0.3394589272184685,
        "max(v)": 0.18483649121235723,
        "max(length)": 0.08378227678435102,
        "num(pathline)": 0.16720258492291995,
        "min(distant)": 0.5955814499760641
    },
    "member17": {
        "max(u)": 0.3394589272184685,
        "max(v)": 0.18483649121235723,
        "max(length)": 0.08378227678435102,
        "num(pathline)": 0.16720258492291995,
        "min(distant)": 0.5955814499760641
    },
    "member18": {
        "max(u)": 0.3394589272184685,
        "max(v)": 0.18483649121235723,
        "max(length)": 0.08378227678435102,
        "num(pathline)": 0.16720258492291995,
        "min(distant)": 0.5955814499760641
    },
    "member19": {
        "max(u)": 0.3394589272184685,
        "max(v)": 0.18483649121235723,
        "max(length)": 0.08378227678435102,
        "num(pathline)": 0.16720258492291995,
        "min(distant)": 0.5955814499760641
    },
    "member20": {
        "max(u)": 0.3394589272184685,
        "max(v)": 0.18483649121235723,
        "max(length)": 0.08378227678435102,
        "num(pathline)": 0.16720258492291995,
        "min(distant)": 0.5955814499760641
    }
}