{
    "member1": {
        "max(u)": 0.1471129446483932,
        "max(v)": 0.7862033843023961,
        "max(length)": 0.6198680592320697,
        "num(pathline)": 0.6003300644870253,
        "min(distant)": 0.5155429328218609
    },
    "member2": {
        "max(u)": 0.1471129446483932,
        "max(v)": 0.7862033843023961,
        "max(length)": 0.6198680592320697,
        "num(pathline)": 0.6003300644870253,
        "min(distant)": 0.5155429328218609
    },
    "member3": {
        "max(u)": 0.1471129446483932,
        "max(v)": 0.7862033843023961,
        "max(length)": 0.6198680592320697,
        "num(pathline)": 0.6003300644870253,
        "min(distant)": 0.5155429328218609
    },
    "member4": {
        "max(u)": 0.1471129446483932,
        "max(v)": 0.7862033843023961,
        "max(length)": 0.6198680592320697,
        "num(pathline)": 0.6003300644870253,
        "min(distant)": 0.5155429328218609
    },
    "member5": {
        "max(u)": 0.1471129446483932,
        "max(v)": 0.7862033843023961,
        "max(length)": 0.6198680592320697,
        "num(pathline)": 0.6003300644870253,
        "min(distant)": 0.5155429328218609
    },
    "member6": {
        "max(u)": 0.1471129446483932,
        "max(v)": 0.7862033843023961,
        "max(length)": 0.6198680592320697,
        "num(pathline)": 0.6003300644870253,
        "min(distant)": 0.5155429328218609
    },
    "member7": {
        "max(u)": 0.1471129446483932,
        "max(v)": 0.7862033843023961,
        "max(length)": 0.6198680592320697,
        "num(pathline)": 0.6003300644870253,
        "min(distant)": 0.5155429328218609
    },
    "member8": {
        "max(u)": 0.1471129446483932,
        "max(v)": 0.7862033843023961,
        "max(length)": 0.6198680592320697,
        "num(pathline)": 0.6003300644870253,
        "min(distant)": 0.5155429328218609
    },
    "member9": {
        "max(u)": 0.1471129446483932,
        "max(v)": 0.7862033843023961,
        "max(length)": 0.6198680592320697,
        "num(pathline)": 0.6003300644870253,
        "min(distant)": 0.5155429328218609
    },
    "member10": {
        "max(u)": 0.1471129446483932,
        "max(v)": 0.7862033843023961,
        "max(length)": 0.6198680592320697,
        "num(pathline)": 0.6003300644870253,
        "min(distant)": 0.5155429328218609
    },
    "member11": {
        "max(u)": 0.1471129446483932,
        "max(v)": 0.7862033843023961,
        "max(length)": 0.6198680592320697,
        "num(pathline)": 0.6003300644870253,
        "min(distant)": 0.5155429328218609
    },
    "member12": {
        "max(u)": 0.1471129446483932,
        "max(v)": 0.7862033843023961,
        "max(length)": 0.6198680592320697,
        "num(pathline)": 0.6003300644870253,
        "min(distant)": 0.5155429328218609
    },
    "member13": {
        "max(u)": 0.1471129446483932,
        "max(v)": 0.7862033843023961,
        "max(length)": 0.6198680592320697,
        "num(pathline)": 0.6003300644870253,
        "min(distant)": 0.5155429328218609
    },
    "member14": {
        "max(u)": 0.1471129446483932,
        "max(v)": 0.7862033843023961,
        "max(length)": 0.6198680592320697,
        "num(pathline)": 0.6003300644870253,
        "min(distant)": 0.5155429328218609
    },
    "member15": {
        "max(u)": 0.1471129446483932,
        "max(v)": 0.7862033843023961,
        "max(length)": 0.6198680592320697,
        "num(pathline)": 0.6003300644870253,
        "min(distant)": 0.5155429328218609
    },
    "member16": {
        "max(u)": 0.1471129446483932,
        "max(v)": 0.7862033843023961,
        "max(length)": 0.6198680592320697,
        "num(pathline)": 0.6003300644870253,
        "min(distant)": 0.5155429328218609
    },
    "member17": {
        "max(u)": 0.1471129446483932,
        "max(v)": 0.7862033843023961,
        "max(length)": 0.6198680592320697,
        "num(pathline)": 0.6003300644870253,
        "min(distant)": 0.5155429328218609
    },
    "member18": {
        "max(u)": 0.1471129446483932,
        "max(v)": 0.7862033843023961,
        "max(length)": 0.6198680592320697,
        "num(pathline)": 0.6003300644870253,
        "min(distant)": 0.5155429328218609
    },
    "member19": {
        "max(u)": 0.1471129446483932,
        "max(v)": 0.7862033843023961,
        "max(length)": 0.6198680592320697,
        "num(pathline)": 0.6003300644870253,
        "min(distant)": 0.5155429328218609
    },
    "member20": {
        "max(u)": 0.1471129446483932,
        "max(v)": 0.7862033843023961,
        "max(length)": 0.6198680592320697,
        "num(pathline)": 0.6003300644870253,
        "min(distant)": 0.5155429328218609
    }
}