{
    "member1": {
        "max(u)": 0.5624372560165066,
        "max(v)": 0.8869045938482807,
        "max(length)": 0.5440216713597875,
        "num(pathline)": 0.7159997175327308,
        "min(distant)": 0.4029603525899206
    },
    "member2": {
        "max(u)": 0.5624372560165066,
        "max(v)": 0.8869045938482807,
        "max(length)": 0.5440216713597875,
        "num(pathline)": 0.7159997175327308,
        "min(distant)": 0.4029603525899206
    },
    "member3": {
        "max(u)": 0.5624372560165066,
        "max(v)": 0.8869045938482807,
        "max(length)": 0.5440216713597875,
        "num(pathline)": 0.7159997175327308,
        "min(distant)": 0.4029603525899206
    },
    "member4": {
        "max(u)": 0.5624372560165066,
        "max(v)": 0.8869045938482807,
        "max(length)": 0.5440216713597875,
        "num(pathline)": 0.7159997175327308,
        "min(distant)": 0.4029603525899206
    },
    "member5": {
        "max(u)": 0.5624372560165066,
        "max(v)": 0.8869045938482807,
        "max(length)": 0.5440216713597875,
        "num(pathline)": 0.7159997175327308,
        "min(distant)": 0.4029603525899206
    },
    "member6": {
        "max(u)": 0.5624372560165066,
        "max(v)": 0.8869045938482807,
        "max(length)": 0.5440216713597875,
        "num(pathline)": 0.7159997175327308,
        "min(distant)": 0.4029603525899206
    },
    "member7": {
        "max(u)": 0.5624372560165066,
        "max(v)": 0.8869045938482807,
        "max(length)": 0.5440216713597875,
        "num(pathline)": 0.7159997175327308,
        "min(distant)": 0.4029603525899206
    },
    "member8": {
        "max(u)": 0.5624372560165066,
        "max(v)": 0.8869045938482807,
        "max(length)": 0.5440216713597875,
        "num(pathline)": 0.7159997175327308,
        "min(distant)": 0.4029603525899206
    },
    "member9": {
        "max(u)": 0.5624372560165066,
        "max(v)": 0.8869045938482807,
        "max(length)": 0.5440216713597875,
        "num(pathline)": 0.7159997175327308,
        "min(distant)": 0.4029603525899206
    },
    "member10": {
        "max(u)": 0.5624372560165066,
        "max(v)": 0.8869045938482807,
        "max(length)": 0.5440216713597875,
        "num(pathline)": 0.7159997175327308,
        "min(distant)": 0.4029603525899206
    },
    "member11": {
        "max(u)": 0.5624372560165066,
        "max(v)": 0.8869045938482807,
        "max(length)": 0.5440216713597875,
        "num(pathline)": 0.7159997175327308,
        "min(distant)": 0.4029603525899206
    },
    "member12": {
        "max(u)": 0.5624372560165066,
        "max(v)": 0.8869045938482807,
        "max(length)": 0.5440216713597875,
        "num(pathline)": 0.7159997175327308,
        "min(distant)": 0.4029603525899206
    },
    "member13": {
        "max(u)": 0.5624372560165066,
        "max(v)": 0.8869045938482807,
        "max(length)": 0.5440216713597875,
        "num(pathline)": 0.7159997175327308,
        "min(distant)": 0.4029603525899206
    },
    "member14": {
        "max(u)": 0.5624372560165066,
        "max(v)": 0.8869045938482807,
        "max(length)": 0.5440216713597875,
        "num(pathline)": 0.7159997175327308,
        "min(distant)": 0.4029603525899206
    },
    "member15": {
        "max(u)": 0.5624372560165066,
        "max(v)": 0.8869045938482807,
        "max(length)": 0.5440216713597875,
        "num(pathline)": 0.7159997175327308,
        "min(distant)": 0.4029603525899206
    },
    "member16": {
        "max(u)": 0.5624372560165066,
        "max(v)": 0.8869045938482807,
        "max(length)": 0.5440216713597875,
        "num(pathline)": 0.7159997175327308,
        "min(distant)": 0.4029603525899206
    },
    "member17": {
        "max(u)": 0.5624372560165066,
        "max(v)": 0.8869045938482807,
        "max(length)": 0.5440216713597875,
        "num(pathline)": 0.7159997175327308,
        "min(distant)": 0.4029603525899206
    },
    "member18": {
        "max(u)": 0.5624372560165066,
        "max(v)": 0.8869045938482807,
        "max(length)": 0.5440216713597875,
        "num(pathline)": 0.7159997175327308,
        "min(distant)": 0.4029603525899206
    },
    "member19": {
        "max(u)": 0.5624372560165066,
        "max(v)": 0.8869045938482807,
        "max(length)": 0.5440216713597875,
        "num(pathline)": 0.7159997175327308,
        "min(distant)": 0.4029603525899206
    },
    "member20": {
        "max(u)": 0.5624372560165066,
        "max(v)": 0.8869045938482807,
        "max(length)": 0.5440216713597875,
        "num(pathline)": 0.7159997175327308,
        "min(distant)": 0.4029603525899206
    }
}