{
    "member1": {
        "max(u)": 0.008398324269355495,
        "max(v)": 0.7410126483862356,
        "max(length)": 0.9111939768387763,
        "num(pathline)": 0.2410661015605886,
        "min(distant)": 0.9478994418124737
    },
    "member2": {
        "max(u)": 0.008398324269355495,
        "max(v)": 0.7410126483862356,
        "max(length)": 0.9111939768387763,
        "num(pathline)": 0.2410661015605886,
        "min(distant)": 0.9478994418124737
    },
    "member3": {
        "max(u)": 0.008398324269355495,
        "max(v)": 0.7410126483862356,
        "max(length)": 0.9111939768387763,
        "num(pathline)": 0.2410661015605886,
        "min(distant)": 0.9478994418124737
    },
    "member4": {
        "max(u)": 0.008398324269355495,
        "max(v)": 0.7410126483862356,
        "max(length)": 0.9111939768387763,
        "num(pathline)": 0.2410661015605886,
        "min(distant)": 0.9478994418124737
    },
    "member5": {
        "max(u)": 0.008398324269355495,
        "max(v)": 0.7410126483862356,
        "max(length)": 0.9111939768387763,
        "num(pathline)": 0.2410661015605886,
        "min(distant)": 0.9478994418124737
    },
    "member6": {
        "max(u)": 0.008398324269355495,
        "max(v)": 0.7410126483862356,
        "max(length)": 0.9111939768387763,
        "num(pathline)": 0.2410661015605886,
        "min(distant)": 0.9478994418124737
    },
    "member7": {
        "max(u)": 0.008398324269355495,
        "max(v)": 0.7410126483862356,
        "max(length)": 0.9111939768387763,
        "num(pathline)": 0.2410661015605886,
        "min(distant)": 0.9478994418124737
    },
    "member8": {
        "max(u)": 0.008398324269355495,
        "max(v)": 0.7410126483862356,
        "max(length)": 0.9111939768387763,
        "num(pathline)": 0.2410661015605886,
        "min(distant)": 0.9478994418124737
    },
    "member9": {
        "max(u)": 0.008398324269355495,
        "max(v)": 0.7410126483862356,
        "max(length)": 0.9111939768387763,
        "num(pathline)": 0.2410661015605886,
        "min(distant)": 0.9478994418124737
    },
    "member10": {
        "max(u)": 0.008398324269355495,
        "max(v)": 0.7410126483862356,
        "max(length)": 0.9111939768387763,
        "num(pathline)": 0.2410661015605886,
        "min(distant)": 0.9478994418124737
    },
    "member11": {
        "max(u)": 0.008398324269355495,
        "max(v)": 0.7410126483862356,
        "max(length)": 0.9111939768387763,
        "num(pathline)": 0.2410661015605886,
        "min(distant)": 0.9478994418124737
    },
    "member12": {
        "max(u)": 0.008398324269355495,
        "max(v)": 0.7410126483862356,
        "max(length)": 0.9111939768387763,
        "num(pathline)": 0.2410661015605886,
        "min(distant)": 0.9478994418124737
    },
    "member13": {
        "max(u)": 0.008398324269355495,
        "max(v)": 0.7410126483862356,
        "max(length)": 0.9111939768387763,
        "num(pathline)": 0.2410661015605886,
        "min(distant)": 0.9478994418124737
    },
    "member14": {
        "max(u)": 0.008398324269355495,
        "max(v)": 0.7410126483862356,
        "max(length)": 0.9111939768387763,
        "num(pathline)": 0.2410661015605886,
        "min(distant)": 0.9478994418124737
    },
    "member15": {
        "max(u)": 0.008398324269355495,
        "max(v)": 0.7410126483862356,
        "max(length)": 0.9111939768387763,
        "num(pathline)": 0.2410661015605886,
        "min(distant)": 0.9478994418124737
    },
    "member16": {
        "max(u)": 0.008398324269355495,
        "max(v)": 0.7410126483862356,
        "max(length)": 0.9111939768387763,
        "num(pathline)": 0.2410661015605886,
        "min(distant)": 0.9478994418124737
    },
    "member17": {
        "max(u)": 0.008398324269355495,
        "max(v)": 0.7410126483862356,
        "max(length)": 0.9111939768387763,
        "num(pathline)": 0.2410661015605886,
        "min(distant)": 0.9478994418124737
    },
    "member18": {
        "max(u)": 0.008398324269355495,
        "max(v)": 0.7410126483862356,
        "max(length)": 0.9111939768387763,
        "num(pathline)": 0.2410661015605886,
        "min(distant)": 0.9478994418124737
    },
    "member19": {
        "max(u)": 0.008398324269355495,
        "max(v)": 0.7410126483862356,
        "max(length)": 0.9111939768387763,
        "num(pathline)": 0.2410661015605886,
        "min(distant)": 0.9478994418124737
    },
    "member20": {
        "max(u)": 0.008398324269355495,
        "max(v)": 0.7410126483862356,
        "max(length)": 0.9111939768387763,
        "num(pathline)": 0.2410661015605886,
        "min(distant)": 0.9478994418124737
    }
}