{
    "member1": {
        "max(u)": 0.3159301466131883,
        "max(v)": 0.5745961130591912,
        "max(length)": 0.4915048317639875,
        "num(pathline)": 0.5959519170749155,
        "min(distant)": 0.5144183657800524
    },
    "member2": {
        "max(u)": 0.3159301466131883,
        "max(v)": 0.5745961130591912,
        "max(length)": 0.4915048317639875,
        "num(pathline)": 0.5959519170749155,
        "min(distant)": 0.5144183657800524
    },
    "member3": {
        "max(u)": 0.3159301466131883,
        "max(v)": 0.5745961130591912,
        "max(length)": 0.4915048317639875,
        "num(pathline)": 0.5959519170749155,
        "min(distant)": 0.5144183657800524
    },
    "member4": {
        "max(u)": 0.3159301466131883,
        "max(v)": 0.5745961130591912,
        "max(length)": 0.4915048317639875,
        "num(pathline)": 0.5959519170749155,
        "min(distant)": 0.5144183657800524
    },
    "member5": {
        "max(u)": 0.3159301466131883,
        "max(v)": 0.5745961130591912,
        "max(length)": 0.4915048317639875,
        "num(pathline)": 0.5959519170749155,
        "min(distant)": 0.5144183657800524
    },
    "member6": {
        "max(u)": 0.3159301466131883,
        "max(v)": 0.5745961130591912,
        "max(length)": 0.4915048317639875,
        "num(pathline)": 0.5959519170749155,
        "min(distant)": 0.5144183657800524
    },
    "member7": {
        "max(u)": 0.3159301466131883,
        "max(v)": 0.5745961130591912,
        "max(length)": 0.4915048317639875,
        "num(pathline)": 0.5959519170749155,
        "min(distant)": 0.5144183657800524
    },
    "member8": {
        "max(u)": 0.3159301466131883,
        "max(v)": 0.5745961130591912,
        "max(length)": 0.4915048317639875,
        "num(pathline)": 0.5959519170749155,
        "min(distant)": 0.5144183657800524
    },
    "member9": {
        "max(u)": 0.3159301466131883,
        "max(v)": 0.5745961130591912,
        "max(length)": 0.4915048317639875,
        "num(pathline)": 0.5959519170749155,
        "min(distant)": 0.5144183657800524
    },
    "member10": {
        "max(u)": 0.3159301466131883,
        "max(v)": 0.5745961130591912,
        "max(length)": 0.4915048317639875,
        "num(pathline)": 0.5959519170749155,
        "min(distant)": 0.5144183657800524
    },
    "member11": {
        "max(u)": 0.3159301466131883,
        "max(v)": 0.5745961130591912,
        "max(length)": 0.4915048317639875,
        "num(pathline)": 0.5959519170749155,
        "min(distant)": 0.5144183657800524
    },
    "member12": {
        "max(u)": 0.3159301466131883,
        "max(v)": 0.5745961130591912,
        "max(length)": 0.4915048317639875,
        "num(pathline)": 0.5959519170749155,
        "min(distant)": 0.5144183657800524
    },
    "member13": {
        "max(u)": 0.3159301466131883,
        "max(v)": 0.5745961130591912,
        "max(length)": 0.4915048317639875,
        "num(pathline)": 0.5959519170749155,
        "min(distant)": 0.5144183657800524
    },
    "member14": {
        "max(u)": 0.3159301466131883,
        "max(v)": 0.5745961130591912,
        "max(length)": 0.4915048317639875,
        "num(pathline)": 0.5959519170749155,
        "min(distant)": 0.5144183657800524
    },
    "member15": {
        "max(u)": 0.3159301466131883,
        "max(v)": 0.5745961130591912,
        "max(length)": 0.4915048317639875,
        "num(pathline)": 0.5959519170749155,
        "min(distant)": 0.5144183657800524
    },
    "member16": {
        "max(u)": 0.3159301466131883,
        "max(v)": 0.5745961130591912,
        "max(length)": 0.4915048317639875,
        "num(pathline)": 0.5959519170749155,
        "min(distant)": 0.5144183657800524
    },
    "member17": {
        "max(u)": 0.3159301466131883,
        "max(v)": 0.5745961130591912,
        "max(length)": 0.4915048317639875,
        "num(pathline)": 0.5959519170749155,
        "min(distant)": 0.5144183657800524
    },
    "member18": {
        "max(u)": 0.3159301466131883,
        "max(v)": 0.5745961130591912,
        "max(length)": 0.4915048317639875,
        "num(pathline)": 0.5959519170749155,
        "min(distant)": 0.5144183657800524
    },
    "member19": {
        "max(u)": 0.3159301466131883,
        "max(v)": 0.5745961130591912,
        "max(length)": 0.4915048317639875,
        "num(pathline)": 0.5959519170749155,
        "min(distant)": 0.5144183657800524
    },
    "member20": {
        "max(u)": 0.3159301466131883,
        "max(v)": 0.5745961130591912,
        "max(length)": 0.4915048317639875,
        "num(pathline)": 0.5959519170749155,
        "min(distant)": 0.5144183657800524
    }
}