{
    "member1": {
        "max(u)": 0.18531855005466125,
        "max(v)": 0.9395531127584864,
        "max(length)": 0.8407687328764881,
        "num(pathline)": 0.2776030275631105,
        "min(distant)": 0.830159680291298
    },
    "member2": {
        "max(u)": 0.18531855005466125,
        "max(v)": 0.9395531127584864,
        "max(length)": 0.8407687328764881,
        "num(pathline)": 0.2776030275631105,
        "min(distant)": 0.830159680291298
    },
    "member3": {
        "max(u)": 0.18531855005466125,
        "max(v)": 0.9395531127584864,
        "max(length)": 0.8407687328764881,
        "num(pathline)": 0.2776030275631105,
        "min(distant)": 0.830159680291298
    },
    "member4": {
        "max(u)": 0.18531855005466125,
        "max(v)": 0.9395531127584864,
        "max(length)": 0.8407687328764881,
        "num(pathline)": 0.2776030275631105,
        "min(distant)": 0.830159680291298
    },
    "member5": {
        "max(u)": 0.18531855005466125,
        "max(v)": 0.9395531127584864,
        "max(length)": 0.8407687328764881,
        "num(pathline)": 0.2776030275631105,
        "min(distant)": 0.830159680291298
    },
    "member6": {
        "max(u)": 0.18531855005466125,
        "max(v)": 0.9395531127584864,
        "max(length)": 0.8407687328764881,
        "num(pathline)": 0.2776030275631105,
        "min(distant)": 0.830159680291298
    },
    "member7": {
        "max(u)": 0.18531855005466125,
        "max(v)": 0.9395531127584864,
        "max(length)": 0.8407687328764881,
        "num(pathline)": 0.2776030275631105,
        "min(distant)": 0.830159680291298
    },
    "member8": {
        "max(u)": 0.18531855005466125,
        "max(v)": 0.9395531127584864,
        "max(length)": 0.8407687328764881,
        "num(pathline)": 0.2776030275631105,
        "min(distant)": 0.830159680291298
    },
    "member9": {
        "max(u)": 0.18531855005466125,
        "max(v)": 0.9395531127584864,
        "max(length)": 0.8407687328764881,
        "num(pathline)": 0.2776030275631105,
        "min(distant)": 0.830159680291298
    },
    "member10": {
        "max(u)": 0.18531855005466125,
        "max(v)": 0.9395531127584864,
        "max(length)": 0.8407687328764881,
        "num(pathline)": 0.2776030275631105,
        "min(distant)": 0.830159680291298
    },
    "member11": {
        "max(u)": 0.18531855005466125,
        "max(v)": 0.9395531127584864,
        "max(length)": 0.8407687328764881,
        "num(pathline)": 0.2776030275631105,
        "min(distant)": 0.830159680291298
    },
    "member12": {
        "max(u)": 0.18531855005466125,
        "max(v)": 0.9395531127584864,
        "max(length)": 0.8407687328764881,
        "num(pathline)": 0.2776030275631105,
        "min(distant)": 0.830159680291298
    },
    "member13": {
        "max(u)": 0.18531855005466125,
        "max(v)": 0.9395531127584864,
        "max(length)": 0.8407687328764881,
        "num(pathline)": 0.2776030275631105,
        "min(distant)": 0.830159680291298
    },
    "member14": {
        "max(u)": 0.18531855005466125,
        "max(v)": 0.9395531127584864,
        "max(length)": 0.8407687328764881,
        "num(pathline)": 0.2776030275631105,
        "min(distant)": 0.830159680291298
    },
    "member15": {
        "max(u)": 0.18531855005466125,
        "max(v)": 0.9395531127584864,
        "max(length)": 0.8407687328764881,
        "num(pathline)": 0.2776030275631105,
        "min(distant)": 0.830159680291298
    },
    "member16": {
        "max(u)": 0.18531855005466125,
        "max(v)": 0.9395531127584864,
        "max(length)": 0.8407687328764881,
        "num(pathline)": 0.2776030275631105,
        "min(distant)": 0.830159680291298
    },
    "member17": {
        "max(u)": 0.18531855005466125,
        "max(v)": 0.9395531127584864,
        "max(length)": 0.8407687328764881,
        "num(pathline)": 0.2776030275631105,
        "min(distant)": 0.830159680291298
    },
    "member18": {
        "max(u)": 0.18531855005466125,
        "max(v)": 0.9395531127584864,
        "max(length)": 0.8407687328764881,
        "num(pathline)": 0.2776030275631105,
        "min(distant)": 0.830159680291298
    },
    "member19": {
        "max(u)": 0.18531855005466125,
        "max(v)": 0.9395531127584864,
        "max(length)": 0.8407687328764881,
        "num(pathline)": 0.2776030275631105,
        "min(distant)": 0.830159680291298
    },
    "member20": {
        "max(u)": 0.18531855005466125,
        "max(v)": 0.9395531127584864,
        "max(length)": 0.8407687328764881,
        "num(pathline)": 0.2776030275631105,
        "min(distant)": 0.830159680291298
    }
}