{
    "member1": {
        "max(u)": 0.6116210410576991,
        "max(v)": 0.9670204555764346,
        "max(length)": 0.6109574004914435,
        "num(pathline)": 0.9714411623994432,
        "min(distant)": 0.990842246980839
    },
    "member2": {
        "max(u)": 0.6116210410576991,
        "max(v)": 0.9670204555764346,
        "max(length)": 0.6109574004914435,
        "num(pathline)": 0.9714411623994432,
        "min(distant)": 0.990842246980839
    },
    "member3": {
        "max(u)": 0.6116210410576991,
        "max(v)": 0.9670204555764346,
        "max(length)": 0.6109574004914435,
        "num(pathline)": 0.9714411623994432,
        "min(distant)": 0.990842246980839
    },
    "member4": {
        "max(u)": 0.6116210410576991,
        "max(v)": 0.9670204555764346,
        "max(length)": 0.6109574004914435,
        "num(pathline)": 0.9714411623994432,
        "min(distant)": 0.990842246980839
    },
    "member5": {
        "max(u)": 0.6116210410576991,
        "max(v)": 0.9670204555764346,
        "max(length)": 0.6109574004914435,
        "num(pathline)": 0.9714411623994432,
        "min(distant)": 0.990842246980839
    },
    "member6": {
        "max(u)": 0.6116210410576991,
        "max(v)": 0.9670204555764346,
        "max(length)": 0.6109574004914435,
        "num(pathline)": 0.9714411623994432,
        "min(distant)": 0.990842246980839
    },
    "member7": {
        "max(u)": 0.6116210410576991,
        "max(v)": 0.9670204555764346,
        "max(length)": 0.6109574004914435,
        "num(pathline)": 0.9714411623994432,
        "min(distant)": 0.990842246980839
    },
    "member8": {
        "max(u)": 0.6116210410576991,
        "max(v)": 0.9670204555764346,
        "max(length)": 0.6109574004914435,
        "num(pathline)": 0.9714411623994432,
        "min(distant)": 0.990842246980839
    },
    "member9": {
        "max(u)": 0.6116210410576991,
        "max(v)": 0.9670204555764346,
        "max(length)": 0.6109574004914435,
        "num(pathline)": 0.9714411623994432,
        "min(distant)": 0.990842246980839
    },
    "member10": {
        "max(u)": 0.6116210410576991,
        "max(v)": 0.9670204555764346,
        "max(length)": 0.6109574004914435,
        "num(pathline)": 0.9714411623994432,
        "min(distant)": 0.990842246980839
    },
    "member11": {
        "max(u)": 0.6116210410576991,
        "max(v)": 0.9670204555764346,
        "max(length)": 0.6109574004914435,
        "num(pathline)": 0.9714411623994432,
        "min(distant)": 0.990842246980839
    },
    "member12": {
        "max(u)": 0.6116210410576991,
        "max(v)": 0.9670204555764346,
        "max(length)": 0.6109574004914435,
        "num(pathline)": 0.9714411623994432,
        "min(distant)": 0.990842246980839
    },
    "member13": {
        "max(u)": 0.6116210410576991,
        "max(v)": 0.9670204555764346,
        "max(length)": 0.6109574004914435,
        "num(pathline)": 0.9714411623994432,
        "min(distant)": 0.990842246980839
    },
    "member14": {
        "max(u)": 0.6116210410576991,
        "max(v)": 0.9670204555764346,
        "max(length)": 0.6109574004914435,
        "num(pathline)": 0.9714411623994432,
        "min(distant)": 0.990842246980839
    },
    "member15": {
        "max(u)": 0.6116210410576991,
        "max(v)": 0.9670204555764346,
        "max(length)": 0.6109574004914435,
        "num(pathline)": 0.9714411623994432,
        "min(distant)": 0.990842246980839
    },
    "member16": {
        "max(u)": 0.6116210410576991,
        "max(v)": 0.9670204555764346,
        "max(length)": 0.6109574004914435,
        "num(pathline)": 0.9714411623994432,
        "min(distant)": 0.990842246980839
    },
    "member17": {
        "max(u)": 0.6116210410576991,
        "max(v)": 0.9670204555764346,
        "max(length)": 0.6109574004914435,
        "num(pathline)": 0.9714411623994432,
        "min(distant)": 0.990842246980839
    },
    "member18": {
        "max(u)": 0.6116210410576991,
        "max(v)": 0.9670204555764346,
        "max(length)": 0.6109574004914435,
        "num(pathline)": 0.9714411623994432,
        "min(distant)": 0.990842246980839
    },
    "member19": {
        "max(u)": 0.6116210410576991,
        "max(v)": 0.9670204555764346,
        "max(length)": 0.6109574004914435,
        "num(pathline)": 0.9714411623994432,
        "min(distant)": 0.990842246980839
    },
    "member20": {
        "max(u)": 0.6116210410576991,
        "max(v)": 0.9670204555764346,
        "max(length)": 0.6109574004914435,
        "num(pathline)": 0.9714411623994432,
        "min(distant)": 0.990842246980839
    }
}