{
    "member1": {
        "max(u)": 0.23783141466792412,
        "max(v)": 0.7266262891724036,
        "max(length)": 0.2317361113361226,
        "num(pathline)": 0.2716899989063386,
        "min(distant)": 0.6526340393313479
    },
    "member2": {
        "max(u)": 0.23783141466792412,
        "max(v)": 0.7266262891724036,
        "max(length)": 0.2317361113361226,
        "num(pathline)": 0.2716899989063386,
        "min(distant)": 0.6526340393313479
    },
    "member3": {
        "max(u)": 0.23783141466792412,
        "max(v)": 0.7266262891724036,
        "max(length)": 0.2317361113361226,
        "num(pathline)": 0.2716899989063386,
        "min(distant)": 0.6526340393313479
    },
    "member4": {
        "max(u)": 0.23783141466792412,
        "max(v)": 0.7266262891724036,
        "max(length)": 0.2317361113361226,
        "num(pathline)": 0.2716899989063386,
        "min(distant)": 0.6526340393313479
    },
    "member5": {
        "max(u)": 0.23783141466792412,
        "max(v)": 0.7266262891724036,
        "max(length)": 0.2317361113361226,
        "num(pathline)": 0.2716899989063386,
        "min(distant)": 0.6526340393313479
    },
    "member6": {
        "max(u)": 0.23783141466792412,
        "max(v)": 0.7266262891724036,
        "max(length)": 0.2317361113361226,
        "num(pathline)": 0.2716899989063386,
        "min(distant)": 0.6526340393313479
    },
    "member7": {
        "max(u)": 0.23783141466792412,
        "max(v)": 0.7266262891724036,
        "max(length)": 0.2317361113361226,
        "num(pathline)": 0.2716899989063386,
        "min(distant)": 0.6526340393313479
    },
    "member8": {
        "max(u)": 0.23783141466792412,
        "max(v)": 0.7266262891724036,
        "max(length)": 0.2317361113361226,
        "num(pathline)": 0.2716899989063386,
        "min(distant)": 0.6526340393313479
    },
    "member9": {
        "max(u)": 0.23783141466792412,
        "max(v)": 0.7266262891724036,
        "max(length)": 0.2317361113361226,
        "num(pathline)": 0.2716899989063386,
        "min(distant)": 0.6526340393313479
    },
    "member10": {
        "max(u)": 0.23783141466792412,
        "max(v)": 0.7266262891724036,
        "max(length)": 0.2317361113361226,
        "num(pathline)": 0.2716899989063386,
        "min(distant)": 0.6526340393313479
    },
    "member11": {
        "max(u)": 0.23783141466792412,
        "max(v)": 0.7266262891724036,
        "max(length)": 0.2317361113361226,
        "num(pathline)": 0.2716899989063386,
        "min(distant)": 0.6526340393313479
    },
    "member12": {
        "max(u)": 0.23783141466792412,
        "max(v)": 0.7266262891724036,
        "max(length)": 0.2317361113361226,
        "num(pathline)": 0.2716899989063386,
        "min(distant)": 0.6526340393313479
    },
    "member13": {
        "max(u)": 0.23783141466792412,
        "max(v)": 0.7266262891724036,
        "max(length)": 0.2317361113361226,
        "num(pathline)": 0.2716899989063386,
        "min(distant)": 0.6526340393313479
    },
    "member14": {
        "max(u)": 0.23783141466792412,
        "max(v)": 0.7266262891724036,
        "max(length)": 0.2317361113361226,
        "num(pathline)": 0.2716899989063386,
        "min(distant)": 0.6526340393313479
    },
    "member15": {
        "max(u)": 0.23783141466792412,
        "max(v)": 0.7266262891724036,
        "max(length)": 0.2317361113361226,
        "num(pathline)": 0.2716899989063386,
        "min(distant)": 0.6526340393313479
    },
    "member16": {
        "max(u)": 0.23783141466792412,
        "max(v)": 0.7266262891724036,
        "max(length)": 0.2317361113361226,
        "num(pathline)": 0.2716899989063386,
        "min(distant)": 0.6526340393313479
    },
    "member17": {
        "max(u)": 0.23783141466792412,
        "max(v)": 0.7266262891724036,
        "max(length)": 0.2317361113361226,
        "num(pathline)": 0.2716899989063386,
        "min(distant)": 0.6526340393313479
    },
    "member18": {
        "max(u)": 0.23783141466792412,
        "max(v)": 0.7266262891724036,
        "max(length)": 0.2317361113361226,
        "num(pathline)": 0.2716899989063386,
        "min(distant)": 0.6526340393313479
    },
    "member19": {
        "max(u)": 0.23783141466792412,
        "max(v)": 0.7266262891724036,
        "max(length)": 0.2317361113361226,
        "num(pathline)": 0.2716899989063386,
        "min(distant)": 0.6526340393313479
    },
    "member20": {
        "max(u)": 0.23783141466792412,
        "max(v)": 0.7266262891724036,
        "max(length)": 0.2317361113361226,
        "num(pathline)": 0.2716899989063386,
        "min(distant)": 0.6526340393313479
    }
}