{
    "member1": {
        "max(u)": 0.7169093383272458,
        "max(v)": 0.684420872652924,
        "max(length)": 0.47756988252980037,
        "num(pathline)": 0.4754889217936593,
        "min(distant)": 0.7388130031901494
    },
    "member2": {
        "max(u)": 0.7169093383272458,
        "max(v)": 0.684420872652924,
        "max(length)": 0.47756988252980037,
        "num(pathline)": 0.4754889217936593,
        "min(distant)": 0.7388130031901494
    },
    "member3": {
        "max(u)": 0.7169093383272458,
        "max(v)": 0.684420872652924,
        "max(length)": 0.47756988252980037,
        "num(pathline)": 0.4754889217936593,
        "min(distant)": 0.7388130031901494
    },
    "member4": {
        "max(u)": 0.7169093383272458,
        "max(v)": 0.684420872652924,
        "max(length)": 0.47756988252980037,
        "num(pathline)": 0.4754889217936593,
        "min(distant)": 0.7388130031901494
    },
    "member5": {
        "max(u)": 0.7169093383272458,
        "max(v)": 0.684420872652924,
        "max(length)": 0.47756988252980037,
        "num(pathline)": 0.4754889217936593,
        "min(distant)": 0.7388130031901494
    },
    "member6": {
        "max(u)": 0.7169093383272458,
        "max(v)": 0.684420872652924,
        "max(length)": 0.47756988252980037,
        "num(pathline)": 0.4754889217936593,
        "min(distant)": 0.7388130031901494
    },
    "member7": {
        "max(u)": 0.7169093383272458,
        "max(v)": 0.684420872652924,
        "max(length)": 0.47756988252980037,
        "num(pathline)": 0.4754889217936593,
        "min(distant)": 0.7388130031901494
    },
    "member8": {
        "max(u)": 0.7169093383272458,
        "max(v)": 0.684420872652924,
        "max(length)": 0.47756988252980037,
        "num(pathline)": 0.4754889217936593,
        "min(distant)": 0.7388130031901494
    },
    "member9": {
        "max(u)": 0.7169093383272458,
        "max(v)": 0.684420872652924,
        "max(length)": 0.47756988252980037,
        "num(pathline)": 0.4754889217936593,
        "min(distant)": 0.7388130031901494
    },
    "member10": {
        "max(u)": 0.7169093383272458,
        "max(v)": 0.684420872652924,
        "max(length)": 0.47756988252980037,
        "num(pathline)": 0.4754889217936593,
        "min(distant)": 0.7388130031901494
    },
    "member11": {
        "max(u)": 0.7169093383272458,
        "max(v)": 0.684420872652924,
        "max(length)": 0.47756988252980037,
        "num(pathline)": 0.4754889217936593,
        "min(distant)": 0.7388130031901494
    },
    "member12": {
        "max(u)": 0.7169093383272458,
        "max(v)": 0.684420872652924,
        "max(length)": 0.47756988252980037,
        "num(pathline)": 0.4754889217936593,
        "min(distant)": 0.7388130031901494
    },
    "member13": {
        "max(u)": 0.7169093383272458,
        "max(v)": 0.684420872652924,
        "max(length)": 0.47756988252980037,
        "num(pathline)": 0.4754889217936593,
        "min(distant)": 0.7388130031901494
    },
    "member14": {
        "max(u)": 0.7169093383272458,
        "max(v)": 0.684420872652924,
        "max(length)": 0.47756988252980037,
        "num(pathline)": 0.4754889217936593,
        "min(distant)": 0.7388130031901494
    },
    "member15": {
        "max(u)": 0.7169093383272458,
        "max(v)": 0.684420872652924,
        "max(length)": 0.47756988252980037,
        "num(pathline)": 0.4754889217936593,
        "min(distant)": 0.7388130031901494
    },
    "member16": {
        "max(u)": 0.7169093383272458,
        "max(v)": 0.684420872652924,
        "max(length)": 0.47756988252980037,
        "num(pathline)": 0.4754889217936593,
        "min(distant)": 0.7388130031901494
    },
    "member17": {
        "max(u)": 0.7169093383272458,
        "max(v)": 0.684420872652924,
        "max(length)": 0.47756988252980037,
        "num(pathline)": 0.4754889217936593,
        "min(distant)": 0.7388130031901494
    },
    "member18": {
        "max(u)": 0.7169093383272458,
        "max(v)": 0.684420872652924,
        "max(length)": 0.47756988252980037,
        "num(pathline)": 0.4754889217936593,
        "min(distant)": 0.7388130031901494
    },
    "member19": {
        "max(u)": 0.7169093383272458,
        "max(v)": 0.684420872652924,
        "max(length)": 0.47756988252980037,
        "num(pathline)": 0.4754889217936593,
        "min(distant)": 0.7388130031901494
    },
    "member20": {
        "max(u)": 0.7169093383272458,
        "max(v)": 0.684420872652924,
        "max(length)": 0.47756988252980037,
        "num(pathline)": 0.4754889217936593,
        "min(distant)": 0.7388130031901494
    }
}