{
    "member1": {
        "max(u)": 0.28901070721200073,
        "max(v)": 0.082772420243584,
        "max(length)": 0.9994828859483786,
        "num(pathline)": 0.0957735764660047,
        "min(distant)": 0.4068885432493693
    },
    "member2": {
        "max(u)": 0.28901070721200073,
        "max(v)": 0.082772420243584,
        "max(length)": 0.9994828859483786,
        "num(pathline)": 0.0957735764660047,
        "min(distant)": 0.4068885432493693
    },
    "member3": {
        "max(u)": 0.28901070721200073,
        "max(v)": 0.082772420243584,
        "max(length)": 0.9994828859483786,
        "num(pathline)": 0.0957735764660047,
        "min(distant)": 0.4068885432493693
    },
    "member4": {
        "max(u)": 0.28901070721200073,
        "max(v)": 0.082772420243584,
        "max(length)": 0.9994828859483786,
        "num(pathline)": 0.0957735764660047,
        "min(distant)": 0.4068885432493693
    },
    "member5": {
        "max(u)": 0.28901070721200073,
        "max(v)": 0.082772420243584,
        "max(length)": 0.9994828859483786,
        "num(pathline)": 0.0957735764660047,
        "min(distant)": 0.4068885432493693
    },
    "member6": {
        "max(u)": 0.28901070721200073,
        "max(v)": 0.082772420243584,
        "max(length)": 0.9994828859483786,
        "num(pathline)": 0.0957735764660047,
        "min(distant)": 0.4068885432493693
    },
    "member7": {
        "max(u)": 0.28901070721200073,
        "max(v)": 0.082772420243584,
        "max(length)": 0.9994828859483786,
        "num(pathline)": 0.0957735764660047,
        "min(distant)": 0.4068885432493693
    },
    "member8": {
        "max(u)": 0.28901070721200073,
        "max(v)": 0.082772420243584,
        "max(length)": 0.9994828859483786,
        "num(pathline)": 0.0957735764660047,
        "min(distant)": 0.4068885432493693
    },
    "member9": {
        "max(u)": 0.28901070721200073,
        "max(v)": 0.082772420243584,
        "max(length)": 0.9994828859483786,
        "num(pathline)": 0.0957735764660047,
        "min(distant)": 0.4068885432493693
    },
    "member10": {
        "max(u)": 0.28901070721200073,
        "max(v)": 0.082772420243584,
        "max(length)": 0.9994828859483786,
        "num(pathline)": 0.0957735764660047,
        "min(distant)": 0.4068885432493693
    },
    "member11": {
        "max(u)": 0.28901070721200073,
        "max(v)": 0.082772420243584,
        "max(length)": 0.9994828859483786,
        "num(pathline)": 0.0957735764660047,
        "min(distant)": 0.4068885432493693
    },
    "member12": {
        "max(u)": 0.28901070721200073,
        "max(v)": 0.082772420243584,
        "max(length)": 0.9994828859483786,
        "num(pathline)": 0.0957735764660047,
        "min(distant)": 0.4068885432493693
    },
    "member13": {
        "max(u)": 0.28901070721200073,
        "max(v)": 0.082772420243584,
        "max(length)": 0.9994828859483786,
        "num(pathline)": 0.0957735764660047,
        "min(distant)": 0.4068885432493693
    },
    "member14": {
        "max(u)": 0.28901070721200073,
        "max(v)": 0.082772420243584,
        "max(length)": 0.9994828859483786,
        "num(pathline)": 0.0957735764660047,
        "min(distant)": 0.4068885432493693
    },
    "member15": {
        "max(u)": 0.28901070721200073,
        "max(v)": 0.082772420243584,
        "max(length)": 0.9994828859483786,
        "num(pathline)": 0.0957735764660047,
        "min(distant)": 0.4068885432493693
    },
    "member16": {
        "max(u)": 0.28901070721200073,
        "max(v)": 0.082772420243584,
        "max(length)": 0.9994828859483786,
        "num(pathline)": 0.0957735764660047,
        "min(distant)": 0.4068885432493693
    },
    "member17": {
        "max(u)": 0.28901070721200073,
        "max(v)": 0.082772420243584,
        "max(length)": 0.9994828859483786,
        "num(pathline)": 0.0957735764660047,
        "min(distant)": 0.4068885432493693
    },
    "member18": {
        "max(u)": 0.28901070721200073,
        "max(v)": 0.082772420243584,
        "max(length)": 0.9994828859483786,
        "num(pathline)": 0.0957735764660047,
        "min(distant)": 0.4068885432493693
    },
    "member19": {
        "max(u)": 0.28901070721200073,
        "max(v)": 0.082772420243584,
        "max(length)": 0.9994828859483786,
        "num(pathline)": 0.0957735764660047,
        "min(distant)": 0.4068885432493693
    },
    "member20": {
        "max(u)": 0.28901070721200073,
        "max(v)": 0.082772420243584,
        "max(length)": 0.9994828859483786,
        "num(pathline)": 0.0957735764660047,
        "min(distant)": 0.4068885432493693
    }
}