{
    "member1": {
        "max(u)": 0.7058787530176317,
        "max(v)": 0.1997641822775328,
        "max(length)": 0.24759320720697686,
        "num(pathline)": 0.5402182030011767,
        "min(distant)": 0.9125586997418481
    },
    "member2": {
        "max(u)": 0.7058787530176317,
        "max(v)": 0.1997641822775328,
        "max(length)": 0.24759320720697686,
        "num(pathline)": 0.5402182030011767,
        "min(distant)": 0.9125586997418481
    },
    "member3": {
        "max(u)": 0.7058787530176317,
        "max(v)": 0.1997641822775328,
        "max(length)": 0.24759320720697686,
        "num(pathline)": 0.5402182030011767,
        "min(distant)": 0.9125586997418481
    },
    "member4": {
        "max(u)": 0.7058787530176317,
        "max(v)": 0.1997641822775328,
        "max(length)": 0.24759320720697686,
        "num(pathline)": 0.5402182030011767,
        "min(distant)": 0.9125586997418481
    },
    "member5": {
        "max(u)": 0.7058787530176317,
        "max(v)": 0.1997641822775328,
        "max(length)": 0.24759320720697686,
        "num(pathline)": 0.5402182030011767,
        "min(distant)": 0.9125586997418481
    },
    "member6": {
        "max(u)": 0.7058787530176317,
        "max(v)": 0.1997641822775328,
        "max(length)": 0.24759320720697686,
        "num(pathline)": 0.5402182030011767,
        "min(distant)": 0.9125586997418481
    },
    "member7": {
        "max(u)": 0.7058787530176317,
        "max(v)": 0.1997641822775328,
        "max(length)": 0.24759320720697686,
        "num(pathline)": 0.5402182030011767,
        "min(distant)": 0.9125586997418481
    },
    "member8": {
        "max(u)": 0.7058787530176317,
        "max(v)": 0.1997641822775328,
        "max(length)": 0.24759320720697686,
        "num(pathline)": 0.5402182030011767,
        "min(distant)": 0.9125586997418481
    },
    "member9": {
        "max(u)": 0.7058787530176317,
        "max(v)": 0.1997641822775328,
        "max(length)": 0.24759320720697686,
        "num(pathline)": 0.5402182030011767,
        "min(distant)": 0.9125586997418481
    },
    "member10": {
        "max(u)": 0.7058787530176317,
        "max(v)": 0.1997641822775328,
        "max(length)": 0.24759320720697686,
        "num(pathline)": 0.5402182030011767,
        "min(distant)": 0.9125586997418481
    },
    "member11": {
        "max(u)": 0.7058787530176317,
        "max(v)": 0.1997641822775328,
        "max(length)": 0.24759320720697686,
        "num(pathline)": 0.5402182030011767,
        "min(distant)": 0.9125586997418481
    },
    "member12": {
        "max(u)": 0.7058787530176317,
        "max(v)": 0.1997641822775328,
        "max(length)": 0.24759320720697686,
        "num(pathline)": 0.5402182030011767,
        "min(distant)": 0.9125586997418481
    },
    "member13": {
        "max(u)": 0.7058787530176317,
        "max(v)": 0.1997641822775328,
        "max(length)": 0.24759320720697686,
        "num(pathline)": 0.5402182030011767,
        "min(distant)": 0.9125586997418481
    },
    "member14": {
        "max(u)": 0.7058787530176317,
        "max(v)": 0.1997641822775328,
        "max(length)": 0.24759320720697686,
        "num(pathline)": 0.5402182030011767,
        "min(distant)": 0.9125586997418481
    },
    "member15": {
        "max(u)": 0.7058787530176317,
        "max(v)": 0.1997641822775328,
        "max(length)": 0.24759320720697686,
        "num(pathline)": 0.5402182030011767,
        "min(distant)": 0.9125586997418481
    },
    "member16": {
        "max(u)": 0.7058787530176317,
        "max(v)": 0.1997641822775328,
        "max(length)": 0.24759320720697686,
        "num(pathline)": 0.5402182030011767,
        "min(distant)": 0.9125586997418481
    },
    "member17": {
        "max(u)": 0.7058787530176317,
        "max(v)": 0.1997641822775328,
        "max(length)": 0.24759320720697686,
        "num(pathline)": 0.5402182030011767,
        "min(distant)": 0.9125586997418481
    },
    "member18": {
        "max(u)": 0.7058787530176317,
        "max(v)": 0.1997641822775328,
        "max(length)": 0.24759320720697686,
        "num(pathline)": 0.5402182030011767,
        "min(distant)": 0.9125586997418481
    },
    "member19": {
        "max(u)": 0.7058787530176317,
        "max(v)": 0.1997641822775328,
        "max(length)": 0.24759320720697686,
        "num(pathline)": 0.5402182030011767,
        "min(distant)": 0.9125586997418481
    },
    "member20": {
        "max(u)": 0.7058787530176317,
        "max(v)": 0.1997641822775328,
        "max(length)": 0.24759320720697686,
        "num(pathline)": 0.5402182030011767,
        "min(distant)": 0.9125586997418481
    }
}