{
    "member1": {
        "max(u)": 0.8244413528263611,
        "max(v)": 0.5348833186454565,
        "max(length)": 0.2224099202994383,
        "num(pathline)": 0.8052724436858082,
        "min(distant)": 0.46408418539066165
    },
    "member2": {
        "max(u)": 0.8244413528263611,
        "max(v)": 0.5348833186454565,
        "max(length)": 0.2224099202994383,
        "num(pathline)": 0.8052724436858082,
        "min(distant)": 0.46408418539066165
    },
    "member3": {
        "max(u)": 0.8244413528263611,
        "max(v)": 0.5348833186454565,
        "max(length)": 0.2224099202994383,
        "num(pathline)": 0.8052724436858082,
        "min(distant)": 0.46408418539066165
    },
    "member4": {
        "max(u)": 0.8244413528263611,
        "max(v)": 0.5348833186454565,
        "max(length)": 0.2224099202994383,
        "num(pathline)": 0.8052724436858082,
        "min(distant)": 0.46408418539066165
    },
    "member5": {
        "max(u)": 0.8244413528263611,
        "max(v)": 0.5348833186454565,
        "max(length)": 0.2224099202994383,
        "num(pathline)": 0.8052724436858082,
        "min(distant)": 0.46408418539066165
    },
    "member6": {
        "max(u)": 0.8244413528263611,
        "max(v)": 0.5348833186454565,
        "max(length)": 0.2224099202994383,
        "num(pathline)": 0.8052724436858082,
        "min(distant)": 0.46408418539066165
    },
    "member7": {
        "max(u)": 0.8244413528263611,
        "max(v)": 0.5348833186454565,
        "max(length)": 0.2224099202994383,
        "num(pathline)": 0.8052724436858082,
        "min(distant)": 0.46408418539066165
    },
    "member8": {
        "max(u)": 0.8244413528263611,
        "max(v)": 0.5348833186454565,
        "max(length)": 0.2224099202994383,
        "num(pathline)": 0.8052724436858082,
        "min(distant)": 0.46408418539066165
    },
    "member9": {
        "max(u)": 0.8244413528263611,
        "max(v)": 0.5348833186454565,
        "max(length)": 0.2224099202994383,
        "num(pathline)": 0.8052724436858082,
        "min(distant)": 0.46408418539066165
    },
    "member10": {
        "max(u)": 0.8244413528263611,
        "max(v)": 0.5348833186454565,
        "max(length)": 0.2224099202994383,
        "num(pathline)": 0.8052724436858082,
        "min(distant)": 0.46408418539066165
    },
    "member11": {
        "max(u)": 0.8244413528263611,
        "max(v)": 0.5348833186454565,
        "max(length)": 0.2224099202994383,
        "num(pathline)": 0.8052724436858082,
        "min(distant)": 0.46408418539066165
    },
    "member12": {
        "max(u)": 0.8244413528263611,
        "max(v)": 0.5348833186454565,
        "max(length)": 0.2224099202994383,
        "num(pathline)": 0.8052724436858082,
        "min(distant)": 0.46408418539066165
    },
    "member13": {
        "max(u)": 0.8244413528263611,
        "max(v)": 0.5348833186454565,
        "max(length)": 0.2224099202994383,
        "num(pathline)": 0.8052724436858082,
        "min(distant)": 0.46408418539066165
    },
    "member14": {
        "max(u)": 0.8244413528263611,
        "max(v)": 0.5348833186454565,
        "max(length)": 0.2224099202994383,
        "num(pathline)": 0.8052724436858082,
        "min(distant)": 0.46408418539066165
    },
    "member15": {
        "max(u)": 0.8244413528263611,
        "max(v)": 0.5348833186454565,
        "max(length)": 0.2224099202994383,
        "num(pathline)": 0.8052724436858082,
        "min(distant)": 0.46408418539066165
    },
    "member16": {
        "max(u)": 0.8244413528263611,
        "max(v)": 0.5348833186454565,
        "max(length)": 0.2224099202994383,
        "num(pathline)": 0.8052724436858082,
        "min(distant)": 0.46408418539066165
    },
    "member17": {
        "max(u)": 0.8244413528263611,
        "max(v)": 0.5348833186454565,
        "max(length)": 0.2224099202994383,
        "num(pathline)": 0.8052724436858082,
        "min(distant)": 0.46408418539066165
    },
    "member18": {
        "max(u)": 0.8244413528263611,
        "max(v)": 0.5348833186454565,
        "max(length)": 0.2224099202994383,
        "num(pathline)": 0.8052724436858082,
        "min(distant)": 0.46408418539066165
    },
    "member19": {
        "max(u)": 0.8244413528263611,
        "max(v)": 0.5348833186454565,
        "max(length)": 0.2224099202994383,
        "num(pathline)": 0.8052724436858082,
        "min(distant)": 0.46408418539066165
    },
    "member20": {
        "max(u)": 0.8244413528263611,
        "max(v)": 0.5348833186454565,
        "max(length)": 0.2224099202994383,
        "num(pathline)": 0.8052724436858082,
        "min(distant)": 0.46408418539066165
    }
}