{
    "member1": {
        "max(u)": 0.8864244604630293,
        "max(v)": 0.9914989865500403,
        "max(length)": 0.2841166867980298,
        "num(pathline)": 0.18763350799349443,
        "min(distant)": 0.6563125398246693
    },
    "member2": {
        "max(u)": 0.8864244604630293,
        "max(v)": 0.9914989865500403,
        "max(length)": 0.2841166867980298,
        "num(pathline)": 0.18763350799349443,
        "min(distant)": 0.6563125398246693
    },
    "member3": {
        "max(u)": 0.8864244604630293,
        "max(v)": 0.9914989865500403,
        "max(length)": 0.2841166867980298,
        "num(pathline)": 0.18763350799349443,
        "min(distant)": 0.6563125398246693
    },
    "member4": {
        "max(u)": 0.8864244604630293,
        "max(v)": 0.9914989865500403,
        "max(length)": 0.2841166867980298,
        "num(pathline)": 0.18763350799349443,
        "min(distant)": 0.6563125398246693
    },
    "member5": {
        "max(u)": 0.8864244604630293,
        "max(v)": 0.9914989865500403,
        "max(length)": 0.2841166867980298,
        "num(pathline)": 0.18763350799349443,
        "min(distant)": 0.6563125398246693
    },
    "member6": {
        "max(u)": 0.8864244604630293,
        "max(v)": 0.9914989865500403,
        "max(length)": 0.2841166867980298,
        "num(pathline)": 0.18763350799349443,
        "min(distant)": 0.6563125398246693
    },
    "member7": {
        "max(u)": 0.8864244604630293,
        "max(v)": 0.9914989865500403,
        "max(length)": 0.2841166867980298,
        "num(pathline)": 0.18763350799349443,
        "min(distant)": 0.6563125398246693
    },
    "member8": {
        "max(u)": 0.8864244604630293,
        "max(v)": 0.9914989865500403,
        "max(length)": 0.2841166867980298,
        "num(pathline)": 0.18763350799349443,
        "min(distant)": 0.6563125398246693
    },
    "member9": {
        "max(u)": 0.8864244604630293,
        "max(v)": 0.9914989865500403,
        "max(length)": 0.2841166867980298,
        "num(pathline)": 0.18763350799349443,
        "min(distant)": 0.6563125398246693
    },
    "member10": {
        "max(u)": 0.8864244604630293,
        "max(v)": 0.9914989865500403,
        "max(length)": 0.2841166867980298,
        "num(pathline)": 0.18763350799349443,
        "min(distant)": 0.6563125398246693
    },
    "member11": {
        "max(u)": 0.8864244604630293,
        "max(v)": 0.9914989865500403,
        "max(length)": 0.2841166867980298,
        "num(pathline)": 0.18763350799349443,
        "min(distant)": 0.6563125398246693
    },
    "member12": {
        "max(u)": 0.8864244604630293,
        "max(v)": 0.9914989865500403,
        "max(length)": 0.2841166867980298,
        "num(pathline)": 0.18763350799349443,
        "min(distant)": 0.6563125398246693
    },
    "member13": {
        "max(u)": 0.8864244604630293,
        "max(v)": 0.9914989865500403,
        "max(length)": 0.2841166867980298,
        "num(pathline)": 0.18763350799349443,
        "min(distant)": 0.6563125398246693
    },
    "member14": {
        "max(u)": 0.8864244604630293,
        "max(v)": 0.9914989865500403,
        "max(length)": 0.2841166867980298,
        "num(pathline)": 0.18763350799349443,
        "min(distant)": 0.6563125398246693
    },
    "member15": {
        "max(u)": 0.8864244604630293,
        "max(v)": 0.9914989865500403,
        "max(length)": 0.2841166867980298,
        "num(pathline)": 0.18763350799349443,
        "min(distant)": 0.6563125398246693
    },
    "member16": {
        "max(u)": 0.8864244604630293,
        "max(v)": 0.9914989865500403,
        "max(length)": 0.2841166867980298,
        "num(pathline)": 0.18763350799349443,
        "min(distant)": 0.6563125398246693
    },
    "member17": {
        "max(u)": 0.8864244604630293,
        "max(v)": 0.9914989865500403,
        "max(length)": 0.2841166867980298,
        "num(pathline)": 0.18763350799349443,
        "min(distant)": 0.6563125398246693
    },
    "member18": {
        "max(u)": 0.8864244604630293,
        "max(v)": 0.9914989865500403,
        "max(length)": 0.2841166867980298,
        "num(pathline)": 0.18763350799349443,
        "min(distant)": 0.6563125398246693
    },
    "member19": {
        "max(u)": 0.8864244604630293,
        "max(v)": 0.9914989865500403,
        "max(length)": 0.2841166867980298,
        "num(pathline)": 0.18763350799349443,
        "min(distant)": 0.6563125398246693
    },
    "member20": {
        "max(u)": 0.8864244604630293,
        "max(v)": 0.9914989865500403,
        "max(length)": 0.2841166867980298,
        "num(pathline)": 0.18763350799349443,
        "min(distant)": 0.6563125398246693
    }
}