{
    "member1": {
        "max(u)": 0.7296916228143266,
        "max(v)": 0.4366648438860201,
        "max(length)": 0.8960484266326061,
        "num(pathline)": 0.45466784820368744,
        "min(distant)": 0.611135252386563
    },
    "member2": {
        "max(u)": 0.7296916228143266,
        "max(v)": 0.4366648438860201,
        "max(length)": 0.8960484266326061,
        "num(pathline)": 0.45466784820368744,
        "min(distant)": 0.611135252386563
    },
    "member3": {
        "max(u)": 0.7296916228143266,
        "max(v)": 0.4366648438860201,
        "max(length)": 0.8960484266326061,
        "num(pathline)": 0.45466784820368744,
        "min(distant)": 0.611135252386563
    },
    "member4": {
        "max(u)": 0.7296916228143266,
        "max(v)": 0.4366648438860201,
        "max(length)": 0.8960484266326061,
        "num(pathline)": 0.45466784820368744,
        "min(distant)": 0.611135252386563
    },
    "member5": {
        "max(u)": 0.7296916228143266,
        "max(v)": 0.4366648438860201,
        "max(length)": 0.8960484266326061,
        "num(pathline)": 0.45466784820368744,
        "min(distant)": 0.611135252386563
    },
    "member6": {
        "max(u)": 0.7296916228143266,
        "max(v)": 0.4366648438860201,
        "max(length)": 0.8960484266326061,
        "num(pathline)": 0.45466784820368744,
        "min(distant)": 0.611135252386563
    },
    "member7": {
        "max(u)": 0.7296916228143266,
        "max(v)": 0.4366648438860201,
        "max(length)": 0.8960484266326061,
        "num(pathline)": 0.45466784820368744,
        "min(distant)": 0.611135252386563
    },
    "member8": {
        "max(u)": 0.7296916228143266,
        "max(v)": 0.4366648438860201,
        "max(length)": 0.8960484266326061,
        "num(pathline)": 0.45466784820368744,
        "min(distant)": 0.611135252386563
    },
    "member9": {
        "max(u)": 0.7296916228143266,
        "max(v)": 0.4366648438860201,
        "max(length)": 0.8960484266326061,
        "num(pathline)": 0.45466784820368744,
        "min(distant)": 0.611135252386563
    },
    "member10": {
        "max(u)": 0.7296916228143266,
        "max(v)": 0.4366648438860201,
        "max(length)": 0.8960484266326061,
        "num(pathline)": 0.45466784820368744,
        "min(distant)": 0.611135252386563
    },
    "member11": {
        "max(u)": 0.7296916228143266,
        "max(v)": 0.4366648438860201,
        "max(length)": 0.8960484266326061,
        "num(pathline)": 0.45466784820368744,
        "min(distant)": 0.611135252386563
    },
    "member12": {
        "max(u)": 0.7296916228143266,
        "max(v)": 0.4366648438860201,
        "max(length)": 0.8960484266326061,
        "num(pathline)": 0.45466784820368744,
        "min(distant)": 0.611135252386563
    },
    "member13": {
        "max(u)": 0.7296916228143266,
        "max(v)": 0.4366648438860201,
        "max(length)": 0.8960484266326061,
        "num(pathline)": 0.45466784820368744,
        "min(distant)": 0.611135252386563
    },
    "member14": {
        "max(u)": 0.7296916228143266,
        "max(v)": 0.4366648438860201,
        "max(length)": 0.8960484266326061,
        "num(pathline)": 0.45466784820368744,
        "min(distant)": 0.611135252386563
    },
    "member15": {
        "max(u)": 0.7296916228143266,
        "max(v)": 0.4366648438860201,
        "max(length)": 0.8960484266326061,
        "num(pathline)": 0.45466784820368744,
        "min(distant)": 0.611135252386563
    },
    "member16": {
        "max(u)": 0.7296916228143266,
        "max(v)": 0.4366648438860201,
        "max(length)": 0.8960484266326061,
        "num(pathline)": 0.45466784820368744,
        "min(distant)": 0.611135252386563
    },
    "member17": {
        "max(u)": 0.7296916228143266,
        "max(v)": 0.4366648438860201,
        "max(length)": 0.8960484266326061,
        "num(pathline)": 0.45466784820368744,
        "min(distant)": 0.611135252386563
    },
    "member18": {
        "max(u)": 0.7296916228143266,
        "max(v)": 0.4366648438860201,
        "max(length)": 0.8960484266326061,
        "num(pathline)": 0.45466784820368744,
        "min(distant)": 0.611135252386563
    },
    "member19": {
        "max(u)": 0.7296916228143266,
        "max(v)": 0.4366648438860201,
        "max(length)": 0.8960484266326061,
        "num(pathline)": 0.45466784820368744,
        "min(distant)": 0.611135252386563
    },
    "member20": {
        "max(u)": 0.7296916228143266,
        "max(v)": 0.4366648438860201,
        "max(length)": 0.8960484266326061,
        "num(pathline)": 0.45466784820368744,
        "min(distant)": 0.611135252386563
    }
}