{
    "member1": {
        "max(u)": 0.4574890587284133,
        "max(v)": 0.2193483079996459,
        "max(length)": 0.46800837803226547,
        "num(pathline)": 0.13326281525403094,
        "min(distant)": 0.46828293788145947
    },
    "member2": {
        "max(u)": 0.4574890587284133,
        "max(v)": 0.2193483079996459,
        "max(length)": 0.46800837803226547,
        "num(pathline)": 0.13326281525403094,
        "min(distant)": 0.46828293788145947
    },
    "member3": {
        "max(u)": 0.4574890587284133,
        "max(v)": 0.2193483079996459,
        "max(length)": 0.46800837803226547,
        "num(pathline)": 0.13326281525403094,
        "min(distant)": 0.46828293788145947
    },
    "member4": {
        "max(u)": 0.4574890587284133,
        "max(v)": 0.2193483079996459,
        "max(length)": 0.46800837803226547,
        "num(pathline)": 0.13326281525403094,
        "min(distant)": 0.46828293788145947
    },
    "member5": {
        "max(u)": 0.4574890587284133,
        "max(v)": 0.2193483079996459,
        "max(length)": 0.46800837803226547,
        "num(pathline)": 0.13326281525403094,
        "min(distant)": 0.46828293788145947
    },
    "member6": {
        "max(u)": 0.4574890587284133,
        "max(v)": 0.2193483079996459,
        "max(length)": 0.46800837803226547,
        "num(pathline)": 0.13326281525403094,
        "min(distant)": 0.46828293788145947
    },
    "member7": {
        "max(u)": 0.4574890587284133,
        "max(v)": 0.2193483079996459,
        "max(length)": 0.46800837803226547,
        "num(pathline)": 0.13326281525403094,
        "min(distant)": 0.46828293788145947
    },
    "member8": {
        "max(u)": 0.4574890587284133,
        "max(v)": 0.2193483079996459,
        "max(length)": 0.46800837803226547,
        "num(pathline)": 0.13326281525403094,
        "min(distant)": 0.46828293788145947
    },
    "member9": {
        "max(u)": 0.4574890587284133,
        "max(v)": 0.2193483079996459,
        "max(length)": 0.46800837803226547,
        "num(pathline)": 0.13326281525403094,
        "min(distant)": 0.46828293788145947
    },
    "member10": {
        "max(u)": 0.4574890587284133,
        "max(v)": 0.2193483079996459,
        "max(length)": 0.46800837803226547,
        "num(pathline)": 0.13326281525403094,
        "min(distant)": 0.46828293788145947
    },
    "member11": {
        "max(u)": 0.4574890587284133,
        "max(v)": 0.2193483079996459,
        "max(length)": 0.46800837803226547,
        "num(pathline)": 0.13326281525403094,
        "min(distant)": 0.46828293788145947
    },
    "member12": {
        "max(u)": 0.4574890587284133,
        "max(v)": 0.2193483079996459,
        "max(length)": 0.46800837803226547,
        "num(pathline)": 0.13326281525403094,
        "min(distant)": 0.46828293788145947
    },
    "member13": {
        "max(u)": 0.4574890587284133,
        "max(v)": 0.2193483079996459,
        "max(length)": 0.46800837803226547,
        "num(pathline)": 0.13326281525403094,
        "min(distant)": 0.46828293788145947
    },
    "member14": {
        "max(u)": 0.4574890587284133,
        "max(v)": 0.2193483079996459,
        "max(length)": 0.46800837803226547,
        "num(pathline)": 0.13326281525403094,
        "min(distant)": 0.46828293788145947
    },
    "member15": {
        "max(u)": 0.4574890587284133,
        "max(v)": 0.2193483079996459,
        "max(length)": 0.46800837803226547,
        "num(pathline)": 0.13326281525403094,
        "min(distant)": 0.46828293788145947
    },
    "member16": {
        "max(u)": 0.4574890587284133,
        "max(v)": 0.2193483079996459,
        "max(length)": 0.46800837803226547,
        "num(pathline)": 0.13326281525403094,
        "min(distant)": 0.46828293788145947
    },
    "member17": {
        "max(u)": 0.4574890587284133,
        "max(v)": 0.2193483079996459,
        "max(length)": 0.46800837803226547,
        "num(pathline)": 0.13326281525403094,
        "min(distant)": 0.46828293788145947
    },
    "member18": {
        "max(u)": 0.4574890587284133,
        "max(v)": 0.2193483079996459,
        "max(length)": 0.46800837803226547,
        "num(pathline)": 0.13326281525403094,
        "min(distant)": 0.46828293788145947
    },
    "member19": {
        "max(u)": 0.4574890587284133,
        "max(v)": 0.2193483079996459,
        "max(length)": 0.46800837803226547,
        "num(pathline)": 0.13326281525403094,
        "min(distant)": 0.46828293788145947
    },
    "member20": {
        "max(u)": 0.4574890587284133,
        "max(v)": 0.2193483079996459,
        "max(length)": 0.46800837803226547,
        "num(pathline)": 0.13326281525403094,
        "min(distant)": 0.46828293788145947
    }
}