{
    "member1": {
        "max(u)": 0.11743681445351684,
        "max(v)": 0.1542430237464505,
        "max(length)": 0.02970804819860684,
        "num(pathline)": 0.523312583445336,
        "min(distant)": 0.40601273735049626
    },
    "member2": {
        "max(u)": 0.11743681445351684,
        "max(v)": 0.1542430237464505,
        "max(length)": 0.02970804819860684,
        "num(pathline)": 0.523312583445336,
        "min(distant)": 0.40601273735049626
    },
    "member3": {
        "max(u)": 0.11743681445351684,
        "max(v)": 0.1542430237464505,
        "max(length)": 0.02970804819860684,
        "num(pathline)": 0.523312583445336,
        "min(distant)": 0.40601273735049626
    },
    "member4": {
        "max(u)": 0.11743681445351684,
        "max(v)": 0.1542430237464505,
        "max(length)": 0.02970804819860684,
        "num(pathline)": 0.523312583445336,
        "min(distant)": 0.40601273735049626
    },
    "member5": {
        "max(u)": 0.11743681445351684,
        "max(v)": 0.1542430237464505,
        "max(length)": 0.02970804819860684,
        "num(pathline)": 0.523312583445336,
        "min(distant)": 0.40601273735049626
    },
    "member6": {
        "max(u)": 0.11743681445351684,
        "max(v)": 0.1542430237464505,
        "max(length)": 0.02970804819860684,
        "num(pathline)": 0.523312583445336,
        "min(distant)": 0.40601273735049626
    },
    "member7": {
        "max(u)": 0.11743681445351684,
        "max(v)": 0.1542430237464505,
        "max(length)": 0.02970804819860684,
        "num(pathline)": 0.523312583445336,
        "min(distant)": 0.40601273735049626
    },
    "member8": {
        "max(u)": 0.11743681445351684,
        "max(v)": 0.1542430237464505,
        "max(length)": 0.02970804819860684,
        "num(pathline)": 0.523312583445336,
        "min(distant)": 0.40601273735049626
    },
    "member9": {
        "max(u)": 0.11743681445351684,
        "max(v)": 0.1542430237464505,
        "max(length)": 0.02970804819860684,
        "num(pathline)": 0.523312583445336,
        "min(distant)": 0.40601273735049626
    },
    "member10": {
        "max(u)": 0.11743681445351684,
        "max(v)": 0.1542430237464505,
        "max(length)": 0.02970804819860684,
        "num(pathline)": 0.523312583445336,
        "min(distant)": 0.40601273735049626
    },
    "member11": {
        "max(u)": 0.11743681445351684,
        "max(v)": 0.1542430237464505,
        "max(length)": 0.02970804819860684,
        "num(pathline)": 0.523312583445336,
        "min(distant)": 0.40601273735049626
    },
    "member12": {
        "max(u)": 0.11743681445351684,
        "max(v)": 0.1542430237464505,
        "max(length)": 0.02970804819860684,
        "num(pathline)": 0.523312583445336,
        "min(distant)": 0.40601273735049626
    },
    "member13": {
        "max(u)": 0.11743681445351684,
        "max(v)": 0.1542430237464505,
        "max(length)": 0.02970804819860684,
        "num(pathline)": 0.523312583445336,
        "min(distant)": 0.40601273735049626
    },
    "member14": {
        "max(u)": 0.11743681445351684,
        "max(v)": 0.1542430237464505,
        "max(length)": 0.02970804819860684,
        "num(pathline)": 0.523312583445336,
        "min(distant)": 0.40601273735049626
    },
    "member15": {
        "max(u)": 0.11743681445351684,
        "max(v)": 0.1542430237464505,
        "max(length)": 0.02970804819860684,
        "num(pathline)": 0.523312583445336,
        "min(distant)": 0.40601273735049626
    },
    "member16": {
        "max(u)": 0.11743681445351684,
        "max(v)": 0.1542430237464505,
        "max(length)": 0.02970804819860684,
        "num(pathline)": 0.523312583445336,
        "min(distant)": 0.40601273735049626
    },
    "member17": {
        "max(u)": 0.11743681445351684,
        "max(v)": 0.1542430237464505,
        "max(length)": 0.02970804819860684,
        "num(pathline)": 0.523312583445336,
        "min(distant)": 0.40601273735049626
    },
    "member18": {
        "max(u)": 0.11743681445351684,
        "max(v)": 0.1542430237464505,
        "max(length)": 0.02970804819860684,
        "num(pathline)": 0.523312583445336,
        "min(distant)": 0.40601273735049626
    },
    "member19": {
        "max(u)": 0.11743681445351684,
        "max(v)": 0.1542430237464505,
        "max(length)": 0.02970804819860684,
        "num(pathline)": 0.523312583445336,
        "min(distant)": 0.40601273735049626
    },
    "member20": {
        "max(u)": 0.11743681445351684,
        "max(v)": 0.1542430237464505,
        "max(length)": 0.02970804819860684,
        "num(pathline)": 0.523312583445336,
        "min(distant)": 0.40601273735049626
    }
}