{
    "member1": {
        "max(u)": 0.3009147420558317,
        "max(v)": 0.1245921610217604,
        "max(length)": 0.5284153422179672,
        "num(pathline)": 0.8087614643332748,
        "min(distant)": 0.7257584484618139
    },
    "member2": {
        "max(u)": 0.3009147420558317,
        "max(v)": 0.1245921610217604,
        "max(length)": 0.5284153422179672,
        "num(pathline)": 0.8087614643332748,
        "min(distant)": 0.7257584484618139
    },
    "member3": {
        "max(u)": 0.3009147420558317,
        "max(v)": 0.1245921610217604,
        "max(length)": 0.5284153422179672,
        "num(pathline)": 0.8087614643332748,
        "min(distant)": 0.7257584484618139
    },
    "member4": {
        "max(u)": 0.3009147420558317,
        "max(v)": 0.1245921610217604,
        "max(length)": 0.5284153422179672,
        "num(pathline)": 0.8087614643332748,
        "min(distant)": 0.7257584484618139
    },
    "member5": {
        "max(u)": 0.3009147420558317,
        "max(v)": 0.1245921610217604,
        "max(length)": 0.5284153422179672,
        "num(pathline)": 0.8087614643332748,
        "min(distant)": 0.7257584484618139
    },
    "member6": {
        "max(u)": 0.3009147420558317,
        "max(v)": 0.1245921610217604,
        "max(length)": 0.5284153422179672,
        "num(pathline)": 0.8087614643332748,
        "min(distant)": 0.7257584484618139
    },
    "member7": {
        "max(u)": 0.3009147420558317,
        "max(v)": 0.1245921610217604,
        "max(length)": 0.5284153422179672,
        "num(pathline)": 0.8087614643332748,
        "min(distant)": 0.7257584484618139
    },
    "member8": {
        "max(u)": 0.3009147420558317,
        "max(v)": 0.1245921610217604,
        "max(length)": 0.5284153422179672,
        "num(pathline)": 0.8087614643332748,
        "min(distant)": 0.7257584484618139
    },
    "member9": {
        "max(u)": 0.3009147420558317,
        "max(v)": 0.1245921610217604,
        "max(length)": 0.5284153422179672,
        "num(pathline)": 0.8087614643332748,
        "min(distant)": 0.7257584484618139
    },
    "member10": {
        "max(u)": 0.3009147420558317,
        "max(v)": 0.1245921610217604,
        "max(length)": 0.5284153422179672,
        "num(pathline)": 0.8087614643332748,
        "min(distant)": 0.7257584484618139
    },
    "member11": {
        "max(u)": 0.3009147420558317,
        "max(v)": 0.1245921610217604,
        "max(length)": 0.5284153422179672,
        "num(pathline)": 0.8087614643332748,
        "min(distant)": 0.7257584484618139
    },
    "member12": {
        "max(u)": 0.3009147420558317,
        "max(v)": 0.1245921610217604,
        "max(length)": 0.5284153422179672,
        "num(pathline)": 0.8087614643332748,
        "min(distant)": 0.7257584484618139
    },
    "member13": {
        "max(u)": 0.3009147420558317,
        "max(v)": 0.1245921610217604,
        "max(length)": 0.5284153422179672,
        "num(pathline)": 0.8087614643332748,
        "min(distant)": 0.7257584484618139
    },
    "member14": {
        "max(u)": 0.3009147420558317,
        "max(v)": 0.1245921610217604,
        "max(length)": 0.5284153422179672,
        "num(pathline)": 0.8087614643332748,
        "min(distant)": 0.7257584484618139
    },
    "member15": {
        "max(u)": 0.3009147420558317,
        "max(v)": 0.1245921610217604,
        "max(length)": 0.5284153422179672,
        "num(pathline)": 0.8087614643332748,
        "min(distant)": 0.7257584484618139
    },
    "member16": {
        "max(u)": 0.3009147420558317,
        "max(v)": 0.1245921610217604,
        "max(length)": 0.5284153422179672,
        "num(pathline)": 0.8087614643332748,
        "min(distant)": 0.7257584484618139
    },
    "member17": {
        "max(u)": 0.3009147420558317,
        "max(v)": 0.1245921610217604,
        "max(length)": 0.5284153422179672,
        "num(pathline)": 0.8087614643332748,
        "min(distant)": 0.7257584484618139
    },
    "member18": {
        "max(u)": 0.3009147420558317,
        "max(v)": 0.1245921610217604,
        "max(length)": 0.5284153422179672,
        "num(pathline)": 0.8087614643332748,
        "min(distant)": 0.7257584484618139
    },
    "member19": {
        "max(u)": 0.3009147420558317,
        "max(v)": 0.1245921610217604,
        "max(length)": 0.5284153422179672,
        "num(pathline)": 0.8087614643332748,
        "min(distant)": 0.7257584484618139
    },
    "member20": {
        "max(u)": 0.3009147420558317,
        "max(v)": 0.1245921610217604,
        "max(length)": 0.5284153422179672,
        "num(pathline)": 0.8087614643332748,
        "min(distant)": 0.7257584484618139
    }
}