{
    "member1": {
        "max(u)": 0.6471735323307258,
        "max(v)": 0.45791706670009735,
        "max(length)": 0.2587196589496601,
        "num(pathline)": 0.5415732344345253,
        "min(distant)": 0.49171404473110814
    },
    "member2": {
        "max(u)": 0.6471735323307258,
        "max(v)": 0.45791706670009735,
        "max(length)": 0.2587196589496601,
        "num(pathline)": 0.5415732344345253,
        "min(distant)": 0.49171404473110814
    },
    "member3": {
        "max(u)": 0.6471735323307258,
        "max(v)": 0.45791706670009735,
        "max(length)": 0.2587196589496601,
        "num(pathline)": 0.5415732344345253,
        "min(distant)": 0.49171404473110814
    },
    "member4": {
        "max(u)": 0.6471735323307258,
        "max(v)": 0.45791706670009735,
        "max(length)": 0.2587196589496601,
        "num(pathline)": 0.5415732344345253,
        "min(distant)": 0.49171404473110814
    },
    "member5": {
        "max(u)": 0.6471735323307258,
        "max(v)": 0.45791706670009735,
        "max(length)": 0.2587196589496601,
        "num(pathline)": 0.5415732344345253,
        "min(distant)": 0.49171404473110814
    },
    "member6": {
        "max(u)": 0.6471735323307258,
        "max(v)": 0.45791706670009735,
        "max(length)": 0.2587196589496601,
        "num(pathline)": 0.5415732344345253,
        "min(distant)": 0.49171404473110814
    },
    "member7": {
        "max(u)": 0.6471735323307258,
        "max(v)": 0.45791706670009735,
        "max(length)": 0.2587196589496601,
        "num(pathline)": 0.5415732344345253,
        "min(distant)": 0.49171404473110814
    },
    "member8": {
        "max(u)": 0.6471735323307258,
        "max(v)": 0.45791706670009735,
        "max(length)": 0.2587196589496601,
        "num(pathline)": 0.5415732344345253,
        "min(distant)": 0.49171404473110814
    },
    "member9": {
        "max(u)": 0.6471735323307258,
        "max(v)": 0.45791706670009735,
        "max(length)": 0.2587196589496601,
        "num(pathline)": 0.5415732344345253,
        "min(distant)": 0.49171404473110814
    },
    "member10": {
        "max(u)": 0.6471735323307258,
        "max(v)": 0.45791706670009735,
        "max(length)": 0.2587196589496601,
        "num(pathline)": 0.5415732344345253,
        "min(distant)": 0.49171404473110814
    },
    "member11": {
        "max(u)": 0.6471735323307258,
        "max(v)": 0.45791706670009735,
        "max(length)": 0.2587196589496601,
        "num(pathline)": 0.5415732344345253,
        "min(distant)": 0.49171404473110814
    },
    "member12": {
        "max(u)": 0.6471735323307258,
        "max(v)": 0.45791706670009735,
        "max(length)": 0.2587196589496601,
        "num(pathline)": 0.5415732344345253,
        "min(distant)": 0.49171404473110814
    },
    "member13": {
        "max(u)": 0.6471735323307258,
        "max(v)": 0.45791706670009735,
        "max(length)": 0.2587196589496601,
        "num(pathline)": 0.5415732344345253,
        "min(distant)": 0.49171404473110814
    },
    "member14": {
        "max(u)": 0.6471735323307258,
        "max(v)": 0.45791706670009735,
        "max(length)": 0.2587196589496601,
        "num(pathline)": 0.5415732344345253,
        "min(distant)": 0.49171404473110814
    },
    "member15": {
        "max(u)": 0.6471735323307258,
        "max(v)": 0.45791706670009735,
        "max(length)": 0.2587196589496601,
        "num(pathline)": 0.5415732344345253,
        "min(distant)": 0.49171404473110814
    },
    "member16": {
        "max(u)": 0.6471735323307258,
        "max(v)": 0.45791706670009735,
        "max(length)": 0.2587196589496601,
        "num(pathline)": 0.5415732344345253,
        "min(distant)": 0.49171404473110814
    },
    "member17": {
        "max(u)": 0.6471735323307258,
        "max(v)": 0.45791706670009735,
        "max(length)": 0.2587196589496601,
        "num(pathline)": 0.5415732344345253,
        "min(distant)": 0.49171404473110814
    },
    "member18": {
        "max(u)": 0.6471735323307258,
        "max(v)": 0.45791706670009735,
        "max(length)": 0.2587196589496601,
        "num(pathline)": 0.5415732344345253,
        "min(distant)": 0.49171404473110814
    },
    "member19": {
        "max(u)": 0.6471735323307258,
        "max(v)": 0.45791706670009735,
        "max(length)": 0.2587196589496601,
        "num(pathline)": 0.5415732344345253,
        "min(distant)": 0.49171404473110814
    },
    "member20": {
        "max(u)": 0.6471735323307258,
        "max(v)": 0.45791706670009735,
        "max(length)": 0.2587196589496601,
        "num(pathline)": 0.5415732344345253,
        "min(distant)": 0.49171404473110814
    }
}