{
    "member1": {
        "max(u)": 0.13779218791627146,
        "max(v)": 0.3785499641699116,
        "max(length)": 0.09485924356631359,
        "num(pathline)": 0.01149890606880688,
        "min(distant)": 0.6182379399572618
    },
    "member2": {
        "max(u)": 0.13779218791627146,
        "max(v)": 0.3785499641699116,
        "max(length)": 0.09485924356631359,
        "num(pathline)": 0.01149890606880688,
        "min(distant)": 0.6182379399572618
    },
    "member3": {
        "max(u)": 0.13779218791627146,
        "max(v)": 0.3785499641699116,
        "max(length)": 0.09485924356631359,
        "num(pathline)": 0.01149890606880688,
        "min(distant)": 0.6182379399572618
    },
    "member4": {
        "max(u)": 0.13779218791627146,
        "max(v)": 0.3785499641699116,
        "max(length)": 0.09485924356631359,
        "num(pathline)": 0.01149890606880688,
        "min(distant)": 0.6182379399572618
    },
    "member5": {
        "max(u)": 0.13779218791627146,
        "max(v)": 0.3785499641699116,
        "max(length)": 0.09485924356631359,
        "num(pathline)": 0.01149890606880688,
        "min(distant)": 0.6182379399572618
    },
    "member6": {
        "max(u)": 0.13779218791627146,
        "max(v)": 0.3785499641699116,
        "max(length)": 0.09485924356631359,
        "num(pathline)": 0.01149890606880688,
        "min(distant)": 0.6182379399572618
    },
    "member7": {
        "max(u)": 0.13779218791627146,
        "max(v)": 0.3785499641699116,
        "max(length)": 0.09485924356631359,
        "num(pathline)": 0.01149890606880688,
        "min(distant)": 0.6182379399572618
    },
    "member8": {
        "max(u)": 0.13779218791627146,
        "max(v)": 0.3785499641699116,
        "max(length)": 0.09485924356631359,
        "num(pathline)": 0.01149890606880688,
        "min(distant)": 0.6182379399572618
    },
    "member9": {
        "max(u)": 0.13779218791627146,
        "max(v)": 0.3785499641699116,
        "max(length)": 0.09485924356631359,
        "num(pathline)": 0.01149890606880688,
        "min(distant)": 0.6182379399572618
    },
    "member10": {
        "max(u)": 0.13779218791627146,
        "max(v)": 0.3785499641699116,
        "max(length)": 0.09485924356631359,
        "num(pathline)": 0.01149890606880688,
        "min(distant)": 0.6182379399572618
    },
    "member11": {
        "max(u)": 0.13779218791627146,
        "max(v)": 0.3785499641699116,
        "max(length)": 0.09485924356631359,
        "num(pathline)": 0.01149890606880688,
        "min(distant)": 0.6182379399572618
    },
    "member12": {
        "max(u)": 0.13779218791627146,
        "max(v)": 0.3785499641699116,
        "max(length)": 0.09485924356631359,
        "num(pathline)": 0.01149890606880688,
        "min(distant)": 0.6182379399572618
    },
    "member13": {
        "max(u)": 0.13779218791627146,
        "max(v)": 0.3785499641699116,
        "max(length)": 0.09485924356631359,
        "num(pathline)": 0.01149890606880688,
        "min(distant)": 0.6182379399572618
    },
    "member14": {
        "max(u)": 0.13779218791627146,
        "max(v)": 0.3785499641699116,
        "max(length)": 0.09485924356631359,
        "num(pathline)": 0.01149890606880688,
        "min(distant)": 0.6182379399572618
    },
    "member15": {
        "max(u)": 0.13779218791627146,
        "max(v)": 0.3785499641699116,
        "max(length)": 0.09485924356631359,
        "num(pathline)": 0.01149890606880688,
        "min(distant)": 0.6182379399572618
    },
    "member16": {
        "max(u)": 0.13779218791627146,
        "max(v)": 0.3785499641699116,
        "max(length)": 0.09485924356631359,
        "num(pathline)": 0.01149890606880688,
        "min(distant)": 0.6182379399572618
    },
    "member17": {
        "max(u)": 0.13779218791627146,
        "max(v)": 0.3785499641699116,
        "max(length)": 0.09485924356631359,
        "num(pathline)": 0.01149890606880688,
        "min(distant)": 0.6182379399572618
    },
    "member18": {
        "max(u)": 0.13779218791627146,
        "max(v)": 0.3785499641699116,
        "max(length)": 0.09485924356631359,
        "num(pathline)": 0.01149890606880688,
        "min(distant)": 0.6182379399572618
    },
    "member19": {
        "max(u)": 0.13779218791627146,
        "max(v)": 0.3785499641699116,
        "max(length)": 0.09485924356631359,
        "num(pathline)": 0.01149890606880688,
        "min(distant)": 0.6182379399572618
    },
    "member20": {
        "max(u)": 0.13779218791627146,
        "max(v)": 0.3785499641699116,
        "max(length)": 0.09485924356631359,
        "num(pathline)": 0.01149890606880688,
        "min(distant)": 0.6182379399572618
    }
}