{
    "member1": {
        "max(u)": 0.025231762998394358,
        "max(v)": 0.5787093300475095,
        "max(length)": 0.18026216038394827,
        "num(pathline)": 0.10260364312007886,
        "min(distant)": 0.03570691399666159
    },
    "member2": {
        "max(u)": 0.025231762998394358,
        "max(v)": 0.5787093300475095,
        "max(length)": 0.18026216038394827,
        "num(pathline)": 0.10260364312007886,
        "min(distant)": 0.03570691399666159
    },
    "member3": {
        "max(u)": 0.025231762998394358,
        "max(v)": 0.5787093300475095,
        "max(length)": 0.18026216038394827,
        "num(pathline)": 0.10260364312007886,
        "min(distant)": 0.03570691399666159
    },
    "member4": {
        "max(u)": 0.025231762998394358,
        "max(v)": 0.5787093300475095,
        "max(length)": 0.18026216038394827,
        "num(pathline)": 0.10260364312007886,
        "min(distant)": 0.03570691399666159
    },
    "member5": {
        "max(u)": 0.025231762998394358,
        "max(v)": 0.5787093300475095,
        "max(length)": 0.18026216038394827,
        "num(pathline)": 0.10260364312007886,
        "min(distant)": 0.03570691399666159
    },
    "member6": {
        "max(u)": 0.025231762998394358,
        "max(v)": 0.5787093300475095,
        "max(length)": 0.18026216038394827,
        "num(pathline)": 0.10260364312007886,
        "min(distant)": 0.03570691399666159
    },
    "member7": {
        "max(u)": 0.025231762998394358,
        "max(v)": 0.5787093300475095,
        "max(length)": 0.18026216038394827,
        "num(pathline)": 0.10260364312007886,
        "min(distant)": 0.03570691399666159
    },
    "member8": {
        "max(u)": 0.025231762998394358,
        "max(v)": 0.5787093300475095,
        "max(length)": 0.18026216038394827,
        "num(pathline)": 0.10260364312007886,
        "min(distant)": 0.03570691399666159
    },
    "member9": {
        "max(u)": 0.025231762998394358,
        "max(v)": 0.5787093300475095,
        "max(length)": 0.18026216038394827,
        "num(pathline)": 0.10260364312007886,
        "min(distant)": 0.03570691399666159
    },
    "member10": {
        "max(u)": 0.025231762998394358,
        "max(v)": 0.5787093300475095,
        "max(length)": 0.18026216038394827,
        "num(pathline)": 0.10260364312007886,
        "min(distant)": 0.03570691399666159
    },
    "member11": {
        "max(u)": 0.025231762998394358,
        "max(v)": 0.5787093300475095,
        "max(length)": 0.18026216038394827,
        "num(pathline)": 0.10260364312007886,
        "min(distant)": 0.03570691399666159
    },
    "member12": {
        "max(u)": 0.025231762998394358,
        "max(v)": 0.5787093300475095,
        "max(length)": 0.18026216038394827,
        "num(pathline)": 0.10260364312007886,
        "min(distant)": 0.03570691399666159
    },
    "member13": {
        "max(u)": 0.025231762998394358,
        "max(v)": 0.5787093300475095,
        "max(length)": 0.18026216038394827,
        "num(pathline)": 0.10260364312007886,
        "min(distant)": 0.03570691399666159
    },
    "member14": {
        "max(u)": 0.025231762998394358,
        "max(v)": 0.5787093300475095,
        "max(length)": 0.18026216038394827,
        "num(pathline)": 0.10260364312007886,
        "min(distant)": 0.03570691399666159
    },
    "member15": {
        "max(u)": 0.025231762998394358,
        "max(v)": 0.5787093300475095,
        "max(length)": 0.18026216038394827,
        "num(pathline)": 0.10260364312007886,
        "min(distant)": 0.03570691399666159
    },
    "member16": {
        "max(u)": 0.025231762998394358,
        "max(v)": 0.5787093300475095,
        "max(length)": 0.18026216038394827,
        "num(pathline)": 0.10260364312007886,
        "min(distant)": 0.03570691399666159
    },
    "member17": {
        "max(u)": 0.025231762998394358,
        "max(v)": 0.5787093300475095,
        "max(length)": 0.18026216038394827,
        "num(pathline)": 0.10260364312007886,
        "min(distant)": 0.03570691399666159
    },
    "member18": {
        "max(u)": 0.025231762998394358,
        "max(v)": 0.5787093300475095,
        "max(length)": 0.18026216038394827,
        "num(pathline)": 0.10260364312007886,
        "min(distant)": 0.03570691399666159
    },
    "member19": {
        "max(u)": 0.025231762998394358,
        "max(v)": 0.5787093300475095,
        "max(length)": 0.18026216038394827,
        "num(pathline)": 0.10260364312007886,
        "min(distant)": 0.03570691399666159
    },
    "member20": {
        "max(u)": 0.025231762998394358,
        "max(v)": 0.5787093300475095,
        "max(length)": 0.18026216038394827,
        "num(pathline)": 0.10260364312007886,
        "min(distant)": 0.03570691399666159
    }
}