{
    "member1": {
        "max(u)": 0.019951717616857656,
        "max(v)": 0.7389445490799055,
        "max(length)": 0.18308014259354477,
        "num(pathline)": 0.680322868181867,
        "min(distant)": 0.45203518628312533
    },
    "member2": {
        "max(u)": 0.019951717616857656,
        "max(v)": 0.7389445490799055,
        "max(length)": 0.18308014259354477,
        "num(pathline)": 0.680322868181867,
        "min(distant)": 0.45203518628312533
    },
    "member3": {
        "max(u)": 0.019951717616857656,
        "max(v)": 0.7389445490799055,
        "max(length)": 0.18308014259354477,
        "num(pathline)": 0.680322868181867,
        "min(distant)": 0.45203518628312533
    },
    "member4": {
        "max(u)": 0.019951717616857656,
        "max(v)": 0.7389445490799055,
        "max(length)": 0.18308014259354477,
        "num(pathline)": 0.680322868181867,
        "min(distant)": 0.45203518628312533
    },
    "member5": {
        "max(u)": 0.019951717616857656,
        "max(v)": 0.7389445490799055,
        "max(length)": 0.18308014259354477,
        "num(pathline)": 0.680322868181867,
        "min(distant)": 0.45203518628312533
    },
    "member6": {
        "max(u)": 0.019951717616857656,
        "max(v)": 0.7389445490799055,
        "max(length)": 0.18308014259354477,
        "num(pathline)": 0.680322868181867,
        "min(distant)": 0.45203518628312533
    },
    "member7": {
        "max(u)": 0.019951717616857656,
        "max(v)": 0.7389445490799055,
        "max(length)": 0.18308014259354477,
        "num(pathline)": 0.680322868181867,
        "min(distant)": 0.45203518628312533
    },
    "member8": {
        "max(u)": 0.019951717616857656,
        "max(v)": 0.7389445490799055,
        "max(length)": 0.18308014259354477,
        "num(pathline)": 0.680322868181867,
        "min(distant)": 0.45203518628312533
    },
    "member9": {
        "max(u)": 0.019951717616857656,
        "max(v)": 0.7389445490799055,
        "max(length)": 0.18308014259354477,
        "num(pathline)": 0.680322868181867,
        "min(distant)": 0.45203518628312533
    },
    "member10": {
        "max(u)": 0.019951717616857656,
        "max(v)": 0.7389445490799055,
        "max(length)": 0.18308014259354477,
        "num(pathline)": 0.680322868181867,
        "min(distant)": 0.45203518628312533
    },
    "member11": {
        "max(u)": 0.019951717616857656,
        "max(v)": 0.7389445490799055,
        "max(length)": 0.18308014259354477,
        "num(pathline)": 0.680322868181867,
        "min(distant)": 0.45203518628312533
    },
    "member12": {
        "max(u)": 0.019951717616857656,
        "max(v)": 0.7389445490799055,
        "max(length)": 0.18308014259354477,
        "num(pathline)": 0.680322868181867,
        "min(distant)": 0.45203518628312533
    },
    "member13": {
        "max(u)": 0.019951717616857656,
        "max(v)": 0.7389445490799055,
        "max(length)": 0.18308014259354477,
        "num(pathline)": 0.680322868181867,
        "min(distant)": 0.45203518628312533
    },
    "member14": {
        "max(u)": 0.019951717616857656,
        "max(v)": 0.7389445490799055,
        "max(length)": 0.18308014259354477,
        "num(pathline)": 0.680322868181867,
        "min(distant)": 0.45203518628312533
    },
    "member15": {
        "max(u)": 0.019951717616857656,
        "max(v)": 0.7389445490799055,
        "max(length)": 0.18308014259354477,
        "num(pathline)": 0.680322868181867,
        "min(distant)": 0.45203518628312533
    },
    "member16": {
        "max(u)": 0.019951717616857656,
        "max(v)": 0.7389445490799055,
        "max(length)": 0.18308014259354477,
        "num(pathline)": 0.680322868181867,
        "min(distant)": 0.45203518628312533
    },
    "member17": {
        "max(u)": 0.019951717616857656,
        "max(v)": 0.7389445490799055,
        "max(length)": 0.18308014259354477,
        "num(pathline)": 0.680322868181867,
        "min(distant)": 0.45203518628312533
    },
    "member18": {
        "max(u)": 0.019951717616857656,
        "max(v)": 0.7389445490799055,
        "max(length)": 0.18308014259354477,
        "num(pathline)": 0.680322868181867,
        "min(distant)": 0.45203518628312533
    },
    "member19": {
        "max(u)": 0.019951717616857656,
        "max(v)": 0.7389445490799055,
        "max(length)": 0.18308014259354477,
        "num(pathline)": 0.680322868181867,
        "min(distant)": 0.45203518628312533
    },
    "member20": {
        "max(u)": 0.019951717616857656,
        "max(v)": 0.7389445490799055,
        "max(length)": 0.18308014259354477,
        "num(pathline)": 0.680322868181867,
        "min(distant)": 0.45203518628312533
    }
}