{
    "member1": {
        "max(u)": 0.806574517851366,
        "max(v)": 0.00011037772233646326,
        "max(length)": 0.5099845258358925,
        "num(pathline)": 0.27596111859081185,
        "min(distant)": 0.6346029627573865
    },
    "member2": {
        "max(u)": 0.806574517851366,
        "max(v)": 0.00011037772233646326,
        "max(length)": 0.5099845258358925,
        "num(pathline)": 0.27596111859081185,
        "min(distant)": 0.6346029627573865
    },
    "member3": {
        "max(u)": 0.806574517851366,
        "max(v)": 0.00011037772233646326,
        "max(length)": 0.5099845258358925,
        "num(pathline)": 0.27596111859081185,
        "min(distant)": 0.6346029627573865
    },
    "member4": {
        "max(u)": 0.806574517851366,
        "max(v)": 0.00011037772233646326,
        "max(length)": 0.5099845258358925,
        "num(pathline)": 0.27596111859081185,
        "min(distant)": 0.6346029627573865
    },
    "member5": {
        "max(u)": 0.806574517851366,
        "max(v)": 0.00011037772233646326,
        "max(length)": 0.5099845258358925,
        "num(pathline)": 0.27596111859081185,
        "min(distant)": 0.6346029627573865
    },
    "member6": {
        "max(u)": 0.806574517851366,
        "max(v)": 0.00011037772233646326,
        "max(length)": 0.5099845258358925,
        "num(pathline)": 0.27596111859081185,
        "min(distant)": 0.6346029627573865
    },
    "member7": {
        "max(u)": 0.806574517851366,
        "max(v)": 0.00011037772233646326,
        "max(length)": 0.5099845258358925,
        "num(pathline)": 0.27596111859081185,
        "min(distant)": 0.6346029627573865
    },
    "member8": {
        "max(u)": 0.806574517851366,
        "max(v)": 0.00011037772233646326,
        "max(length)": 0.5099845258358925,
        "num(pathline)": 0.27596111859081185,
        "min(distant)": 0.6346029627573865
    },
    "member9": {
        "max(u)": 0.806574517851366,
        "max(v)": 0.00011037772233646326,
        "max(length)": 0.5099845258358925,
        "num(pathline)": 0.27596111859081185,
        "min(distant)": 0.6346029627573865
    },
    "member10": {
        "max(u)": 0.806574517851366,
        "max(v)": 0.00011037772233646326,
        "max(length)": 0.5099845258358925,
        "num(pathline)": 0.27596111859081185,
        "min(distant)": 0.6346029627573865
    },
    "member11": {
        "max(u)": 0.806574517851366,
        "max(v)": 0.00011037772233646326,
        "max(length)": 0.5099845258358925,
        "num(pathline)": 0.27596111859081185,
        "min(distant)": 0.6346029627573865
    },
    "member12": {
        "max(u)": 0.806574517851366,
        "max(v)": 0.00011037772233646326,
        "max(length)": 0.5099845258358925,
        "num(pathline)": 0.27596111859081185,
        "min(distant)": 0.6346029627573865
    },
    "member13": {
        "max(u)": 0.806574517851366,
        "max(v)": 0.00011037772233646326,
        "max(length)": 0.5099845258358925,
        "num(pathline)": 0.27596111859081185,
        "min(distant)": 0.6346029627573865
    },
    "member14": {
        "max(u)": 0.806574517851366,
        "max(v)": 0.00011037772233646326,
        "max(length)": 0.5099845258358925,
        "num(pathline)": 0.27596111859081185,
        "min(distant)": 0.6346029627573865
    },
    "member15": {
        "max(u)": 0.806574517851366,
        "max(v)": 0.00011037772233646326,
        "max(length)": 0.5099845258358925,
        "num(pathline)": 0.27596111859081185,
        "min(distant)": 0.6346029627573865
    },
    "member16": {
        "max(u)": 0.806574517851366,
        "max(v)": 0.00011037772233646326,
        "max(length)": 0.5099845258358925,
        "num(pathline)": 0.27596111859081185,
        "min(distant)": 0.6346029627573865
    },
    "member17": {
        "max(u)": 0.806574517851366,
        "max(v)": 0.00011037772233646326,
        "max(length)": 0.5099845258358925,
        "num(pathline)": 0.27596111859081185,
        "min(distant)": 0.6346029627573865
    },
    "member18": {
        "max(u)": 0.806574517851366,
        "max(v)": 0.00011037772233646326,
        "max(length)": 0.5099845258358925,
        "num(pathline)": 0.27596111859081185,
        "min(distant)": 0.6346029627573865
    },
    "member19": {
        "max(u)": 0.806574517851366,
        "max(v)": 0.00011037772233646326,
        "max(length)": 0.5099845258358925,
        "num(pathline)": 0.27596111859081185,
        "min(distant)": 0.6346029627573865
    },
    "member20": {
        "max(u)": 0.806574517851366,
        "max(v)": 0.00011037772233646326,
        "max(length)": 0.5099845258358925,
        "num(pathline)": 0.27596111859081185,
        "min(distant)": 0.6346029627573865
    }
}