{
    "member1": {
        "max(u)": 0.5776297002232863,
        "max(v)": 0.33020593180234437,
        "max(length)": 0.3494793509234281,
        "num(pathline)": 0.8929565761023585,
        "min(distant)": 0.11130339264309719
    },
    "member2": {
        "max(u)": 0.5776297002232863,
        "max(v)": 0.33020593180234437,
        "max(length)": 0.3494793509234281,
        "num(pathline)": 0.8929565761023585,
        "min(distant)": 0.11130339264309719
    },
    "member3": {
        "max(u)": 0.5776297002232863,
        "max(v)": 0.33020593180234437,
        "max(length)": 0.3494793509234281,
        "num(pathline)": 0.8929565761023585,
        "min(distant)": 0.11130339264309719
    },
    "member4": {
        "max(u)": 0.5776297002232863,
        "max(v)": 0.33020593180234437,
        "max(length)": 0.3494793509234281,
        "num(pathline)": 0.8929565761023585,
        "min(distant)": 0.11130339264309719
    },
    "member5": {
        "max(u)": 0.5776297002232863,
        "max(v)": 0.33020593180234437,
        "max(length)": 0.3494793509234281,
        "num(pathline)": 0.8929565761023585,
        "min(distant)": 0.11130339264309719
    },
    "member6": {
        "max(u)": 0.5776297002232863,
        "max(v)": 0.33020593180234437,
        "max(length)": 0.3494793509234281,
        "num(pathline)": 0.8929565761023585,
        "min(distant)": 0.11130339264309719
    },
    "member7": {
        "max(u)": 0.5776297002232863,
        "max(v)": 0.33020593180234437,
        "max(length)": 0.3494793509234281,
        "num(pathline)": 0.8929565761023585,
        "min(distant)": 0.11130339264309719
    },
    "member8": {
        "max(u)": 0.5776297002232863,
        "max(v)": 0.33020593180234437,
        "max(length)": 0.3494793509234281,
        "num(pathline)": 0.8929565761023585,
        "min(distant)": 0.11130339264309719
    },
    "member9": {
        "max(u)": 0.5776297002232863,
        "max(v)": 0.33020593180234437,
        "max(length)": 0.3494793509234281,
        "num(pathline)": 0.8929565761023585,
        "min(distant)": 0.11130339264309719
    },
    "member10": {
        "max(u)": 0.5776297002232863,
        "max(v)": 0.33020593180234437,
        "max(length)": 0.3494793509234281,
        "num(pathline)": 0.8929565761023585,
        "min(distant)": 0.11130339264309719
    },
    "member11": {
        "max(u)": 0.5776297002232863,
        "max(v)": 0.33020593180234437,
        "max(length)": 0.3494793509234281,
        "num(pathline)": 0.8929565761023585,
        "min(distant)": 0.11130339264309719
    },
    "member12": {
        "max(u)": 0.5776297002232863,
        "max(v)": 0.33020593180234437,
        "max(length)": 0.3494793509234281,
        "num(pathline)": 0.8929565761023585,
        "min(distant)": 0.11130339264309719
    },
    "member13": {
        "max(u)": 0.5776297002232863,
        "max(v)": 0.33020593180234437,
        "max(length)": 0.3494793509234281,
        "num(pathline)": 0.8929565761023585,
        "min(distant)": 0.11130339264309719
    },
    "member14": {
        "max(u)": 0.5776297002232863,
        "max(v)": 0.33020593180234437,
        "max(length)": 0.3494793509234281,
        "num(pathline)": 0.8929565761023585,
        "min(distant)": 0.11130339264309719
    },
    "member15": {
        "max(u)": 0.5776297002232863,
        "max(v)": 0.33020593180234437,
        "max(length)": 0.3494793509234281,
        "num(pathline)": 0.8929565761023585,
        "min(distant)": 0.11130339264309719
    },
    "member16": {
        "max(u)": 0.5776297002232863,
        "max(v)": 0.33020593180234437,
        "max(length)": 0.3494793509234281,
        "num(pathline)": 0.8929565761023585,
        "min(distant)": 0.11130339264309719
    },
    "member17": {
        "max(u)": 0.5776297002232863,
        "max(v)": 0.33020593180234437,
        "max(length)": 0.3494793509234281,
        "num(pathline)": 0.8929565761023585,
        "min(distant)": 0.11130339264309719
    },
    "member18": {
        "max(u)": 0.5776297002232863,
        "max(v)": 0.33020593180234437,
        "max(length)": 0.3494793509234281,
        "num(pathline)": 0.8929565761023585,
        "min(distant)": 0.11130339264309719
    },
    "member19": {
        "max(u)": 0.5776297002232863,
        "max(v)": 0.33020593180234437,
        "max(length)": 0.3494793509234281,
        "num(pathline)": 0.8929565761023585,
        "min(distant)": 0.11130339264309719
    },
    "member20": {
        "max(u)": 0.5776297002232863,
        "max(v)": 0.33020593180234437,
        "max(length)": 0.3494793509234281,
        "num(pathline)": 0.8929565761023585,
        "min(distant)": 0.11130339264309719
    }
}