{
    "member1": {
        "max(u)": 0.6808408373205157,
        "max(v)": 0.3049038707145312,
        "max(length)": 0.3407255651641241,
        "num(pathline)": 0.050102391196939045,
        "min(distant)": 0.716429177888982
    },
    "member2": {
        "max(u)": 0.6808408373205157,
        "max(v)": 0.3049038707145312,
        "max(length)": 0.3407255651641241,
        "num(pathline)": 0.050102391196939045,
        "min(distant)": 0.716429177888982
    },
    "member3": {
        "max(u)": 0.6808408373205157,
        "max(v)": 0.3049038707145312,
        "max(length)": 0.3407255651641241,
        "num(pathline)": 0.050102391196939045,
        "min(distant)": 0.716429177888982
    },
    "member4": {
        "max(u)": 0.6808408373205157,
        "max(v)": 0.3049038707145312,
        "max(length)": 0.3407255651641241,
        "num(pathline)": 0.050102391196939045,
        "min(distant)": 0.716429177888982
    },
    "member5": {
        "max(u)": 0.6808408373205157,
        "max(v)": 0.3049038707145312,
        "max(length)": 0.3407255651641241,
        "num(pathline)": 0.050102391196939045,
        "min(distant)": 0.716429177888982
    },
    "member6": {
        "max(u)": 0.6808408373205157,
        "max(v)": 0.3049038707145312,
        "max(length)": 0.3407255651641241,
        "num(pathline)": 0.050102391196939045,
        "min(distant)": 0.716429177888982
    },
    "member7": {
        "max(u)": 0.6808408373205157,
        "max(v)": 0.3049038707145312,
        "max(length)": 0.3407255651641241,
        "num(pathline)": 0.050102391196939045,
        "min(distant)": 0.716429177888982
    },
    "member8": {
        "max(u)": 0.6808408373205157,
        "max(v)": 0.3049038707145312,
        "max(length)": 0.3407255651641241,
        "num(pathline)": 0.050102391196939045,
        "min(distant)": 0.716429177888982
    },
    "member9": {
        "max(u)": 0.6808408373205157,
        "max(v)": 0.3049038707145312,
        "max(length)": 0.3407255651641241,
        "num(pathline)": 0.050102391196939045,
        "min(distant)": 0.716429177888982
    },
    "member10": {
        "max(u)": 0.6808408373205157,
        "max(v)": 0.3049038707145312,
        "max(length)": 0.3407255651641241,
        "num(pathline)": 0.050102391196939045,
        "min(distant)": 0.716429177888982
    },
    "member11": {
        "max(u)": 0.6808408373205157,
        "max(v)": 0.3049038707145312,
        "max(length)": 0.3407255651641241,
        "num(pathline)": 0.050102391196939045,
        "min(distant)": 0.716429177888982
    },
    "member12": {
        "max(u)": 0.6808408373205157,
        "max(v)": 0.3049038707145312,
        "max(length)": 0.3407255651641241,
        "num(pathline)": 0.050102391196939045,
        "min(distant)": 0.716429177888982
    },
    "member13": {
        "max(u)": 0.6808408373205157,
        "max(v)": 0.3049038707145312,
        "max(length)": 0.3407255651641241,
        "num(pathline)": 0.050102391196939045,
        "min(distant)": 0.716429177888982
    },
    "member14": {
        "max(u)": 0.6808408373205157,
        "max(v)": 0.3049038707145312,
        "max(length)": 0.3407255651641241,
        "num(pathline)": 0.050102391196939045,
        "min(distant)": 0.716429177888982
    },
    "member15": {
        "max(u)": 0.6808408373205157,
        "max(v)": 0.3049038707145312,
        "max(length)": 0.3407255651641241,
        "num(pathline)": 0.050102391196939045,
        "min(distant)": 0.716429177888982
    },
    "member16": {
        "max(u)": 0.6808408373205157,
        "max(v)": 0.3049038707145312,
        "max(length)": 0.3407255651641241,
        "num(pathline)": 0.050102391196939045,
        "min(distant)": 0.716429177888982
    },
    "member17": {
        "max(u)": 0.6808408373205157,
        "max(v)": 0.3049038707145312,
        "max(length)": 0.3407255651641241,
        "num(pathline)": 0.050102391196939045,
        "min(distant)": 0.716429177888982
    },
    "member18": {
        "max(u)": 0.6808408373205157,
        "max(v)": 0.3049038707145312,
        "max(length)": 0.3407255651641241,
        "num(pathline)": 0.050102391196939045,
        "min(distant)": 0.716429177888982
    },
    "member19": {
        "max(u)": 0.6808408373205157,
        "max(v)": 0.3049038707145312,
        "max(length)": 0.3407255651641241,
        "num(pathline)": 0.050102391196939045,
        "min(distant)": 0.716429177888982
    },
    "member20": {
        "max(u)": 0.6808408373205157,
        "max(v)": 0.3049038707145312,
        "max(length)": 0.3407255651641241,
        "num(pathline)": 0.050102391196939045,
        "min(distant)": 0.716429177888982
    }
}