{
    "member1": {
        "max(u)": 0.1907464825846642,
        "max(v)": 0.3917425106757848,
        "max(length)": 0.5258425532333251,
        "num(pathline)": 0.8194944754072658,
        "min(distant)": 0.6889408027028989
    },
    "member2": {
        "max(u)": 0.1907464825846642,
        "max(v)": 0.3917425106757848,
        "max(length)": 0.5258425532333251,
        "num(pathline)": 0.8194944754072658,
        "min(distant)": 0.6889408027028989
    },
    "member3": {
        "max(u)": 0.1907464825846642,
        "max(v)": 0.3917425106757848,
        "max(length)": 0.5258425532333251,
        "num(pathline)": 0.8194944754072658,
        "min(distant)": 0.6889408027028989
    },
    "member4": {
        "max(u)": 0.1907464825846642,
        "max(v)": 0.3917425106757848,
        "max(length)": 0.5258425532333251,
        "num(pathline)": 0.8194944754072658,
        "min(distant)": 0.6889408027028989
    },
    "member5": {
        "max(u)": 0.1907464825846642,
        "max(v)": 0.3917425106757848,
        "max(length)": 0.5258425532333251,
        "num(pathline)": 0.8194944754072658,
        "min(distant)": 0.6889408027028989
    },
    "member6": {
        "max(u)": 0.1907464825846642,
        "max(v)": 0.3917425106757848,
        "max(length)": 0.5258425532333251,
        "num(pathline)": 0.8194944754072658,
        "min(distant)": 0.6889408027028989
    },
    "member7": {
        "max(u)": 0.1907464825846642,
        "max(v)": 0.3917425106757848,
        "max(length)": 0.5258425532333251,
        "num(pathline)": 0.8194944754072658,
        "min(distant)": 0.6889408027028989
    },
    "member8": {
        "max(u)": 0.1907464825846642,
        "max(v)": 0.3917425106757848,
        "max(length)": 0.5258425532333251,
        "num(pathline)": 0.8194944754072658,
        "min(distant)": 0.6889408027028989
    },
    "member9": {
        "max(u)": 0.1907464825846642,
        "max(v)": 0.3917425106757848,
        "max(length)": 0.5258425532333251,
        "num(pathline)": 0.8194944754072658,
        "min(distant)": 0.6889408027028989
    },
    "member10": {
        "max(u)": 0.1907464825846642,
        "max(v)": 0.3917425106757848,
        "max(length)": 0.5258425532333251,
        "num(pathline)": 0.8194944754072658,
        "min(distant)": 0.6889408027028989
    },
    "member11": {
        "max(u)": 0.1907464825846642,
        "max(v)": 0.3917425106757848,
        "max(length)": 0.5258425532333251,
        "num(pathline)": 0.8194944754072658,
        "min(distant)": 0.6889408027028989
    },
    "member12": {
        "max(u)": 0.1907464825846642,
        "max(v)": 0.3917425106757848,
        "max(length)": 0.5258425532333251,
        "num(pathline)": 0.8194944754072658,
        "min(distant)": 0.6889408027028989
    },
    "member13": {
        "max(u)": 0.1907464825846642,
        "max(v)": 0.3917425106757848,
        "max(length)": 0.5258425532333251,
        "num(pathline)": 0.8194944754072658,
        "min(distant)": 0.6889408027028989
    },
    "member14": {
        "max(u)": 0.1907464825846642,
        "max(v)": 0.3917425106757848,
        "max(length)": 0.5258425532333251,
        "num(pathline)": 0.8194944754072658,
        "min(distant)": 0.6889408027028989
    },
    "member15": {
        "max(u)": 0.1907464825846642,
        "max(v)": 0.3917425106757848,
        "max(length)": 0.5258425532333251,
        "num(pathline)": 0.8194944754072658,
        "min(distant)": 0.6889408027028989
    },
    "member16": {
        "max(u)": 0.1907464825846642,
        "max(v)": 0.3917425106757848,
        "max(length)": 0.5258425532333251,
        "num(pathline)": 0.8194944754072658,
        "min(distant)": 0.6889408027028989
    },
    "member17": {
        "max(u)": 0.1907464825846642,
        "max(v)": 0.3917425106757848,
        "max(length)": 0.5258425532333251,
        "num(pathline)": 0.8194944754072658,
        "min(distant)": 0.6889408027028989
    },
    "member18": {
        "max(u)": 0.1907464825846642,
        "max(v)": 0.3917425106757848,
        "max(length)": 0.5258425532333251,
        "num(pathline)": 0.8194944754072658,
        "min(distant)": 0.6889408027028989
    },
    "member19": {
        "max(u)": 0.1907464825846642,
        "max(v)": 0.3917425106757848,
        "max(length)": 0.5258425532333251,
        "num(pathline)": 0.8194944754072658,
        "min(distant)": 0.6889408027028989
    },
    "member20": {
        "max(u)": 0.1907464825846642,
        "max(v)": 0.3917425106757848,
        "max(length)": 0.5258425532333251,
        "num(pathline)": 0.8194944754072658,
        "min(distant)": 0.6889408027028989
    }
}