{
    "member1": {
        "max(u)": 0.5946648420727076,
        "max(v)": 0.6862872548082906,
        "max(length)": 0.10169704290439285,
        "num(pathline)": 0.7734768783635569,
        "min(distant)": 0.149595240944698
    },
    "member2": {
        "max(u)": 0.5946648420727076,
        "max(v)": 0.6862872548082906,
        "max(length)": 0.10169704290439285,
        "num(pathline)": 0.7734768783635569,
        "min(distant)": 0.149595240944698
    },
    "member3": {
        "max(u)": 0.5946648420727076,
        "max(v)": 0.6862872548082906,
        "max(length)": 0.10169704290439285,
        "num(pathline)": 0.7734768783635569,
        "min(distant)": 0.149595240944698
    },
    "member4": {
        "max(u)": 0.5946648420727076,
        "max(v)": 0.6862872548082906,
        "max(length)": 0.10169704290439285,
        "num(pathline)": 0.7734768783635569,
        "min(distant)": 0.149595240944698
    },
    "member5": {
        "max(u)": 0.5946648420727076,
        "max(v)": 0.6862872548082906,
        "max(length)": 0.10169704290439285,
        "num(pathline)": 0.7734768783635569,
        "min(distant)": 0.149595240944698
    },
    "member6": {
        "max(u)": 0.5946648420727076,
        "max(v)": 0.6862872548082906,
        "max(length)": 0.10169704290439285,
        "num(pathline)": 0.7734768783635569,
        "min(distant)": 0.149595240944698
    },
    "member7": {
        "max(u)": 0.5946648420727076,
        "max(v)": 0.6862872548082906,
        "max(length)": 0.10169704290439285,
        "num(pathline)": 0.7734768783635569,
        "min(distant)": 0.149595240944698
    },
    "member8": {
        "max(u)": 0.5946648420727076,
        "max(v)": 0.6862872548082906,
        "max(length)": 0.10169704290439285,
        "num(pathline)": 0.7734768783635569,
        "min(distant)": 0.149595240944698
    },
    "member9": {
        "max(u)": 0.5946648420727076,
        "max(v)": 0.6862872548082906,
        "max(length)": 0.10169704290439285,
        "num(pathline)": 0.7734768783635569,
        "min(distant)": 0.149595240944698
    },
    "member10": {
        "max(u)": 0.5946648420727076,
        "max(v)": 0.6862872548082906,
        "max(length)": 0.10169704290439285,
        "num(pathline)": 0.7734768783635569,
        "min(distant)": 0.149595240944698
    },
    "member11": {
        "max(u)": 0.5946648420727076,
        "max(v)": 0.6862872548082906,
        "max(length)": 0.10169704290439285,
        "num(pathline)": 0.7734768783635569,
        "min(distant)": 0.149595240944698
    },
    "member12": {
        "max(u)": 0.5946648420727076,
        "max(v)": 0.6862872548082906,
        "max(length)": 0.10169704290439285,
        "num(pathline)": 0.7734768783635569,
        "min(distant)": 0.149595240944698
    },
    "member13": {
        "max(u)": 0.5946648420727076,
        "max(v)": 0.6862872548082906,
        "max(length)": 0.10169704290439285,
        "num(pathline)": 0.7734768783635569,
        "min(distant)": 0.149595240944698
    },
    "member14": {
        "max(u)": 0.5946648420727076,
        "max(v)": 0.6862872548082906,
        "max(length)": 0.10169704290439285,
        "num(pathline)": 0.7734768783635569,
        "min(distant)": 0.149595240944698
    },
    "member15": {
        "max(u)": 0.5946648420727076,
        "max(v)": 0.6862872548082906,
        "max(length)": 0.10169704290439285,
        "num(pathline)": 0.7734768783635569,
        "min(distant)": 0.149595240944698
    },
    "member16": {
        "max(u)": 0.5946648420727076,
        "max(v)": 0.6862872548082906,
        "max(length)": 0.10169704290439285,
        "num(pathline)": 0.7734768783635569,
        "min(distant)": 0.149595240944698
    },
    "member17": {
        "max(u)": 0.5946648420727076,
        "max(v)": 0.6862872548082906,
        "max(length)": 0.10169704290439285,
        "num(pathline)": 0.7734768783635569,
        "min(distant)": 0.149595240944698
    },
    "member18": {
        "max(u)": 0.5946648420727076,
        "max(v)": 0.6862872548082906,
        "max(length)": 0.10169704290439285,
        "num(pathline)": 0.7734768783635569,
        "min(distant)": 0.149595240944698
    },
    "member19": {
        "max(u)": 0.5946648420727076,
        "max(v)": 0.6862872548082906,
        "max(length)": 0.10169704290439285,
        "num(pathline)": 0.7734768783635569,
        "min(distant)": 0.149595240944698
    },
    "member20": {
        "max(u)": 0.5946648420727076,
        "max(v)": 0.6862872548082906,
        "max(length)": 0.10169704290439285,
        "num(pathline)": 0.7734768783635569,
        "min(distant)": 0.149595240944698
    }
}