{
    "member1": {
        "max(u)": 0.26242128100997153,
        "max(v)": 0.41879365461297946,
        "max(length)": 0.5199931719721488,
        "num(pathline)": 0.3696684486590365,
        "min(distant)": 0.21781729916046
    },
    "member2": {
        "max(u)": 0.26242128100997153,
        "max(v)": 0.41879365461297946,
        "max(length)": 0.5199931719721488,
        "num(pathline)": 0.3696684486590365,
        "min(distant)": 0.21781729916046
    },
    "member3": {
        "max(u)": 0.26242128100997153,
        "max(v)": 0.41879365461297946,
        "max(length)": 0.5199931719721488,
        "num(pathline)": 0.3696684486590365,
        "min(distant)": 0.21781729916046
    },
    "member4": {
        "max(u)": 0.26242128100997153,
        "max(v)": 0.41879365461297946,
        "max(length)": 0.5199931719721488,
        "num(pathline)": 0.3696684486590365,
        "min(distant)": 0.21781729916046
    },
    "member5": {
        "max(u)": 0.26242128100997153,
        "max(v)": 0.41879365461297946,
        "max(length)": 0.5199931719721488,
        "num(pathline)": 0.3696684486590365,
        "min(distant)": 0.21781729916046
    },
    "member6": {
        "max(u)": 0.26242128100997153,
        "max(v)": 0.41879365461297946,
        "max(length)": 0.5199931719721488,
        "num(pathline)": 0.3696684486590365,
        "min(distant)": 0.21781729916046
    },
    "member7": {
        "max(u)": 0.26242128100997153,
        "max(v)": 0.41879365461297946,
        "max(length)": 0.5199931719721488,
        "num(pathline)": 0.3696684486590365,
        "min(distant)": 0.21781729916046
    },
    "member8": {
        "max(u)": 0.26242128100997153,
        "max(v)": 0.41879365461297946,
        "max(length)": 0.5199931719721488,
        "num(pathline)": 0.3696684486590365,
        "min(distant)": 0.21781729916046
    },
    "member9": {
        "max(u)": 0.26242128100997153,
        "max(v)": 0.41879365461297946,
        "max(length)": 0.5199931719721488,
        "num(pathline)": 0.3696684486590365,
        "min(distant)": 0.21781729916046
    },
    "member10": {
        "max(u)": 0.26242128100997153,
        "max(v)": 0.41879365461297946,
        "max(length)": 0.5199931719721488,
        "num(pathline)": 0.3696684486590365,
        "min(distant)": 0.21781729916046
    },
    "member11": {
        "max(u)": 0.26242128100997153,
        "max(v)": 0.41879365461297946,
        "max(length)": 0.5199931719721488,
        "num(pathline)": 0.3696684486590365,
        "min(distant)": 0.21781729916046
    },
    "member12": {
        "max(u)": 0.26242128100997153,
        "max(v)": 0.41879365461297946,
        "max(length)": 0.5199931719721488,
        "num(pathline)": 0.3696684486590365,
        "min(distant)": 0.21781729916046
    },
    "member13": {
        "max(u)": 0.26242128100997153,
        "max(v)": 0.41879365461297946,
        "max(length)": 0.5199931719721488,
        "num(pathline)": 0.3696684486590365,
        "min(distant)": 0.21781729916046
    },
    "member14": {
        "max(u)": 0.26242128100997153,
        "max(v)": 0.41879365461297946,
        "max(length)": 0.5199931719721488,
        "num(pathline)": 0.3696684486590365,
        "min(distant)": 0.21781729916046
    },
    "member15": {
        "max(u)": 0.26242128100997153,
        "max(v)": 0.41879365461297946,
        "max(length)": 0.5199931719721488,
        "num(pathline)": 0.3696684486590365,
        "min(distant)": 0.21781729916046
    },
    "member16": {
        "max(u)": 0.26242128100997153,
        "max(v)": 0.41879365461297946,
        "max(length)": 0.5199931719721488,
        "num(pathline)": 0.3696684486590365,
        "min(distant)": 0.21781729916046
    },
    "member17": {
        "max(u)": 0.26242128100997153,
        "max(v)": 0.41879365461297946,
        "max(length)": 0.5199931719721488,
        "num(pathline)": 0.3696684486590365,
        "min(distant)": 0.21781729916046
    },
    "member18": {
        "max(u)": 0.26242128100997153,
        "max(v)": 0.41879365461297946,
        "max(length)": 0.5199931719721488,
        "num(pathline)": 0.3696684486590365,
        "min(distant)": 0.21781729916046
    },
    "member19": {
        "max(u)": 0.26242128100997153,
        "max(v)": 0.41879365461297946,
        "max(length)": 0.5199931719721488,
        "num(pathline)": 0.3696684486590365,
        "min(distant)": 0.21781729916046
    },
    "member20": {
        "max(u)": 0.26242128100997153,
        "max(v)": 0.41879365461297946,
        "max(length)": 0.5199931719721488,
        "num(pathline)": 0.3696684486590365,
        "min(distant)": 0.21781729916046
    }
}