{
    "member1": {
        "max(u)": 0.19726136057707677,
        "max(v)": 0.7526569692220838,
        "max(length)": 0.07073365338781845,
        "num(pathline)": 0.5037061954637985,
        "min(distant)": 0.6697805736313235
    },
    "member2": {
        "max(u)": 0.19726136057707677,
        "max(v)": 0.7526569692220838,
        "max(length)": 0.07073365338781845,
        "num(pathline)": 0.5037061954637985,
        "min(distant)": 0.6697805736313235
    },
    "member3": {
        "max(u)": 0.19726136057707677,
        "max(v)": 0.7526569692220838,
        "max(length)": 0.07073365338781845,
        "num(pathline)": 0.5037061954637985,
        "min(distant)": 0.6697805736313235
    },
    "member4": {
        "max(u)": 0.19726136057707677,
        "max(v)": 0.7526569692220838,
        "max(length)": 0.07073365338781845,
        "num(pathline)": 0.5037061954637985,
        "min(distant)": 0.6697805736313235
    },
    "member5": {
        "max(u)": 0.19726136057707677,
        "max(v)": 0.7526569692220838,
        "max(length)": 0.07073365338781845,
        "num(pathline)": 0.5037061954637985,
        "min(distant)": 0.6697805736313235
    },
    "member6": {
        "max(u)": 0.19726136057707677,
        "max(v)": 0.7526569692220838,
        "max(length)": 0.07073365338781845,
        "num(pathline)": 0.5037061954637985,
        "min(distant)": 0.6697805736313235
    },
    "member7": {
        "max(u)": 0.19726136057707677,
        "max(v)": 0.7526569692220838,
        "max(length)": 0.07073365338781845,
        "num(pathline)": 0.5037061954637985,
        "min(distant)": 0.6697805736313235
    },
    "member8": {
        "max(u)": 0.19726136057707677,
        "max(v)": 0.7526569692220838,
        "max(length)": 0.07073365338781845,
        "num(pathline)": 0.5037061954637985,
        "min(distant)": 0.6697805736313235
    },
    "member9": {
        "max(u)": 0.19726136057707677,
        "max(v)": 0.7526569692220838,
        "max(length)": 0.07073365338781845,
        "num(pathline)": 0.5037061954637985,
        "min(distant)": 0.6697805736313235
    },
    "member10": {
        "max(u)": 0.19726136057707677,
        "max(v)": 0.7526569692220838,
        "max(length)": 0.07073365338781845,
        "num(pathline)": 0.5037061954637985,
        "min(distant)": 0.6697805736313235
    },
    "member11": {
        "max(u)": 0.19726136057707677,
        "max(v)": 0.7526569692220838,
        "max(length)": 0.07073365338781845,
        "num(pathline)": 0.5037061954637985,
        "min(distant)": 0.6697805736313235
    },
    "member12": {
        "max(u)": 0.19726136057707677,
        "max(v)": 0.7526569692220838,
        "max(length)": 0.07073365338781845,
        "num(pathline)": 0.5037061954637985,
        "min(distant)": 0.6697805736313235
    },
    "member13": {
        "max(u)": 0.19726136057707677,
        "max(v)": 0.7526569692220838,
        "max(length)": 0.07073365338781845,
        "num(pathline)": 0.5037061954637985,
        "min(distant)": 0.6697805736313235
    },
    "member14": {
        "max(u)": 0.19726136057707677,
        "max(v)": 0.7526569692220838,
        "max(length)": 0.07073365338781845,
        "num(pathline)": 0.5037061954637985,
        "min(distant)": 0.6697805736313235
    },
    "member15": {
        "max(u)": 0.19726136057707677,
        "max(v)": 0.7526569692220838,
        "max(length)": 0.07073365338781845,
        "num(pathline)": 0.5037061954637985,
        "min(distant)": 0.6697805736313235
    },
    "member16": {
        "max(u)": 0.19726136057707677,
        "max(v)": 0.7526569692220838,
        "max(length)": 0.07073365338781845,
        "num(pathline)": 0.5037061954637985,
        "min(distant)": 0.6697805736313235
    },
    "member17": {
        "max(u)": 0.19726136057707677,
        "max(v)": 0.7526569692220838,
        "max(length)": 0.07073365338781845,
        "num(pathline)": 0.5037061954637985,
        "min(distant)": 0.6697805736313235
    },
    "member18": {
        "max(u)": 0.19726136057707677,
        "max(v)": 0.7526569692220838,
        "max(length)": 0.07073365338781845,
        "num(pathline)": 0.5037061954637985,
        "min(distant)": 0.6697805736313235
    },
    "member19": {
        "max(u)": 0.19726136057707677,
        "max(v)": 0.7526569692220838,
        "max(length)": 0.07073365338781845,
        "num(pathline)": 0.5037061954637985,
        "min(distant)": 0.6697805736313235
    },
    "member20": {
        "max(u)": 0.19726136057707677,
        "max(v)": 0.7526569692220838,
        "max(length)": 0.07073365338781845,
        "num(pathline)": 0.5037061954637985,
        "min(distant)": 0.6697805736313235
    }
}