{
    "member1": {
        "max(u)": 0.9226020943199283,
        "max(v)": 0.27926886031100895,
        "max(length)": 0.7658074559655776,
        "num(pathline)": 0.2613966527006163,
        "min(distant)": 0.0028699529698110737
    },
    "member2": {
        "max(u)": 0.9226020943199283,
        "max(v)": 0.27926886031100895,
        "max(length)": 0.7658074559655776,
        "num(pathline)": 0.2613966527006163,
        "min(distant)": 0.0028699529698110737
    },
    "member3": {
        "max(u)": 0.9226020943199283,
        "max(v)": 0.27926886031100895,
        "max(length)": 0.7658074559655776,
        "num(pathline)": 0.2613966527006163,
        "min(distant)": 0.0028699529698110737
    },
    "member4": {
        "max(u)": 0.9226020943199283,
        "max(v)": 0.27926886031100895,
        "max(length)": 0.7658074559655776,
        "num(pathline)": 0.2613966527006163,
        "min(distant)": 0.0028699529698110737
    },
    "member5": {
        "max(u)": 0.9226020943199283,
        "max(v)": 0.27926886031100895,
        "max(length)": 0.7658074559655776,
        "num(pathline)": 0.2613966527006163,
        "min(distant)": 0.0028699529698110737
    },
    "member6": {
        "max(u)": 0.9226020943199283,
        "max(v)": 0.27926886031100895,
        "max(length)": 0.7658074559655776,
        "num(pathline)": 0.2613966527006163,
        "min(distant)": 0.0028699529698110737
    },
    "member7": {
        "max(u)": 0.9226020943199283,
        "max(v)": 0.27926886031100895,
        "max(length)": 0.7658074559655776,
        "num(pathline)": 0.2613966527006163,
        "min(distant)": 0.0028699529698110737
    },
    "member8": {
        "max(u)": 0.9226020943199283,
        "max(v)": 0.27926886031100895,
        "max(length)": 0.7658074559655776,
        "num(pathline)": 0.2613966527006163,
        "min(distant)": 0.0028699529698110737
    },
    "member9": {
        "max(u)": 0.9226020943199283,
        "max(v)": 0.27926886031100895,
        "max(length)": 0.7658074559655776,
        "num(pathline)": 0.2613966527006163,
        "min(distant)": 0.0028699529698110737
    },
    "member10": {
        "max(u)": 0.9226020943199283,
        "max(v)": 0.27926886031100895,
        "max(length)": 0.7658074559655776,
        "num(pathline)": 0.2613966527006163,
        "min(distant)": 0.0028699529698110737
    },
    "member11": {
        "max(u)": 0.9226020943199283,
        "max(v)": 0.27926886031100895,
        "max(length)": 0.7658074559655776,
        "num(pathline)": 0.2613966527006163,
        "min(distant)": 0.0028699529698110737
    },
    "member12": {
        "max(u)": 0.9226020943199283,
        "max(v)": 0.27926886031100895,
        "max(length)": 0.7658074559655776,
        "num(pathline)": 0.2613966527006163,
        "min(distant)": 0.0028699529698110737
    },
    "member13": {
        "max(u)": 0.9226020943199283,
        "max(v)": 0.27926886031100895,
        "max(length)": 0.7658074559655776,
        "num(pathline)": 0.2613966527006163,
        "min(distant)": 0.0028699529698110737
    },
    "member14": {
        "max(u)": 0.9226020943199283,
        "max(v)": 0.27926886031100895,
        "max(length)": 0.7658074559655776,
        "num(pathline)": 0.2613966527006163,
        "min(distant)": 0.0028699529698110737
    },
    "member15": {
        "max(u)": 0.9226020943199283,
        "max(v)": 0.27926886031100895,
        "max(length)": 0.7658074559655776,
        "num(pathline)": 0.2613966527006163,
        "min(distant)": 0.0028699529698110737
    },
    "member16": {
        "max(u)": 0.9226020943199283,
        "max(v)": 0.27926886031100895,
        "max(length)": 0.7658074559655776,
        "num(pathline)": 0.2613966527006163,
        "min(distant)": 0.0028699529698110737
    },
    "member17": {
        "max(u)": 0.9226020943199283,
        "max(v)": 0.27926886031100895,
        "max(length)": 0.7658074559655776,
        "num(pathline)": 0.2613966527006163,
        "min(distant)": 0.0028699529698110737
    },
    "member18": {
        "max(u)": 0.9226020943199283,
        "max(v)": 0.27926886031100895,
        "max(length)": 0.7658074559655776,
        "num(pathline)": 0.2613966527006163,
        "min(distant)": 0.0028699529698110737
    },
    "member19": {
        "max(u)": 0.9226020943199283,
        "max(v)": 0.27926886031100895,
        "max(length)": 0.7658074559655776,
        "num(pathline)": 0.2613966527006163,
        "min(distant)": 0.0028699529698110737
    },
    "member20": {
        "max(u)": 0.9226020943199283,
        "max(v)": 0.27926886031100895,
        "max(length)": 0.7658074559655776,
        "num(pathline)": 0.2613966527006163,
        "min(distant)": 0.0028699529698110737
    }
}