{
    "member1": {
        "max(u)": 0.2910801900327521,
        "max(v)": 0.41483341264671947,
        "max(length)": 0.9489353785066958,
        "num(pathline)": 0.636297496134634,
        "min(distant)": 0.6270196293006611
    },
    "member2": {
        "max(u)": 0.2910801900327521,
        "max(v)": 0.41483341264671947,
        "max(length)": 0.9489353785066958,
        "num(pathline)": 0.636297496134634,
        "min(distant)": 0.6270196293006611
    },
    "member3": {
        "max(u)": 0.2910801900327521,
        "max(v)": 0.41483341264671947,
        "max(length)": 0.9489353785066958,
        "num(pathline)": 0.636297496134634,
        "min(distant)": 0.6270196293006611
    },
    "member4": {
        "max(u)": 0.2910801900327521,
        "max(v)": 0.41483341264671947,
        "max(length)": 0.9489353785066958,
        "num(pathline)": 0.636297496134634,
        "min(distant)": 0.6270196293006611
    },
    "member5": {
        "max(u)": 0.2910801900327521,
        "max(v)": 0.41483341264671947,
        "max(length)": 0.9489353785066958,
        "num(pathline)": 0.636297496134634,
        "min(distant)": 0.6270196293006611
    },
    "member6": {
        "max(u)": 0.2910801900327521,
        "max(v)": 0.41483341264671947,
        "max(length)": 0.9489353785066958,
        "num(pathline)": 0.636297496134634,
        "min(distant)": 0.6270196293006611
    },
    "member7": {
        "max(u)": 0.2910801900327521,
        "max(v)": 0.41483341264671947,
        "max(length)": 0.9489353785066958,
        "num(pathline)": 0.636297496134634,
        "min(distant)": 0.6270196293006611
    },
    "member8": {
        "max(u)": 0.2910801900327521,
        "max(v)": 0.41483341264671947,
        "max(length)": 0.9489353785066958,
        "num(pathline)": 0.636297496134634,
        "min(distant)": 0.6270196293006611
    },
    "member9": {
        "max(u)": 0.2910801900327521,
        "max(v)": 0.41483341264671947,
        "max(length)": 0.9489353785066958,
        "num(pathline)": 0.636297496134634,
        "min(distant)": 0.6270196293006611
    },
    "member10": {
        "max(u)": 0.2910801900327521,
        "max(v)": 0.41483341264671947,
        "max(length)": 0.9489353785066958,
        "num(pathline)": 0.636297496134634,
        "min(distant)": 0.6270196293006611
    },
    "member11": {
        "max(u)": 0.2910801900327521,
        "max(v)": 0.41483341264671947,
        "max(length)": 0.9489353785066958,
        "num(pathline)": 0.636297496134634,
        "min(distant)": 0.6270196293006611
    },
    "member12": {
        "max(u)": 0.2910801900327521,
        "max(v)": 0.41483341264671947,
        "max(length)": 0.9489353785066958,
        "num(pathline)": 0.636297496134634,
        "min(distant)": 0.6270196293006611
    },
    "member13": {
        "max(u)": 0.2910801900327521,
        "max(v)": 0.41483341264671947,
        "max(length)": 0.9489353785066958,
        "num(pathline)": 0.636297496134634,
        "min(distant)": 0.6270196293006611
    },
    "member14": {
        "max(u)": 0.2910801900327521,
        "max(v)": 0.41483341264671947,
        "max(length)": 0.9489353785066958,
        "num(pathline)": 0.636297496134634,
        "min(distant)": 0.6270196293006611
    },
    "member15": {
        "max(u)": 0.2910801900327521,
        "max(v)": 0.41483341264671947,
        "max(length)": 0.9489353785066958,
        "num(pathline)": 0.636297496134634,
        "min(distant)": 0.6270196293006611
    },
    "member16": {
        "max(u)": 0.2910801900327521,
        "max(v)": 0.41483341264671947,
        "max(length)": 0.9489353785066958,
        "num(pathline)": 0.636297496134634,
        "min(distant)": 0.6270196293006611
    },
    "member17": {
        "max(u)": 0.2910801900327521,
        "max(v)": 0.41483341264671947,
        "max(length)": 0.9489353785066958,
        "num(pathline)": 0.636297496134634,
        "min(distant)": 0.6270196293006611
    },
    "member18": {
        "max(u)": 0.2910801900327521,
        "max(v)": 0.41483341264671947,
        "max(length)": 0.9489353785066958,
        "num(pathline)": 0.636297496134634,
        "min(distant)": 0.6270196293006611
    },
    "member19": {
        "max(u)": 0.2910801900327521,
        "max(v)": 0.41483341264671947,
        "max(length)": 0.9489353785066958,
        "num(pathline)": 0.636297496134634,
        "min(distant)": 0.6270196293006611
    },
    "member20": {
        "max(u)": 0.2910801900327521,
        "max(v)": 0.41483341264671947,
        "max(length)": 0.9489353785066958,
        "num(pathline)": 0.636297496134634,
        "min(distant)": 0.6270196293006611
    }
}