{
    "member1": {
        "max(u)": 0.992496730251403,
        "max(v)": 0.5552777353341315,
        "max(length)": 0.37673175484947197,
        "num(pathline)": 0.2061733452929796,
        "min(distant)": 0.8908893896526718
    },
    "member2": {
        "max(u)": 0.992496730251403,
        "max(v)": 0.5552777353341315,
        "max(length)": 0.37673175484947197,
        "num(pathline)": 0.2061733452929796,
        "min(distant)": 0.8908893896526718
    },
    "member3": {
        "max(u)": 0.992496730251403,
        "max(v)": 0.5552777353341315,
        "max(length)": 0.37673175484947197,
        "num(pathline)": 0.2061733452929796,
        "min(distant)": 0.8908893896526718
    },
    "member4": {
        "max(u)": 0.992496730251403,
        "max(v)": 0.5552777353341315,
        "max(length)": 0.37673175484947197,
        "num(pathline)": 0.2061733452929796,
        "min(distant)": 0.8908893896526718
    },
    "member5": {
        "max(u)": 0.992496730251403,
        "max(v)": 0.5552777353341315,
        "max(length)": 0.37673175484947197,
        "num(pathline)": 0.2061733452929796,
        "min(distant)": 0.8908893896526718
    },
    "member6": {
        "max(u)": 0.992496730251403,
        "max(v)": 0.5552777353341315,
        "max(length)": 0.37673175484947197,
        "num(pathline)": 0.2061733452929796,
        "min(distant)": 0.8908893896526718
    },
    "member7": {
        "max(u)": 0.992496730251403,
        "max(v)": 0.5552777353341315,
        "max(length)": 0.37673175484947197,
        "num(pathline)": 0.2061733452929796,
        "min(distant)": 0.8908893896526718
    },
    "member8": {
        "max(u)": 0.992496730251403,
        "max(v)": 0.5552777353341315,
        "max(length)": 0.37673175484947197,
        "num(pathline)": 0.2061733452929796,
        "min(distant)": 0.8908893896526718
    },
    "member9": {
        "max(u)": 0.992496730251403,
        "max(v)": 0.5552777353341315,
        "max(length)": 0.37673175484947197,
        "num(pathline)": 0.2061733452929796,
        "min(distant)": 0.8908893896526718
    },
    "member10": {
        "max(u)": 0.992496730251403,
        "max(v)": 0.5552777353341315,
        "max(length)": 0.37673175484947197,
        "num(pathline)": 0.2061733452929796,
        "min(distant)": 0.8908893896526718
    },
    "member11": {
        "max(u)": 0.992496730251403,
        "max(v)": 0.5552777353341315,
        "max(length)": 0.37673175484947197,
        "num(pathline)": 0.2061733452929796,
        "min(distant)": 0.8908893896526718
    },
    "member12": {
        "max(u)": 0.992496730251403,
        "max(v)": 0.5552777353341315,
        "max(length)": 0.37673175484947197,
        "num(pathline)": 0.2061733452929796,
        "min(distant)": 0.8908893896526718
    },
    "member13": {
        "max(u)": 0.992496730251403,
        "max(v)": 0.5552777353341315,
        "max(length)": 0.37673175484947197,
        "num(pathline)": 0.2061733452929796,
        "min(distant)": 0.8908893896526718
    },
    "member14": {
        "max(u)": 0.992496730251403,
        "max(v)": 0.5552777353341315,
        "max(length)": 0.37673175484947197,
        "num(pathline)": 0.2061733452929796,
        "min(distant)": 0.8908893896526718
    },
    "member15": {
        "max(u)": 0.992496730251403,
        "max(v)": 0.5552777353341315,
        "max(length)": 0.37673175484947197,
        "num(pathline)": 0.2061733452929796,
        "min(distant)": 0.8908893896526718
    },
    "member16": {
        "max(u)": 0.992496730251403,
        "max(v)": 0.5552777353341315,
        "max(length)": 0.37673175484947197,
        "num(pathline)": 0.2061733452929796,
        "min(distant)": 0.8908893896526718
    },
    "member17": {
        "max(u)": 0.992496730251403,
        "max(v)": 0.5552777353341315,
        "max(length)": 0.37673175484947197,
        "num(pathline)": 0.2061733452929796,
        "min(distant)": 0.8908893896526718
    },
    "member18": {
        "max(u)": 0.992496730251403,
        "max(v)": 0.5552777353341315,
        "max(length)": 0.37673175484947197,
        "num(pathline)": 0.2061733452929796,
        "min(distant)": 0.8908893896526718
    },
    "member19": {
        "max(u)": 0.992496730251403,
        "max(v)": 0.5552777353341315,
        "max(length)": 0.37673175484947197,
        "num(pathline)": 0.2061733452929796,
        "min(distant)": 0.8908893896526718
    },
    "member20": {
        "max(u)": 0.992496730251403,
        "max(v)": 0.5552777353341315,
        "max(length)": 0.37673175484947197,
        "num(pathline)": 0.2061733452929796,
        "min(distant)": 0.8908893896526718
    }
}