{
    "member1": {
        "max(u)": 0.08174273050967606,
        "max(v)": 0.0909708482078968,
        "max(length)": 0.1713352557498906,
        "num(pathline)": 0.4260393759921993,
        "min(distant)": 0.6864069686867904
    },
    "member2": {
        "max(u)": 0.08174273050967606,
        "max(v)": 0.0909708482078968,
        "max(length)": 0.1713352557498906,
        "num(pathline)": 0.4260393759921993,
        "min(distant)": 0.6864069686867904
    },
    "member3": {
        "max(u)": 0.08174273050967606,
        "max(v)": 0.0909708482078968,
        "max(length)": 0.1713352557498906,
        "num(pathline)": 0.4260393759921993,
        "min(distant)": 0.6864069686867904
    },
    "member4": {
        "max(u)": 0.08174273050967606,
        "max(v)": 0.0909708482078968,
        "max(length)": 0.1713352557498906,
        "num(pathline)": 0.4260393759921993,
        "min(distant)": 0.6864069686867904
    },
    "member5": {
        "max(u)": 0.08174273050967606,
        "max(v)": 0.0909708482078968,
        "max(length)": 0.1713352557498906,
        "num(pathline)": 0.4260393759921993,
        "min(distant)": 0.6864069686867904
    },
    "member6": {
        "max(u)": 0.08174273050967606,
        "max(v)": 0.0909708482078968,
        "max(length)": 0.1713352557498906,
        "num(pathline)": 0.4260393759921993,
        "min(distant)": 0.6864069686867904
    },
    "member7": {
        "max(u)": 0.08174273050967606,
        "max(v)": 0.0909708482078968,
        "max(length)": 0.1713352557498906,
        "num(pathline)": 0.4260393759921993,
        "min(distant)": 0.6864069686867904
    },
    "member8": {
        "max(u)": 0.08174273050967606,
        "max(v)": 0.0909708482078968,
        "max(length)": 0.1713352557498906,
        "num(pathline)": 0.4260393759921993,
        "min(distant)": 0.6864069686867904
    },
    "member9": {
        "max(u)": 0.08174273050967606,
        "max(v)": 0.0909708482078968,
        "max(length)": 0.1713352557498906,
        "num(pathline)": 0.4260393759921993,
        "min(distant)": 0.6864069686867904
    },
    "member10": {
        "max(u)": 0.08174273050967606,
        "max(v)": 0.0909708482078968,
        "max(length)": 0.1713352557498906,
        "num(pathline)": 0.4260393759921993,
        "min(distant)": 0.6864069686867904
    },
    "member11": {
        "max(u)": 0.08174273050967606,
        "max(v)": 0.0909708482078968,
        "max(length)": 0.1713352557498906,
        "num(pathline)": 0.4260393759921993,
        "min(distant)": 0.6864069686867904
    },
    "member12": {
        "max(u)": 0.08174273050967606,
        "max(v)": 0.0909708482078968,
        "max(length)": 0.1713352557498906,
        "num(pathline)": 0.4260393759921993,
        "min(distant)": 0.6864069686867904
    },
    "member13": {
        "max(u)": 0.08174273050967606,
        "max(v)": 0.0909708482078968,
        "max(length)": 0.1713352557498906,
        "num(pathline)": 0.4260393759921993,
        "min(distant)": 0.6864069686867904
    },
    "member14": {
        "max(u)": 0.08174273050967606,
        "max(v)": 0.0909708482078968,
        "max(length)": 0.1713352557498906,
        "num(pathline)": 0.4260393759921993,
        "min(distant)": 0.6864069686867904
    },
    "member15": {
        "max(u)": 0.08174273050967606,
        "max(v)": 0.0909708482078968,
        "max(length)": 0.1713352557498906,
        "num(pathline)": 0.4260393759921993,
        "min(distant)": 0.6864069686867904
    },
    "member16": {
        "max(u)": 0.08174273050967606,
        "max(v)": 0.0909708482078968,
        "max(length)": 0.1713352557498906,
        "num(pathline)": 0.4260393759921993,
        "min(distant)": 0.6864069686867904
    },
    "member17": {
        "max(u)": 0.08174273050967606,
        "max(v)": 0.0909708482078968,
        "max(length)": 0.1713352557498906,
        "num(pathline)": 0.4260393759921993,
        "min(distant)": 0.6864069686867904
    },
    "member18": {
        "max(u)": 0.08174273050967606,
        "max(v)": 0.0909708482078968,
        "max(length)": 0.1713352557498906,
        "num(pathline)": 0.4260393759921993,
        "min(distant)": 0.6864069686867904
    },
    "member19": {
        "max(u)": 0.08174273050967606,
        "max(v)": 0.0909708482078968,
        "max(length)": 0.1713352557498906,
        "num(pathline)": 0.4260393759921993,
        "min(distant)": 0.6864069686867904
    },
    "member20": {
        "max(u)": 0.08174273050967606,
        "max(v)": 0.0909708482078968,
        "max(length)": 0.1713352557498906,
        "num(pathline)": 0.4260393759921993,
        "min(distant)": 0.6864069686867904
    }
}