{
    "member1": {
        "max(u)": 0.4993502052727842,
        "max(v)": 0.7113027794290997,
        "max(length)": 0.9763197904139584,
        "num(pathline)": 0.2897270444580229,
        "min(distant)": 0.1524657137470109
    },
    "member2": {
        "max(u)": 0.4993502052727842,
        "max(v)": 0.7113027794290997,
        "max(length)": 0.9763197904139584,
        "num(pathline)": 0.2897270444580229,
        "min(distant)": 0.1524657137470109
    },
    "member3": {
        "max(u)": 0.4993502052727842,
        "max(v)": 0.7113027794290997,
        "max(length)": 0.9763197904139584,
        "num(pathline)": 0.2897270444580229,
        "min(distant)": 0.1524657137470109
    },
    "member4": {
        "max(u)": 0.4993502052727842,
        "max(v)": 0.7113027794290997,
        "max(length)": 0.9763197904139584,
        "num(pathline)": 0.2897270444580229,
        "min(distant)": 0.1524657137470109
    },
    "member5": {
        "max(u)": 0.4993502052727842,
        "max(v)": 0.7113027794290997,
        "max(length)": 0.9763197904139584,
        "num(pathline)": 0.2897270444580229,
        "min(distant)": 0.1524657137470109
    },
    "member6": {
        "max(u)": 0.4993502052727842,
        "max(v)": 0.7113027794290997,
        "max(length)": 0.9763197904139584,
        "num(pathline)": 0.2897270444580229,
        "min(distant)": 0.1524657137470109
    },
    "member7": {
        "max(u)": 0.4993502052727842,
        "max(v)": 0.7113027794290997,
        "max(length)": 0.9763197904139584,
        "num(pathline)": 0.2897270444580229,
        "min(distant)": 0.1524657137470109
    },
    "member8": {
        "max(u)": 0.4993502052727842,
        "max(v)": 0.7113027794290997,
        "max(length)": 0.9763197904139584,
        "num(pathline)": 0.2897270444580229,
        "min(distant)": 0.1524657137470109
    },
    "member9": {
        "max(u)": 0.4993502052727842,
        "max(v)": 0.7113027794290997,
        "max(length)": 0.9763197904139584,
        "num(pathline)": 0.2897270444580229,
        "min(distant)": 0.1524657137470109
    },
    "member10": {
        "max(u)": 0.4993502052727842,
        "max(v)": 0.7113027794290997,
        "max(length)": 0.9763197904139584,
        "num(pathline)": 0.2897270444580229,
        "min(distant)": 0.1524657137470109
    },
    "member11": {
        "max(u)": 0.4993502052727842,
        "max(v)": 0.7113027794290997,
        "max(length)": 0.9763197904139584,
        "num(pathline)": 0.2897270444580229,
        "min(distant)": 0.1524657137470109
    },
    "member12": {
        "max(u)": 0.4993502052727842,
        "max(v)": 0.7113027794290997,
        "max(length)": 0.9763197904139584,
        "num(pathline)": 0.2897270444580229,
        "min(distant)": 0.1524657137470109
    },
    "member13": {
        "max(u)": 0.4993502052727842,
        "max(v)": 0.7113027794290997,
        "max(length)": 0.9763197904139584,
        "num(pathline)": 0.2897270444580229,
        "min(distant)": 0.1524657137470109
    },
    "member14": {
        "max(u)": 0.4993502052727842,
        "max(v)": 0.7113027794290997,
        "max(length)": 0.9763197904139584,
        "num(pathline)": 0.2897270444580229,
        "min(distant)": 0.1524657137470109
    },
    "member15": {
        "max(u)": 0.4993502052727842,
        "max(v)": 0.7113027794290997,
        "max(length)": 0.9763197904139584,
        "num(pathline)": 0.2897270444580229,
        "min(distant)": 0.1524657137470109
    },
    "member16": {
        "max(u)": 0.4993502052727842,
        "max(v)": 0.7113027794290997,
        "max(length)": 0.9763197904139584,
        "num(pathline)": 0.2897270444580229,
        "min(distant)": 0.1524657137470109
    },
    "member17": {
        "max(u)": 0.4993502052727842,
        "max(v)": 0.7113027794290997,
        "max(length)": 0.9763197904139584,
        "num(pathline)": 0.2897270444580229,
        "min(distant)": 0.1524657137470109
    },
    "member18": {
        "max(u)": 0.4993502052727842,
        "max(v)": 0.7113027794290997,
        "max(length)": 0.9763197904139584,
        "num(pathline)": 0.2897270444580229,
        "min(distant)": 0.1524657137470109
    },
    "member19": {
        "max(u)": 0.4993502052727842,
        "max(v)": 0.7113027794290997,
        "max(length)": 0.9763197904139584,
        "num(pathline)": 0.2897270444580229,
        "min(distant)": 0.1524657137470109
    },
    "member20": {
        "max(u)": 0.4993502052727842,
        "max(v)": 0.7113027794290997,
        "max(length)": 0.9763197904139584,
        "num(pathline)": 0.2897270444580229,
        "min(distant)": 0.1524657137470109
    }
}