{
    "member1": {
        "max(u)": 0.7647768836162716,
        "max(v)": 0.06543292653894361,
        "max(length)": 0.779982565363746,
        "num(pathline)": 0.09052573921888718,
        "min(distant)": 0.7427284031191489
    },
    "member2": {
        "max(u)": 0.7647768836162716,
        "max(v)": 0.06543292653894361,
        "max(length)": 0.779982565363746,
        "num(pathline)": 0.09052573921888718,
        "min(distant)": 0.7427284031191489
    },
    "member3": {
        "max(u)": 0.7647768836162716,
        "max(v)": 0.06543292653894361,
        "max(length)": 0.779982565363746,
        "num(pathline)": 0.09052573921888718,
        "min(distant)": 0.7427284031191489
    },
    "member4": {
        "max(u)": 0.7647768836162716,
        "max(v)": 0.06543292653894361,
        "max(length)": 0.779982565363746,
        "num(pathline)": 0.09052573921888718,
        "min(distant)": 0.7427284031191489
    },
    "member5": {
        "max(u)": 0.7647768836162716,
        "max(v)": 0.06543292653894361,
        "max(length)": 0.779982565363746,
        "num(pathline)": 0.09052573921888718,
        "min(distant)": 0.7427284031191489
    },
    "member6": {
        "max(u)": 0.7647768836162716,
        "max(v)": 0.06543292653894361,
        "max(length)": 0.779982565363746,
        "num(pathline)": 0.09052573921888718,
        "min(distant)": 0.7427284031191489
    },
    "member7": {
        "max(u)": 0.7647768836162716,
        "max(v)": 0.06543292653894361,
        "max(length)": 0.779982565363746,
        "num(pathline)": 0.09052573921888718,
        "min(distant)": 0.7427284031191489
    },
    "member8": {
        "max(u)": 0.7647768836162716,
        "max(v)": 0.06543292653894361,
        "max(length)": 0.779982565363746,
        "num(pathline)": 0.09052573921888718,
        "min(distant)": 0.7427284031191489
    },
    "member9": {
        "max(u)": 0.7647768836162716,
        "max(v)": 0.06543292653894361,
        "max(length)": 0.779982565363746,
        "num(pathline)": 0.09052573921888718,
        "min(distant)": 0.7427284031191489
    },
    "member10": {
        "max(u)": 0.7647768836162716,
        "max(v)": 0.06543292653894361,
        "max(length)": 0.779982565363746,
        "num(pathline)": 0.09052573921888718,
        "min(distant)": 0.7427284031191489
    },
    "member11": {
        "max(u)": 0.7647768836162716,
        "max(v)": 0.06543292653894361,
        "max(length)": 0.779982565363746,
        "num(pathline)": 0.09052573921888718,
        "min(distant)": 0.7427284031191489
    },
    "member12": {
        "max(u)": 0.7647768836162716,
        "max(v)": 0.06543292653894361,
        "max(length)": 0.779982565363746,
        "num(pathline)": 0.09052573921888718,
        "min(distant)": 0.7427284031191489
    },
    "member13": {
        "max(u)": 0.7647768836162716,
        "max(v)": 0.06543292653894361,
        "max(length)": 0.779982565363746,
        "num(pathline)": 0.09052573921888718,
        "min(distant)": 0.7427284031191489
    },
    "member14": {
        "max(u)": 0.7647768836162716,
        "max(v)": 0.06543292653894361,
        "max(length)": 0.779982565363746,
        "num(pathline)": 0.09052573921888718,
        "min(distant)": 0.7427284031191489
    },
    "member15": {
        "max(u)": 0.7647768836162716,
        "max(v)": 0.06543292653894361,
        "max(length)": 0.779982565363746,
        "num(pathline)": 0.09052573921888718,
        "min(distant)": 0.7427284031191489
    },
    "member16": {
        "max(u)": 0.7647768836162716,
        "max(v)": 0.06543292653894361,
        "max(length)": 0.779982565363746,
        "num(pathline)": 0.09052573921888718,
        "min(distant)": 0.7427284031191489
    },
    "member17": {
        "max(u)": 0.7647768836162716,
        "max(v)": 0.06543292653894361,
        "max(length)": 0.779982565363746,
        "num(pathline)": 0.09052573921888718,
        "min(distant)": 0.7427284031191489
    },
    "member18": {
        "max(u)": 0.7647768836162716,
        "max(v)": 0.06543292653894361,
        "max(length)": 0.779982565363746,
        "num(pathline)": 0.09052573921888718,
        "min(distant)": 0.7427284031191489
    },
    "member19": {
        "max(u)": 0.7647768836162716,
        "max(v)": 0.06543292653894361,
        "max(length)": 0.779982565363746,
        "num(pathline)": 0.09052573921888718,
        "min(distant)": 0.7427284031191489
    },
    "member20": {
        "max(u)": 0.7647768836162716,
        "max(v)": 0.06543292653894361,
        "max(length)": 0.779982565363746,
        "num(pathline)": 0.09052573921888718,
        "min(distant)": 0.7427284031191489
    }
}