{
    "member1": {
        "max(u)": 0.5384161535963085,
        "max(v)": 0.6542684764820473,
        "max(length)": 0.7148766565978987,
        "num(pathline)": 0.21025953647491125,
        "min(distant)": 0.0575323423886539
    },
    "member2": {
        "max(u)": 0.5384161535963085,
        "max(v)": 0.6542684764820473,
        "max(length)": 0.7148766565978987,
        "num(pathline)": 0.21025953647491125,
        "min(distant)": 0.0575323423886539
    },
    "member3": {
        "max(u)": 0.5384161535963085,
        "max(v)": 0.6542684764820473,
        "max(length)": 0.7148766565978987,
        "num(pathline)": 0.21025953647491125,
        "min(distant)": 0.0575323423886539
    },
    "member4": {
        "max(u)": 0.5384161535963085,
        "max(v)": 0.6542684764820473,
        "max(length)": 0.7148766565978987,
        "num(pathline)": 0.21025953647491125,
        "min(distant)": 0.0575323423886539
    },
    "member5": {
        "max(u)": 0.5384161535963085,
        "max(v)": 0.6542684764820473,
        "max(length)": 0.7148766565978987,
        "num(pathline)": 0.21025953647491125,
        "min(distant)": 0.0575323423886539
    },
    "member6": {
        "max(u)": 0.5384161535963085,
        "max(v)": 0.6542684764820473,
        "max(length)": 0.7148766565978987,
        "num(pathline)": 0.21025953647491125,
        "min(distant)": 0.0575323423886539
    },
    "member7": {
        "max(u)": 0.5384161535963085,
        "max(v)": 0.6542684764820473,
        "max(length)": 0.7148766565978987,
        "num(pathline)": 0.21025953647491125,
        "min(distant)": 0.0575323423886539
    },
    "member8": {
        "max(u)": 0.5384161535963085,
        "max(v)": 0.6542684764820473,
        "max(length)": 0.7148766565978987,
        "num(pathline)": 0.21025953647491125,
        "min(distant)": 0.0575323423886539
    },
    "member9": {
        "max(u)": 0.5384161535963085,
        "max(v)": 0.6542684764820473,
        "max(length)": 0.7148766565978987,
        "num(pathline)": 0.21025953647491125,
        "min(distant)": 0.0575323423886539
    },
    "member10": {
        "max(u)": 0.5384161535963085,
        "max(v)": 0.6542684764820473,
        "max(length)": 0.7148766565978987,
        "num(pathline)": 0.21025953647491125,
        "min(distant)": 0.0575323423886539
    },
    "member11": {
        "max(u)": 0.5384161535963085,
        "max(v)": 0.6542684764820473,
        "max(length)": 0.7148766565978987,
        "num(pathline)": 0.21025953647491125,
        "min(distant)": 0.0575323423886539
    },
    "member12": {
        "max(u)": 0.5384161535963085,
        "max(v)": 0.6542684764820473,
        "max(length)": 0.7148766565978987,
        "num(pathline)": 0.21025953647491125,
        "min(distant)": 0.0575323423886539
    },
    "member13": {
        "max(u)": 0.5384161535963085,
        "max(v)": 0.6542684764820473,
        "max(length)": 0.7148766565978987,
        "num(pathline)": 0.21025953647491125,
        "min(distant)": 0.0575323423886539
    },
    "member14": {
        "max(u)": 0.5384161535963085,
        "max(v)": 0.6542684764820473,
        "max(length)": 0.7148766565978987,
        "num(pathline)": 0.21025953647491125,
        "min(distant)": 0.0575323423886539
    },
    "member15": {
        "max(u)": 0.5384161535963085,
        "max(v)": 0.6542684764820473,
        "max(length)": 0.7148766565978987,
        "num(pathline)": 0.21025953647491125,
        "min(distant)": 0.0575323423886539
    },
    "member16": {
        "max(u)": 0.5384161535963085,
        "max(v)": 0.6542684764820473,
        "max(length)": 0.7148766565978987,
        "num(pathline)": 0.21025953647491125,
        "min(distant)": 0.0575323423886539
    },
    "member17": {
        "max(u)": 0.5384161535963085,
        "max(v)": 0.6542684764820473,
        "max(length)": 0.7148766565978987,
        "num(pathline)": 0.21025953647491125,
        "min(distant)": 0.0575323423886539
    },
    "member18": {
        "max(u)": 0.5384161535963085,
        "max(v)": 0.6542684764820473,
        "max(length)": 0.7148766565978987,
        "num(pathline)": 0.21025953647491125,
        "min(distant)": 0.0575323423886539
    },
    "member19": {
        "max(u)": 0.5384161535963085,
        "max(v)": 0.6542684764820473,
        "max(length)": 0.7148766565978987,
        "num(pathline)": 0.21025953647491125,
        "min(distant)": 0.0575323423886539
    },
    "member20": {
        "max(u)": 0.5384161535963085,
        "max(v)": 0.6542684764820473,
        "max(length)": 0.7148766565978987,
        "num(pathline)": 0.21025953647491125,
        "min(distant)": 0.0575323423886539
    }
}