{
    "member1": {
        "max(u)": 0.588118773456892,
        "max(v)": 0.49381203311527366,
        "max(length)": 0.7969936126822933,
        "num(pathline)": 0.3475519928329167,
        "min(distant)": 0.5954863161784009
    },
    "member2": {
        "max(u)": 0.588118773456892,
        "max(v)": 0.49381203311527366,
        "max(length)": 0.7969936126822933,
        "num(pathline)": 0.3475519928329167,
        "min(distant)": 0.5954863161784009
    },
    "member3": {
        "max(u)": 0.588118773456892,
        "max(v)": 0.49381203311527366,
        "max(length)": 0.7969936126822933,
        "num(pathline)": 0.3475519928329167,
        "min(distant)": 0.5954863161784009
    },
    "member4": {
        "max(u)": 0.588118773456892,
        "max(v)": 0.49381203311527366,
        "max(length)": 0.7969936126822933,
        "num(pathline)": 0.3475519928329167,
        "min(distant)": 0.5954863161784009
    },
    "member5": {
        "max(u)": 0.588118773456892,
        "max(v)": 0.49381203311527366,
        "max(length)": 0.7969936126822933,
        "num(pathline)": 0.3475519928329167,
        "min(distant)": 0.5954863161784009
    },
    "member6": {
        "max(u)": 0.588118773456892,
        "max(v)": 0.49381203311527366,
        "max(length)": 0.7969936126822933,
        "num(pathline)": 0.3475519928329167,
        "min(distant)": 0.5954863161784009
    },
    "member7": {
        "max(u)": 0.588118773456892,
        "max(v)": 0.49381203311527366,
        "max(length)": 0.7969936126822933,
        "num(pathline)": 0.3475519928329167,
        "min(distant)": 0.5954863161784009
    },
    "member8": {
        "max(u)": 0.588118773456892,
        "max(v)": 0.49381203311527366,
        "max(length)": 0.7969936126822933,
        "num(pathline)": 0.3475519928329167,
        "min(distant)": 0.5954863161784009
    },
    "member9": {
        "max(u)": 0.588118773456892,
        "max(v)": 0.49381203311527366,
        "max(length)": 0.7969936126822933,
        "num(pathline)": 0.3475519928329167,
        "min(distant)": 0.5954863161784009
    },
    "member10": {
        "max(u)": 0.588118773456892,
        "max(v)": 0.49381203311527366,
        "max(length)": 0.7969936126822933,
        "num(pathline)": 0.3475519928329167,
        "min(distant)": 0.5954863161784009
    },
    "member11": {
        "max(u)": 0.588118773456892,
        "max(v)": 0.49381203311527366,
        "max(length)": 0.7969936126822933,
        "num(pathline)": 0.3475519928329167,
        "min(distant)": 0.5954863161784009
    },
    "member12": {
        "max(u)": 0.588118773456892,
        "max(v)": 0.49381203311527366,
        "max(length)": 0.7969936126822933,
        "num(pathline)": 0.3475519928329167,
        "min(distant)": 0.5954863161784009
    },
    "member13": {
        "max(u)": 0.588118773456892,
        "max(v)": 0.49381203311527366,
        "max(length)": 0.7969936126822933,
        "num(pathline)": 0.3475519928329167,
        "min(distant)": 0.5954863161784009
    },
    "member14": {
        "max(u)": 0.588118773456892,
        "max(v)": 0.49381203311527366,
        "max(length)": 0.7969936126822933,
        "num(pathline)": 0.3475519928329167,
        "min(distant)": 0.5954863161784009
    },
    "member15": {
        "max(u)": 0.588118773456892,
        "max(v)": 0.49381203311527366,
        "max(length)": 0.7969936126822933,
        "num(pathline)": 0.3475519928329167,
        "min(distant)": 0.5954863161784009
    },
    "member16": {
        "max(u)": 0.588118773456892,
        "max(v)": 0.49381203311527366,
        "max(length)": 0.7969936126822933,
        "num(pathline)": 0.3475519928329167,
        "min(distant)": 0.5954863161784009
    },
    "member17": {
        "max(u)": 0.588118773456892,
        "max(v)": 0.49381203311527366,
        "max(length)": 0.7969936126822933,
        "num(pathline)": 0.3475519928329167,
        "min(distant)": 0.5954863161784009
    },
    "member18": {
        "max(u)": 0.588118773456892,
        "max(v)": 0.49381203311527366,
        "max(length)": 0.7969936126822933,
        "num(pathline)": 0.3475519928329167,
        "min(distant)": 0.5954863161784009
    },
    "member19": {
        "max(u)": 0.588118773456892,
        "max(v)": 0.49381203311527366,
        "max(length)": 0.7969936126822933,
        "num(pathline)": 0.3475519928329167,
        "min(distant)": 0.5954863161784009
    },
    "member20": {
        "max(u)": 0.588118773456892,
        "max(v)": 0.49381203311527366,
        "max(length)": 0.7969936126822933,
        "num(pathline)": 0.3475519928329167,
        "min(distant)": 0.5954863161784009
    }
}