{
    "member1": {
        "max(u)": 0.3631933204651512,
        "max(v)": 0.09418599030106156,
        "max(length)": 0.6752496005628587,
        "num(pathline)": 0.012630959157765687,
        "min(distant)": 0.409755407383796
    },
    "member2": {
        "max(u)": 0.3631933204651512,
        "max(v)": 0.09418599030106156,
        "max(length)": 0.6752496005628587,
        "num(pathline)": 0.012630959157765687,
        "min(distant)": 0.409755407383796
    },
    "member3": {
        "max(u)": 0.3631933204651512,
        "max(v)": 0.09418599030106156,
        "max(length)": 0.6752496005628587,
        "num(pathline)": 0.012630959157765687,
        "min(distant)": 0.409755407383796
    },
    "member4": {
        "max(u)": 0.3631933204651512,
        "max(v)": 0.09418599030106156,
        "max(length)": 0.6752496005628587,
        "num(pathline)": 0.012630959157765687,
        "min(distant)": 0.409755407383796
    },
    "member5": {
        "max(u)": 0.3631933204651512,
        "max(v)": 0.09418599030106156,
        "max(length)": 0.6752496005628587,
        "num(pathline)": 0.012630959157765687,
        "min(distant)": 0.409755407383796
    },
    "member6": {
        "max(u)": 0.3631933204651512,
        "max(v)": 0.09418599030106156,
        "max(length)": 0.6752496005628587,
        "num(pathline)": 0.012630959157765687,
        "min(distant)": 0.409755407383796
    },
    "member7": {
        "max(u)": 0.3631933204651512,
        "max(v)": 0.09418599030106156,
        "max(length)": 0.6752496005628587,
        "num(pathline)": 0.012630959157765687,
        "min(distant)": 0.409755407383796
    },
    "member8": {
        "max(u)": 0.3631933204651512,
        "max(v)": 0.09418599030106156,
        "max(length)": 0.6752496005628587,
        "num(pathline)": 0.012630959157765687,
        "min(distant)": 0.409755407383796
    },
    "member9": {
        "max(u)": 0.3631933204651512,
        "max(v)": 0.09418599030106156,
        "max(length)": 0.6752496005628587,
        "num(pathline)": 0.012630959157765687,
        "min(distant)": 0.409755407383796
    },
    "member10": {
        "max(u)": 0.3631933204651512,
        "max(v)": 0.09418599030106156,
        "max(length)": 0.6752496005628587,
        "num(pathline)": 0.012630959157765687,
        "min(distant)": 0.409755407383796
    },
    "member11": {
        "max(u)": 0.3631933204651512,
        "max(v)": 0.09418599030106156,
        "max(length)": 0.6752496005628587,
        "num(pathline)": 0.012630959157765687,
        "min(distant)": 0.409755407383796
    },
    "member12": {
        "max(u)": 0.3631933204651512,
        "max(v)": 0.09418599030106156,
        "max(length)": 0.6752496005628587,
        "num(pathline)": 0.012630959157765687,
        "min(distant)": 0.409755407383796
    },
    "member13": {
        "max(u)": 0.3631933204651512,
        "max(v)": 0.09418599030106156,
        "max(length)": 0.6752496005628587,
        "num(pathline)": 0.012630959157765687,
        "min(distant)": 0.409755407383796
    },
    "member14": {
        "max(u)": 0.3631933204651512,
        "max(v)": 0.09418599030106156,
        "max(length)": 0.6752496005628587,
        "num(pathline)": 0.012630959157765687,
        "min(distant)": 0.409755407383796
    },
    "member15": {
        "max(u)": 0.3631933204651512,
        "max(v)": 0.09418599030106156,
        "max(length)": 0.6752496005628587,
        "num(pathline)": 0.012630959157765687,
        "min(distant)": 0.409755407383796
    },
    "member16": {
        "max(u)": 0.3631933204651512,
        "max(v)": 0.09418599030106156,
        "max(length)": 0.6752496005628587,
        "num(pathline)": 0.012630959157765687,
        "min(distant)": 0.409755407383796
    },
    "member17": {
        "max(u)": 0.3631933204651512,
        "max(v)": 0.09418599030106156,
        "max(length)": 0.6752496005628587,
        "num(pathline)": 0.012630959157765687,
        "min(distant)": 0.409755407383796
    },
    "member18": {
        "max(u)": 0.3631933204651512,
        "max(v)": 0.09418599030106156,
        "max(length)": 0.6752496005628587,
        "num(pathline)": 0.012630959157765687,
        "min(distant)": 0.409755407383796
    },
    "member19": {
        "max(u)": 0.3631933204651512,
        "max(v)": 0.09418599030106156,
        "max(length)": 0.6752496005628587,
        "num(pathline)": 0.012630959157765687,
        "min(distant)": 0.409755407383796
    },
    "member20": {
        "max(u)": 0.3631933204651512,
        "max(v)": 0.09418599030106156,
        "max(length)": 0.6752496005628587,
        "num(pathline)": 0.012630959157765687,
        "min(distant)": 0.409755407383796
    }
}