{
    "member1": {
        "max(u)": 0.418294319760676,
        "max(v)": 0.44188716013111073,
        "max(length)": 0.3269210624780624,
        "num(pathline)": 0.20393565118131407,
        "min(distant)": 0.889906834650731
    },
    "member2": {
        "max(u)": 0.418294319760676,
        "max(v)": 0.44188716013111073,
        "max(length)": 0.3269210624780624,
        "num(pathline)": 0.20393565118131407,
        "min(distant)": 0.889906834650731
    },
    "member3": {
        "max(u)": 0.418294319760676,
        "max(v)": 0.44188716013111073,
        "max(length)": 0.3269210624780624,
        "num(pathline)": 0.20393565118131407,
        "min(distant)": 0.889906834650731
    },
    "member4": {
        "max(u)": 0.418294319760676,
        "max(v)": 0.44188716013111073,
        "max(length)": 0.3269210624780624,
        "num(pathline)": 0.20393565118131407,
        "min(distant)": 0.889906834650731
    },
    "member5": {
        "max(u)": 0.418294319760676,
        "max(v)": 0.44188716013111073,
        "max(length)": 0.3269210624780624,
        "num(pathline)": 0.20393565118131407,
        "min(distant)": 0.889906834650731
    },
    "member6": {
        "max(u)": 0.418294319760676,
        "max(v)": 0.44188716013111073,
        "max(length)": 0.3269210624780624,
        "num(pathline)": 0.20393565118131407,
        "min(distant)": 0.889906834650731
    },
    "member7": {
        "max(u)": 0.418294319760676,
        "max(v)": 0.44188716013111073,
        "max(length)": 0.3269210624780624,
        "num(pathline)": 0.20393565118131407,
        "min(distant)": 0.889906834650731
    },
    "member8": {
        "max(u)": 0.418294319760676,
        "max(v)": 0.44188716013111073,
        "max(length)": 0.3269210624780624,
        "num(pathline)": 0.20393565118131407,
        "min(distant)": 0.889906834650731
    },
    "member9": {
        "max(u)": 0.418294319760676,
        "max(v)": 0.44188716013111073,
        "max(length)": 0.3269210624780624,
        "num(pathline)": 0.20393565118131407,
        "min(distant)": 0.889906834650731
    },
    "member10": {
        "max(u)": 0.418294319760676,
        "max(v)": 0.44188716013111073,
        "max(length)": 0.3269210624780624,
        "num(pathline)": 0.20393565118131407,
        "min(distant)": 0.889906834650731
    },
    "member11": {
        "max(u)": 0.418294319760676,
        "max(v)": 0.44188716013111073,
        "max(length)": 0.3269210624780624,
        "num(pathline)": 0.20393565118131407,
        "min(distant)": 0.889906834650731
    },
    "member12": {
        "max(u)": 0.418294319760676,
        "max(v)": 0.44188716013111073,
        "max(length)": 0.3269210624780624,
        "num(pathline)": 0.20393565118131407,
        "min(distant)": 0.889906834650731
    },
    "member13": {
        "max(u)": 0.418294319760676,
        "max(v)": 0.44188716013111073,
        "max(length)": 0.3269210624780624,
        "num(pathline)": 0.20393565118131407,
        "min(distant)": 0.889906834650731
    },
    "member14": {
        "max(u)": 0.418294319760676,
        "max(v)": 0.44188716013111073,
        "max(length)": 0.3269210624780624,
        "num(pathline)": 0.20393565118131407,
        "min(distant)": 0.889906834650731
    },
    "member15": {
        "max(u)": 0.418294319760676,
        "max(v)": 0.44188716013111073,
        "max(length)": 0.3269210624780624,
        "num(pathline)": 0.20393565118131407,
        "min(distant)": 0.889906834650731
    },
    "member16": {
        "max(u)": 0.418294319760676,
        "max(v)": 0.44188716013111073,
        "max(length)": 0.3269210624780624,
        "num(pathline)": 0.20393565118131407,
        "min(distant)": 0.889906834650731
    },
    "member17": {
        "max(u)": 0.418294319760676,
        "max(v)": 0.44188716013111073,
        "max(length)": 0.3269210624780624,
        "num(pathline)": 0.20393565118131407,
        "min(distant)": 0.889906834650731
    },
    "member18": {
        "max(u)": 0.418294319760676,
        "max(v)": 0.44188716013111073,
        "max(length)": 0.3269210624780624,
        "num(pathline)": 0.20393565118131407,
        "min(distant)": 0.889906834650731
    },
    "member19": {
        "max(u)": 0.418294319760676,
        "max(v)": 0.44188716013111073,
        "max(length)": 0.3269210624780624,
        "num(pathline)": 0.20393565118131407,
        "min(distant)": 0.889906834650731
    },
    "member20": {
        "max(u)": 0.418294319760676,
        "max(v)": 0.44188716013111073,
        "max(length)": 0.3269210624780624,
        "num(pathline)": 0.20393565118131407,
        "min(distant)": 0.889906834650731
    }
}