{
    "member1": {
        "max(u)": 0.5157418836546993,
        "max(v)": 0.8191960205026846,
        "max(length)": 0.131396572839118,
        "num(pathline)": 0.387974103440921,
        "min(distant)": 0.49708591514704625
    },
    "member2": {
        "max(u)": 0.5157418836546993,
        "max(v)": 0.8191960205026846,
        "max(length)": 0.131396572839118,
        "num(pathline)": 0.387974103440921,
        "min(distant)": 0.49708591514704625
    },
    "member3": {
        "max(u)": 0.5157418836546993,
        "max(v)": 0.8191960205026846,
        "max(length)": 0.131396572839118,
        "num(pathline)": 0.387974103440921,
        "min(distant)": 0.49708591514704625
    },
    "member4": {
        "max(u)": 0.5157418836546993,
        "max(v)": 0.8191960205026846,
        "max(length)": 0.131396572839118,
        "num(pathline)": 0.387974103440921,
        "min(distant)": 0.49708591514704625
    },
    "member5": {
        "max(u)": 0.5157418836546993,
        "max(v)": 0.8191960205026846,
        "max(length)": 0.131396572839118,
        "num(pathline)": 0.387974103440921,
        "min(distant)": 0.49708591514704625
    },
    "member6": {
        "max(u)": 0.5157418836546993,
        "max(v)": 0.8191960205026846,
        "max(length)": 0.131396572839118,
        "num(pathline)": 0.387974103440921,
        "min(distant)": 0.49708591514704625
    },
    "member7": {
        "max(u)": 0.5157418836546993,
        "max(v)": 0.8191960205026846,
        "max(length)": 0.131396572839118,
        "num(pathline)": 0.387974103440921,
        "min(distant)": 0.49708591514704625
    },
    "member8": {
        "max(u)": 0.5157418836546993,
        "max(v)": 0.8191960205026846,
        "max(length)": 0.131396572839118,
        "num(pathline)": 0.387974103440921,
        "min(distant)": 0.49708591514704625
    },
    "member9": {
        "max(u)": 0.5157418836546993,
        "max(v)": 0.8191960205026846,
        "max(length)": 0.131396572839118,
        "num(pathline)": 0.387974103440921,
        "min(distant)": 0.49708591514704625
    },
    "member10": {
        "max(u)": 0.5157418836546993,
        "max(v)": 0.8191960205026846,
        "max(length)": 0.131396572839118,
        "num(pathline)": 0.387974103440921,
        "min(distant)": 0.49708591514704625
    },
    "member11": {
        "max(u)": 0.5157418836546993,
        "max(v)": 0.8191960205026846,
        "max(length)": 0.131396572839118,
        "num(pathline)": 0.387974103440921,
        "min(distant)": 0.49708591514704625
    },
    "member12": {
        "max(u)": 0.5157418836546993,
        "max(v)": 0.8191960205026846,
        "max(length)": 0.131396572839118,
        "num(pathline)": 0.387974103440921,
        "min(distant)": 0.49708591514704625
    },
    "member13": {
        "max(u)": 0.5157418836546993,
        "max(v)": 0.8191960205026846,
        "max(length)": 0.131396572839118,
        "num(pathline)": 0.387974103440921,
        "min(distant)": 0.49708591514704625
    },
    "member14": {
        "max(u)": 0.5157418836546993,
        "max(v)": 0.8191960205026846,
        "max(length)": 0.131396572839118,
        "num(pathline)": 0.387974103440921,
        "min(distant)": 0.49708591514704625
    },
    "member15": {
        "max(u)": 0.5157418836546993,
        "max(v)": 0.8191960205026846,
        "max(length)": 0.131396572839118,
        "num(pathline)": 0.387974103440921,
        "min(distant)": 0.49708591514704625
    },
    "member16": {
        "max(u)": 0.5157418836546993,
        "max(v)": 0.8191960205026846,
        "max(length)": 0.131396572839118,
        "num(pathline)": 0.387974103440921,
        "min(distant)": 0.49708591514704625
    },
    "member17": {
        "max(u)": 0.5157418836546993,
        "max(v)": 0.8191960205026846,
        "max(length)": 0.131396572839118,
        "num(pathline)": 0.387974103440921,
        "min(distant)": 0.49708591514704625
    },
    "member18": {
        "max(u)": 0.5157418836546993,
        "max(v)": 0.8191960205026846,
        "max(length)": 0.131396572839118,
        "num(pathline)": 0.387974103440921,
        "min(distant)": 0.49708591514704625
    },
    "member19": {
        "max(u)": 0.5157418836546993,
        "max(v)": 0.8191960205026846,
        "max(length)": 0.131396572839118,
        "num(pathline)": 0.387974103440921,
        "min(distant)": 0.49708591514704625
    },
    "member20": {
        "max(u)": 0.5157418836546993,
        "max(v)": 0.8191960205026846,
        "max(length)": 0.131396572839118,
        "num(pathline)": 0.387974103440921,
        "min(distant)": 0.49708591514704625
    }
}