{
    "member1": {
        "max(u)": 0.17608891725661147,
        "max(v)": 0.4561158713572243,
        "max(length)": 0.12010483764572022,
        "num(pathline)": 0.06049504317158838,
        "min(distant)": 0.5119534310495079
    },
    "member2": {
        "max(u)": 0.17608891725661147,
        "max(v)": 0.4561158713572243,
        "max(length)": 0.12010483764572022,
        "num(pathline)": 0.06049504317158838,
        "min(distant)": 0.5119534310495079
    },
    "member3": {
        "max(u)": 0.17608891725661147,
        "max(v)": 0.4561158713572243,
        "max(length)": 0.12010483764572022,
        "num(pathline)": 0.06049504317158838,
        "min(distant)": 0.5119534310495079
    },
    "member4": {
        "max(u)": 0.17608891725661147,
        "max(v)": 0.4561158713572243,
        "max(length)": 0.12010483764572022,
        "num(pathline)": 0.06049504317158838,
        "min(distant)": 0.5119534310495079
    },
    "member5": {
        "max(u)": 0.17608891725661147,
        "max(v)": 0.4561158713572243,
        "max(length)": 0.12010483764572022,
        "num(pathline)": 0.06049504317158838,
        "min(distant)": 0.5119534310495079
    },
    "member6": {
        "max(u)": 0.17608891725661147,
        "max(v)": 0.4561158713572243,
        "max(length)": 0.12010483764572022,
        "num(pathline)": 0.06049504317158838,
        "min(distant)": 0.5119534310495079
    },
    "member7": {
        "max(u)": 0.17608891725661147,
        "max(v)": 0.4561158713572243,
        "max(length)": 0.12010483764572022,
        "num(pathline)": 0.06049504317158838,
        "min(distant)": 0.5119534310495079
    },
    "member8": {
        "max(u)": 0.17608891725661147,
        "max(v)": 0.4561158713572243,
        "max(length)": 0.12010483764572022,
        "num(pathline)": 0.06049504317158838,
        "min(distant)": 0.5119534310495079
    },
    "member9": {
        "max(u)": 0.17608891725661147,
        "max(v)": 0.4561158713572243,
        "max(length)": 0.12010483764572022,
        "num(pathline)": 0.06049504317158838,
        "min(distant)": 0.5119534310495079
    },
    "member10": {
        "max(u)": 0.17608891725661147,
        "max(v)": 0.4561158713572243,
        "max(length)": 0.12010483764572022,
        "num(pathline)": 0.06049504317158838,
        "min(distant)": 0.5119534310495079
    },
    "member11": {
        "max(u)": 0.17608891725661147,
        "max(v)": 0.4561158713572243,
        "max(length)": 0.12010483764572022,
        "num(pathline)": 0.06049504317158838,
        "min(distant)": 0.5119534310495079
    },
    "member12": {
        "max(u)": 0.17608891725661147,
        "max(v)": 0.4561158713572243,
        "max(length)": 0.12010483764572022,
        "num(pathline)": 0.06049504317158838,
        "min(distant)": 0.5119534310495079
    },
    "member13": {
        "max(u)": 0.17608891725661147,
        "max(v)": 0.4561158713572243,
        "max(length)": 0.12010483764572022,
        "num(pathline)": 0.06049504317158838,
        "min(distant)": 0.5119534310495079
    },
    "member14": {
        "max(u)": 0.17608891725661147,
        "max(v)": 0.4561158713572243,
        "max(length)": 0.12010483764572022,
        "num(pathline)": 0.06049504317158838,
        "min(distant)": 0.5119534310495079
    },
    "member15": {
        "max(u)": 0.17608891725661147,
        "max(v)": 0.4561158713572243,
        "max(length)": 0.12010483764572022,
        "num(pathline)": 0.06049504317158838,
        "min(distant)": 0.5119534310495079
    },
    "member16": {
        "max(u)": 0.17608891725661147,
        "max(v)": 0.4561158713572243,
        "max(length)": 0.12010483764572022,
        "num(pathline)": 0.06049504317158838,
        "min(distant)": 0.5119534310495079
    },
    "member17": {
        "max(u)": 0.17608891725661147,
        "max(v)": 0.4561158713572243,
        "max(length)": 0.12010483764572022,
        "num(pathline)": 0.06049504317158838,
        "min(distant)": 0.5119534310495079
    },
    "member18": {
        "max(u)": 0.17608891725661147,
        "max(v)": 0.4561158713572243,
        "max(length)": 0.12010483764572022,
        "num(pathline)": 0.06049504317158838,
        "min(distant)": 0.5119534310495079
    },
    "member19": {
        "max(u)": 0.17608891725661147,
        "max(v)": 0.4561158713572243,
        "max(length)": 0.12010483764572022,
        "num(pathline)": 0.06049504317158838,
        "min(distant)": 0.5119534310495079
    },
    "member20": {
        "max(u)": 0.17608891725661147,
        "max(v)": 0.4561158713572243,
        "max(length)": 0.12010483764572022,
        "num(pathline)": 0.06049504317158838,
        "min(distant)": 0.5119534310495079
    }
}