{
    "member1": {
        "max(u)": 0.778274181689765,
        "max(v)": 0.26836036451168854,
        "max(length)": 0.2220319050281585,
        "num(pathline)": 0.2005581337792709,
        "min(distant)": 0.08076971944946076
    },
    "member2": {
        "max(u)": 0.778274181689765,
        "max(v)": 0.26836036451168854,
        "max(length)": 0.2220319050281585,
        "num(pathline)": 0.2005581337792709,
        "min(distant)": 0.08076971944946076
    },
    "member3": {
        "max(u)": 0.778274181689765,
        "max(v)": 0.26836036451168854,
        "max(length)": 0.2220319050281585,
        "num(pathline)": 0.2005581337792709,
        "min(distant)": 0.08076971944946076
    },
    "member4": {
        "max(u)": 0.778274181689765,
        "max(v)": 0.26836036451168854,
        "max(length)": 0.2220319050281585,
        "num(pathline)": 0.2005581337792709,
        "min(distant)": 0.08076971944946076
    },
    "member5": {
        "max(u)": 0.778274181689765,
        "max(v)": 0.26836036451168854,
        "max(length)": 0.2220319050281585,
        "num(pathline)": 0.2005581337792709,
        "min(distant)": 0.08076971944946076
    },
    "member6": {
        "max(u)": 0.778274181689765,
        "max(v)": 0.26836036451168854,
        "max(length)": 0.2220319050281585,
        "num(pathline)": 0.2005581337792709,
        "min(distant)": 0.08076971944946076
    },
    "member7": {
        "max(u)": 0.778274181689765,
        "max(v)": 0.26836036451168854,
        "max(length)": 0.2220319050281585,
        "num(pathline)": 0.2005581337792709,
        "min(distant)": 0.08076971944946076
    },
    "member8": {
        "max(u)": 0.778274181689765,
        "max(v)": 0.26836036451168854,
        "max(length)": 0.2220319050281585,
        "num(pathline)": 0.2005581337792709,
        "min(distant)": 0.08076971944946076
    },
    "member9": {
        "max(u)": 0.778274181689765,
        "max(v)": 0.26836036451168854,
        "max(length)": 0.2220319050281585,
        "num(pathline)": 0.2005581337792709,
        "min(distant)": 0.08076971944946076
    },
    "member10": {
        "max(u)": 0.778274181689765,
        "max(v)": 0.26836036451168854,
        "max(length)": 0.2220319050281585,
        "num(pathline)": 0.2005581337792709,
        "min(distant)": 0.08076971944946076
    },
    "member11": {
        "max(u)": 0.778274181689765,
        "max(v)": 0.26836036451168854,
        "max(length)": 0.2220319050281585,
        "num(pathline)": 0.2005581337792709,
        "min(distant)": 0.08076971944946076
    },
    "member12": {
        "max(u)": 0.778274181689765,
        "max(v)": 0.26836036451168854,
        "max(length)": 0.2220319050281585,
        "num(pathline)": 0.2005581337792709,
        "min(distant)": 0.08076971944946076
    },
    "member13": {
        "max(u)": 0.778274181689765,
        "max(v)": 0.26836036451168854,
        "max(length)": 0.2220319050281585,
        "num(pathline)": 0.2005581337792709,
        "min(distant)": 0.08076971944946076
    },
    "member14": {
        "max(u)": 0.778274181689765,
        "max(v)": 0.26836036451168854,
        "max(length)": 0.2220319050281585,
        "num(pathline)": 0.2005581337792709,
        "min(distant)": 0.08076971944946076
    },
    "member15": {
        "max(u)": 0.778274181689765,
        "max(v)": 0.26836036451168854,
        "max(length)": 0.2220319050281585,
        "num(pathline)": 0.2005581337792709,
        "min(distant)": 0.08076971944946076
    },
    "member16": {
        "max(u)": 0.778274181689765,
        "max(v)": 0.26836036451168854,
        "max(length)": 0.2220319050281585,
        "num(pathline)": 0.2005581337792709,
        "min(distant)": 0.08076971944946076
    },
    "member17": {
        "max(u)": 0.778274181689765,
        "max(v)": 0.26836036451168854,
        "max(length)": 0.2220319050281585,
        "num(pathline)": 0.2005581337792709,
        "min(distant)": 0.08076971944946076
    },
    "member18": {
        "max(u)": 0.778274181689765,
        "max(v)": 0.26836036451168854,
        "max(length)": 0.2220319050281585,
        "num(pathline)": 0.2005581337792709,
        "min(distant)": 0.08076971944946076
    },
    "member19": {
        "max(u)": 0.778274181689765,
        "max(v)": 0.26836036451168854,
        "max(length)": 0.2220319050281585,
        "num(pathline)": 0.2005581337792709,
        "min(distant)": 0.08076971944946076
    },
    "member20": {
        "max(u)": 0.778274181689765,
        "max(v)": 0.26836036451168854,
        "max(length)": 0.2220319050281585,
        "num(pathline)": 0.2005581337792709,
        "min(distant)": 0.08076971944946076
    }
}