{
    "member1": {
        "max(u)": 0.36496678976398234,
        "max(v)": 0.8450487793965376,
        "max(length)": 0.5831408026044588,
        "num(pathline)": 0.4012624407948304,
        "min(distant)": 0.2757969184900664
    },
    "member2": {
        "max(u)": 0.36496678976398234,
        "max(v)": 0.8450487793965376,
        "max(length)": 0.5831408026044588,
        "num(pathline)": 0.4012624407948304,
        "min(distant)": 0.2757969184900664
    },
    "member3": {
        "max(u)": 0.36496678976398234,
        "max(v)": 0.8450487793965376,
        "max(length)": 0.5831408026044588,
        "num(pathline)": 0.4012624407948304,
        "min(distant)": 0.2757969184900664
    },
    "member4": {
        "max(u)": 0.36496678976398234,
        "max(v)": 0.8450487793965376,
        "max(length)": 0.5831408026044588,
        "num(pathline)": 0.4012624407948304,
        "min(distant)": 0.2757969184900664
    },
    "member5": {
        "max(u)": 0.36496678976398234,
        "max(v)": 0.8450487793965376,
        "max(length)": 0.5831408026044588,
        "num(pathline)": 0.4012624407948304,
        "min(distant)": 0.2757969184900664
    },
    "member6": {
        "max(u)": 0.36496678976398234,
        "max(v)": 0.8450487793965376,
        "max(length)": 0.5831408026044588,
        "num(pathline)": 0.4012624407948304,
        "min(distant)": 0.2757969184900664
    },
    "member7": {
        "max(u)": 0.36496678976398234,
        "max(v)": 0.8450487793965376,
        "max(length)": 0.5831408026044588,
        "num(pathline)": 0.4012624407948304,
        "min(distant)": 0.2757969184900664
    },
    "member8": {
        "max(u)": 0.36496678976398234,
        "max(v)": 0.8450487793965376,
        "max(length)": 0.5831408026044588,
        "num(pathline)": 0.4012624407948304,
        "min(distant)": 0.2757969184900664
    },
    "member9": {
        "max(u)": 0.36496678976398234,
        "max(v)": 0.8450487793965376,
        "max(length)": 0.5831408026044588,
        "num(pathline)": 0.4012624407948304,
        "min(distant)": 0.2757969184900664
    },
    "member10": {
        "max(u)": 0.36496678976398234,
        "max(v)": 0.8450487793965376,
        "max(length)": 0.5831408026044588,
        "num(pathline)": 0.4012624407948304,
        "min(distant)": 0.2757969184900664
    },
    "member11": {
        "max(u)": 0.36496678976398234,
        "max(v)": 0.8450487793965376,
        "max(length)": 0.5831408026044588,
        "num(pathline)": 0.4012624407948304,
        "min(distant)": 0.2757969184900664
    },
    "member12": {
        "max(u)": 0.36496678976398234,
        "max(v)": 0.8450487793965376,
        "max(length)": 0.5831408026044588,
        "num(pathline)": 0.4012624407948304,
        "min(distant)": 0.2757969184900664
    },
    "member13": {
        "max(u)": 0.36496678976398234,
        "max(v)": 0.8450487793965376,
        "max(length)": 0.5831408026044588,
        "num(pathline)": 0.4012624407948304,
        "min(distant)": 0.2757969184900664
    },
    "member14": {
        "max(u)": 0.36496678976398234,
        "max(v)": 0.8450487793965376,
        "max(length)": 0.5831408026044588,
        "num(pathline)": 0.4012624407948304,
        "min(distant)": 0.2757969184900664
    },
    "member15": {
        "max(u)": 0.36496678976398234,
        "max(v)": 0.8450487793965376,
        "max(length)": 0.5831408026044588,
        "num(pathline)": 0.4012624407948304,
        "min(distant)": 0.2757969184900664
    },
    "member16": {
        "max(u)": 0.36496678976398234,
        "max(v)": 0.8450487793965376,
        "max(length)": 0.5831408026044588,
        "num(pathline)": 0.4012624407948304,
        "min(distant)": 0.2757969184900664
    },
    "member17": {
        "max(u)": 0.36496678976398234,
        "max(v)": 0.8450487793965376,
        "max(length)": 0.5831408026044588,
        "num(pathline)": 0.4012624407948304,
        "min(distant)": 0.2757969184900664
    },
    "member18": {
        "max(u)": 0.36496678976398234,
        "max(v)": 0.8450487793965376,
        "max(length)": 0.5831408026044588,
        "num(pathline)": 0.4012624407948304,
        "min(distant)": 0.2757969184900664
    },
    "member19": {
        "max(u)": 0.36496678976398234,
        "max(v)": 0.8450487793965376,
        "max(length)": 0.5831408026044588,
        "num(pathline)": 0.4012624407948304,
        "min(distant)": 0.2757969184900664
    },
    "member20": {
        "max(u)": 0.36496678976398234,
        "max(v)": 0.8450487793965376,
        "max(length)": 0.5831408026044588,
        "num(pathline)": 0.4012624407948304,
        "min(distant)": 0.2757969184900664
    }
}