{
    "member1": {
        "max(u)": 0.46872080498654556,
        "max(v)": 0.43084001186165677,
        "max(length)": 0.6131177424575887,
        "num(pathline)": 0.8751371688500126,
        "min(distant)": 0.4623302501322364
    },
    "member2": {
        "max(u)": 0.46872080498654556,
        "max(v)": 0.43084001186165677,
        "max(length)": 0.6131177424575887,
        "num(pathline)": 0.8751371688500126,
        "min(distant)": 0.4623302501322364
    },
    "member3": {
        "max(u)": 0.46872080498654556,
        "max(v)": 0.43084001186165677,
        "max(length)": 0.6131177424575887,
        "num(pathline)": 0.8751371688500126,
        "min(distant)": 0.4623302501322364
    },
    "member4": {
        "max(u)": 0.46872080498654556,
        "max(v)": 0.43084001186165677,
        "max(length)": 0.6131177424575887,
        "num(pathline)": 0.8751371688500126,
        "min(distant)": 0.4623302501322364
    },
    "member5": {
        "max(u)": 0.46872080498654556,
        "max(v)": 0.43084001186165677,
        "max(length)": 0.6131177424575887,
        "num(pathline)": 0.8751371688500126,
        "min(distant)": 0.4623302501322364
    },
    "member6": {
        "max(u)": 0.46872080498654556,
        "max(v)": 0.43084001186165677,
        "max(length)": 0.6131177424575887,
        "num(pathline)": 0.8751371688500126,
        "min(distant)": 0.4623302501322364
    },
    "member7": {
        "max(u)": 0.46872080498654556,
        "max(v)": 0.43084001186165677,
        "max(length)": 0.6131177424575887,
        "num(pathline)": 0.8751371688500126,
        "min(distant)": 0.4623302501322364
    },
    "member8": {
        "max(u)": 0.46872080498654556,
        "max(v)": 0.43084001186165677,
        "max(length)": 0.6131177424575887,
        "num(pathline)": 0.8751371688500126,
        "min(distant)": 0.4623302501322364
    },
    "member9": {
        "max(u)": 0.46872080498654556,
        "max(v)": 0.43084001186165677,
        "max(length)": 0.6131177424575887,
        "num(pathline)": 0.8751371688500126,
        "min(distant)": 0.4623302501322364
    },
    "member10": {
        "max(u)": 0.46872080498654556,
        "max(v)": 0.43084001186165677,
        "max(length)": 0.6131177424575887,
        "num(pathline)": 0.8751371688500126,
        "min(distant)": 0.4623302501322364
    },
    "member11": {
        "max(u)": 0.46872080498654556,
        "max(v)": 0.43084001186165677,
        "max(length)": 0.6131177424575887,
        "num(pathline)": 0.8751371688500126,
        "min(distant)": 0.4623302501322364
    },
    "member12": {
        "max(u)": 0.46872080498654556,
        "max(v)": 0.43084001186165677,
        "max(length)": 0.6131177424575887,
        "num(pathline)": 0.8751371688500126,
        "min(distant)": 0.4623302501322364
    },
    "member13": {
        "max(u)": 0.46872080498654556,
        "max(v)": 0.43084001186165677,
        "max(length)": 0.6131177424575887,
        "num(pathline)": 0.8751371688500126,
        "min(distant)": 0.4623302501322364
    },
    "member14": {
        "max(u)": 0.46872080498654556,
        "max(v)": 0.43084001186165677,
        "max(length)": 0.6131177424575887,
        "num(pathline)": 0.8751371688500126,
        "min(distant)": 0.4623302501322364
    },
    "member15": {
        "max(u)": 0.46872080498654556,
        "max(v)": 0.43084001186165677,
        "max(length)": 0.6131177424575887,
        "num(pathline)": 0.8751371688500126,
        "min(distant)": 0.4623302501322364
    },
    "member16": {
        "max(u)": 0.46872080498654556,
        "max(v)": 0.43084001186165677,
        "max(length)": 0.6131177424575887,
        "num(pathline)": 0.8751371688500126,
        "min(distant)": 0.4623302501322364
    },
    "member17": {
        "max(u)": 0.46872080498654556,
        "max(v)": 0.43084001186165677,
        "max(length)": 0.6131177424575887,
        "num(pathline)": 0.8751371688500126,
        "min(distant)": 0.4623302501322364
    },
    "member18": {
        "max(u)": 0.46872080498654556,
        "max(v)": 0.43084001186165677,
        "max(length)": 0.6131177424575887,
        "num(pathline)": 0.8751371688500126,
        "min(distant)": 0.4623302501322364
    },
    "member19": {
        "max(u)": 0.46872080498654556,
        "max(v)": 0.43084001186165677,
        "max(length)": 0.6131177424575887,
        "num(pathline)": 0.8751371688500126,
        "min(distant)": 0.4623302501322364
    },
    "member20": {
        "max(u)": 0.46872080498654556,
        "max(v)": 0.43084001186165677,
        "max(length)": 0.6131177424575887,
        "num(pathline)": 0.8751371688500126,
        "min(distant)": 0.4623302501322364
    }
}