{
    "member1": {
        "max(u)": 0.053021885532717805,
        "max(v)": 0.26414145521285914,
        "max(length)": 0.2105854072283595,
        "num(pathline)": 0.7087334032731483,
        "min(distant)": 0.020160729978866088
    },
    "member2": {
        "max(u)": 0.053021885532717805,
        "max(v)": 0.26414145521285914,
        "max(length)": 0.2105854072283595,
        "num(pathline)": 0.7087334032731483,
        "min(distant)": 0.020160729978866088
    },
    "member3": {
        "max(u)": 0.053021885532717805,
        "max(v)": 0.26414145521285914,
        "max(length)": 0.2105854072283595,
        "num(pathline)": 0.7087334032731483,
        "min(distant)": 0.020160729978866088
    },
    "member4": {
        "max(u)": 0.053021885532717805,
        "max(v)": 0.26414145521285914,
        "max(length)": 0.2105854072283595,
        "num(pathline)": 0.7087334032731483,
        "min(distant)": 0.020160729978866088
    },
    "member5": {
        "max(u)": 0.053021885532717805,
        "max(v)": 0.26414145521285914,
        "max(length)": 0.2105854072283595,
        "num(pathline)": 0.7087334032731483,
        "min(distant)": 0.020160729978866088
    },
    "member6": {
        "max(u)": 0.053021885532717805,
        "max(v)": 0.26414145521285914,
        "max(length)": 0.2105854072283595,
        "num(pathline)": 0.7087334032731483,
        "min(distant)": 0.020160729978866088
    },
    "member7": {
        "max(u)": 0.053021885532717805,
        "max(v)": 0.26414145521285914,
        "max(length)": 0.2105854072283595,
        "num(pathline)": 0.7087334032731483,
        "min(distant)": 0.020160729978866088
    },
    "member8": {
        "max(u)": 0.053021885532717805,
        "max(v)": 0.26414145521285914,
        "max(length)": 0.2105854072283595,
        "num(pathline)": 0.7087334032731483,
        "min(distant)": 0.020160729978866088
    },
    "member9": {
        "max(u)": 0.053021885532717805,
        "max(v)": 0.26414145521285914,
        "max(length)": 0.2105854072283595,
        "num(pathline)": 0.7087334032731483,
        "min(distant)": 0.020160729978866088
    },
    "member10": {
        "max(u)": 0.053021885532717805,
        "max(v)": 0.26414145521285914,
        "max(length)": 0.2105854072283595,
        "num(pathline)": 0.7087334032731483,
        "min(distant)": 0.020160729978866088
    },
    "member11": {
        "max(u)": 0.053021885532717805,
        "max(v)": 0.26414145521285914,
        "max(length)": 0.2105854072283595,
        "num(pathline)": 0.7087334032731483,
        "min(distant)": 0.020160729978866088
    },
    "member12": {
        "max(u)": 0.053021885532717805,
        "max(v)": 0.26414145521285914,
        "max(length)": 0.2105854072283595,
        "num(pathline)": 0.7087334032731483,
        "min(distant)": 0.020160729978866088
    },
    "member13": {
        "max(u)": 0.053021885532717805,
        "max(v)": 0.26414145521285914,
        "max(length)": 0.2105854072283595,
        "num(pathline)": 0.7087334032731483,
        "min(distant)": 0.020160729978866088
    },
    "member14": {
        "max(u)": 0.053021885532717805,
        "max(v)": 0.26414145521285914,
        "max(length)": 0.2105854072283595,
        "num(pathline)": 0.7087334032731483,
        "min(distant)": 0.020160729978866088
    },
    "member15": {
        "max(u)": 0.053021885532717805,
        "max(v)": 0.26414145521285914,
        "max(length)": 0.2105854072283595,
        "num(pathline)": 0.7087334032731483,
        "min(distant)": 0.020160729978866088
    },
    "member16": {
        "max(u)": 0.053021885532717805,
        "max(v)": 0.26414145521285914,
        "max(length)": 0.2105854072283595,
        "num(pathline)": 0.7087334032731483,
        "min(distant)": 0.020160729978866088
    },
    "member17": {
        "max(u)": 0.053021885532717805,
        "max(v)": 0.26414145521285914,
        "max(length)": 0.2105854072283595,
        "num(pathline)": 0.7087334032731483,
        "min(distant)": 0.020160729978866088
    },
    "member18": {
        "max(u)": 0.053021885532717805,
        "max(v)": 0.26414145521285914,
        "max(length)": 0.2105854072283595,
        "num(pathline)": 0.7087334032731483,
        "min(distant)": 0.020160729978866088
    },
    "member19": {
        "max(u)": 0.053021885532717805,
        "max(v)": 0.26414145521285914,
        "max(length)": 0.2105854072283595,
        "num(pathline)": 0.7087334032731483,
        "min(distant)": 0.020160729978866088
    },
    "member20": {
        "max(u)": 0.053021885532717805,
        "max(v)": 0.26414145521285914,
        "max(length)": 0.2105854072283595,
        "num(pathline)": 0.7087334032731483,
        "min(distant)": 0.020160729978866088
    }
}