{
    "member1": {
        "max(u)": 0.634728957500172,
        "max(v)": 0.4556161878586792,
        "max(length)": 0.8967858923460928,
        "num(pathline)": 0.43576206824579866,
        "min(distant)": 0.4504838908013079
    },
    "member2": {
        "max(u)": 0.634728957500172,
        "max(v)": 0.4556161878586792,
        "max(length)": 0.8967858923460928,
        "num(pathline)": 0.43576206824579866,
        "min(distant)": 0.4504838908013079
    },
    "member3": {
        "max(u)": 0.634728957500172,
        "max(v)": 0.4556161878586792,
        "max(length)": 0.8967858923460928,
        "num(pathline)": 0.43576206824579866,
        "min(distant)": 0.4504838908013079
    },
    "member4": {
        "max(u)": 0.634728957500172,
        "max(v)": 0.4556161878586792,
        "max(length)": 0.8967858923460928,
        "num(pathline)": 0.43576206824579866,
        "min(distant)": 0.4504838908013079
    },
    "member5": {
        "max(u)": 0.634728957500172,
        "max(v)": 0.4556161878586792,
        "max(length)": 0.8967858923460928,
        "num(pathline)": 0.43576206824579866,
        "min(distant)": 0.4504838908013079
    },
    "member6": {
        "max(u)": 0.634728957500172,
        "max(v)": 0.4556161878586792,
        "max(length)": 0.8967858923460928,
        "num(pathline)": 0.43576206824579866,
        "min(distant)": 0.4504838908013079
    },
    "member7": {
        "max(u)": 0.634728957500172,
        "max(v)": 0.4556161878586792,
        "max(length)": 0.8967858923460928,
        "num(pathline)": 0.43576206824579866,
        "min(distant)": 0.4504838908013079
    },
    "member8": {
        "max(u)": 0.634728957500172,
        "max(v)": 0.4556161878586792,
        "max(length)": 0.8967858923460928,
        "num(pathline)": 0.43576206824579866,
        "min(distant)": 0.4504838908013079
    },
    "member9": {
        "max(u)": 0.634728957500172,
        "max(v)": 0.4556161878586792,
        "max(length)": 0.8967858923460928,
        "num(pathline)": 0.43576206824579866,
        "min(distant)": 0.4504838908013079
    },
    "member10": {
        "max(u)": 0.634728957500172,
        "max(v)": 0.4556161878586792,
        "max(length)": 0.8967858923460928,
        "num(pathline)": 0.43576206824579866,
        "min(distant)": 0.4504838908013079
    },
    "member11": {
        "max(u)": 0.634728957500172,
        "max(v)": 0.4556161878586792,
        "max(length)": 0.8967858923460928,
        "num(pathline)": 0.43576206824579866,
        "min(distant)": 0.4504838908013079
    },
    "member12": {
        "max(u)": 0.634728957500172,
        "max(v)": 0.4556161878586792,
        "max(length)": 0.8967858923460928,
        "num(pathline)": 0.43576206824579866,
        "min(distant)": 0.4504838908013079
    },
    "member13": {
        "max(u)": 0.634728957500172,
        "max(v)": 0.4556161878586792,
        "max(length)": 0.8967858923460928,
        "num(pathline)": 0.43576206824579866,
        "min(distant)": 0.4504838908013079
    },
    "member14": {
        "max(u)": 0.634728957500172,
        "max(v)": 0.4556161878586792,
        "max(length)": 0.8967858923460928,
        "num(pathline)": 0.43576206824579866,
        "min(distant)": 0.4504838908013079
    },
    "member15": {
        "max(u)": 0.634728957500172,
        "max(v)": 0.4556161878586792,
        "max(length)": 0.8967858923460928,
        "num(pathline)": 0.43576206824579866,
        "min(distant)": 0.4504838908013079
    },
    "member16": {
        "max(u)": 0.634728957500172,
        "max(v)": 0.4556161878586792,
        "max(length)": 0.8967858923460928,
        "num(pathline)": 0.43576206824579866,
        "min(distant)": 0.4504838908013079
    },
    "member17": {
        "max(u)": 0.634728957500172,
        "max(v)": 0.4556161878586792,
        "max(length)": 0.8967858923460928,
        "num(pathline)": 0.43576206824579866,
        "min(distant)": 0.4504838908013079
    },
    "member18": {
        "max(u)": 0.634728957500172,
        "max(v)": 0.4556161878586792,
        "max(length)": 0.8967858923460928,
        "num(pathline)": 0.43576206824579866,
        "min(distant)": 0.4504838908013079
    },
    "member19": {
        "max(u)": 0.634728957500172,
        "max(v)": 0.4556161878586792,
        "max(length)": 0.8967858923460928,
        "num(pathline)": 0.43576206824579866,
        "min(distant)": 0.4504838908013079
    },
    "member20": {
        "max(u)": 0.634728957500172,
        "max(v)": 0.4556161878586792,
        "max(length)": 0.8967858923460928,
        "num(pathline)": 0.43576206824579866,
        "min(distant)": 0.4504838908013079
    }
}