{
    "member1": {
        "u": 7.326499085586779,
        "v": 3.5492932960057653,
        "num_eddy": 8.579203411247763,
        "max(vorticity)": 6.8417032958290145,
        "max(diameter)": 0.049068774364084966
    },
    "member2": {
        "u": 5.471952175424546,
        "v": 1.2282076602090153,
        "num_eddy": 5.462793290896858,
        "max(vorticity)": 8.3533824792997,
        "max(diameter)": 2.91462378772835
    },
    "member3": {
        "u": 9.67729682122671,
        "v": 5.306859601005579,
        "num_eddy": 1.515997647189009,
        "max(vorticity)": 3.7715855055598038,
        "max(diameter)": 5.270715139042913
    },
    "member4": {
        "u": 2.200465232607981,
        "v": 4.6319866880817155,
        "num_eddy": 2.314269909826925,
        "max(vorticity)": 0.6971989095174946,
        "max(diameter)": 4.443711316432388
    },
    "member5": {
        "u": 4.201602375272218,
        "v": 1.6688140218772463,
        "num_eddy": 3.248793428943034,
        "max(vorticity)": 2.6453043926293915,
        "max(diameter)": 4.905216519947952
    },
    "member6": {
        "u": 2.938868137015448,
        "v": 5.857487707276141,
        "num_eddy": 1.0743116447038337,
        "max(vorticity)": 0.4275888839151232,
        "max(diameter)": 0.5074576124884922
    },
    "member7": {
        "u": 7.293990341374338,
        "v": 1.3081343175471705,
        "num_eddy": 7.024930489708842,
        "max(vorticity)": 0.31685253625266196,
        "max(diameter)": 7.52907650293288
    },
    "member8": {
        "u": 2.018235977222721,
        "v": 8.638072929179195,
        "num_eddy": 0.17974844335302942,
        "max(vorticity)": 3.267528728371758,
        "max(diameter)": 8.948553190298545
    },
    "member9": {
        "u": 1.4951088939605173,
        "v": 1.5509596262158376,
        "num_eddy": 4.0038966256261075,
        "max(vorticity)": 2.780499079930052,
        "max(diameter)": 4.1022564799000545
    },
    "member10": {
        "u": 1.1287281355126855,
        "v": 0.44202244336505436,
        "num_eddy": 0.21394616520920784,
        "max(vorticity)": 2.5460165282295955,
        "max(diameter)": 9.053333378716804
    },
    "member11": {
        "u": 3.3051795658009517,
        "v": 4.032762742810424,
        "num_eddy": 2.709325765102805,
        "max(vorticity)": 3.779561708349152,
        "max(diameter)": 9.943465618703303
    },
    "member12": {
        "u": 7.372601820722488,
        "v": 1.1968541690011192,
        "num_eddy": 1.263163340998149,
        "max(vorticity)": 6.062048299050153,
        "max(diameter)": 3.006271554350289
    },
    "member13": {
        "u": 6.230874764297637,
        "v": 7.5341234345119625,
        "num_eddy": 7.333301914858087,
        "max(vorticity)": 9.565504374448047,
        "max(diameter)": 2.2794693026490154
    },
    "member14": {
        "u": 9.072533104755625,
        "v": 5.516717115799262,
        "num_eddy": 9.368726578132868,
        "max(vorticity)": 8.790807805256645,
        "max(diameter)": 3.8031033497998323
    },
    "member15": {
        "u": 4.998408183747468,
        "v": 0.6912112199198706,
        "num_eddy": 1.8008899664321865,
        "max(vorticity)": 5.8478942823938524,
        "max(diameter)": 5.509654116573408
    },
    "member16": {
        "u": 9.662836015424357,
        "v": 8.7420910407563,
        "num_eddy": 7.158746843541811,
        "max(vorticity)": 1.7629474968763148,
        "max(diameter)": 9.872213218546037
    },
    "member17": {
        "u": 9.956465318806844,
        "v": 1.6083694579404373,
        "num_eddy": 6.21638407670967,
        "max(vorticity)": 8.625006758418051,
        "max(diameter)": 2.586460857712858
    },
    "member18": {
        "u": 6.181569108068037,
        "v": 9.685997567451176,
        "num_eddy": 8.822823686888858,
        "max(vorticity)": 5.0208179781236115,
        "max(diameter)": 9.740680568034803
    },
    "member19": {
        "u": 4.523359848613666,
        "v": 2.19048205477507,
        "num_eddy": 6.002317074594271,
        "max(vorticity)": 1.7515923739945394,
        "max(diameter)": 3.8233876980716897
    },
    "member20": {
        "u": 1.8372472741410484,
        "v": 5.027744061752383,
        "num_eddy": 0.9314585445168733,
        "max(vorticity)": 4.3575739939123235,
        "max(diameter)": 5.080501634816972
    },
    "member21": {
        "u": 0.00934831240966938,
        "v": 9.617359232350482,
        "num_eddy": 6.524153883272036,
        "max(vorticity)": 3.717333080512918,
        "max(diameter)": 2.680394237431006
    },
    "member22": {
        "u": 1.5760051150877163,
        "v": 0.26754395601545355,
        "num_eddy": 7.939476139568297,
        "max(vorticity)": 0.04957192030749513,
        "max(diameter)": 1.7804095352655336
    },
    "member23": {
        "u": 4.13871803711502,
        "v": 8.63076064611555,
        "num_eddy": 9.186241892608834,
        "max(vorticity)": 1.3726584190856372,
        "max(diameter)": 5.557259728658055
    },
    "member24": {
        "u": 9.041400544849388,
        "v": 8.80515401821336,
        "num_eddy": 6.9053093806403645,
        "max(vorticity)": 9.762075048853218,
        "max(diameter)": 6.032100217464528
    },
    "member25": {
        "u": 8.05842903390355,
        "v": 9.469315896085662,
        "num_eddy": 3.3333680108750254,
        "max(vorticity)": 1.3252160488869624,
        "max(diameter)": 1.44856198311071
    },
    "member26": {
        "u": 0.9736946873513919,
        "v": 6.017233461576499,
        "num_eddy": 3.68399985190899,
        "max(vorticity)": 9.114910982554282,
        "max(diameter)": 6.901831294233922
    },
    "member27": {
        "u": 5.4995275663238585,
        "v": 1.8226959237229345,
        "num_eddy": 6.990575428393458,
        "max(vorticity)": 1.9473813479275048,
        "max(diameter)": 8.527354267705311
    },
    "member28": {
        "u": 9.090239806091493,
        "v": 5.403422034007438,
        "num_eddy": 8.05633263393602,
        "max(vorticity)": 0.6748206586894667,
        "max(diameter)": 4.439660031893872
    },
    "member29": {
        "u": 4.807955125968354,
        "v": 1.0965754083839163,
        "num_eddy": 8.897359335050592,
        "max(vorticity)": 2.374452621309233,
        "max(diameter)": 2.2205597534072217
    },
    "member30": {
        "u": 0.9428024872822405,
        "v": 1.5231067293081646,
        "num_eddy": 0.41661991801228426,
        "max(vorticity)": 2.1845150145507186,
        "max(diameter)": 1.5042482547310387
    },
    "member31": {
        "u": 3.240184946504291,
        "v": 0.9705317515999023,
        "num_eddy": 8.137866954121138,
        "max(vorticity)": 8.463390463927698,
        "max(diameter)": 2.5253512593848857
    },
    "member32": {
        "u": 0.7597094824446327,
        "v": 6.852792666989256,
        "num_eddy": 9.475930651223697,
        "max(vorticity)": 1.2289149711985903,
        "max(diameter)": 8.271004152443336
    },
    "member33": {
        "u": 1.5787128036120124,
        "v": 4.09594498006599,
        "num_eddy": 4.398258527545062,
        "max(vorticity)": 1.1283610522552612,
        "max(diameter)": 5.026047889395361
    },
    "member34": {
        "u": 6.912186978850822,
        "v": 5.82919236479901,
        "num_eddy": 9.973579592462746,
        "max(vorticity)": 6.378135550419929,
        "max(diameter)": 0.9848115670708524
    },
    "member35": {
        "u": 8.533355464929803,
        "v": 6.583304382660459,
        "num_eddy": 0.16793342164527325,
        "max(vorticity)": 2.874952109479306,
        "max(diameter)": 1.1977867037119316
    },
    "member36": {
        "u": 8.783048219748558,
        "v": 2.4625009790042904,
        "num_eddy": 2.9824069319942614,