{
    "member1": {
        "u": 3.5815061188645947,
        "v": 6.635516791267508,
        "num_eddy": 0.12383984914238089,
        "max(vorticity)": 2.501502872110184,
        "max(diameter)": 2.553961278378092
    },
    "member2": {
        "u": 5.467271047487002,
        "v": 0.4615997997811716,
        "num_eddy": 7.602235635563454,
        "max(vorticity)": 8.435856504422178,
        "max(diameter)": 1.2986598577521524
    },
    "member3": {
        "u": 9.133870940028727,
        "v": 4.581087319861915,
        "num_eddy": 7.416267622706906,
        "max(vorticity)": 9.081647477218592,
        "max(diameter)": 2.3019284464825485
    },
    "member4": {
        "u": 0.40436934511652756,
        "v": 9.922438955829818,
        "num_eddy": 7.278184083105144,
        "max(vorticity)": 9.323701722322152,
        "max(diameter)": 3.8740204845610373
    },
    "member5": {
        "u": 8.44796987739276,
        "v": 8.300343256237975,
        "num_eddy": 3.841966249883393,
        "max(vorticity)": 3.255084435954859,
        "max(diameter)": 9.458244092565806
    },
    "member6": {
        "u": 8.021638932977291,
        "v": 1.8892930004336095,
        "num_eddy": 5.0690767137641135,
        "max(vorticity)": 7.284305951007588,
        "max(diameter)": 3.726704955232585
    },
    "member7": {
        "u": 7.546281077466068,
        "v": 0.4583302273185741,
        "num_eddy": 8.995884797848102,
        "max(vorticity)": 7.320981637237943,
        "max(diameter)": 8.277965758799267
    },
    "member8": {
        "u": 9.588367696522083,
        "v": 2.5764064298374856,
        "num_eddy": 5.109658809894581,
        "max(vorticity)": 4.778710743356749,
        "max(diameter)": 1.3158162550646213
    },
    "member9": {
        "u": 6.996632411147843,
        "v": 2.7372857283638985,
        "num_eddy": 0.7671636288931871,
        "max(vorticity)": 4.279831261598636,
        "max(diameter)": 9.320730471946652
    },
    "member10": {
        "u": 2.207563025972542,
        "v": 0.441055400105661,
        "num_eddy": 3.6560962930671,
        "max(vorticity)": 9.323235419149597,
        "max(diameter)": 6.358549325023972
    },
    "member11": {
        "u": 9.143058760294714,
        "v": 3.6258201730596795,
        "num_eddy": 4.696991170696237,
        "max(vorticity)": 5.328647163044039,
        "max(diameter)": 0.25977490749350185
    },
    "member12": {
        "u": 2.7416693598963224,
        "v": 6.937160441181579,
        "num_eddy": 3.244085387152611,
        "max(vorticity)": 6.344197784791939,
        "max(diameter)": 2.5696900703865544
    },
    "member13": {
        "u": 2.4658898813362407,
        "v": 5.882695016001891,
        "num_eddy": 4.853934213284497,
        "max(vorticity)": 0.4944417218476571,
        "max(diameter)": 7.803714990553448
    },
    "member14": {
        "u": 8.590925620686523,
        "v": 3.062030641513344,
        "num_eddy": 0.8895990001223864,
        "max(vorticity)": 7.016481049674388,
        "max(diameter)": 0.5443845766541122
    },
    "member15": {
        "u": 0.4531173766475205,
        "v": 2.8476004621397255,
        "num_eddy": 4.4938419701427055,
        "max(vorticity)": 1.8025989780550822,
        "max(diameter)": 1.3938128693548169
    },
    "member16": {
        "u": 5.567929615863964,
        "v": 9.981775894128921,
        "num_eddy": 9.87084301908615,
        "max(vorticity)": 3.32799468144112,
        "max(diameter)": 0.8004275237010594
    },
    "member17": {
        "u": 0.47041403030788853,
        "v": 6.228490254029583,
        "num_eddy": 8.078711512646793,
        "max(vorticity)": 1.1623748470814999,
        "max(diameter)": 6.0012101469534205
    },
    "member18": {
        "u": 0.023456190228792195,
        "v": 6.511934794747097,
        "num_eddy": 2.4223628213645734,
        "max(vorticity)": 0.7963650634945374,
        "max(diameter)": 6.10142162318562
    },
    "member19": {
        "u": 0.7076878489996774,
        "v": 8.742294553980416,
        "num_eddy": 0.5566158530360821,
        "max(vorticity)": 9.087544154906706,
        "max(diameter)": 4.960577049040865
    },
    "member20": {
        "u": 4.081855902639683,
        "v": 2.5365002969439168,
        "num_eddy": 2.8044132253277168,
        "max(vorticity)": 4.4844998245720795,
        "max(diameter)": 4.8001086310448855
    },
    "member21": {
        "u": 1.055450166641415,
        "v": 9.317752932700575,
        "num_eddy": 3.1393268897660875,
        "max(vorticity)": 7.132877223132834,
        "max(diameter)": 7.222385131552343
    },
    "member22": {
        "u": 8.80112407497813,
        "v": 5.4534572037315945,
        "num_eddy": 5.164915224381485,
        "max(vorticity)": 2.1190926812630897,
        "max(diameter)": 7.1610953428827475
    },
    "member23": {
        "u": 6.77388240110681,
        "v": 5.349103906834511,
        "num_eddy": 9.410205763890085,
        "max(vorticity)": 4.643283714665779,
        "max(diameter)": 8.841940006805308
    },
    "member24": {
        "u": 1.0282458171783548,
        "v": 6.710902138407874,
        "num_eddy": 3.0353986503137587,
        "max(vorticity)": 1.7968193650868713,
        "max(diameter)": 4.086109498735445
    },
    "member25": {
        "u": 5.788052373596847,
        "v": 0.9888865330583663,
        "num_eddy": 1.423583148241938,
        "max(vorticity)": 9.992614280136621,
        "max(diameter)": 0.38636970627602185
    },
    "member26": {
        "u": 9.279018415177795,
        "v": 4.946700401824552,
        "num_eddy": 2.7477392240346585,
        "max(vorticity)": 8.915787853135532,
        "max(diameter)": 0.5212410907585863
    },
    "member27": {
        "u": 6.175126814882624,
        "v": 9.111295429423008,
        "num_eddy": 6.04815306158573,
        "max(vorticity)": 6.290930298996404,
        "max(diameter)": 2.7859387110921308
    },
    "member28": {
        "u": 7.343281725543241,
        "v": 7.3639111482374915,
        "num_eddy": 7.4011919938410955,
        "max(vorticity)": 9.60705502698995,
        "max(diameter)": 5.316083935864558
    },
    "member29": {
        "u": 0.7159729174640561,
        "v": 3.7468929150382033,
        "num_eddy": 0.15621555833097323,
        "max(vorticity)": 5.20231199377311,
        "max(diameter)": 8.621290490889695
    },
    "member30": {
        "u": 6.572472139818223,
        "v": 1.6452540547287964,
        "num_eddy": 8.899770456349858,
        "max(vorticity)": 1.7395660889487963,
        "max(diameter)": 1.810671315434157
    },
    "member31": {
        "u": 7.9192274718613795,
        "v": 8.77051065533474,
        "num_eddy": 6.681817958979285,
        "max(vorticity)": 4.497613375693799,
        "max(diameter)": 8.21416553023452
    },
    "member32": {
        "u": 5.019826723996021,
        "v": 9.089802619351058,
        "num_eddy": 7.893414176971922,
        "max(vorticity)": 6.907890525102678,
        "max(diameter)": 0.9829986399560642
    },
    "member33": {
        "u": 8.685699994226994,
        "v": 4.247793755381259,
        "num_eddy": 7.501943193719742,
        "max(vorticity)": 9.203928495213459,
        "max(diameter)": 1.592088068142573
    },
    "member34": {
        "u": 2.1020386010021674,
        "v": 8.237519841455503,
        "num_eddy": 0.4506004643592232,
        "max(vorticity)": 2.1347624008879795,
        "max(diameter)": 3.140887320428871
    },
    "member35": {
        "u": 0.05607734622328886,
        "v": 8.924142000586368,
        "num_eddy": 2.4556202414092265,
        "max(vorticity)": 8.129998172203859,
        "max(diameter)": 4.075894998874037
    },
    "member36": {
        "u": 5.509201693701731,
        "v": 4.480716301491409,
        "num_eddy": 0.2630891155368098,