{
    "member1": {
        "u": 8.472359847838836,
        "v": 3.923750524728966,
        "num_eddy": 0.45720670840166844,
        "max(vorticity)": 3.614188809177122,
        "max(diameter)": 1.4638610968905785
    },
    "member2": {
        "u": 4.918837928250914,
        "v": 1.066412147875131,
        "num_eddy": 6.464554607611688,
        "max(vorticity)": 1.2227515757859675,
        "max(diameter)": 3.7282241502664792
    },
    "member3": {
        "u": 5.896494103135708,
        "v": 0.042531715466844755,
        "num_eddy": 5.803688548141644,
        "max(vorticity)": 3.6675501861992252,
        "max(diameter)": 8.804585590670031
    },
    "member4": {
        "u": 6.123526323083901,
        "v": 0.3650769596204795,
        "num_eddy": 9.29739928269936,
        "max(vorticity)": 4.030980968376532,
        "max(diameter)": 3.970773398031234
    },
    "member5": {
        "u": 2.5643298522261473,
        "v": 0.6558593696956239,
        "num_eddy": 2.9565607858132803,
        "max(vorticity)": 4.563488303946781,
        "max(diameter)": 1.592484455326949
    },
    "member6": {
        "u": 7.596195924741491,
        "v": 6.855632914004132,
        "num_eddy": 4.04811988846722,
        "max(vorticity)": 4.32371491915589,
        "max(diameter)": 7.75642319797541
    },
    "member7": {
        "u": 0.7872213997719113,
        "v": 4.113840041740988,
        "num_eddy": 5.628237879179592,
        "max(vorticity)": 6.445331858316995,
        "max(diameter)": 4.058233581246432
    },
    "member8": {
        "u": 9.54459290909726,
        "v": 8.63612265986498,
        "num_eddy": 8.819020989925937,
        "max(vorticity)": 9.767841936599584,
        "max(diameter)": 6.770450439996917
    },
    "member9": {
        "u": 2.6436411114215885,
        "v": 1.2687676452543817,
        "num_eddy": 4.028548447084005,
        "max(vorticity)": 4.286362770684676,
        "max(diameter)": 2.816776874332647
    },
    "member10": {
        "u": 2.2873294549769474,
        "v": 6.894330379827904,
        "num_eddy": 6.256264563106457,
        "max(vorticity)": 6.299923846065743,
        "max(diameter)": 7.454784558159769
    },
    "member11": {
        "u": 8.406570683468297,
        "v": 6.070471827153735,
        "num_eddy": 6.003718323122089,
        "max(vorticity)": 4.500441473584216,
        "max(diameter)": 8.201178712293528
    },
    "member12": {
        "u": 0.5594054436796647,
        "v": 1.892746400834796,
        "num_eddy": 4.881302129227486,
        "max(vorticity)": 3.3140768070686146,
        "max(diameter)": 0.19950421214712355
    },
    "member13": {
        "u": 7.807024719143073,
        "v": 1.0637565064935173,
        "num_eddy": 9.878747071574303,
        "max(vorticity)": 1.6513561979242708,
        "max(diameter)": 3.6444887714730623
    },
    "member14": {
        "u": 7.923082027296325,
        "v": 0.8007664382716007,
        "num_eddy": 8.960517383901902,
        "max(vorticity)": 9.926659774533903,
        "max(diameter)": 6.545334372980733
    },
    "member15": {
        "u": 7.98566365632108,
        "v": 6.985627470735599,
        "num_eddy": 6.186703972944535,
        "max(vorticity)": 2.7663510322650775,
        "max(diameter)": 4.682433582043041
    },
    "member16": {
        "u": 5.330610643346114,
        "v": 3.750338251120392,
        "num_eddy": 7.810575854291138,
        "max(vorticity)": 0.20938918762081538,
        "max(diameter)": 4.400489809473751
    },
    "member17": {
        "u": 5.291167253657216,
        "v": 5.6333370324177166,
        "num_eddy": 4.781813488780133,
        "max(vorticity)": 7.391816886826188,
        "max(diameter)": 8.78043955012288
    },
    "member18": {
        "u": 7.638845623810231,
        "v": 3.54400457851215,
        "num_eddy": 9.663436663828223,
        "max(vorticity)": 5.4492090707630965,
        "max(diameter)": 9.343386964917851
    },
    "member19": {
        "u": 2.8829191740655036,
        "v": 3.5678419444049303,
        "num_eddy": 9.35467182477478,
        "max(vorticity)": 4.069330310722279,
        "max(diameter)": 4.823925580305409
    },
    "member20": {
        "u": 0.279594121325889,
        "v": 5.184421674326785,
        "num_eddy": 0.976386479969461,
        "max(vorticity)": 9.657976824268937,
        "max(diameter)": 7.333845265083212
    },
    "member21": {
        "u": 4.125884204911204,
        "v": 2.072090621211824,
        "num_eddy": 4.793087530229139,
        "max(vorticity)": 9.899750393009127,
        "max(diameter)": 2.2727877828896723
    },
    "member22": {
        "u": 0.6357333776062346,
        "v": 9.100114117422454,
        "num_eddy": 6.692848801255883,
        "max(vorticity)": 9.119759511695602,
        "max(diameter)": 5.936582457817351
    },
    "member23": {
        "u": 9.830434828134194,
        "v": 2.030415778822211,
        "num_eddy": 2.9862391494607907,
        "max(vorticity)": 3.3227872650103976,
        "max(diameter)": 1.8973860458877123
    },
    "member24": {
        "u": 0.10783333209483326,
        "v": 4.645087005388452,
        "num_eddy": 2.289381054170195,
        "max(vorticity)": 0.23645297442803193,
        "max(diameter)": 7.527101377542209
    },
    "member25": {
        "u": 0.8759900748853766,
        "v": 9.44488220578992,
        "num_eddy": 8.616679565972397,
        "max(vorticity)": 7.142934936769674,
        "max(diameter)": 3.2009015268815046
    },
    "member26": {
        "u": 7.858708247313827,
        "v": 3.919335892542163,
        "num_eddy": 3.4293709723933077,
        "max(vorticity)": 6.008014569184464,
        "max(diameter)": 1.4054034830214224
    },
    "member27": {
        "u": 9.951739876672756,
        "v": 0.3418094972721253,
        "num_eddy": 4.920785019393521,
        "max(vorticity)": 4.775356943861924,
        "max(diameter)": 0.38885266030388665
    },
    "member28": {
        "u": 4.224560819064753,
        "v": 1.1357132556354343,
        "num_eddy": 6.5230940895031795,
        "max(vorticity)": 6.4256154283594284,
        "max(diameter)": 8.545457842930427
    },
    "member29": {
        "u": 1.833823308597553,
        "v": 0.04671397266443722,
        "num_eddy": 7.912543959018556,
        "max(vorticity)": 4.176875538835155,
        "max(diameter)": 1.9269193812261665
    },
    "member30": {
        "u": 5.680815072293478,
        "v": 1.8433993954178107,
        "num_eddy": 4.32224803250286,
        "max(vorticity)": 0.1952415353698056,
        "max(diameter)": 7.297469120313222
    },
    "member31": {
        "u": 4.422554184037106,
        "v": 7.862168875456147,
        "num_eddy": 8.170151129068689,
        "max(vorticity)": 4.875076733650486,
        "max(diameter)": 9.442764892923336
    },
    "member32": {
        "u": 2.9127812030918254,
        "v": 7.1101083580776745,
        "num_eddy": 2.8386695580819965,
        "max(vorticity)": 7.94287807352716,
        "max(diameter)": 4.584786582918687
    },
    "member33": {
        "u": 8.717001152843647,
        "v": 8.324663284692498,
        "num_eddy": 5.145009632872487,
        "max(vorticity)": 6.60701753718287,
        "max(diameter)": 5.714834464129767
    },
    "member34": {
        "u": 7.497675022120378,
        "v": 1.784864993470081,
        "num_eddy": 6.661561720532473,
        "max(vorticity)": 7.681936660775217,
        "max(diameter)": 5.087251279998316
    },
    "member35": {
        "u": 4.6599738167600355,
        "v": 0.7466566949494935,
        "num_eddy": 9.431497917761227,
        "max(vorticity)": 6.322546117988448,
        "max(diameter)": 7.463191262742654
    },
    "member36": {
        "u": 1.8677309475203163,
        "v": 9.247050311623386,
        "num_eddy": 2.078047690997078,