{
    "member1": {
        "u": 0.3381055215696638,
        "v": 2.803895662294437,
        "num_eddy": 3.006302785613786,
        "max(vorticity)": 6.73682280472514,
        "max(diameter)": 3.6910654609169367
    },
    "member2": {
        "u": 3.7439090494117853,
        "v": 2.682068210022719,
        "num_eddy": 0.8653380219062345,
        "max(vorticity)": 8.982178029372543,
        "max(diameter)": 6.569032339326638
    },
    "member3": {
        "u": 7.481397877382054,
        "v": 7.402113002102616,
        "num_eddy": 8.956944413565683,
        "max(vorticity)": 9.642741642430835,
        "max(diameter)": 8.207765498595283
    },
    "member4": {
        "u": 3.7327755759542147,
        "v": 0.4773675355212026,
        "num_eddy": 2.432585690035023,
        "max(vorticity)": 0.5674215055110765,
        "max(diameter)": 7.071483239101035
    },
    "member5": {
        "u": 7.711218451611518,
        "v": 8.637806484942876,
        "num_eddy": 6.842048429481008,
        "max(vorticity)": 8.396523493100641,
        "max(diameter)": 4.4016285005736835
    },
    "member6": {
        "u": 9.680923122754345,
        "v": 5.327249304204855,
        "num_eddy": 2.74201873148183,
        "max(vorticity)": 5.950948616574788,
        "max(diameter)": 1.7003831748348541
    },
    "member7": {
        "u": 5.785205269032381,
        "v": 9.777053614665704,
        "num_eddy": 0.3805260619866635,
        "max(vorticity)": 3.3214612411491773,
        "max(diameter)": 5.773398630629809
    },
    "member8": {
        "u": 5.758404411580303,
        "v": 0.860463777356113,
        "num_eddy": 8.119310268342785,
        "max(vorticity)": 1.531314112137988,
        "max(diameter)": 4.545483856610141
    },
    "member9": {
        "u": 6.28384995527611,
        "v": 1.1455620632290942,
        "num_eddy": 5.644627109598403,
        "max(vorticity)": 3.4623572360953037,
        "max(diameter)": 8.17276538918028
    },
    "member10": {
        "u": 7.850620502596155,
        "v": 7.260314089188308,
        "num_eddy": 2.318158978890069,
        "max(vorticity)": 5.269878950999712,
        "max(diameter)": 7.587543926612968
    },
    "member11": {
        "u": 0.8348257938856585,
        "v": 2.6757811326051573,
        "num_eddy": 2.8809612927657327,
        "max(vorticity)": 8.87856316953054,
        "max(diameter)": 2.8971853768707243
    },
    "member12": {
        "u": 8.054738838337988,
        "v": 1.3715778831925274,
        "num_eddy": 4.4726952238498665,
        "max(vorticity)": 1.4552759690099004,
        "max(diameter)": 8.829729540947096
    },
    "member13": {
        "u": 9.75772323660698,
        "v": 7.422325772799083,
        "num_eddy": 3.460359942668111,
        "max(vorticity)": 5.184174852516103,
        "max(diameter)": 4.24195951546935
    },
    "member14": {
        "u": 4.704912632199841,
        "v": 6.213936026477798,
        "num_eddy": 2.338062825188416,
        "max(vorticity)": 3.967148043165073,
        "max(diameter)": 0.49753128027186233
    },
    "member15": {
        "u": 0.5246111403610021,
        "v": 9.276528737653662,
        "num_eddy": 5.481780412607992,
        "max(vorticity)": 4.858226997143849,
        "max(diameter)": 8.557745882099791
    },
    "member16": {
        "u": 7.992698061243338,
        "v": 2.5945477096853353,
        "num_eddy": 8.384963449682042,
        "max(vorticity)": 3.592816709469342,
        "max(diameter)": 2.7552528227569595
    },
    "member17": {
        "u": 0.15807939085746403,
        "v": 8.685284626548892,
        "num_eddy": 6.474103547209252,
        "max(vorticity)": 7.50170844170648,
        "max(diameter)": 4.19975984199794
    },
    "member18": {
        "u": 1.9601076658520555,
        "v": 2.9960597712029466,
        "num_eddy": 9.686915416729562,
        "max(vorticity)": 4.374391679987139,
        "max(diameter)": 7.031052843814345
    },
    "member19": {
        "u": 8.936374618914218,
        "v": 9.387172423242966,
        "num_eddy": 7.1403668620964345,
        "max(vorticity)": 9.865860217425137,
        "max(diameter)": 8.568559752972744
    },
    "member20": {
        "u": 3.941950739259398,
        "v": 9.10248587095223,
        "num_eddy": 0.6703177017550088,
        "max(vorticity)": 5.626666918757507,
        "max(diameter)": 0.7510279841664702
    },
    "member21": {
        "u": 2.661485422274793,
        "v": 4.271984077290191,
        "num_eddy": 8.907134367541541,
        "max(vorticity)": 1.44733608775788,
        "max(diameter)": 9.088743672646643
    },
    "member22": {
        "u": 3.6854555895218,
        "v": 6.56766036157166,
        "num_eddy": 5.792511863890878,
        "max(vorticity)": 5.814868201785579,
        "max(diameter)": 7.333646262268758
    },
    "member23": {
        "u": 8.314991171056946,
        "v": 9.404203110943417,
        "num_eddy": 8.196548838036845,
        "max(vorticity)": 0.2814570595543464,
        "max(diameter)": 6.079216436998043
    },
    "member24": {
        "u": 2.0388444249161664,
        "v": 9.044204623128842,
        "num_eddy": 4.0018027278347095,
        "max(vorticity)": 8.470419957014695,
        "max(diameter)": 9.666818726232401
    },
    "member25": {
        "u": 8.164996142775031,
        "v": 7.975817574018981,
        "num_eddy": 3.1286964074739565,
        "max(vorticity)": 7.285671133724852,
        "max(diameter)": 0.5359779859106384
    },
    "member26": {
        "u": 5.980925738914369,
        "v": 8.071341442867615,
        "num_eddy": 1.952825493811342,
        "max(vorticity)": 3.8679111341653503,
        "max(diameter)": 0.7335482826667916
    },
    "member27": {
        "u": 7.809414990568223,
        "v": 2.8366698251382405,
        "num_eddy": 0.14525919661035447,
        "max(vorticity)": 8.04495629386363,
        "max(diameter)": 1.9206652115500644
    },
    "member28": {
        "u": 4.470272664085837,
        "v": 2.609520982882115,
        "num_eddy": 0.982610938330275,
        "max(vorticity)": 9.545256046887957,
        "max(diameter)": 4.935256389267025
    },
    "member29": {
        "u": 6.043175475853185,
        "v": 8.656279067328427,
        "num_eddy": 8.022037229063299,
        "max(vorticity)": 3.2942857568755732,
        "max(diameter)": 1.9461933603147707
    },
    "member30": {
        "u": 0.2996634368565798,
        "v": 3.752646213077976,
        "num_eddy": 2.805364173215575,
        "max(vorticity)": 9.191845250684864,
        "max(diameter)": 1.5685945918152866
    },
    "member31": {
        "u": 6.438475609232819,
        "v": 7.039686202381988,
        "num_eddy": 5.112198299931444,
        "max(vorticity)": 5.521611703875619,
        "max(diameter)": 5.628981143134696
    },
    "member32": {
        "u": 8.159291627773227,
        "v": 3.577993847096633,
        "num_eddy": 9.227796313243557,
        "max(vorticity)": 2.158493087786264,
        "max(diameter)": 0.21444534183367558
    },
    "member33": {
        "u": 1.723393277783678,
        "v": 8.462551909773271,
        "num_eddy": 3.7010704890929533,
        "max(vorticity)": 4.267688500575585,
        "max(diameter)": 8.533742911993357
    },
    "member34": {
        "u": 0.6024971196227391,
        "v": 8.915871922787002,
        "num_eddy": 4.324946857980274,
        "max(vorticity)": 0.8282668490616873,
        "max(diameter)": 8.283204312757338
    },
    "member35": {
        "u": 9.198600171967078,
        "v": 9.246622347399832,
        "num_eddy": 5.894533597744356,
        "max(vorticity)": 4.671906003533268,
        "max(diameter)": 3.441373881216264
    },
    "member36": {
        "u": 0.5184209359274305,
        "v": 7.256975463670452,
        "num_eddy": 1.2037309556609954,