{
    "member1": {
        "u": 1.4826581513953685,
        "v": 2.280283905967827,
        "num_eddy": 2.8795879253768564,
        "max(vorticity)": 0.5421204710931049,
        "max(diameter)": 8.848509766131537
    },
    "member2": {
        "u": 5.047978681733349,
        "v": 8.816989517406645,
        "num_eddy": 7.693436464714527,
        "max(vorticity)": 7.337426865807975,
        "max(diameter)": 4.920643759767326
    },
    "member3": {
        "u": 7.453686342739668,
        "v": 0.050549665887289486,
        "num_eddy": 7.548243018549218,
        "max(vorticity)": 6.54613450407605,
        "max(diameter)": 4.668268091230782
    },
    "member4": {
        "u": 9.271908796057076,
        "v": 7.746819173091557,
        "num_eddy": 1.5854912973818636,
        "max(vorticity)": 8.164408847650241,
        "max(diameter)": 0.34777849410952966
    },
    "member5": {
        "u": 0.4292144160860234,
        "v": 6.709979205137992,
        "num_eddy": 1.1363916522860806,
        "max(vorticity)": 4.064877223078924,
        "max(diameter)": 2.12638398544588
    },
    "member6": {
        "u": 4.672763330741003,
        "v": 8.526900378316217,
        "num_eddy": 3.9420197510977504,
        "max(vorticity)": 5.096350170189249,
        "max(diameter)": 4.8033416264980024
    },
    "member7": {
        "u": 6.101449891583998,
        "v": 7.651394506656316,
        "num_eddy": 9.020891403409081,
        "max(vorticity)": 2.733991763572746,
        "max(diameter)": 6.028607040271915
    },
    "member8": {
        "u": 4.212651715802115,
        "v": 7.716121677375913,
        "num_eddy": 8.647157339090318,
        "max(vorticity)": 3.2112075194359404,
        "max(diameter)": 9.115577818786145
    },
    "member9": {
        "u": 5.65308446999744,
        "v": 6.2937794161036,
        "num_eddy": 0.6983512319754137,
        "max(vorticity)": 2.2068285219456296,
        "max(diameter)": 3.695333381996445
    },
    "member10": {
        "u": 3.828535841346911,
        "v": 6.43110648252092,
        "num_eddy": 3.697842139414864,
        "max(vorticity)": 1.8902835014239772,
        "max(diameter)": 5.426719108678313
    },
    "member11": {
        "u": 4.555130122054579,
        "v": 5.014976192578074,
        "num_eddy": 2.934490829121408,
        "max(vorticity)": 9.898840863699265,
        "max(diameter)": 3.1777798153366232
    },
    "member12": {
        "u": 5.501374547856125,
        "v": 5.45457234597754,
        "num_eddy": 8.033122227010626,
        "max(vorticity)": 4.663347549310327,
        "max(diameter)": 0.18746226785583797
    },
    "member13": {
        "u": 8.79388771525098,
        "v": 0.6570873999060212,
        "num_eddy": 3.9668742841368876,
        "max(vorticity)": 7.366194933699576,
        "max(diameter)": 8.55375961320091
    },
    "member14": {
        "u": 2.3907239862305527,
        "v": 6.305452058694103,
        "num_eddy": 9.888998741116096,
        "max(vorticity)": 6.92022448973285,
        "max(diameter)": 9.298247112229252
    },
    "member15": {
        "u": 1.5760446406195239,
        "v": 4.9503073580923065,
        "num_eddy": 9.641848828965863,
        "max(vorticity)": 0.5049708411025866,
        "max(diameter)": 8.582194021985778
    },
    "member16": {
        "u": 7.764552499510692,
        "v": 0.5555971298033302,
        "num_eddy": 6.105769035295415,
        "max(vorticity)": 9.646502794208235,
        "max(diameter)": 2.165764991436818
    },
    "member17": {
        "u": 5.910215901037224,
        "v": 1.1251440321626038,
        "num_eddy": 7.4322651734615555,
        "max(vorticity)": 0.6600414978950753,
        "max(diameter)": 0.3415375878221083
    },
    "member18": {
        "u": 8.0041757729752,
        "v": 7.073996117163581,
        "num_eddy": 2.596101476796091,
        "max(vorticity)": 0.8907644991692787,
        "max(diameter)": 9.066472331072646
    },
    "member19": {
        "u": 7.9132456968215905,
        "v": 8.356460760710865,
        "num_eddy": 9.20078553763094,
        "max(vorticity)": 6.813660932189207,
        "max(diameter)": 7.309579216218055
    },
    "member20": {
        "u": 5.260572208756074,
        "v": 6.01773828159795,
        "num_eddy": 6.179602434481314,
        "max(vorticity)": 7.6073878280072025,
        "max(diameter)": 2.306699385735931
    },
    "member21": {
        "u": 7.371781812731841,
        "v": 1.705575918621114,
        "num_eddy": 0.7170186218221386,
        "max(vorticity)": 4.618813858576777,
        "max(diameter)": 2.9669685700120354
    },
    "member22": {
        "u": 9.672696282384953,
        "v": 0.26878405861605614,
        "num_eddy": 5.989831947222739,
        "max(vorticity)": 8.111401304984435,
        "max(diameter)": 6.361297782149612
    },
    "member23": {
        "u": 9.678446412179756,
        "v": 6.57150648236814,
        "num_eddy": 6.5366453844296615,
        "max(vorticity)": 6.724965914039195,
        "max(diameter)": 2.1317073080416735
    },
    "member24": {
        "u": 5.485818536342762,
        "v": 2.3898876388509525,
        "num_eddy": 8.916672928768248,
        "max(vorticity)": 5.374921742007343,
        "max(diameter)": 4.570001899732428
    },
    "member25": {
        "u": 7.261636772373922,
        "v": 6.533764186062402,
        "num_eddy": 7.835354826699454,
        "max(vorticity)": 0.40523369936630527,
        "max(diameter)": 1.688604254251771
    },
    "member26": {
        "u": 7.772277049150267,
        "v": 2.08084186606745,
        "num_eddy": 9.401188121651032,
        "max(vorticity)": 4.888013219577909,
        "max(diameter)": 4.842071737246486
    },
    "member27": {
        "u": 7.764959163648913,
        "v": 7.078695923855806,
        "num_eddy": 0.8667306297202959,
        "max(vorticity)": 4.9589972658655315,
        "max(diameter)": 1.8226434376361278
    },
    "member28": {
        "u": 6.419881103543935,
        "v": 6.0393368854572484,
        "num_eddy": 4.516608238712071,
        "max(vorticity)": 2.373200177308905,
        "max(diameter)": 2.7296348520267433
    },
    "member29": {
        "u": 6.2751247248267035,
        "v": 6.040396102181691,
        "num_eddy": 8.210251718254849,
        "max(vorticity)": 2.479142530778619,
        "max(diameter)": 3.428602027175457
    },
    "member30": {
        "u": 5.330058137934452,
        "v": 1.124031015784619,
        "num_eddy": 1.4608709850183366,
        "max(vorticity)": 4.3242245375318165,
        "max(diameter)": 7.203592543295514
    },
    "member31": {
        "u": 5.949007051097662,
        "v": 8.675172209577438,
        "num_eddy": 2.36996056319032,
        "max(vorticity)": 1.68775037298877,
        "max(diameter)": 6.735782176900111
    },
    "member32": {
        "u": 0.14105392812006623,
        "v": 2.9739321539920605,
        "num_eddy": 7.7713738131460675,
        "max(vorticity)": 3.142816286614911,
        "max(diameter)": 2.8248997528953868
    },
    "member33": {
        "u": 2.9935383109367164,
        "v": 7.921709739822358,
        "num_eddy": 8.193873209394688,
        "max(vorticity)": 9.531538462950698,
        "max(diameter)": 7.027957626466432
    },
    "member34": {
        "u": 9.421771301724297,
        "v": 8.104059763542582,
        "num_eddy": 6.2584635674938855,
        "max(vorticity)": 8.88081033314562,
        "max(diameter)": 9.999914319826003
    },
    "member35": {
        "u": 8.390701754783944,
        "v": 6.559504943493656,
        "num_eddy": 2.1447180923828713,
        "max(vorticity)": 7.821719951679896,
        "max(diameter)": 4.065837674295196
    },
    "member36": {
        "u": 8.239357617854349,
        "v": 8.787946434134629,
        "num_eddy": 7.916695216175221,