{
    "member1": {
        "u": 1.536922270060519,
        "v": 9.28880062978447,
        "num_eddy": 1.7410506551665539,
        "max(vorticity)": 9.876892247541472,
        "max(diameter)": 9.233535715318167
    },
    "member2": {
        "u": 5.551796469063973,
        "v": 3.163728425273975,
        "num_eddy": 5.411170584680964,
        "max(vorticity)": 3.1811346480019633,
        "max(diameter)": 8.288030376999542
    },
    "member3": {
        "u": 0.22690279718000528,
        "v": 9.445135151270716,
        "num_eddy": 1.8581191735657698,
        "max(vorticity)": 5.743465832750216,
        "max(diameter)": 9.750463279477435
    },
    "member4": {
        "u": 4.62881471194555,
        "v": 3.571275897404597,
        "num_eddy": 7.861487355307211,
        "max(vorticity)": 6.664269532682162,
        "max(diameter)": 7.34557275677942
    },
    "member5": {
        "u": 2.6839591483049685,
        "v": 1.7624290223919348,
        "num_eddy": 9.521606593535202,
        "max(vorticity)": 9.535639272778539,
        "max(diameter)": 9.517048168683957
    },
    "member6": {
        "u": 8.489590674144434,
        "v": 8.27141383560884,
        "num_eddy": 8.56084012423249,
        "max(vorticity)": 1.6231867099240405,
        "max(diameter)": 0.9458229540541863
    },
    "member7": {
        "u": 6.720913449997683,
        "v": 6.840030007835481,
        "num_eddy": 4.567681620987475,
        "max(vorticity)": 4.537224786083504,
        "max(diameter)": 9.439782232099233
    },
    "member8": {
        "u": 7.948376336748844,
        "v": 2.5391341790963793,
        "num_eddy": 3.8703353760755133,
        "max(vorticity)": 5.07657786867574,
        "max(diameter)": 5.886479754065286
    },
    "member9": {
        "u": 2.004063630455719,
        "v": 5.900780609138501,
        "num_eddy": 4.045170151469782,
        "max(vorticity)": 3.9691293018312788,
        "max(diameter)": 9.128535050154555
    },
    "member10": {
        "u": 2.502959294506315,
        "v": 6.624997039278347,
        "num_eddy": 4.537632642648573,
        "max(vorticity)": 2.0519039560092645,
        "max(diameter)": 3.9717017157251124
    },
    "member11": {
        "u": 9.017083623330745,
        "v": 2.662127759474988,
        "num_eddy": 5.357315112566602,
        "max(vorticity)": 1.7421014140107982,
        "max(diameter)": 2.493666137793028
    },
    "member12": {
        "u": 1.0886134852806173,
        "v": 7.360430685143211,
        "num_eddy": 4.242593659393359,
        "max(vorticity)": 2.161470911224699,
        "max(diameter)": 1.0974195512768414
    },
    "member13": {
        "u": 2.5395486664161426,
        "v": 5.292250946899159,
        "num_eddy": 1.3037570582716185,
        "max(vorticity)": 4.709894173299542,
        "max(diameter)": 6.847101565976551
    },
    "member14": {
        "u": 2.4281951189584117,
        "v": 5.813030024033741,
        "num_eddy": 3.0625172475175386,
        "max(vorticity)": 1.809802822621619,
        "max(diameter)": 5.091831158719
    },
    "member15": {
        "u": 9.6222922473034,
        "v": 3.1810678260479373,
        "num_eddy": 1.1278369748194517,
        "max(vorticity)": 8.693832425976618,
        "max(diameter)": 0.6636631072872956
    },
    "member16": {
        "u": 3.1297382241587393,
        "v": 0.9604515752662213,
        "num_eddy": 5.916983230502657,
        "max(vorticity)": 0.5106551379975588,
        "max(diameter)": 4.083620804148427
    },
    "member17": {
        "u": 2.413466322518596,
        "v": 3.583335155344386,
        "num_eddy": 3.194613722208902,
        "max(vorticity)": 2.4971250213554628,
        "max(diameter)": 5.006860890624565
    },
    "member18": {
        "u": 6.350960958106944,
        "v": 9.770996287019067,
        "num_eddy": 3.676304018980787,
        "max(vorticity)": 4.1168668799078105,
        "max(diameter)": 2.879840733025536
    },
    "member19": {
        "u": 8.451600302618171,
        "v": 0.8346040637271879,
        "num_eddy": 6.293610750782492,
        "max(vorticity)": 5.034710500009099,
        "max(diameter)": 9.041247939681865
    },
    "member20": {
        "u": 8.73015812340921,
        "v": 6.259099497918086,
        "num_eddy": 2.3940550384363,
        "max(vorticity)": 6.2457932700820775,
        "max(diameter)": 5.4421895643493565
    },
    "member21": {
        "u": 8.46150873159271,
        "v": 5.875690550113649,
        "num_eddy": 9.09087774847778,
        "max(vorticity)": 0.7274971710418732,
        "max(diameter)": 7.591821383860783
    },
    "member22": {
        "u": 2.9517662097606223,
        "v": 2.558553233130527,
        "num_eddy": 3.6745445089705306,
        "max(vorticity)": 9.093793808171391,
        "max(diameter)": 7.598954467252852
    },
    "member23": {
        "u": 9.72041227730722,
        "v": 8.2762413791436,
        "num_eddy": 1.715212728031562,
        "max(vorticity)": 0.11371426297928311,
        "max(diameter)": 9.02639304026078
    },
    "member24": {
        "u": 3.1338536822619636,
        "v": 5.6948473613403525,
        "num_eddy": 4.012957208331299,
        "max(vorticity)": 3.124392501228045,
        "max(diameter)": 2.3326829034621954
    },
    "member25": {
        "u": 7.775298235991219,
        "v": 0.551196479595758,
        "num_eddy": 8.733123898426008,
        "max(vorticity)": 5.122480386421042,
        "max(diameter)": 0.20168885694356598
    },
    "member26": {
        "u": 0.41871332327229727,
        "v": 7.133560059160241,
        "num_eddy": 8.230122268433535,
        "max(vorticity)": 4.605603234673654,
        "max(diameter)": 7.0446268799702345
    },
    "member27": {
        "u": 9.820216335786085,
        "v": 3.4107754296098705,
        "num_eddy": 9.024896664679531,
        "max(vorticity)": 0.558062312529165,
        "max(diameter)": 5.337129007451196
    },
    "member28": {
        "u": 4.254926363887909,
        "v": 4.284152608880304,
        "num_eddy": 4.527464125605257,
        "max(vorticity)": 9.5052220541092,
        "max(diameter)": 9.245520103226518
    },
    "member29": {
        "u": 6.450146535620479,
        "v": 4.639319237879988,
        "num_eddy": 0.47907677958790584,
        "max(vorticity)": 6.244732124281366,
        "max(diameter)": 7.885206679972137
    },
    "member30": {
        "u": 8.459593761373993,
        "v": 7.958826539744468,
        "num_eddy": 4.625524657598446,
        "max(vorticity)": 8.36254274461263,
        "max(diameter)": 9.0997821370125
    },
    "member31": {
        "u": 6.583343163184408,
        "v": 2.905304322765155,
        "num_eddy": 1.1319380209410368,
        "max(vorticity)": 0.049384771947769135,
        "max(diameter)": 7.016917760802159
    },
    "member32": {
        "u": 0.8072639598463527,
        "v": 3.7057432707152262,
        "num_eddy": 6.765838674587076,
        "max(vorticity)": 8.935398787207532,
        "max(diameter)": 1.6809974684707518
    },
    "member33": {
        "u": 9.663612013306569,
        "v": 7.0036043858572405,
        "num_eddy": 0.465415071291857,
        "max(vorticity)": 4.576371742319685,
        "max(diameter)": 2.575053221089644
    },
    "member34": {
        "u": 6.875446299681322,
        "v": 1.1337657904057874,
        "num_eddy": 7.475129612148777,
        "max(vorticity)": 6.173710282448094,
        "max(diameter)": 8.548333464655721
    },
    "member35": {
        "u": 9.153926394088206,
        "v": 9.225247792344701,
        "num_eddy": 2.8476134450720068,
        "max(vorticity)": 5.529981198014965,
        "max(diameter)": 0.5256965684141846
    },
    "member36": {
        "u": 2.910727505491976,
        "v": 6.2448716534576825,
        "num_eddy": 1.5769330043609509,