{
    "member1": {
        "u": 6.223352094525483,
        "v": 7.29495642507616,
        "num_eddy": 9.856778274163599,
        "max(vorticity)": 4.748473131201329,
        "max(diameter)": 7.008635126793704
    },
    "member2": {
        "u": 7.3584741954190624,
        "v": 9.7188883517198,
        "num_eddy": 5.215511198109787,
        "max(vorticity)": 2.4913986992102553,
        "max(diameter)": 4.157857637729005
    },
    "member3": {
        "u": 8.401587709382424,
        "v": 2.497993560090727,
        "num_eddy": 7.845281458443814,
        "max(vorticity)": 7.275432159061873,
        "max(diameter)": 5.827145476687784
    },
    "member4": {
        "u": 4.265983529879021,
        "v": 4.451247482337976,
        "num_eddy": 5.227166235551285,
        "max(vorticity)": 1.352543962895012,
        "max(diameter)": 1.2879862666915787
    },
    "member5": {
        "u": 3.0676303570530683,
        "v": 1.756069493659288,
        "num_eddy": 5.520468207566643,
        "max(vorticity)": 5.497164214391321,
        "max(diameter)": 4.807664378388171
    },
    "member6": {
        "u": 4.2815957028386205,
        "v": 2.575352687047542,
        "num_eddy": 6.180507719669261,
        "max(vorticity)": 3.1087111780315646,
        "max(diameter)": 1.28374716965037
    },
    "member7": {
        "u": 8.301428446586357,
        "v": 2.3218444377813494,
        "num_eddy": 4.565893830780795,
        "max(vorticity)": 2.288054666773637,
        "max(diameter)": 7.569936295776769
    },
    "member8": {
        "u": 4.665383205898398,
        "v": 0.8016339719160714,
        "num_eddy": 4.961177639054357,
        "max(vorticity)": 3.3388845133127463,
        "max(diameter)": 4.340821774682945
    },
    "member9": {
        "u": 0.17387530757129177,
        "v": 5.6969538848865415,
        "num_eddy": 6.537758811296611,
        "max(vorticity)": 1.5720830700772337,
        "max(diameter)": 2.736532564733949
    },
    "member10": {
        "u": 4.014901250362634,
        "v": 6.926445994556123,
        "num_eddy": 8.997997432758778,
        "max(vorticity)": 2.5860115278469706,
        "max(diameter)": 0.30205469293632325
    },
    "member11": {
        "u": 3.7991935141443376,
        "v": 3.713564282198003,
        "num_eddy": 0.8991757707979242,
        "max(vorticity)": 1.222441963993084,
        "max(diameter)": 8.044636471321624
    },
    "member12": {
        "u": 3.3296669564872197,
        "v": 6.248418393710446,
        "num_eddy": 6.4718232891705885,
        "max(vorticity)": 6.591285468814775,
        "max(diameter)": 2.1667432322592592
    },
    "member13": {
        "u": 0.22328890642868804,
        "v": 7.336971412293619,
        "num_eddy": 7.047282350360787,
        "max(vorticity)": 2.017621558298024,
        "max(diameter)": 2.4900953207678933
    },
    "member14": {
        "u": 1.6867368562768326,
        "v": 3.578669871712762,
        "num_eddy": 0.5647800987966545,
        "max(vorticity)": 1.8979277790672455,
        "max(diameter)": 9.29758741590051
    },
    "member15": {
        "u": 8.370955498434297,
        "v": 7.520840335268945,
        "num_eddy": 9.398465375085577,
        "max(vorticity)": 0.06277871760582254,
        "max(diameter)": 8.039079807488388
    },
    "member16": {
        "u": 3.7599981243215286,
        "v": 8.549890715913168,
        "num_eddy": 7.706924829575128,
        "max(vorticity)": 4.853169772079172,
        "max(diameter)": 0.8108254696019357
    },
    "member17": {
        "u": 9.013153716251646,
        "v": 8.858826221028727,
        "num_eddy": 4.884865941569211,
        "max(vorticity)": 3.835480162410234,
        "max(diameter)": 4.089666598674286
    },
    "member18": {
        "u": 3.4196578324120863,
        "v": 0.17806735881385816,
        "num_eddy": 4.978562609436707,
        "max(vorticity)": 1.4355958754725717,
        "max(diameter)": 6.286501144875107
    },
    "member19": {
        "u": 8.48381701824475,
        "v": 0.4312922998530133,
        "num_eddy": 3.566848981234232,
        "max(vorticity)": 3.864933769526464,
        "max(diameter)": 0.9086618372786559
    },
    "member20": {
        "u": 7.609012056795864,
        "v": 8.933364750745925,
        "num_eddy": 1.4526510003787674,
        "max(vorticity)": 4.895095446800647,
        "max(diameter)": 0.024991698368482806
    },
    "member21": {
        "u": 7.884361498419519,
        "v": 6.599572631053915,
        "num_eddy": 9.355318372503847,
        "max(vorticity)": 1.233061226534815,
        "max(diameter)": 7.3127407388047905
    },
    "member22": {
        "u": 8.879102023242796,
        "v": 7.6689502170192805,
        "num_eddy": 0.1824952164851268,
        "max(vorticity)": 1.3616184997456227,
        "max(diameter)": 2.5851319594325437
    },
    "member23": {
        "u": 6.775587682730771,
        "v": 8.93270714193896,
        "num_eddy": 3.6903947489142452,
        "max(vorticity)": 6.961414714170447,
        "max(diameter)": 2.4106250474487667
    },
    "member24": {
        "u": 6.745839984352326,
        "v": 7.589779677051522,
        "num_eddy": 5.298877140286248,
        "max(vorticity)": 0.2265186416642595,
        "max(diameter)": 1.494655859248284
    },
    "member25": {
        "u": 6.400574292545407,
        "v": 2.4353474587984114,
        "num_eddy": 8.739431183147717,
        "max(vorticity)": 4.411440395710688,
        "max(diameter)": 9.32147501041171
    },
    "member26": {
        "u": 1.5939244718084289,
        "v": 9.325126681811051,
        "num_eddy": 6.035332280382861,
        "max(vorticity)": 7.033787027214271,
        "max(diameter)": 0.24343790081989725
    },
    "member27": {
        "u": 6.069533213214209,
        "v": 3.564360564052824,
        "num_eddy": 0.225169724557428,
        "max(vorticity)": 7.788972678459919,
        "max(diameter)": 0.16979107207870547
    },
    "member28": {
        "u": 2.75642294265856,
        "v": 1.561451673810832,
        "num_eddy": 0.7884405108691972,
        "max(vorticity)": 6.574792213834414,
        "max(diameter)": 0.8511394199491973
    },
    "member29": {
        "u": 7.936353312806874,
        "v": 0.7339035103217162,
        "num_eddy": 5.509935468002974,
        "max(vorticity)": 5.452449778258531,
        "max(diameter)": 6.525579519814672
    },
    "member30": {
        "u": 1.2901190236978677,
        "v": 7.829732017502241,
        "num_eddy": 6.576618739579474,
        "max(vorticity)": 6.005343948470685,
        "max(diameter)": 0.1971470758175975
    },
    "member31": {
        "u": 1.0784188471997358,
        "v": 9.404859576710017,
        "num_eddy": 6.829350576206833,
        "max(vorticity)": 4.0634860858668675,
        "max(diameter)": 2.577726686943497
    },
    "member32": {
        "u": 3.9520215859811447,
        "v": 7.260371479597069,
        "num_eddy": 1.0423577845418497,
        "max(vorticity)": 4.014530603090939,
        "max(diameter)": 7.754736791141732
    },
    "member33": {
        "u": 7.0953911363773425,
        "v": 2.8804655364765885,
        "num_eddy": 6.884024411793264,
        "max(vorticity)": 4.941507718190849,
        "max(diameter)": 7.105892569748301
    },
    "member34": {
        "u": 1.01536644553324,
        "v": 0.3972598084678014,
        "num_eddy": 8.681340541187309,
        "max(vorticity)": 8.564769071472151,
        "max(diameter)": 7.439465946410481
    },
    "member35": {
        "u": 2.6675322005964732,
        "v": 1.9947923106170729,
        "num_eddy": 8.680629039182467,
        "max(vorticity)": 4.068870433266966,
        "max(diameter)": 5.313076919065098
    },
    "member36": {
        "u": 1.8441567746576437,
        "v": 3.769999385051559,
        "num_eddy": 7.842886037917934,