{
    "member1": {
        "u": 7.404410975460421,
        "v": 1.532119960714473,
        "num_eddy": 8.639889686939226,
        "max(vorticity)": 7.871479448301992,
        "max(diameter)": 4.899114980483986
    },
    "member2": {
        "u": 2.180816400949438,
        "v": 8.822989932912591,
        "num_eddy": 1.074597546767656,
        "max(vorticity)": 4.065409761713253,
        "max(diameter)": 7.256609001223165
    },
    "member3": {
        "u": 0.29062201369047025,
        "v": 4.862156428378654,
        "num_eddy": 5.038552777850817,
        "max(vorticity)": 9.101498210484461,
        "max(diameter)": 1.4229019835060541
    },
    "member4": {
        "u": 5.846659009882627,
        "v": 2.9906160968951037,
        "num_eddy": 8.453843516122637,
        "max(vorticity)": 3.9337203957160383,
        "max(diameter)": 9.953740488502921
    },
    "member5": {
        "u": 5.904848899670348,
        "v": 0.6138622591470344,
        "num_eddy": 2.4120438727124807,
        "max(vorticity)": 1.1642462179438662,
        "max(diameter)": 8.176366637771228
    },
    "member6": {
        "u": 4.869979390215365,
        "v": 2.5953661756035897,
        "num_eddy": 9.912124780221484,
        "max(vorticity)": 9.339019868557049,
        "max(diameter)": 4.785249051675807
    },
    "member7": {
        "u": 1.7707885766949794,
        "v": 3.5888391381748197,
        "num_eddy": 5.578270743571357,
        "max(vorticity)": 4.882046990715433,
        "max(diameter)": 0.7285859217627788
    },
    "member8": {
        "u": 8.242120206456901,
        "v": 2.7083962684603646,
        "num_eddy": 5.449299560150791,
        "max(vorticity)": 4.322692716760253,
        "max(diameter)": 7.468307639349858
    },
    "member9": {
        "u": 1.9723473482258713,
        "v": 7.530613649591293,
        "num_eddy": 4.115711504735037,
        "max(vorticity)": 0.7909266431278128,
        "max(diameter)": 9.78529289103037
    },
    "member10": {
        "u": 2.6651238988057346,
        "v": 8.406904400251733,
        "num_eddy": 7.408789930769855,
        "max(vorticity)": 6.226765373753146,
        "max(diameter)": 8.806945215324017
    },
    "member11": {
        "u": 3.4912341724693787,
        "v": 1.6094235438416316,
        "num_eddy": 9.931998397633835,
        "max(vorticity)": 3.106212251146366,
        "max(diameter)": 8.616672157328068
    },
    "member12": {
        "u": 6.611263340980393,
        "v": 0.4557217532322311,
        "num_eddy": 1.2692249426052282,
        "max(vorticity)": 8.23921585924786,
        "max(diameter)": 0.25247555727458737
    },
    "member13": {
        "u": 7.762398996164751,
        "v": 5.347019724537265,
        "num_eddy": 5.6955357802674245,
        "max(vorticity)": 5.851347124413858,
        "max(diameter)": 3.777519434395713
    },
    "member14": {
        "u": 2.0893964715285254,
        "v": 5.969602689298553,
        "num_eddy": 4.764146303761898,
        "max(vorticity)": 8.026452166199093,
        "max(diameter)": 4.833615719992372
    },
    "member15": {
        "u": 5.661478020122033,
        "v": 9.421446662926709,
        "num_eddy": 2.6935070696885797,
        "max(vorticity)": 2.627142647111814,
        "max(diameter)": 0.1824201639100198
    },
    "member16": {
        "u": 4.545739737477995,
        "v": 5.267523912006416,
        "num_eddy": 5.591686615847557,
        "max(vorticity)": 7.145684659104602,
        "max(diameter)": 6.567746444927046
    },
    "member17": {
        "u": 2.315112941790013,
        "v": 0.41501289110526085,
        "num_eddy": 8.046337768667087,
        "max(vorticity)": 0.9391247737125186,
        "max(diameter)": 8.837637987787119
    },
    "member18": {
        "u": 2.342885350948294,
        "v": 3.2972916482695624,
        "num_eddy": 4.932629736838291,
        "max(vorticity)": 7.608307065171324,
        "max(diameter)": 1.8808187382001185
    },
    "member19": {
        "u": 4.0090734193494395,
        "v": 6.3406007337459585,
        "num_eddy": 6.927773532431804,
        "max(vorticity)": 8.295378577708814,
        "max(diameter)": 1.7726008927679648
    },
    "member20": {
        "u": 0.6958918845538697,
        "v": 5.843011723590994,
        "num_eddy": 1.414562030556893,
        "max(vorticity)": 3.671044476914548,
        "max(diameter)": 8.903146998008836
    },
    "member21": {
        "u": 7.42938071607337,
        "v": 5.032814311872985,
        "num_eddy": 6.193603060741559,
        "max(vorticity)": 9.60252580213725,
        "max(diameter)": 7.858418359553979
    },
    "member22": {
        "u": 7.214064644186582,
        "v": 5.314582843872112,
        "num_eddy": 8.602563366690337,
        "max(vorticity)": 6.082390268881954,
        "max(diameter)": 7.8526310028197175
    },
    "member23": {
        "u": 9.0761819940435,
        "v": 4.149864928586985,
        "num_eddy": 7.716382153248663,
        "max(vorticity)": 7.17037026481517,
        "max(diameter)": 9.603188129821213
    },
    "member24": {
        "u": 6.398502666957636,
        "v": 4.8074066153731545,
        "num_eddy": 1.781879713605562,
        "max(vorticity)": 7.299444884008997,
        "max(diameter)": 7.017738397201595
    },
    "member25": {
        "u": 0.4637664105582151,
        "v": 5.100858487535951,
        "num_eddy": 8.185432915011067,
        "max(vorticity)": 6.828531597972632,
        "max(diameter)": 9.792929383195192
    },
    "member26": {
        "u": 2.2425944743530346,
        "v": 5.296036062238417,
        "num_eddy": 7.397437892872657,
        "max(vorticity)": 5.801182027599764,
        "max(diameter)": 0.7223296614191843
    },
    "member27": {
        "u": 1.6237073062790064,
        "v": 5.660791608880248,
        "num_eddy": 7.863750742837935,
        "max(vorticity)": 7.118611866133256,
        "max(diameter)": 6.137232630709429
    },
    "member28": {
        "u": 5.746041414354613,
        "v": 0.08557688193263524,
        "num_eddy": 4.18212919383641,
        "max(vorticity)": 6.590361588369854,
        "max(diameter)": 6.080046903397358
    },
    "member29": {
        "u": 2.624011053535847,
        "v": 7.29608745967438,
        "num_eddy": 5.912941652026293,
        "max(vorticity)": 0.6989948451324868,
        "max(diameter)": 2.275838347303182
    },
    "member30": {
        "u": 6.060794618497233,
        "v": 8.919013331264644,
        "num_eddy": 5.326689273131498,
        "max(vorticity)": 5.082070778943898,
        "max(diameter)": 5.889654710095822
    },
    "member31": {
        "u": 3.5008265223978308,
        "v": 5.223831625075547,
        "num_eddy": 4.163769802153351,
        "max(vorticity)": 0.9290821540806005,
        "max(diameter)": 6.113404611379769
    },
    "member32": {
        "u": 0.9527215199444738,
        "v": 5.061930924189947,
        "num_eddy": 0.12135147790684586,
        "max(vorticity)": 0.07283762789266124,
        "max(diameter)": 5.284261071811752
    },
    "member33": {
        "u": 5.910443989752606,
        "v": 7.46196326842174,
        "num_eddy": 1.8164236206868745,
        "max(vorticity)": 5.17198802988738,
        "max(diameter)": 3.7067297138382393
    },
    "member34": {
        "u": 3.6157884965829745,
        "v": 7.207910932881197,
        "num_eddy": 5.979432064006408,
        "max(vorticity)": 0.279640819596747,
        "max(diameter)": 7.398508371750609
    },
    "member35": {
        "u": 9.620179072312563,
        "v": 0.437472881717208,
        "num_eddy": 4.248905198204671,
        "max(vorticity)": 0.1368477660734846,
        "max(diameter)": 3.9987247679766558
    },
    "member36": {
        "u": 3.887047543540456,
        "v": 2.5648620988821214,
        "num_eddy": 0.9992139986886828,