{
    "member1": {
        "u": 9.354255096410482,
        "v": 5.701999181094925,
        "num_eddy": 0.8663438948994984,
        "max(vorticity)": 7.896122434850287,
        "max(diameter)": 6.692014607475714
    },
    "member2": {
        "u": 4.006801063273392,
        "v": 0.45917023481844454,
        "num_eddy": 1.2603688607370167,
        "max(vorticity)": 9.012438223719359,
        "max(diameter)": 3.702509619384281
    },
    "member3": {
        "u": 2.069094040905571,
        "v": 0.3783867770975191,
        "num_eddy": 1.3926661693442777,
        "max(vorticity)": 1.2075382272108115,
        "max(diameter)": 6.171038650198575
    },
    "member4": {
        "u": 3.5677434049638634,
        "v": 3.4856716785526576,
        "num_eddy": 0.7950198153628851,
        "max(vorticity)": 5.8418124864603165,
        "max(diameter)": 1.8836505203101594
    },
    "member5": {
        "u": 2.0781123414405966,
        "v": 2.959152092937228,
        "num_eddy": 4.312137001737659,
        "max(vorticity)": 5.741533499444145,
        "max(diameter)": 0.6419683920260788
    },
    "member6": {
        "u": 6.578871088467844,
        "v": 6.154114458467631,
        "num_eddy": 2.179317440943991,
        "max(vorticity)": 5.559280409793925,
        "max(diameter)": 2.00725348575019
    },
    "member7": {
        "u": 7.913073009750442,
        "v": 5.032764876304826,
        "num_eddy": 3.3654933795556485,
        "max(vorticity)": 3.154075766797421,
        "max(diameter)": 8.797338896847272
    },
    "member8": {
        "u": 2.356090913383805,
        "v": 1.1431086599459106,
        "num_eddy": 1.690873294553954,
        "max(vorticity)": 1.1762517649299564,
        "max(diameter)": 7.609315753739825
    },
    "member9": {
        "u": 0.8761201350308112,
        "v": 7.696247682348934,
        "num_eddy": 3.018908289837573,
        "max(vorticity)": 4.0685013893527335,
        "max(diameter)": 2.6410441865611034
    },
    "member10": {
        "u": 4.830293745793033,
        "v": 7.533291606037112,
        "num_eddy": 1.0764701975214908,
        "max(vorticity)": 1.8992205079631574,
        "max(diameter)": 5.720991014422197
    },
    "member11": {
        "u": 1.7142433131870427,
        "v": 8.640791181240283,
        "num_eddy": 0.060767876892703354,
        "max(vorticity)": 5.630218061403922,
        "max(diameter)": 4.564626031840153
    },
    "member12": {
        "u": 0.4476312653859815,
        "v": 8.997814679900607,
        "num_eddy": 7.6654706325733555,
        "max(vorticity)": 3.0998799144981417,
        "max(diameter)": 2.8614761286929227
    },
    "member13": {
        "u": 7.826015760068695,
        "v": 3.550297150848416,
        "num_eddy": 8.295618689861097,
        "max(vorticity)": 4.067193485337088,
        "max(diameter)": 3.354282753740705
    },
    "member14": {
        "u": 5.002576336407545,
        "v": 6.040465666063754,
        "num_eddy": 5.378420389861215,
        "max(vorticity)": 1.3849683446392358,
        "max(diameter)": 5.098010098813791
    },
    "member15": {
        "u": 4.625121009646753,
        "v": 9.403384068867771,
        "num_eddy": 4.797803435297826,
        "max(vorticity)": 1.3651907315995204,
        "max(diameter)": 2.241561198803689
    },
    "member16": {
        "u": 7.004642455545574,
        "v": 9.631506769371953,
        "num_eddy": 2.2170936760077753,
        "max(vorticity)": 1.5122018913985558,
        "max(diameter)": 6.896894843160128
    },
    "member17": {
        "u": 6.327921111959435,
        "v": 1.0053286559277175,
        "num_eddy": 8.446176280703645,
        "max(vorticity)": 7.884093765721081,
        "max(diameter)": 2.176409736769166
    },
    "member18": {
        "u": 7.757891510678913,
        "v": 3.843364683064375,
        "num_eddy": 0.9185286795055703,
        "max(vorticity)": 5.82526773061502,
        "max(diameter)": 4.18797578402653
    },
    "member19": {
        "u": 5.668218155343299,
        "v": 2.489083464889683,
        "num_eddy": 3.0546872545721007,
        "max(vorticity)": 2.5959526370782084,
        "max(diameter)": 9.155685432587399
    },
    "member20": {
        "u": 0.5511093293926528,
        "v": 3.6300239160614356,
        "num_eddy": 3.344509995978929,
        "max(vorticity)": 0.1854409559304182,
        "max(diameter)": 7.086529568172677
    },
    "member21": {
        "u": 9.200180909059215,
        "v": 3.019569612263342,
        "num_eddy": 9.517282879442005,
        "max(vorticity)": 2.3020220482772324,
        "max(diameter)": 9.433077065116606
    },
    "member22": {
        "u": 3.1156966331404936,
        "v": 9.573934891030781,
        "num_eddy": 0.7112624311349913,
        "max(vorticity)": 4.90256792360332,
        "max(diameter)": 4.505364035216134
    },
    "member23": {
        "u": 5.932288732031884,
        "v": 9.61385933336746,
        "num_eddy": 8.231288701732211,
        "max(vorticity)": 8.926329485539524,
        "max(diameter)": 1.108317147939919
    },
    "member24": {
        "u": 4.079008033013353,
        "v": 9.925153685623387,
        "num_eddy": 6.424928757717964,
        "max(vorticity)": 6.956996473422689,
        "max(diameter)": 2.828804863954889
    },
    "member25": {
        "u": 1.3570248358030323,
        "v": 3.0328125717638743,
        "num_eddy": 5.984468258237782,
        "max(vorticity)": 2.2533649715693436,
        "max(diameter)": 1.171271424519854
    },
    "member26": {
        "u": 7.838178875986611,
        "v": 9.428152200544366,
        "num_eddy": 2.7913506326004422,
        "max(vorticity)": 7.081334452329355,
        "max(diameter)": 1.2583543542062248
    },
    "member27": {
        "u": 2.2959283488427182,
        "v": 9.670747673842794,
        "num_eddy": 0.6526536186920617,
        "max(vorticity)": 8.68963360167285,
        "max(diameter)": 3.2235355245846598
    },
    "member28": {
        "u": 4.237278101911852,
        "v": 1.6392505095915022,
        "num_eddy": 5.637765330965614,
        "max(vorticity)": 4.180805712995317,
        "max(diameter)": 4.352371177870088
    },
    "member29": {
        "u": 0.6132716761775536,
        "v": 8.631157486348336,
        "num_eddy": 8.452308016712342,
        "max(vorticity)": 9.351144242736778,
        "max(diameter)": 8.138240310473432
    },
    "member30": {
        "u": 0.022902895391816447,
        "v": 8.448105069784543,
        "num_eddy": 0.9561190100039585,
        "max(vorticity)": 3.8345408889173727,
        "max(diameter)": 6.949737951643797
    },
    "member31": {
        "u": 8.499445282900242,
        "v": 6.532960459552207,
        "num_eddy": 0.011229951099446245,
        "max(vorticity)": 9.234508375905472,
        "max(diameter)": 8.376753761231768
    },
    "member32": {
        "u": 2.430772710385308,
        "v": 5.655190277998252,
        "num_eddy": 1.5851073722776865,
        "max(vorticity)": 5.547562631259493,
        "max(diameter)": 1.564752290913044
    },
    "member33": {
        "u": 9.187879725690424,
        "v": 9.250138528714025,
        "num_eddy": 6.635309841435509,
        "max(vorticity)": 4.089106649839119,
        "max(diameter)": 4.654361565091181
    },
    "member34": {
        "u": 6.024892520192616,
        "v": 6.857076821999856,
        "num_eddy": 8.46686517103879,
        "max(vorticity)": 0.2799778476718562,
        "max(diameter)": 8.553322837348677
    },
    "member35": {
        "u": 6.8183243720349065,
        "v": 5.541031271146979,
        "num_eddy": 9.681282116258437,
        "max(vorticity)": 6.532113674538312,
        "max(diameter)": 9.437586267570033
    },
    "member36": {
        "u": 4.549683249261846,
        "v": 5.750615040360866,
        "num_eddy": 3.518840047014411,