{
    "member1": {
        "u": 2.9823288853522714,
        "v": 8.802689618854998,
        "num_eddy": 5.368858591312053,
        "max(vorticity)": 9.29099149347349,
        "max(diameter)": 9.072427564280611
    },
    "member2": {
        "u": 4.313368379491601,
        "v": 5.306003526721474,
        "num_eddy": 6.947905977118002,
        "max(vorticity)": 9.057570786649828,
        "max(diameter)": 7.921101957454685
    },
    "member3": {
        "u": 6.494340477313729,
        "v": 2.666741841224267,
        "num_eddy": 8.529694765188255,
        "max(vorticity)": 5.176107481073988,
        "max(diameter)": 7.392831751851978
    },
    "member4": {
        "u": 6.937033865853884,
        "v": 2.3105288819542693,
        "num_eddy": 4.115888289453932,
        "max(vorticity)": 2.109654238369092,
        "max(diameter)": 4.904105218050084
    },
    "member5": {
        "u": 5.2655289724230006,
        "v": 2.7599405826424297,
        "num_eddy": 3.122323980548982,
        "max(vorticity)": 7.831231923141674,
        "max(diameter)": 0.5110187086622686
    },
    "member6": {
        "u": 2.2441558141744764,
        "v": 5.561300223864935,
        "num_eddy": 8.837444260714637,
        "max(vorticity)": 7.789463997294762,
        "max(diameter)": 2.5819398606345203
    },
    "member7": {
        "u": 5.449330439089866,
        "v": 6.550502407766375,
        "num_eddy": 0.498085739602806,
        "max(vorticity)": 7.934903000397612,
        "max(diameter)": 4.452669075296139
    },
    "member8": {
        "u": 2.0423049116831793,
        "v": 0.32381736060506316,
        "num_eddy": 1.028835720884539,
        "max(vorticity)": 1.5647577034379978,
        "max(diameter)": 2.939203286284494
    },
    "member9": {
        "u": 1.7279460280207282,
        "v": 4.084835236854537,
        "num_eddy": 0.9138409098314781,
        "max(vorticity)": 7.494028029758729,
        "max(diameter)": 4.789643738075076
    },
    "member10": {
        "u": 9.825180911616547,
        "v": 3.7438405685672316,
        "num_eddy": 3.142903585319817,
        "max(vorticity)": 0.5226035705956189,
        "max(diameter)": 1.3268799589029023
    },
    "member11": {
        "u": 9.536813913944767,
        "v": 5.895033600017586,
        "num_eddy": 5.749417231688014,
        "max(vorticity)": 9.604828303343037,
        "max(diameter)": 5.02803661376462
    },
    "member12": {
        "u": 0.17869519190002237,
        "v": 6.689019936237647,
        "num_eddy": 0.1805064969417458,
        "max(vorticity)": 2.5091122880647445,
        "max(diameter)": 6.3203021316289645
    },
    "member13": {
        "u": 6.83617438458797,
        "v": 0.17654031459912178,
        "num_eddy": 5.728180593787381,
        "max(vorticity)": 3.803022994593009,
        "max(diameter)": 1.0864100654857345
    },
    "member14": {
        "u": 3.8799956631246078,
        "v": 2.830308954510503,
        "num_eddy": 0.9792629199127567,
        "max(vorticity)": 6.914550827534928,
        "max(diameter)": 4.202378961800837
    },
    "member15": {
        "u": 0.9009614309000946,
        "v": 0.7804774812887227,
        "num_eddy": 0.3058761856594361,
        "max(vorticity)": 9.693891470954973,
        "max(diameter)": 9.19194270326163
    },
    "member16": {
        "u": 1.6907532078580434,
        "v": 1.1163156862692103,
        "num_eddy": 9.98981651060977,
        "max(vorticity)": 1.00640414762593,
        "max(diameter)": 0.5797762047940391
    },
    "member17": {
        "u": 0.9635370673874943,
        "v": 1.9833696283517288,
        "num_eddy": 0.32324016969795477,
        "max(vorticity)": 8.37743227881392,
        "max(diameter)": 5.403808450598458
    },
    "member18": {
        "u": 0.3121837796362237,
        "v": 4.884472284165339,
        "num_eddy": 4.9538441433864495,
        "max(vorticity)": 1.2764295657304248,
        "max(diameter)": 7.577946060432038
    },
    "member19": {
        "u": 3.701429670353613,
        "v": 3.9731746193344497,
        "num_eddy": 3.0101033107335184,
        "max(vorticity)": 1.6665368564492056,
        "max(diameter)": 1.059569089028104
    },
    "member20": {
        "u": 9.389226343033602,
        "v": 6.761076055587934,
        "num_eddy": 9.00108259167639,
        "max(vorticity)": 9.867655366881639,
        "max(diameter)": 4.293590785681464
    },
    "member21": {
        "u": 4.599084990420863,
        "v": 9.92257701151724,
        "num_eddy": 5.773985499518119,
        "max(vorticity)": 6.918102858694955,
        "max(diameter)": 8.356771731654911
    },
    "member22": {
        "u": 8.704043681027922,
        "v": 1.4335078241929533,
        "num_eddy": 5.725760807945218,
        "max(vorticity)": 5.845733675310618,
        "max(diameter)": 8.155114258223431
    },
    "member23": {
        "u": 6.644695751071026,
        "v": 8.301500286737822,
        "num_eddy": 2.633821600157545,
        "max(vorticity)": 3.1893254921786527,
        "max(diameter)": 7.9289965561118105
    },
    "member24": {
        "u": 2.0469762516780143,
        "v": 6.725200888237484,
        "num_eddy": 9.787852381246326,
        "max(vorticity)": 8.991903455813604,
        "max(diameter)": 2.3433690892657055
    },
    "member25": {
        "u": 8.484849231296955,
        "v": 7.0347096871978865,
        "num_eddy": 8.947959626305106,
        "max(vorticity)": 8.49978105400456,
        "max(diameter)": 0.520835050954721
    },
    "member26": {
        "u": 4.288751103898125,
        "v": 8.518785426599946,
        "num_eddy": 4.715991803813113,
        "max(vorticity)": 2.779622096009391,
        "max(diameter)": 9.864187302239216
    },
    "member27": {
        "u": 2.9377156894256085,
        "v": 4.827974586535516,
        "num_eddy": 7.625181608866054,
        "max(vorticity)": 8.844320622970407,
        "max(diameter)": 5.7539486198339365
    },
    "member28": {
        "u": 4.410759892422455,
        "v": 8.897441879430685,
        "num_eddy": 1.225486696436675,
        "max(vorticity)": 4.781226350987206,
        "max(diameter)": 9.456014305944253
    },
    "member29": {
        "u": 4.291692848764521,
        "v": 1.5775908402879135,
        "num_eddy": 2.2024796634606822,
        "max(vorticity)": 7.7048190087027,
        "max(diameter)": 8.370089059356863
    },
    "member30": {
        "u": 9.411288846711084,
        "v": 5.202430618959678,
        "num_eddy": 6.344140602709024,
        "max(vorticity)": 3.011546788863877,
        "max(diameter)": 4.233222029589156
    },
    "member31": {
        "u": 1.5702150955498873,
        "v": 6.023798617585002,
        "num_eddy": 0.7598533716373324,
        "max(vorticity)": 2.2889390929287945,
        "max(diameter)": 8.037752535396086
    },
    "member32": {
        "u": 2.999248167842554,
        "v": 1.6608401886463042,
        "num_eddy": 6.756520105860586,
        "max(vorticity)": 5.463002519289094,
        "max(diameter)": 8.798533048793987
    },
    "member33": {
        "u": 7.694816222972022,
        "v": 8.420338794448961,
        "num_eddy": 7.8123709256963645,
        "max(vorticity)": 5.039264567767043,
        "max(diameter)": 5.577568574455873
    },
    "member34": {
        "u": 8.70954474337533,
        "v": 6.8327752803667625,
        "num_eddy": 8.315866241403075,
        "max(vorticity)": 6.045377174126168,
        "max(diameter)": 7.7343646710938065
    },
    "member35": {
        "u": 9.023815945345978,
        "v": 1.8640633116907468,
        "num_eddy": 0.035850179885169586,
        "max(vorticity)": 3.892944530933896,
        "max(diameter)": 7.906678548347401
    },
    "member36": {
        "u": 1.675342666664369,
        "v": 2.9734365853943725,
        "num_eddy": 2.5898001845678422,