{
    "member1": {
        "u": 8.17525011742365,
        "v": 7.050126955579458,
        "num_eddy": 0.4642923394333487,
        "max(vorticity)": 9.123458277100486,
        "max(diameter)": 8.939499749604906
    },
    "member2": {
        "u": 5.667162272138,
        "v": 8.371039834923636,
        "num_eddy": 9.564468606424555,
        "max(vorticity)": 1.2264977759841245,
        "max(diameter)": 9.311525880315344
    },
    "member3": {
        "u": 7.634791163375265,
        "v": 1.373374207891388,
        "num_eddy": 1.014788963312443,
        "max(vorticity)": 4.075249748770816,
        "max(diameter)": 4.7331883180297964
    },
    "member4": {
        "u": 8.312318502206875,
        "v": 2.8919811992220943,
        "num_eddy": 6.268937496450859,
        "max(vorticity)": 6.082014265983105,
        "max(diameter)": 4.417840504616012
    },
    "member5": {
        "u": 7.37144276729841,
        "v": 7.881328905172801,
        "num_eddy": 3.8717370093384638,
        "max(vorticity)": 7.892372004507892,
        "max(diameter)": 6.928646596857188
    },
    "member6": {
        "u": 0.9636620718361588,
        "v": 2.9140936720474295,
        "num_eddy": 4.450192067851628,
        "max(vorticity)": 2.1212377250560612,
        "max(diameter)": 0.6006263712998261
    },
    "member7": {
        "u": 7.439389752327415,
        "v": 8.932721853839313,
        "num_eddy": 8.375349709669038,
        "max(vorticity)": 2.3122110222070944,
        "max(diameter)": 4.272539743204752
    },
    "member8": {
        "u": 3.589554841762973,
        "v": 7.65922065124644,
        "num_eddy": 1.1966104818904,
        "max(vorticity)": 6.728051825413174,
        "max(diameter)": 7.719937618009942
    },
    "member9": {
        "u": 2.941496881335338,
        "v": 8.123952023883907,
        "num_eddy": 8.59831517460105,
        "max(vorticity)": 8.041255682558829,
        "max(diameter)": 7.00492455767022
    },
    "member10": {
        "u": 1.1895686291399743,
        "v": 9.106332872803053,
        "num_eddy": 5.104260689978455,
        "max(vorticity)": 5.016540650082767,
        "max(diameter)": 4.367662860737304
    },
    "member11": {
        "u": 4.39232760781239,
        "v": 9.374971514908482,
        "num_eddy": 7.700020054322909,
        "max(vorticity)": 5.3616128114598745,
        "max(diameter)": 8.487080490013422
    },
    "member12": {
        "u": 8.23587454586884,
        "v": 8.182449172192879,
        "num_eddy": 0.05564295547927367,
        "max(vorticity)": 8.73596053169309,
        "max(diameter)": 2.807772309548371
    },
    "member13": {
        "u": 4.210258679629657,
        "v": 2.602913904186787,
        "num_eddy": 9.017303176340262,
        "max(vorticity)": 4.665302951781526,
        "max(diameter)": 8.890552458264924
    },
    "member14": {
        "u": 5.5013094693089135,
        "v": 9.492787879181883,
        "num_eddy": 3.8304494183285973,
        "max(vorticity)": 0.8579502358302216,
        "max(diameter)": 8.093289753030898
    },
    "member15": {
        "u": 2.2749937108356324,
        "v": 3.4757697582947813,
        "num_eddy": 2.961815488598498,
        "max(vorticity)": 3.182819456557995,
        "max(diameter)": 4.600330705742661
    },
    "member16": {
        "u": 9.509199127859807,
        "v": 3.1442748691444455,
        "num_eddy": 7.347292182205628,
        "max(vorticity)": 9.366626352517965,
        "max(diameter)": 0.2065651457642459
    },
    "member17": {
        "u": 2.395591523411067,
        "v": 6.7386459095065305,
        "num_eddy": 1.4637036311588991,
        "max(vorticity)": 4.41182494906617,
        "max(diameter)": 7.490572620533424
    },
    "member18": {
        "u": 0.5717077821170402,
        "v": 4.892342116205852,
        "num_eddy": 5.341492349181294,
        "max(vorticity)": 9.945499818196268,
        "max(diameter)": 0.0751953867101185
    },
    "member19": {
        "u": 6.204676439509623,
        "v": 0.8198040285851338,
        "num_eddy": 5.505150981393751,
        "max(vorticity)": 6.284009137671948,
        "max(diameter)": 7.346867565987565
    },
    "member20": {
        "u": 4.949506456314593,
        "v": 9.127481046901927,
        "num_eddy": 2.4956514186749903,
        "max(vorticity)": 3.2375617645232566,
        "max(diameter)": 7.587973991855038
    },
    "member21": {
        "u": 7.481120936297452,
        "v": 1.11349898557498,
        "num_eddy": 4.331439429065686,
        "max(vorticity)": 0.7103194478742392,
        "max(diameter)": 6.926795204079409
    },
    "member22": {
        "u": 0.9501953948495934,
        "v": 7.3251392661060155,
        "num_eddy": 9.69511359870322,
        "max(vorticity)": 5.653982139088872,
        "max(diameter)": 6.944507121667587
    },
    "member23": {
        "u": 8.784905335910624,
        "v": 5.03871018178068,
        "num_eddy": 4.371765244934451,
        "max(vorticity)": 6.716300231407767,
        "max(diameter)": 0.6594174192985547
    },
    "member24": {
        "u": 4.183698452457269,
        "v": 8.185579488286944,
        "num_eddy": 6.178098106654769,
        "max(vorticity)": 3.172235662768179,
        "max(diameter)": 4.077911483216896
    },
    "member25": {
        "u": 2.255992714406502,
        "v": 2.294275246344287,
        "num_eddy": 2.9647890234581755,
        "max(vorticity)": 0.21823864253365577,
        "max(diameter)": 1.0233418678602846
    },
    "member26": {
        "u": 0.5883314659560113,
        "v": 7.1792887482711345,
        "num_eddy": 2.6542687945213284,
        "max(vorticity)": 8.62154341555845,
        "max(diameter)": 9.684887756053866
    },
    "member27": {
        "u": 6.691248977076093,
        "v": 9.97698013500412,
        "num_eddy": 0.5195367197270306,
        "max(vorticity)": 6.330708789841609,
        "max(diameter)": 3.9099119669144056
    },
    "member28": {
        "u": 2.926507888636023,
        "v": 4.397360379809002,
        "num_eddy": 1.1382673727122061,
        "max(vorticity)": 4.674926033457578,
        "max(diameter)": 6.003639040930155
    },
    "member29": {
        "u": 8.758339031922128,
        "v": 7.0385422944138,
        "num_eddy": 7.790465819438719,
        "max(vorticity)": 1.8865992602297554,
        "max(diameter)": 7.212114200040858
    },
    "member30": {
        "u": 0.2008366601696776,
        "v": 4.669230494061498,
        "num_eddy": 5.2702485834407184,
        "max(vorticity)": 7.13177466026329,
        "max(diameter)": 6.4589587115659
    },
    "member31": {
        "u": 7.34720365612632,
        "v": 8.10185197630824,
        "num_eddy": 8.635022622495622,
        "max(vorticity)": 3.978348541533503,
        "max(diameter)": 4.775208390859688
    },
    "member32": {
        "u": 7.870159162211275,
        "v": 6.20039606661122,
        "num_eddy": 5.682456675735308,
        "max(vorticity)": 7.098812182957749,
        "max(diameter)": 7.736551001215494
    },
    "member33": {
        "u": 2.8824745356500383,
        "v": 6.134799062280598,
        "num_eddy": 3.4302543607854528,
        "max(vorticity)": 9.329415970219898,
        "max(diameter)": 2.9681912880884376
    },
    "member34": {
        "u": 0.632957360515426,
        "v": 5.1128261985183565,
        "num_eddy": 6.217553887225304,
        "max(vorticity)": 1.9303975249385386,
        "max(diameter)": 2.7658601836822436
    },
    "member35": {
        "u": 3.8061448527317268,
        "v": 3.8872859792739334,
        "num_eddy": 8.547431361382218,
        "max(vorticity)": 0.3395613759462446,
        "max(diameter)": 6.494139949030194
    },
    "member36": {
        "u": 4.983658096381999,
        "v": 5.446171724608964,
        "num_eddy": 3.7817122398101044,
        "max(vorticity)": 5.238259116702045,