{
    "member1": {
        "u": 7.735392893140248,
        "v": 2.763633895820654,
        "num_eddy": 5.467743912905969,
        "max(vorticity)": 6.194405193640451,
        "max(diameter)": 7.2869750128956206
    },
    "member2": {
        "u": 4.280096381996394,
        "v": 3.927504296975317,
        "num_eddy": 5.848901441430772,
        "max(vorticity)": 6.6939326652638895,
        "max(diameter)": 1.8809122736040818
    },
    "member3": {
        "u": 4.1386410574912516,
        "v": 5.452772506382386,
        "num_eddy": 4.444342627746596,
        "max(vorticity)": 3.479397630598,
        "max(diameter)": 3.0202480495852235
    },
    "member4": {
        "u": 1.4795537673813242,
        "v": 8.949811196517132,
        "num_eddy": 0.9794066422484671,
        "max(vorticity)": 4.358295388259583,
        "max(diameter)": 0.016856516515326714
    },
    "member5": {
        "u": 7.429836454189034,
        "v": 9.312720555063743,
        "num_eddy": 2.8834982343452076,
        "max(vorticity)": 4.482412482107772,
        "max(diameter)": 6.352961411096158
    },
    "member6": {
        "u": 1.2661155771239985,
        "v": 4.8441366505179415,
        "num_eddy": 0.32404472869284606,
        "max(vorticity)": 9.73293055010436,
        "max(diameter)": 6.538368639851115
    },
    "member7": {
        "u": 5.572349228090837,
        "v": 7.42127107412302,
        "num_eddy": 0.2853244210190342,
        "max(vorticity)": 4.321694871110902,
        "max(diameter)": 7.695761525132708
    },
    "member8": {
        "u": 7.235515591369126,
        "v": 7.214225587175839,
        "num_eddy": 5.93463328856422,
        "max(vorticity)": 5.826636163943068,
        "max(diameter)": 2.279795775472161
    },
    "member9": {
        "u": 8.805077560305286,
        "v": 2.880413330640529,
        "num_eddy": 5.983506776422441,
        "max(vorticity)": 6.3981860743662615,
        "max(diameter)": 6.560094031982361
    },
    "member10": {
        "u": 3.6476560663389037,
        "v": 7.859835817836226,
        "num_eddy": 2.9418905456089006,
        "max(vorticity)": 3.72061038078456,
        "max(diameter)": 7.819312703314992
    },
    "member11": {
        "u": 3.488725012853152,
        "v": 4.249156593754609,
        "num_eddy": 0.9501045070268899,
        "max(vorticity)": 8.629787095271057,
        "max(diameter)": 1.2552426746528011
    },
    "member12": {
        "u": 1.9158201179677348,
        "v": 5.961326773168976,
        "num_eddy": 1.8529965907733126,
        "max(vorticity)": 8.077244300359885,
        "max(diameter)": 3.841803837207576
    },
    "member13": {
        "u": 5.232592333588057,
        "v": 3.4735963478453424,
        "num_eddy": 0.032226667040546886,
        "max(vorticity)": 9.935329463964237,
        "max(diameter)": 7.026533051244921
    },
    "member14": {
        "u": 9.926437602265826,
        "v": 7.472992363981483,
        "num_eddy": 4.533250492810119,
        "max(vorticity)": 0.7468650320160641,
        "max(diameter)": 2.9790780104354395
    },
    "member15": {
        "u": 2.236571267325206,
        "v": 2.5582233035481083,
        "num_eddy": 1.9184605881708916,
        "max(vorticity)": 8.087891691360245,
        "max(diameter)": 1.9003338471717823
    },
    "member16": {
        "u": 9.401272138838415,
        "v": 4.417999823972007,
        "num_eddy": 4.59018867630406,
        "max(vorticity)": 2.256713128828356,
        "max(diameter)": 5.179148990394667
    },
    "member17": {
        "u": 2.4898452047236663,
        "v": 3.2984437860920135,
        "num_eddy": 7.336393036128662,
        "max(vorticity)": 0.37655118328834836,
        "max(diameter)": 1.8028472358856118
    },
    "member18": {
        "u": 1.1458214310548054,
        "v": 1.0458239978247985,
        "num_eddy": 5.03994854350757,
        "max(vorticity)": 0.991193698894639,
        "max(diameter)": 5.082557831553691
    },
    "member19": {
        "u": 3.30439658033304,
        "v": 8.911700511078234,
        "num_eddy": 4.879377091377312,
        "max(vorticity)": 0.6554647243363154,
        "max(diameter)": 0.04168497294694373
    },
    "member20": {
        "u": 1.3759756312257476,
        "v": 9.91903255700762,
        "num_eddy": 1.3834256759023267,
        "max(vorticity)": 2.82191356523895,
        "max(diameter)": 8.42010825028251
    },
    "member21": {
        "u": 7.0133300547879465,
        "v": 9.095551827350928,
        "num_eddy": 9.428303258967834,
        "max(vorticity)": 3.3017794357695998,
        "max(diameter)": 7.940168666555567
    },
    "member22": {
        "u": 6.109106917314477,
        "v": 2.317025169249373,
        "num_eddy": 9.685600655567038,
        "max(vorticity)": 8.375490952697952,
        "max(diameter)": 6.743004336020466
    },
    "member23": {
        "u": 2.097647329542427,
        "v": 3.0956212954844355,
        "num_eddy": 6.628728117968187,
        "max(vorticity)": 6.449337906171602,
        "max(diameter)": 9.694135009990067
    },
    "member24": {
        "u": 8.246399753452213,
        "v": 5.7913294873232015,
        "num_eddy": 8.606984012693937,
        "max(vorticity)": 8.08420340631233,
        "max(diameter)": 5.287511203480739
    },
    "member25": {
        "u": 3.0236221131352337,
        "v": 2.5084419296957536,
        "num_eddy": 7.903315903567471,
        "max(vorticity)": 8.926174653251522,
        "max(diameter)": 5.544408600231697
    },
    "member26": {
        "u": 5.493420971832755,
        "v": 0.4240619408673396,
        "num_eddy": 2.637026102171701,
        "max(vorticity)": 7.9074329218198,
        "max(diameter)": 4.016549606620733
    },
    "member27": {
        "u": 0.4463387572229949,
        "v": 4.154321483383969,
        "num_eddy": 0.5020853749509135,
        "max(vorticity)": 8.792084812393938,
        "max(diameter)": 9.6997321257092
    },
    "member28": {
        "u": 6.1664829559084655,
        "v": 2.817924931397954,
        "num_eddy": 7.708375010609466,
        "max(vorticity)": 2.881778161858838,
        "max(diameter)": 2.3238217486572865
    },
    "member29": {
        "u": 5.560637549637014,
        "v": 9.022973281391106,
        "num_eddy": 8.351082173056593,
        "max(vorticity)": 5.981574985960858,
        "max(diameter)": 2.73902120995303
    },
    "member30": {
        "u": 2.8678513455552324,
        "v": 3.2028068628839734,
        "num_eddy": 1.982639711308738,
        "max(vorticity)": 5.276590754997654,
        "max(diameter)": 9.030023468772308
    },
    "member31": {
        "u": 4.657565840523423,
        "v": 0.8553397629957382,
        "num_eddy": 7.4621337257300615,
        "max(vorticity)": 5.340251867279565,
        "max(diameter)": 6.604219620577451
    },
    "member32": {
        "u": 5.113200613764692,
        "v": 7.350600411077977,
        "num_eddy": 8.534257001674614,
        "max(vorticity)": 2.025825177415949,
        "max(diameter)": 3.6429878534433238
    },
    "member33": {
        "u": 2.099585742993757,
        "v": 2.6843992354968407,
        "num_eddy": 7.045645576606054,
        "max(vorticity)": 4.531750166572351,
        "max(diameter)": 4.430300017041596
    },
    "member34": {
        "u": 2.58419187267294,
        "v": 3.1590635990578675,
        "num_eddy": 7.741407607388742,
        "max(vorticity)": 6.296283609326849,
        "max(diameter)": 3.606696323136921
    },
    "member35": {
        "u": 5.518720097498292,
        "v": 6.962362375477675,
        "num_eddy": 2.9338205778024404,
        "max(vorticity)": 1.9088599953853735,
        "max(diameter)": 6.978203100892777
    },
    "member36": {
        "u": 3.490113250959369,
        "v": 4.136673154681021,
        "num_eddy": 8.527636728332912,