{
    "member1": {
        "u": 1.6941949895969288,
        "v": 9.324363565061253,
        "num_eddy": 0.6881980373541319,
        "max(vorticity)": 0.1454686802912497,
        "max(diameter)": 7.240323376265029
    },
    "member2": {
        "u": 6.290583523370575,
        "v": 4.909525866459367,
        "num_eddy": 4.912197814802236,
        "max(vorticity)": 4.938597145396232,
        "max(diameter)": 7.471090765301249
    },
    "member3": {
        "u": 7.895389418100138,
        "v": 7.618258438162063,
        "num_eddy": 6.845338175557312,
        "max(vorticity)": 0.8829529749536147,
        "max(diameter)": 7.348012291214179
    },
    "member4": {
        "u": 2.546486413999939,
        "v": 7.641815659903644,
        "num_eddy": 5.192706850571703,
        "max(vorticity)": 2.543010683787854,
        "max(diameter)": 8.548164460490772
    },
    "member5": {
        "u": 7.835540341978558,
        "v": 6.983254266249618,
        "num_eddy": 2.4124049825074367,
        "max(vorticity)": 3.1975359110089197,
        "max(diameter)": 5.588012452955237
    },
    "member6": {
        "u": 9.195015151250793,
        "v": 2.500882976235924,
        "num_eddy": 8.525142958913314,
        "max(vorticity)": 1.9278094804917267,
        "max(diameter)": 6.097722293946863
    },
    "member7": {
        "u": 5.3998210548620005,
        "v": 5.378386406275187,
        "num_eddy": 3.7696905806567713,
        "max(vorticity)": 7.361452287232606,
        "max(diameter)": 3.361948825266693
    },
    "member8": {
        "u": 9.287507872908964,
        "v": 6.141558280020011,
        "num_eddy": 8.187987353606246,
        "max(vorticity)": 2.393460522325758,
        "max(diameter)": 1.7052177737703644
    },
    "member9": {
        "u": 1.2894783741870042,
        "v": 8.502846312386106,
        "num_eddy": 3.5229359404990013,
        "max(vorticity)": 4.244467430696524,
        "max(diameter)": 9.66198380929912
    },
    "member10": {
        "u": 5.016958013906634,
        "v": 8.299646655418169,
        "num_eddy": 5.53498675677528,
        "max(vorticity)": 3.8983530951687086,
        "max(diameter)": 5.21155804162306
    },
    "member11": {
        "u": 2.536298243620908,
        "v": 6.1035978269160545,
        "num_eddy": 5.864574319063252,
        "max(vorticity)": 8.457529385100273,
        "max(diameter)": 9.521807436337351
    },
    "member12": {
        "u": 1.508992601166147,
        "v": 7.3658161879965265,
        "num_eddy": 7.215616773041747,
        "max(vorticity)": 2.600071468809247,
        "max(diameter)": 6.1710709745940475
    },
    "member13": {
        "u": 2.4802114089375884,
        "v": 4.808041830631009,
        "num_eddy": 8.177652263808763,
        "max(vorticity)": 1.6632276843059923,
        "max(diameter)": 8.359368109720497
    },
    "member14": {
        "u": 2.835884857013812,
        "v": 7.467118023454118,
        "num_eddy": 9.54359259791175,
        "max(vorticity)": 9.979200286337525,
        "max(diameter)": 8.446985548506008
    },
    "member15": {
        "u": 2.964863859768373,
        "v": 4.424448885532795,
        "num_eddy": 7.3003249839453215,
        "max(vorticity)": 6.76491928251732,
        "max(diameter)": 6.497163282259464
    },
    "member16": {
        "u": 1.1235952064957788,
        "v": 3.9146445923974396,
        "num_eddy": 2.4601304038817764,
        "max(vorticity)": 9.842135254259542,
        "max(diameter)": 3.229530848608265
    },
    "member17": {
        "u": 3.4331417647787177,
        "v": 8.424124351341876,
        "num_eddy": 9.61509590904142,
        "max(vorticity)": 4.756396879067052,
        "max(diameter)": 3.2641325938753463
    },
    "member18": {
        "u": 8.103932633530068,
        "v": 4.02705397036515,
        "num_eddy": 7.104302403637151,
        "max(vorticity)": 4.782764638754956,
        "max(diameter)": 4.176233652174744
    },
    "member19": {
        "u": 9.540172231856825,
        "v": 8.008306465897746,
        "num_eddy": 6.071128768964317,
        "max(vorticity)": 5.564413867214459,
        "max(diameter)": 8.802821637998298
    },
    "member20": {
        "u": 5.0059256703365085,
        "v": 3.9055479746670843,
        "num_eddy": 2.346541187092747,
        "max(vorticity)": 7.99820228014811,
        "max(diameter)": 7.002229567190707
    },
    "member21": {
        "u": 4.429838884239775,
        "v": 6.262810875251717,
        "num_eddy": 8.568899755852446,
        "max(vorticity)": 0.12835191371082466,
        "max(diameter)": 1.363286297971592
    },
    "member22": {
        "u": 2.509849755485223,
        "v": 9.790577548512264,
        "num_eddy": 7.0702882859688145,
        "max(vorticity)": 7.118732804229545,
        "max(diameter)": 1.428708157561871
    },
    "member23": {
        "u": 5.539447767462588,
        "v": 0.4011306104296408,
        "num_eddy": 0.4627261611585043,
        "max(vorticity)": 9.75838691264711,
        "max(diameter)": 2.822771125895488
    },
    "member24": {
        "u": 1.6563253168192837,
        "v": 1.8172374832606364,
        "num_eddy": 6.851698541627858,
        "max(vorticity)": 0.6393517132409732,
        "max(diameter)": 0.5533770131882076
    },
    "member25": {
        "u": 2.837931848802958,
        "v": 5.883200023352719,
        "num_eddy": 5.471327287630943,
        "max(vorticity)": 3.728603708916556,
        "max(diameter)": 8.171205283858802
    },
    "member26": {
        "u": 7.877173615418558,
        "v": 9.627572764694113,
        "num_eddy": 6.695896338618528,
        "max(vorticity)": 3.5888150736223876,
        "max(diameter)": 5.852353588777907
    },
    "member27": {
        "u": 6.310109759936818,
        "v": 2.3292367120497772,
        "num_eddy": 5.198606637408894,
        "max(vorticity)": 6.924656933914005,
        "max(diameter)": 7.585318550444602
    },
    "member28": {
        "u": 1.8556255166842517,
        "v": 9.916559913614845,
        "num_eddy": 5.867023244728912,
        "max(vorticity)": 1.2386827147857282,
        "max(diameter)": 3.359350531988224
    },
    "member29": {
        "u": 2.55972434673142,
        "v": 6.791245787567982,
        "num_eddy": 1.0359699931659738,
        "max(vorticity)": 1.4395956101198193,
        "max(diameter)": 1.8157394224611967
    },
    "member30": {
        "u": 0.8103783342471871,
        "v": 0.0667316563641418,
        "num_eddy": 4.713899175165109,
        "max(vorticity)": 7.5935217296176525,
        "max(diameter)": 6.608130233009202
    },
    "member31": {
        "u": 5.093613369327904,
        "v": 5.167362176299852,
        "num_eddy": 4.014134971396932,
        "max(vorticity)": 8.609856885305856,
        "max(diameter)": 6.421852352221746
    },
    "member32": {
        "u": 9.844810671186414,
        "v": 8.775699022973967,
        "num_eddy": 8.672683121492586,
        "max(vorticity)": 5.157748342876038,
        "max(diameter)": 9.381501497884589
    },
    "member33": {
        "u": 4.752124134912932,
        "v": 5.336145484173107,
        "num_eddy": 2.4135553560180387,
        "max(vorticity)": 9.817412437640414,
        "max(diameter)": 4.769362132475559
    },
    "member34": {
        "u": 6.430001361088204,
        "v": 9.336031100747448,
        "num_eddy": 6.364273578901646,
        "max(vorticity)": 9.548116518074076,
        "max(diameter)": 5.612345037254914
    },
    "member35": {
        "u": 8.03787837598215,
        "v": 2.7031659205790404,
        "num_eddy": 6.605789581548365,
        "max(vorticity)": 4.978214449518074,
        "max(diameter)": 2.5581026831491083
    },
    "member36": {
        "u": 6.936220601778259,
        "v": 8.435575302356197,
        "num_eddy": 9.998458681976174,