{
    "member1": {
        "u": 4.150555688612235,
        "v": 6.39912862461215,
        "num_eddy": 8.068701281549986,
        "max(vorticity)": 8.38667516905568,
        "max(diameter)": 6.875249155750208
    },
    "member2": {
        "u": 8.731732373259877,
        "v": 8.885038498280032,
        "num_eddy": 3.783604597724554,
        "max(vorticity)": 0.27591691519696426,
        "max(diameter)": 6.9652976553576975
    },
    "member3": {
        "u": 6.842358905794715,
        "v": 8.346630770510208,
        "num_eddy": 1.3443560826070466,
        "max(vorticity)": 6.499412909660185,
        "max(diameter)": 0.9078240563355022
    },
    "member4": {
        "u": 0.4051753133066427,
        "v": 0.10128648563626497,
        "num_eddy": 3.170184341687171,
        "max(vorticity)": 5.616561139699607,
        "max(diameter)": 8.922884127302403
    },
    "member5": {
        "u": 3.1797331505261752,
        "v": 3.139846788019127,
        "num_eddy": 6.3268066908301615,
        "max(vorticity)": 7.187611952858012,
        "max(diameter)": 0.9023400515684865
    },
    "member6": {
        "u": 8.736950471935351,
        "v": 2.454233781829669,
        "num_eddy": 1.8867929574419517,
        "max(vorticity)": 9.85834964941708,
        "max(diameter)": 2.5360358197668975
    },
    "member7": {
        "u": 7.432211918279455,
        "v": 6.325812417039145,
        "num_eddy": 8.540383056600957,
        "max(vorticity)": 7.208055525512689,
        "max(diameter)": 2.9826192359076256
    },
    "member8": {
        "u": 4.823013676748858,
        "v": 6.024824336221808,
        "num_eddy": 1.4719815019955529,
        "max(vorticity)": 6.681173311366769,
        "max(diameter)": 3.5661454664182815
    },
    "member9": {
        "u": 0.5376871752960011,
        "v": 0.006887040796951238,
        "num_eddy": 2.5577027184260217,
        "max(vorticity)": 7.1491358529673,
        "max(diameter)": 4.85065303661025
    },
    "member10": {
        "u": 5.912481172577987,
        "v": 4.37646740111451,
        "num_eddy": 8.274305892990444,
        "max(vorticity)": 6.831435545065833,
        "max(diameter)": 6.736844976548445
    },
    "member11": {
        "u": 0.022502612763125596,
        "v": 4.464985615012718,
        "num_eddy": 3.6231319306692944,
        "max(vorticity)": 2.1433859558877133,
        "max(diameter)": 4.37527842970447
    },
    "member12": {
        "u": 8.258278215250561,
        "v": 9.38891374710906,
        "num_eddy": 4.266724919223392,
        "max(vorticity)": 6.169229070450054,
        "max(diameter)": 9.014421755052656
    },
    "member13": {
        "u": 6.83937190463224,
        "v": 4.756752810600691,
        "num_eddy": 9.06309231158434,
        "max(vorticity)": 6.596780868011896,
        "max(diameter)": 5.318916058475649
    },
    "member14": {
        "u": 8.380110517882978,
        "v": 7.9191366638694225,
        "num_eddy": 1.8394405256435054,
        "max(vorticity)": 4.8246499452578036,
        "max(diameter)": 6.941884555368496
    },
    "member15": {
        "u": 3.3015629023581305,
        "v": 4.184592300539311,
        "num_eddy": 7.74752895120834,
        "max(vorticity)": 2.3741100812470552,
        "max(diameter)": 9.202284907329533
    },
    "member16": {
        "u": 8.991667550204024,
        "v": 4.2636566447440725,
        "num_eddy": 8.06708949228823,
        "max(vorticity)": 0.049721202148620414,
        "max(diameter)": 5.106342386157282
    },
    "member17": {
        "u": 2.5266369816237635,
        "v": 6.907180717036812,
        "num_eddy": 4.395311054634881,
        "max(vorticity)": 0.7273158415629744,
        "max(diameter)": 8.471216390134067
    },
    "member18": {
        "u": 7.473392791215279,
        "v": 3.7923392015022284,
        "num_eddy": 6.2214701655904525,
        "max(vorticity)": 8.195684668613286,
        "max(diameter)": 1.7756116705507352
    },
    "member19": {
        "u": 4.749911567814631,
        "v": 2.511876078560321,
        "num_eddy": 7.952218461035649,
        "max(vorticity)": 4.121440703209572,
        "max(diameter)": 5.858277881539627
    },
    "member20": {
        "u": 7.732143033784205,
        "v": 2.8093132613446814,
        "num_eddy": 4.795329353169184,
        "max(vorticity)": 3.9944214236403477,
        "max(diameter)": 7.10935531500983
    },
    "member21": {
        "u": 7.045563189559552,
        "v": 8.13334029985981,
        "num_eddy": 4.10036279842371,
        "max(vorticity)": 0.6347290927110671,
        "max(diameter)": 6.363331837317401
    },
    "member22": {
        "u": 2.8256339537985795,
        "v": 6.247507201795768,
        "num_eddy": 6.939946395572369,
        "max(vorticity)": 0.29834234012006466,
        "max(diameter)": 5.70649898224964
    },
    "member23": {
        "u": 0.3341451978016774,
        "v": 5.01119518894117,
        "num_eddy": 0.1502803863629676,
        "max(vorticity)": 9.58406517769236,
        "max(diameter)": 3.069292281374482
    },
    "member24": {
        "u": 1.621427023691988,
        "v": 3.8606414925398838,
        "num_eddy": 8.051665633963424,
        "max(vorticity)": 1.5274397781892557,
        "max(diameter)": 7.605942764912385
    },
    "member25": {
        "u": 5.044728913315072,
        "v": 2.483226907338417,
        "num_eddy": 6.574722295890086,
        "max(vorticity)": 3.421583105610657,
        "max(diameter)": 1.2773591871125156
    },
    "member26": {
        "u": 1.0011089012852115,
        "v": 7.804036767361364,
        "num_eddy": 1.5748125744997798,
        "max(vorticity)": 7.66355655915944,
        "max(diameter)": 2.112053434570651
    },
    "member27": {
        "u": 8.084440728900208,
        "v": 1.320006105078102,
        "num_eddy": 3.2196391957625723,
        "max(vorticity)": 5.546804498701309,
        "max(diameter)": 4.57382111788308
    },
    "member28": {
        "u": 0.4391544192757324,
        "v": 4.9780284309440335,
        "num_eddy": 0.5000952457608387,
        "max(vorticity)": 1.2378915815594682,
        "max(diameter)": 1.2369059742809008
    },
    "member29": {
        "u": 5.036081783142478,
        "v": 7.973250879848139,
        "num_eddy": 0.4712354319932244,
        "max(vorticity)": 5.7989581934454275,
        "max(diameter)": 8.541349171240034
    },
    "member30": {
        "u": 1.7647738707989036,
        "v": 2.313174873242404,
        "num_eddy": 6.516927787095237,
        "max(vorticity)": 5.414166180460848,
        "max(diameter)": 6.1981677764941026
    },
    "member31": {
        "u": 1.142052008002119,
        "v": 4.316288625277026,
        "num_eddy": 9.980194647380443,
        "max(vorticity)": 9.409267871961312,
        "max(diameter)": 7.764627509780828
    },
    "member32": {
        "u": 5.929797239668427,
        "v": 4.809660011323123,
        "num_eddy": 5.619789582106769,
        "max(vorticity)": 7.428119325182411,
        "max(diameter)": 4.4385680698028
    },
    "member33": {
        "u": 3.7453756139530814,
        "v": 8.181621796139586,
        "num_eddy": 6.943472284050655,
        "max(vorticity)": 1.9641864459425207,
        "max(diameter)": 3.0914122765105057
    },
    "member34": {
        "u": 6.379312488728951,
        "v": 1.652757690701483,
        "num_eddy": 5.764830096566737,
        "max(vorticity)": 8.083641533937689,
        "max(diameter)": 9.894728141092678
    },
    "member35": {
        "u": 8.165226431147715,
        "v": 7.406415144808554,
        "num_eddy": 5.2787987891872055,
        "max(vorticity)": 5.106445761753843,
        "max(diameter)": 9.65348241660848
    },
    "member36": {
        "u": 7.347253585429638,
        "v": 4.952628464434818,
        "num_eddy": 8.036423382900885,