{
    "member1": {
        "u": 4.050083900700752,
        "v": 4.920614378949831,
        "num_eddy": 5.732246793746242,
        "max(vorticity)": 3.6064038757267767,
        "max(diameter)": 1.1710495711391433
    },
    "member2": {
        "u": 5.95167025218799,
        "v": 0.2179460416936041,
        "num_eddy": 1.19928469494746,
        "max(vorticity)": 5.502770656909862,
        "max(diameter)": 0.8413228363133718
    },
    "member3": {
        "u": 4.40619302334555,
        "v": 2.286097287070963,
        "num_eddy": 9.79903108595751,
        "max(vorticity)": 1.1320269401351457,
        "max(diameter)": 7.408359647383191
    },
    "member4": {
        "u": 6.648267636247471,
        "v": 3.5675009337401056,
        "num_eddy": 0.6470465459374553,
        "max(vorticity)": 6.039174200092962,
        "max(diameter)": 9.792531553615705
    },
    "member5": {
        "u": 6.694530576050121,
        "v": 0.24942650205104666,
        "num_eddy": 1.2876107735592768,
        "max(vorticity)": 5.462207385496284,
        "max(diameter)": 8.750043250702591
    },
    "member6": {
        "u": 9.900608323897293,
        "v": 7.865762986835457,
        "num_eddy": 6.20284218409984,
        "max(vorticity)": 9.304984570205967,
        "max(diameter)": 8.084785656547592
    },
    "member7": {
        "u": 9.474189415953097,
        "v": 4.946396418717437,
        "num_eddy": 2.0833485364362456,
        "max(vorticity)": 7.483811101778835,
        "max(diameter)": 7.742178417305946
    },
    "member8": {
        "u": 6.0014191699680115,
        "v": 0.0049399058589527645,
        "num_eddy": 4.956391681798245,
        "max(vorticity)": 0.1861690390571369,
        "max(diameter)": 9.88093072123144
    },
    "member9": {
        "u": 8.033907452925085,
        "v": 5.304132301671318,
        "num_eddy": 8.924368018760081,
        "max(vorticity)": 4.988674332145676,
        "max(diameter)": 0.9839980695525452
    },
    "member10": {
        "u": 0.01753104403987127,
        "v": 1.820936969795559,
        "num_eddy": 2.847134049952691,
        "max(vorticity)": 0.3309130312730413,
        "max(diameter)": 8.901627939419432
    },
    "member11": {
        "u": 6.194695995262186,
        "v": 3.2917842772103114,
        "num_eddy": 0.7063585307785691,
        "max(vorticity)": 9.098521569773633,
        "max(diameter)": 2.027320036672485
    },
    "member12": {
        "u": 0.4176393146417301,
        "v": 5.518515613312948,
        "num_eddy": 3.278144342182492,
        "max(vorticity)": 2.538147600041707,
        "max(diameter)": 3.7110721127847213
    },
    "member13": {
        "u": 8.233985525823558,
        "v": 0.7168773158333008,
        "num_eddy": 9.620696064620347,
        "max(vorticity)": 5.374122261206273,
        "max(diameter)": 0.8567760247231848
    },
    "member14": {
        "u": 2.336933492759492,
        "v": 7.710975642762574,
        "num_eddy": 8.401031779568145,
        "max(vorticity)": 5.064777871013587,
        "max(diameter)": 3.966894194100603
    },
    "member15": {
        "u": 0.9752500170416223,
        "v": 9.732127058747809,
        "num_eddy": 9.589175796885128,
        "max(vorticity)": 1.016267352560759,
        "max(diameter)": 3.313572913178634
    },
    "member16": {
        "u": 2.4829046480911723,
        "v": 8.685310744402692,
        "num_eddy": 5.158078764857372,
        "max(vorticity)": 9.786846502415212,
        "max(diameter)": 2.9794351644811004
    },
    "member17": {
        "u": 7.644637986183342,
        "v": 3.468752984681782,
        "num_eddy": 7.639033886337005,
        "max(vorticity)": 7.3495206574489185,
        "max(diameter)": 9.693596512077065
    },
    "member18": {
        "u": 6.308026559945997,
        "v": 5.943978093195495,
        "num_eddy": 8.372979392386199,
        "max(vorticity)": 3.8683989232262084,
        "max(diameter)": 4.799430867615737
    },
    "member19": {
        "u": 4.492528809554828,
        "v": 7.609682408556447,
        "num_eddy": 5.593698865202848,
        "max(vorticity)": 1.148116202278322,
        "max(diameter)": 0.46201071083353584
    },
    "member20": {
        "u": 0.6006671385618523,
        "v": 5.785206116894796,
        "num_eddy": 3.7349487136365003,
        "max(vorticity)": 3.381717010969295,
        "max(diameter)": 5.86588862822871
    },
    "member21": {
        "u": 5.8989064725382345,
        "v": 9.828968232031304,
        "num_eddy": 1.7209956846379226,
        "max(vorticity)": 5.814730168368739,
        "max(diameter)": 3.499063634781634
    },
    "member22": {
        "u": 7.876850974420849,
        "v": 7.747982322594181,
        "num_eddy": 0.6813880173641118,
        "max(vorticity)": 8.257517100060197,
        "max(diameter)": 8.68605491742588
    },
    "member23": {
        "u": 1.4032892159554755,
        "v": 6.834783437434973,
        "num_eddy": 2.5887259815095796,
        "max(vorticity)": 8.606811984517172,
        "max(diameter)": 9.619636473603363
    },
    "member24": {
        "u": 7.841843081760321,
        "v": 4.927281183106425,
        "num_eddy": 2.1015361329243287,
        "max(vorticity)": 2.7612411742408547,
        "max(diameter)": 5.373963183082637
    },
    "member25": {
        "u": 2.4874101372436606,
        "v": 4.385911351493906,
        "num_eddy": 4.744908329696964,
        "max(vorticity)": 7.368025002869673,
        "max(diameter)": 7.861711769793034
    },
    "member26": {
        "u": 4.56970341401075,
        "v": 9.266800714438034,
        "num_eddy": 4.289884633782917,
        "max(vorticity)": 8.084544672062908,
        "max(diameter)": 3.879276867399668
    },
    "member27": {
        "u": 7.744414694566793,
        "v": 9.280411274891222,
        "num_eddy": 6.160505984929246,
        "max(vorticity)": 4.546580813328114,
        "max(diameter)": 9.620761470123457
    },
    "member28": {
        "u": 3.7544160095493795,
        "v": 3.6253541677602676,
        "num_eddy": 5.869330063021473,
        "max(vorticity)": 4.331884182687954,
        "max(diameter)": 7.2400559228751415
    },
    "member29": {
        "u": 2.7044716156605797,
        "v": 0.7223134531447362,
        "num_eddy": 1.7437234757106435,
        "max(vorticity)": 8.717602384230313,
        "max(diameter)": 3.850069176741732
    },
    "member30": {
        "u": 1.6754980669067887,
        "v": 5.317038082391238,
        "num_eddy": 6.378958412759008,
        "max(vorticity)": 4.122511909178035,
        "max(diameter)": 2.2232840769834086
    },
    "member31": {
        "u": 1.609378925966256,
        "v": 2.0095080913213117,
        "num_eddy": 3.8096777650320957,
        "max(vorticity)": 5.3418025106167155,
        "max(diameter)": 0.7334085672725121
    },
    "member32": {
        "u": 9.36961232296432,
        "v": 7.3032174095217615,
        "num_eddy": 3.974994117090863,
        "max(vorticity)": 4.0320518485909655,
        "max(diameter)": 5.761570202578374
    },
    "member33": {
        "u": 1.6101927808607608,
        "v": 3.2821208854996566,
        "num_eddy": 2.1206537171872872,
        "max(vorticity)": 6.255447154634581,
        "max(diameter)": 8.040951432698675
    },
    "member34": {
        "u": 3.7820826774518492,
        "v": 2.9172262054757714,
        "num_eddy": 0.33405345437900635,
        "max(vorticity)": 3.436821811256742,
        "max(diameter)": 3.702997666117226
    },
    "member35": {
        "u": 4.074711432134556,
        "v": 2.905617557753456,
        "num_eddy": 6.274726277076974,
        "max(vorticity)": 4.156166672198363,
        "max(diameter)": 4.379795743606438
    },
    "member36": {
        "u": 9.975212932380547,
        "v": 4.286590154269102,
        "num_eddy": 2.8631520316171,