{
    "member1": {
        "u": 7.664855464578847,
        "v": 2.6099681846050906,
        "num_eddy": 7.995974667462305,
        "max(vorticity)": 2.885174591644893,
        "max(diameter)": 0.4671835616532649
    },
    "member2": {
        "u": 8.478577545701377,
        "v": 0.25374951594452355,
        "num_eddy": 4.944859645500807,
        "max(vorticity)": 8.139544981281432,
        "max(diameter)": 4.85586315732329
    },
    "member3": {
        "u": 1.9948031586026505,
        "v": 8.964854163413294,
        "num_eddy": 0.7807019548790051,
        "max(vorticity)": 7.476410120197511,
        "max(diameter)": 7.201619636745546
    },
    "member4": {
        "u": 7.942763830849808,
        "v": 9.921356664711519,
        "num_eddy": 8.212988286046203,
        "max(vorticity)": 8.731320854678838,
        "max(diameter)": 2.2703985923832084
    },
    "member5": {
        "u": 3.7481872255588855,
        "v": 3.111554026820331,
        "num_eddy": 7.282120932897146,
        "max(vorticity)": 3.1904956002270812,
        "max(diameter)": 8.836723914120078
    },
    "member6": {
        "u": 3.125307429818908,
        "v": 6.258828614780566,
        "num_eddy": 2.618374352753704,
        "max(vorticity)": 4.1324206317984205,
        "max(diameter)": 4.17244619555508
    },
    "member7": {
        "u": 9.269182339416954,
        "v": 3.6452718419009056,
        "num_eddy": 8.638151085415386,
        "max(vorticity)": 9.102138678396129,
        "max(diameter)": 6.1514816508573595
    },
    "member8": {
        "u": 1.709072074433996,
        "v": 7.655700353405984,
        "num_eddy": 5.845385845993122,
        "max(vorticity)": 1.3711654220209002,
        "max(diameter)": 4.015067776702397
    },
    "member9": {
        "u": 5.001100632045837,
        "v": 5.527130901351573,
        "num_eddy": 4.470372460618853,
        "max(vorticity)": 1.6741499240399205,
        "max(diameter)": 3.203290264490982
    },
    "member10": {
        "u": 8.724574715424891,
        "v": 0.27669553810513503,
        "num_eddy": 6.994235373099392,
        "max(vorticity)": 1.5192513147379771,
        "max(diameter)": 7.22886423514813
    },
    "member11": {
        "u": 2.2646993509188587,
        "v": 2.359620924537953,
        "num_eddy": 8.02465228633244,
        "max(vorticity)": 0.061452614395973715,
        "max(diameter)": 7.3291230650494406
    },
    "member12": {
        "u": 1.9895529535352352,
        "v": 6.731354181294234,
        "num_eddy": 8.824569634103355,
        "max(vorticity)": 8.088516981256962,
        "max(diameter)": 9.19467194713383
    },
    "member13": {
        "u": 8.575259589355936,
        "v": 5.019409469669609,
        "num_eddy": 0.20168477799283546,
        "max(vorticity)": 7.801587214629756,
        "max(diameter)": 4.061716542827937
    },
    "member14": {
        "u": 8.719660688195685,
        "v": 2.327834527467024,
        "num_eddy": 9.742555024671217,
        "max(vorticity)": 1.2322074375057368,
        "max(diameter)": 4.507648925636863
    },
    "member15": {
        "u": 2.081604920175658,
        "v": 6.431024913460487,
        "num_eddy": 5.212750508193469,
        "max(vorticity)": 1.965725134269637,
        "max(diameter)": 1.2551912471514703
    },
    "member16": {
        "u": 2.9229003083890595,
        "v": 3.5674763110759145,
        "num_eddy": 9.20291292010851,
        "max(vorticity)": 0.7676216155386006,
        "max(diameter)": 3.066741995582732
    },
    "member17": {
        "u": 2.2751624247862368,
        "v": 0.3488629367968066,
        "num_eddy": 9.642692116884637,
        "max(vorticity)": 8.061960269358156,
        "max(diameter)": 8.462627818201323
    },
    "member18": {
        "u": 8.082809240678632,
        "v": 4.0408937687709345,
        "num_eddy": 5.878523176438018,
        "max(vorticity)": 2.1791012378916497,
        "max(diameter)": 3.675627925004555
    },
    "member19": {
        "u": 4.942975594802743,
        "v": 7.448010016584044,
        "num_eddy": 5.764753735361369,
        "max(vorticity)": 2.5152342988238594,
        "max(diameter)": 1.2708062350518512
    },
    "member20": {
        "u": 7.72340209998538,
        "v": 3.6758613180597397,
        "num_eddy": 5.331473456618241,
        "max(vorticity)": 6.567005612063413,
        "max(diameter)": 2.6625982778889377
    },
    "member21": {
        "u": 6.4457920818456245,
        "v": 4.681469620225053,
        "num_eddy": 9.211569303932798,
        "max(vorticity)": 2.7539475669501656,
        "max(diameter)": 6.3653336523586965
    },
    "member22": {
        "u": 4.704470874171193,
        "v": 4.054389577843782,
        "num_eddy": 5.66162478868435,
        "max(vorticity)": 0.1347739302835982,
        "max(diameter)": 5.052759107618874
    },
    "member23": {
        "u": 3.176299774253467,
        "v": 2.5170105918487273,
        "num_eddy": 6.10622074852173,
        "max(vorticity)": 3.585398620098539,
        "max(diameter)": 8.993141717384752
    },
    "member24": {
        "u": 9.580530162950652,
        "v": 4.7448596500724,
        "num_eddy": 3.895530916183174,
        "max(vorticity)": 3.578347884757261,
        "max(diameter)": 4.38870834030837
    },
    "member25": {
        "u": 5.939654595936986,
        "v": 3.734540418079768,
        "num_eddy": 5.536237630668425,
        "max(vorticity)": 0.33421363325517817,
        "max(diameter)": 3.7833154020809703
    },
    "member26": {
        "u": 1.353595058561815,
        "v": 0.36522093409493417,
        "num_eddy": 9.508425854082994,
        "max(vorticity)": 3.085376402092208,
        "max(diameter)": 8.171093129823554
    },
    "member27": {
        "u": 5.124926888220877,
        "v": 8.939693968633883,
        "num_eddy": 1.5393094007116392,
        "max(vorticity)": 8.827070777167048,
        "max(diameter)": 0.34989404786527567
    },
    "member28": {
        "u": 4.237218700378108,
        "v": 9.350300325521804,
        "num_eddy": 1.5683543234272312,
        "max(vorticity)": 5.721388538108041,
        "max(diameter)": 0.7452000946110859
    },
    "member29": {
        "u": 9.599492725129867,
        "v": 4.698969633565685,
        "num_eddy": 4.059009076999093,
        "max(vorticity)": 2.6217645220203267,
        "max(diameter)": 2.532152107116171
    },
    "member30": {
        "u": 8.014450443614765,
        "v": 1.0193566941918775,
        "num_eddy": 1.887731824664185,
        "max(vorticity)": 3.0027111976314824,
        "max(diameter)": 3.026215326919466
    },
    "member31": {
        "u": 6.171688270298557,
        "v": 3.7823090422594907,
        "num_eddy": 8.73017411170958,
        "max(vorticity)": 6.9797218898669,
        "max(diameter)": 3.114306746349864
    },
    "member32": {
        "u": 8.610428303666207,
        "v": 8.267185670550965,
        "num_eddy": 8.206273127539113,
        "max(vorticity)": 5.634795221279649,
        "max(diameter)": 9.45188046938133
    },
    "member33": {
        "u": 5.821485903692793,
        "v": 3.4309101417913257,
        "num_eddy": 0.5475810039750328,
        "max(vorticity)": 7.843249640199771,
        "max(diameter)": 9.713469409949365
    },
    "member34": {
        "u": 5.842976328477509,
        "v": 2.4619999520902205,
        "num_eddy": 1.7570242685749393,
        "max(vorticity)": 3.8562745820088704,
        "max(diameter)": 6.698163371986453
    },
    "member35": {
        "u": 1.1857046345787103,
        "v": 4.8091472398939805,
        "num_eddy": 2.6329060649301796,
        "max(vorticity)": 7.054551251414568,
        "max(diameter)": 3.811970780326801
    },
    "member36": {
        "u": 4.171371910258682,
        "v": 2.1988683832081932,
        "num_eddy": 9.830030823277475,