{
    "member1": {
        "u": 4.151489268729485,
        "v": 9.175402725013647,
        "num_eddy": 0.8778250804277277,
        "max(vorticity)": 1.0568957698536419,
        "max(diameter)": 5.202595764708392
    },
    "member2": {
        "u": 3.002023691371499,
        "v": 6.988219141519274,
        "num_eddy": 0.8067185753250083,
        "max(vorticity)": 4.495383433513797,
        "max(diameter)": 3.8702380231571984
    },
    "member3": {
        "u": 1.1757675161058068,
        "v": 8.132937857943425,
        "num_eddy": 4.9845105067749,
        "max(vorticity)": 9.616732946787332,
        "max(diameter)": 6.615776875233861
    },
    "member4": {
        "u": 4.842076424432084,
        "v": 0.6494627503555095,
        "num_eddy": 1.8598328017992438,
        "max(vorticity)": 5.792483213948206,
        "max(diameter)": 2.2497482990943696
    },
    "member5": {
        "u": 4.66659211324016,
        "v": 2.722563444159909,
        "num_eddy": 8.742781086726106,
        "max(vorticity)": 7.052550682825826,
        "max(diameter)": 6.646454250620205
    },
    "member6": {
        "u": 1.5669094867780864,
        "v": 9.487570733869577,
        "num_eddy": 0.5680292112800822,
        "max(vorticity)": 7.682396824281303,
        "max(diameter)": 2.2244060037972235
    },
    "member7": {
        "u": 0.18042605936969602,
        "v": 8.548738074959896,
        "num_eddy": 0.857675316398645,
        "max(vorticity)": 3.333209169635729,
        "max(diameter)": 8.245607497373605
    },
    "member8": {
        "u": 8.071492231463766,
        "v": 9.383176406616819,
        "num_eddy": 5.692103536752439,
        "max(vorticity)": 2.605131765774049,
        "max(diameter)": 9.14347434236008
    },
    "member9": {
        "u": 5.0700783381514665,
        "v": 4.968077401427965,
        "num_eddy": 4.143142772128645,
        "max(vorticity)": 1.1609867572399346,
        "max(diameter)": 2.8828176524349356
    },
    "member10": {
        "u": 7.604998482412409,
        "v": 7.707107983577227,
        "num_eddy": 9.180341549224492,
        "max(vorticity)": 2.9457536161478326,
        "max(diameter)": 7.912025895277736
    },
    "member11": {
        "u": 4.968069032475042,
        "v": 4.538016878014254,
        "num_eddy": 0.07504796551882187,
        "max(vorticity)": 8.57789618846015,
        "max(diameter)": 0.9347611144701673
    },
    "member12": {
        "u": 7.880851729535206,
        "v": 2.9527145694861723,
        "num_eddy": 7.855238704639806,
        "max(vorticity)": 7.306803591539475,
        "max(diameter)": 3.000228181218616
    },
    "member13": {
        "u": 0.8381323957773601,
        "v": 6.520821575167767,
        "num_eddy": 4.206666765105355,
        "max(vorticity)": 8.773466876780967,
        "max(diameter)": 1.4908552982917922
    },
    "member14": {
        "u": 0.689361453441758,
        "v": 4.749419229354173,
        "num_eddy": 6.281772524941406,
        "max(vorticity)": 7.194219313958633,
        "max(diameter)": 8.381723543263163
    },
    "member15": {
        "u": 1.215777982279309,
        "v": 4.026837583545286,
        "num_eddy": 8.085411091092816,
        "max(vorticity)": 1.5522280275840483,
        "max(diameter)": 0.03808908291419111
    },
    "member16": {
        "u": 2.728843605566512,
        "v": 0.6599884308369963,
        "num_eddy": 8.22421429262265,
        "max(vorticity)": 0.5911585705151801,
        "max(diameter)": 2.256886180455192
    },
    "member17": {
        "u": 2.577259015792883,
        "v": 8.54763934736146,
        "num_eddy": 6.602871001347498,
        "max(vorticity)": 0.08926919627042507,
        "max(diameter)": 2.6106698138646034
    },
    "member18": {
        "u": 5.315531339290072,
        "v": 5.685955159251133,
        "num_eddy": 4.884873178502236,
        "max(vorticity)": 0.3113100228488641,
        "max(diameter)": 4.128335559246795
    },
    "member19": {
        "u": 9.173933200210893,
        "v": 6.474485453672278,
        "num_eddy": 8.46709967693843,
        "max(vorticity)": 1.2862842799698393,
        "max(diameter)": 7.7064278696586275
    },
    "member20": {
        "u": 5.175617690789843,
        "v": 1.8422884176840804,
        "num_eddy": 9.01041102530866,
        "max(vorticity)": 8.78409704502417,
        "max(diameter)": 4.313351042241446
    },
    "member21": {
        "u": 2.515657132321488,
        "v": 8.041820980805467,
        "num_eddy": 5.797955510153896,
        "max(vorticity)": 0.3225199654275601,
        "max(diameter)": 8.50852293512433
    },
    "member22": {
        "u": 0.5626898663978586,
        "v": 1.579509642635849,
        "num_eddy": 1.8841933631508123,
        "max(vorticity)": 0.008993771105164639,
        "max(diameter)": 3.5127219630733144
    },
    "member23": {
        "u": 5.129478036076215,
        "v": 6.05872027284258,
        "num_eddy": 6.6278036824137,
        "max(vorticity)": 6.769028442037801,
        "max(diameter)": 7.840313563789278
    },
    "member24": {
        "u": 8.474543409884323,
        "v": 1.1649895185741088,
        "num_eddy": 9.107277837862707,
        "max(vorticity)": 4.762579322536902,
        "max(diameter)": 6.593704897834584
    },
    "member25": {
        "u": 1.9511720122781473,
        "v": 7.968706126572801,
        "num_eddy": 4.510446577783328,
        "max(vorticity)": 3.2913515025639315,
        "max(diameter)": 4.533374520336809
    },
    "member26": {
        "u": 8.099621013032383,
        "v": 8.096661635779421,
        "num_eddy": 9.298166028357752,
        "max(vorticity)": 5.543501786063664,
        "max(diameter)": 5.031560578777933
    },
    "member27": {
        "u": 0.08935232476530719,
        "v": 8.766414293856567,
        "num_eddy": 9.401608896522244,
        "max(vorticity)": 4.3947465861378365,
        "max(diameter)": 7.635231090663003
    },
    "member28": {
        "u": 3.421640226114071,
        "v": 1.7067074092205736,
        "num_eddy": 3.5489850667312695,
        "max(vorticity)": 0.9152050367294584,
        "max(diameter)": 5.274309612310844
    },
    "member29": {
        "u": 4.549534630698679,
        "v": 8.77559294893311,
        "num_eddy": 9.974626825945858,
        "max(vorticity)": 8.388304868283592,
        "max(diameter)": 9.535681441870851
    },
    "member30": {
        "u": 9.200129706047598,
        "v": 1.6870853314486223,
        "num_eddy": 0.04101978205198198,
        "max(vorticity)": 5.13537240114754,
        "max(diameter)": 3.3690595386379254
    },
    "member31": {
        "u": 3.7601157483327095,
        "v": 7.642500951373318,
        "num_eddy": 2.978508242490637,
        "max(vorticity)": 1.9545467633804725,
        "max(diameter)": 2.92991936843493
    },
    "member32": {
        "u": 1.2194007132032814,
        "v": 6.436648884206839,
        "num_eddy": 3.9071260685634215,
        "max(vorticity)": 5.885291330201675,
        "max(diameter)": 5.300841777787642
    },
    "member33": {
        "u": 0.7189893874158126,
        "v": 2.55206112088163,
        "num_eddy": 7.755185885697554,
        "max(vorticity)": 5.161552562568978,
        "max(diameter)": 0.39762267242373084
    },
    "member34": {
        "u": 5.27794625188332,
        "v": 3.3296714184004883,
        "num_eddy": 0.6663539037494248,
        "max(vorticity)": 8.978876560034301,
        "max(diameter)": 7.316484402732863
    },
    "member35": {
        "u": 7.6675273011334415,
        "v": 7.481383669300198,
        "num_eddy": 4.648857688973692,
        "max(vorticity)": 2.6689763605826555,
        "max(diameter)": 1.0925752779339493
    },
    "member36": {
        "u": 2.9291260720183376,
        "v": 1.5808650562875437,
        "num_eddy": 8.43617609491317,