{
    "member1": {
        "u": 9.329502436657746,
        "v": 0.7750551603857758,
        "num_eddy": 5.339526956143793,
        "max(vorticity)": 2.369067177012809,
        "max(diameter)": 3.3740990539733753
    },
    "member2": {
        "u": 1.3481588591489069,
        "v": 1.5253300791720492,
        "num_eddy": 3.2402164927997443,
        "max(vorticity)": 9.714200462632643,
        "max(diameter)": 5.83495036149579
    },
    "member3": {
        "u": 4.99437377393127,
        "v": 2.6976837310816126,
        "num_eddy": 2.026149165322413,
        "max(vorticity)": 8.064373722394706,
        "max(diameter)": 4.378071455087626
    },
    "member4": {
        "u": 4.723602192019776,
        "v": 9.01091217348527,
        "num_eddy": 0.47507406992082335,
        "max(vorticity)": 1.080838862997171,
        "max(diameter)": 5.961468723364323
    },
    "member5": {
        "u": 3.0804298803751538,
        "v": 2.5035746110344004,
        "num_eddy": 6.542199761162918,
        "max(vorticity)": 3.60228674541227,
        "max(diameter)": 1.37123525474094
    },
    "member6": {
        "u": 2.210530013217248,
        "v": 1.3937505063697997,
        "num_eddy": 1.5574030336664102,
        "max(vorticity)": 9.804544212376085,
        "max(diameter)": 4.4210703901230755
    },
    "member7": {
        "u": 3.6298111534561075,
        "v": 5.043489369277876,
        "num_eddy": 4.173885267674354,
        "max(vorticity)": 9.832882185377104,
        "max(diameter)": 6.343797086704511
    },
    "member8": {
        "u": 0.4233064671693709,
        "v": 9.66739368262341,
        "num_eddy": 6.683669831683488,
        "max(vorticity)": 0.9021088243087005,
        "max(diameter)": 9.949461549445191
    },
    "member9": {
        "u": 0.544366807814286,
        "v": 3.155042322330961,
        "num_eddy": 4.513060034213803,
        "max(vorticity)": 1.7607999604849855,
        "max(diameter)": 1.9806699563907304
    },
    "member10": {
        "u": 5.660707146498554,
        "v": 7.5506436416508285,
        "num_eddy": 5.261388509930204,
        "max(vorticity)": 2.0000975974096438,
        "max(diameter)": 3.6314395994837945
    },
    "member11": {
        "u": 7.090368279308149,
        "v": 3.5733267368205057,
        "num_eddy": 5.734705276224384,
        "max(vorticity)": 5.094699384799082,
        "max(diameter)": 7.523602491587812
    },
    "member12": {
        "u": 2.388219253308698,
        "v": 3.0612073688418704,
        "num_eddy": 1.989398546620903,
        "max(vorticity)": 7.94398906463215,
        "max(diameter)": 1.09325781453942
    },
    "member13": {
        "u": 6.161816011468217,
        "v": 7.29221840942653,
        "num_eddy": 1.1773065700666563,
        "max(vorticity)": 2.342263751777084,
        "max(diameter)": 5.831905304419857
    },
    "member14": {
        "u": 6.96827785982194,
        "v": 7.76750120642641,
        "num_eddy": 5.964121874673088,
        "max(vorticity)": 7.7897613732217685,
        "max(diameter)": 4.281565650977948
    },
    "member15": {
        "u": 0.540496424933633,
        "v": 4.458239328277034,
        "num_eddy": 6.239717208231214,
        "max(vorticity)": 4.288665962891137,
        "max(diameter)": 5.49091485022121
    },
    "member16": {
        "u": 1.352347833097196,
        "v": 2.181706478030694,
        "num_eddy": 9.074905210655418,
        "max(vorticity)": 6.6651747914548825,
        "max(diameter)": 6.8913828703435
    },
    "member17": {
        "u": 3.334088423820627,
        "v": 2.728378352652756,
        "num_eddy": 9.073351278120484,
        "max(vorticity)": 5.168125588407426,
        "max(diameter)": 5.333322360689544
    },
    "member18": {
        "u": 0.4252885786237026,
        "v": 4.4527246436610035,
        "num_eddy": 7.092560238819619,
        "max(vorticity)": 4.261703882513315,
        "max(diameter)": 7.175595487820435
    },
    "member19": {
        "u": 5.437720895432287,
        "v": 1.6287691877974875,
        "num_eddy": 5.2620353894701255,
        "max(vorticity)": 6.726202799078463,
        "max(diameter)": 4.012034979285991
    },
    "member20": {
        "u": 8.444152205964823,
        "v": 6.396080933979778,
        "num_eddy": 7.057095877544809,
        "max(vorticity)": 4.380552705404411,
        "max(diameter)": 7.310690465083589
    },
    "member21": {
        "u": 0.6409690898463505,
        "v": 0.9413616948768921,
        "num_eddy": 9.478799311195463,
        "max(vorticity)": 0.398706629166401,
        "max(diameter)": 5.36292739935969
    },
    "member22": {
        "u": 7.893311006813356,
        "v": 1.9794353308169377,
        "num_eddy": 3.6988379567686867,
        "max(vorticity)": 1.2386857066935564,
        "max(diameter)": 2.6748954328101995
    },
    "member23": {
        "u": 9.285555655531445,
        "v": 9.95686114539238,
        "num_eddy": 2.5948681218103173,
        "max(vorticity)": 4.373392576759243,
        "max(diameter)": 6.233646545110628
    },
    "member24": {
        "u": 0.3094370604916319,
        "v": 3.760159798828334,
        "num_eddy": 6.829585054659416,
        "max(vorticity)": 5.650205466666937,
        "max(diameter)": 6.021199077226004
    },
    "member25": {
        "u": 8.663699906173962,
        "v": 3.609220624339211,
        "num_eddy": 7.671502651881518,
        "max(vorticity)": 2.1958299479272245,
        "max(diameter)": 9.585754640841575
    },
    "member26": {
        "u": 5.74007704731744,
        "v": 6.267441449473402,
        "num_eddy": 2.8183961627776535,
        "max(vorticity)": 1.356938820004071,
        "max(diameter)": 3.0586435985186835
    },
    "member27": {
        "u": 5.679408150179762,
        "v": 3.2717430429920578,
        "num_eddy": 6.699372421456214,
        "max(vorticity)": 0.2740881173001164,
        "max(diameter)": 2.2057185924665856
    },
    "member28": {
        "u": 5.149673664145454,
        "v": 2.096165560219082,
        "num_eddy": 0.7843398654173905,
        "max(vorticity)": 7.615175108171517,
        "max(diameter)": 2.696355249733667
    },
    "member29": {
        "u": 3.6431894283228483,
        "v": 2.919314260569287,
        "num_eddy": 9.135971320561813,
        "max(vorticity)": 6.846999816282135,
        "max(diameter)": 4.8331947322631414
    },
    "member30": {
        "u": 4.311791848088932,
        "v": 8.365724028424701,
        "num_eddy": 8.41246454391851,
        "max(vorticity)": 3.826686367494363,
        "max(diameter)": 8.634940695382788
    },
    "member31": {
        "u": 0.19310900707768863,
        "v": 9.779137884859088,
        "num_eddy": 4.2635339398209275,
        "max(vorticity)": 1.9605254644239845,
        "max(diameter)": 0.35800426119429685
    },
    "member32": {
        "u": 4.204272644658381,
        "v": 3.346170254293611,
        "num_eddy": 0.958245960851345,
        "max(vorticity)": 0.3286576366750582,
        "max(diameter)": 0.6077444965874834
    },
    "member33": {
        "u": 3.2424138273179004,
        "v": 4.719916620200692,
        "num_eddy": 2.3100634533102173,
        "max(vorticity)": 3.0152399776186978,
        "max(diameter)": 2.4089570027918485
    },
    "member34": {
        "u": 1.120623828395867,
        "v": 9.443243282475738,
        "num_eddy": 2.4481947154521233,
        "max(vorticity)": 4.94791761248346,
        "max(diameter)": 3.9851713769481325
    },
    "member35": {
        "u": 7.90728807303784,
        "v": 9.918925274473182,
        "num_eddy": 5.580143441018121,
        "max(vorticity)": 6.95044504107618,
        "max(diameter)": 6.4145132258320725
    },
    "member36": {
        "u": 9.737701161251138,
        "v": 8.891833909387959,
        "num_eddy": 9.793935244806992,