{
    "member1": {
        "u": 2.420074137134912,
        "v": 1.0556595941650704,
        "num_eddy": 4.0082550477164025,
        "max(vorticity)": 0.25666968199204887,
        "max(diameter)": 7.541250262108284
    },
    "member2": {
        "u": 9.276248693723947,
        "v": 6.71601554327732,
        "num_eddy": 9.570546977048075,
        "max(vorticity)": 4.633314912539676,
        "max(diameter)": 9.406909556646664
    },
    "member3": {
        "u": 6.219068280145944,
        "v": 9.857542889650352,
        "num_eddy": 5.015184003320537,
        "max(vorticity)": 0.7046954950140427,
        "max(diameter)": 0.894127359511232
    },
    "member4": {
        "u": 9.739688957419597,
        "v": 5.21495218366441,
        "num_eddy": 3.9542233865041787,
        "max(vorticity)": 5.677512237214798,
        "max(diameter)": 6.464466470620693
    },
    "member5": {
        "u": 0.2496745601336381,
        "v": 5.038025332269591,
        "num_eddy": 0.22341540445668384,
        "max(vorticity)": 7.955058182277629,
        "max(diameter)": 2.4596112945049464
    },
    "member6": {
        "u": 0.850813410629111,
        "v": 8.407282807525982,
        "num_eddy": 5.886703391541248,
        "max(vorticity)": 2.272398651238874,
        "max(diameter)": 1.874520372640761
    },
    "member7": {
        "u": 5.554464311744627,
        "v": 5.531170485821482,
        "num_eddy": 2.593842935039464,
        "max(vorticity)": 9.317877486184083,
        "max(diameter)": 6.375268278490257
    },
    "member8": {
        "u": 5.663717061917907,
        "v": 7.783350435465978,
        "num_eddy": 4.389931978899977,
        "max(vorticity)": 1.2222882952127812,
        "max(diameter)": 3.4745582261824595
    },
    "member9": {
        "u": 8.086127742935505,
        "v": 1.4222755419534672,
        "num_eddy": 9.402629811061587,
        "max(vorticity)": 8.738333910445581,
        "max(diameter)": 8.814735340504978
    },
    "member10": {
        "u": 1.2908358727063873,
        "v": 8.107029211142194,
        "num_eddy": 0.14009581966582307,
        "max(vorticity)": 0.13639087230314595,
        "max(diameter)": 4.592717455304616
    },
    "member11": {
        "u": 7.415092742959731,
        "v": 7.047650097901409,
        "num_eddy": 6.725418882652882,
        "max(vorticity)": 6.798339048760544,
        "max(diameter)": 8.43025749791094
    },
    "member12": {
        "u": 6.431020660035273,
        "v": 6.288695087968451,
        "num_eddy": 2.833525159521969,
        "max(vorticity)": 5.970617505549901,
        "max(diameter)": 7.807039899050544
    },
    "member13": {
        "u": 9.966231102958158,
        "v": 9.890841760820003,
        "num_eddy": 2.739191261719909,
        "max(vorticity)": 4.325568438295161,
        "max(diameter)": 7.152934300970326
    },
    "member14": {
        "u": 3.292139385969074,
        "v": 3.9442233109914646,
        "num_eddy": 9.992585172115257,
        "max(vorticity)": 6.017453396030557,
        "max(diameter)": 2.8288217908234845
    },
    "member15": {
        "u": 9.514380104023846,
        "v": 0.5267140711539886,
        "num_eddy": 3.536592428336729,
        "max(vorticity)": 2.102202702723537,
        "max(diameter)": 6.106321747647879
    },
    "member16": {
        "u": 5.367804157981548,
        "v": 2.0075731179828384,
        "num_eddy": 0.09205836151691349,
        "max(vorticity)": 6.7517008469180695,
        "max(diameter)": 9.537295585906245
    },
    "member17": {
        "u": 8.148536718157128,
        "v": 1.0662405795755314,
        "num_eddy": 9.698597360990505,
        "max(vorticity)": 6.655475735045563,
        "max(diameter)": 6.5356516244395015
    },
    "member18": {
        "u": 5.895086618451093,
        "v": 3.8937786677284225,
        "num_eddy": 9.725617268622278,
        "max(vorticity)": 5.507131446990491,
        "max(diameter)": 9.219609454228511
    },
    "member19": {
        "u": 9.728530812667941,
        "v": 3.027795410065627,
        "num_eddy": 8.520982901580544,
        "max(vorticity)": 1.0114391445368354,
        "max(diameter)": 7.451696583216574
    },
    "member20": {
        "u": 9.307705111052645,
        "v": 1.0108668443891256,
        "num_eddy": 6.028189535566707,
        "max(vorticity)": 5.925236218312808,
        "max(diameter)": 6.242362736086026
    },
    "member21": {
        "u": 8.443804610760418,
        "v": 1.544918542774849,
        "num_eddy": 2.8119784727917962,
        "max(vorticity)": 8.5814334260132,
        "max(diameter)": 5.878920330374351
    },
    "member22": {
        "u": 1.3844810437686494,
        "v": 8.99715946437775,
        "num_eddy": 9.219193050758573,
        "max(vorticity)": 9.551672582219306,
        "max(diameter)": 5.022226052230886
    },
    "member23": {
        "u": 6.299610543697809,
        "v": 2.5162300531051676,
        "num_eddy": 9.701197586634605,
        "max(vorticity)": 1.5959158917323601,
        "max(diameter)": 9.13018055348517
    },
    "member24": {
        "u": 8.86119640017536,
        "v": 6.389023097095388,
        "num_eddy": 8.84506087278784,
        "max(vorticity)": 7.5490580680590735,
        "max(diameter)": 7.13878971804583
    },
    "member25": {
        "u": 7.6939621021242495,
        "v": 9.9217266624654,
        "num_eddy": 8.043568792946878,
        "max(vorticity)": 7.252367969641494,
        "max(diameter)": 8.654640231878966
    },
    "member26": {
        "u": 3.593612254810754,
        "v": 2.8453144182038024,
        "num_eddy": 7.049229833442736,
        "max(vorticity)": 1.1918227512242108,
        "max(diameter)": 3.3123423689665357
    },
    "member27": {
        "u": 8.696389150826672,
        "v": 5.601564792227017,
        "num_eddy": 7.882070071023559,
        "max(vorticity)": 5.733467107761055,
        "max(diameter)": 5.798963649080432
    },
    "member28": {
        "u": 0.13198098997694196,
        "v": 9.519388133024481,
        "num_eddy": 0.756646174471296,
        "max(vorticity)": 8.996921772331184,
        "max(diameter)": 2.6935889467527794
    },
    "member29": {
        "u": 8.453943445884985,
        "v": 6.763851261523249,
        "num_eddy": 6.840489897514369,
        "max(vorticity)": 7.982651392993178,
        "max(diameter)": 6.481052155350247
    },
    "member30": {
        "u": 3.9938950354572214,
        "v": 1.1807649609333837,
        "num_eddy": 6.20332101353489,
        "max(vorticity)": 1.3848916824759516,
        "max(diameter)": 9.069536315964637
    },
    "member31": {
        "u": 8.3873980365241,
        "v": 2.652498511247531,
        "num_eddy": 8.953336117469837,
        "max(vorticity)": 8.443902749782342,
        "max(diameter)": 5.6307705195678555
    },
    "member32": {
        "u": 5.522219583204096,
        "v": 4.097241385744326,
        "num_eddy": 8.349129181502994,
        "max(vorticity)": 4.846928077459355,
        "max(diameter)": 9.780313933504
    },
    "member33": {
        "u": 6.746121762022951,
        "v": 3.581017372786015,
        "num_eddy": 2.848169438531313,
        "max(vorticity)": 6.690017102008267,
        "max(diameter)": 0.5729281253920404
    },
    "member34": {
        "u": 8.214963618659809,
        "v": 9.545073979938797,
        "num_eddy": 7.303830014116741,
        "max(vorticity)": 1.460725019049507,
        "max(diameter)": 9.14924219255867
    },
    "member35": {
        "u": 4.5996522108009765,
        "v": 5.886951088066041,
        "num_eddy": 7.721584248502886,
        "max(vorticity)": 8.705557334271065,
        "max(diameter)": 0.19053109004478874
    },
    "member36": {
        "u": 2.3097479530857234,
        "v": 0.9550591820084497,
        "num_eddy": 8.386830591739187,