{
    "member1": {
        "u": 5.510696764061455,
        "v": 3.1963039628525025,
        "num_eddy": 9.570392807797436,
        "max(vorticity)": 8.926480951965567,
        "max(diameter)": 0.27087144744816327
    },
    "member2": {
        "u": 3.028354649707162,
        "v": 3.690875514851183,
        "num_eddy": 7.842899616165687,
        "max(vorticity)": 3.0745035736929927,
        "max(diameter)": 2.265709441803554
    },
    "member3": {
        "u": 7.729146919683173,
        "v": 7.294018090305202,
        "num_eddy": 2.689415108625739,
        "max(vorticity)": 2.208980742786518,
        "max(diameter)": 1.1255305033545948
    },
    "member4": {
        "u": 7.26311199288726,
        "v": 2.8489694453684153,
        "num_eddy": 6.507106857623167,
        "max(vorticity)": 2.8737879363849137,
        "max(diameter)": 3.055508336511074
    },
    "member5": {
        "u": 4.7543491258135395,
        "v": 6.7601873529428715,
        "num_eddy": 9.845278147256812,
        "max(vorticity)": 5.8710858815213465,
        "max(diameter)": 8.280945941977775
    },
    "member6": {
        "u": 1.7977855207051407,
        "v": 9.260472113541027,
        "num_eddy": 4.774622502805284,
        "max(vorticity)": 2.8252104803999813,
        "max(diameter)": 1.18606971095374
    },
    "member7": {
        "u": 0.409995839666345,
        "v": 6.024241464058939,
        "num_eddy": 2.256589298459012,
        "max(vorticity)": 3.2779304383943897,
        "max(diameter)": 9.670238390857978
    },
    "member8": {
        "u": 8.57401178457652,
        "v": 1.465445411058487,
        "num_eddy": 3.2817320012821147,
        "max(vorticity)": 4.70519913801256,
        "max(diameter)": 9.878530237432368
    },
    "member9": {
        "u": 5.709546936718631,
        "v": 6.997643469328559,
        "num_eddy": 6.328540744397557,
        "max(vorticity)": 2.032397943446367,
        "max(diameter)": 6.002472437699269
    },
    "member10": {
        "u": 3.965024837111093,
        "v": 8.04994228601415,
        "num_eddy": 1.5768828070696483,
        "max(vorticity)": 7.388645234531868,
        "max(diameter)": 9.653900891105131
    },
    "member11": {
        "u": 6.857565640053855,
        "v": 6.0869373090918195,
        "num_eddy": 9.628094286668219,
        "max(vorticity)": 0.4721165509069214,
        "max(diameter)": 1.8511283635844455
    },
    "member12": {
        "u": 1.879832181462865,
        "v": 0.05129790363429643,
        "num_eddy": 6.167693455830153,
        "max(vorticity)": 4.823335864354169,
        "max(diameter)": 6.165988514109699
    },
    "member13": {
        "u": 4.3572807499132775,
        "v": 1.5880668750971372,
        "num_eddy": 4.854636258953398,
        "max(vorticity)": 1.0013022552762119,
        "max(diameter)": 8.810602733978426
    },
    "member14": {
        "u": 2.7774142161807855,
        "v": 9.710928583085357,
        "num_eddy": 4.495856119112957,
        "max(vorticity)": 1.9154526459848331,
        "max(diameter)": 2.1490519552787113
    },
    "member15": {
        "u": 1.7608954307448987,
        "v": 1.8255088578977519,
        "num_eddy": 3.103242211660775,
        "max(vorticity)": 1.8503329797759427,
        "max(diameter)": 7.786059938640233
    },
    "member16": {
        "u": 5.743783557225979,
        "v": 3.5855311967989567,
        "num_eddy": 1.4893716014608405,
        "max(vorticity)": 3.578311636826802,
        "max(diameter)": 1.006440352944612
    },
    "member17": {
        "u": 5.578852573664071,
        "v": 3.7013973956834976,
        "num_eddy": 1.9562989414471588,
        "max(vorticity)": 0.9513721852324464,
        "max(diameter)": 5.726986686314931
    },
    "member18": {
        "u": 4.201941477440196,
        "v": 8.791376412033017,
        "num_eddy": 9.43892363666265,
        "max(vorticity)": 8.389664520808559,
        "max(diameter)": 6.992735359945028
    },
    "member19": {
        "u": 8.42646383057952,
        "v": 1.1539782915289698,
        "num_eddy": 3.434466099045199,
        "max(vorticity)": 2.003552792257579,
        "max(diameter)": 8.049689436395571
    },
    "member20": {
        "u": 3.7863609161669833,
        "v": 2.3723867487723216,
        "num_eddy": 7.123274575286934,
        "max(vorticity)": 6.676082406719424,
        "max(diameter)": 1.431764786808507
    },
    "member21": {
        "u": 1.0761600540351668,
        "v": 4.4354169436099,
        "num_eddy": 1.3789626763167218,
        "max(vorticity)": 3.5343759000717725,
        "max(diameter)": 9.693779690285814
    },
    "member22": {
        "u": 8.372355638899464,
        "v": 8.932425018139192,
        "num_eddy": 8.656824309224563,
        "max(vorticity)": 5.386756867122532,
        "max(diameter)": 9.400804814514158
    },
    "member23": {
        "u": 6.385604705758933,
        "v": 9.848071158956506,
        "num_eddy": 1.5836747099562132,
        "max(vorticity)": 8.975299768486083,
        "max(diameter)": 9.851316916867733
    },
    "member24": {
        "u": 8.25186138860092,
        "v": 2.76775910238092,
        "num_eddy": 0.40527927478390846,
        "max(vorticity)": 9.35959254768601,
        "max(diameter)": 4.908713023436423
    },
    "member25": {
        "u": 0.5883784664553171,
        "v": 9.415873684419124,
        "num_eddy": 7.3471844052838335,
        "max(vorticity)": 5.552567414027304,
        "max(diameter)": 0.8388271003076475
    },
    "member26": {
        "u": 4.903386987078722,
        "v": 7.9776019802189815,
        "num_eddy": 2.564756885390709,
        "max(vorticity)": 3.2899530175578318,
        "max(diameter)": 7.6944970791416525
    },
    "member27": {
        "u": 3.028100780486327,
        "v": 3.020113374214959,
        "num_eddy": 7.7702869679939806,
        "max(vorticity)": 7.64627655217555,
        "max(diameter)": 9.634043014342144
    },
    "member28": {
        "u": 6.598667800939607,
        "v": 6.980129703838437,
        "num_eddy": 0.18656680270564996,
        "max(vorticity)": 3.1008340581805225,
        "max(diameter)": 2.9559108718418967
    },
    "member29": {
        "u": 5.672415611840693,
        "v": 4.171858714515708,
        "num_eddy": 2.965345773935816,
        "max(vorticity)": 2.2217982929911093,
        "max(diameter)": 4.325325285922979
    },
    "member30": {
        "u": 5.42397829734612,
        "v": 1.5374431663128718,
        "num_eddy": 9.262555489721404,
        "max(vorticity)": 5.977148498987683,
        "max(diameter)": 8.644942394762028
    },
    "member31": {
        "u": 9.362976471373877,
        "v": 8.023830841699592,
        "num_eddy": 2.0867967874990945,
        "max(vorticity)": 6.103852761316597,
        "max(diameter)": 7.946966155862722
    },
    "member32": {
        "u": 4.846962643487637,
        "v": 0.219364688487812,
        "num_eddy": 3.144958475930234,
        "max(vorticity)": 0.39270624434685875,
        "max(diameter)": 3.543410286709585
    },
    "member33": {
        "u": 2.8387108710572595,
        "v": 0.05075133351878702,
        "num_eddy": 2.249711200366886,
        "max(vorticity)": 7.214531998102,
        "max(diameter)": 5.145188979884628
    },
    "member34": {
        "u": 9.75198676293889,
        "v": 5.684618957951422,
        "num_eddy": 7.075639146937172,
        "max(vorticity)": 7.626100348339413,
        "max(diameter)": 9.358742537264952
    },
    "member35": {
        "u": 6.943330242149306,
        "v": 7.624856939567211,
        "num_eddy": 5.248549155247363,
        "max(vorticity)": 0.8176764325082786,
        "max(diameter)": 1.6990654879335332
    },
    "member36": {
        "u": 5.363506719701823,
        "v": 2.4436360976176976,
        "num_eddy": 6.290663203197183,