{
    "member1": {
        "u": 0.5341135731896229,
        "v": 5.352493247035957,
        "num_eddy": 0.3264098326660936,
        "max(vorticity)": 3.384330070309983,
        "max(diameter)": 8.025987806040083
    },
    "member2": {
        "u": 3.7803452518162417,
        "v": 9.425290052726027,
        "num_eddy": 2.1607081922255356,
        "max(vorticity)": 6.779725820209022,
        "max(diameter)": 2.303777688913524
    },
    "member3": {
        "u": 2.165538100312591,
        "v": 5.608822768835874,
        "num_eddy": 9.080155861200202,
        "max(vorticity)": 7.062849023972218,
        "max(diameter)": 2.352110457066161
    },
    "member4": {
        "u": 5.381267917900992,
        "v": 7.5663125025926306,
        "num_eddy": 3.398453448643295,
        "max(vorticity)": 6.051936255964704,
        "max(diameter)": 6.449603455030904
    },
    "member5": {
        "u": 2.8439441503465734,
        "v": 5.820596786292659,
        "num_eddy": 2.8424918921229745,
        "max(vorticity)": 1.3283759922130245,
        "max(diameter)": 2.9104882666584295
    },
    "member6": {
        "u": 7.57096114349776,
        "v": 2.909702620762191,
        "num_eddy": 2.8349206467798114,
        "max(vorticity)": 1.2748950102829448,
        "max(diameter)": 7.7240824400284875
    },
    "member7": {
        "u": 1.8976360882158483,
        "v": 1.1641205488794604,
        "num_eddy": 5.57893073206325,
        "max(vorticity)": 1.1695491580554618,
        "max(diameter)": 5.461934845778325
    },
    "member8": {
        "u": 2.4509251983392266,
        "v": 5.837662473421461,
        "num_eddy": 1.3294439604557184,
        "max(vorticity)": 8.324061304117405,
        "max(diameter)": 2.0837307207220492
    },
    "member9": {
        "u": 2.246271481935019,
        "v": 9.761621594092835,
        "num_eddy": 3.752882641894576,
        "max(vorticity)": 5.953552319092551,
        "max(diameter)": 8.268141711975106
    },
    "member10": {
        "u": 9.96413228314654,
        "v": 0.9954624867659778,
        "num_eddy": 5.291248351948435,
        "max(vorticity)": 3.6167196790811795,
        "max(diameter)": 9.968878513401414
    },
    "member11": {
        "u": 9.240436335108143,
        "v": 7.40137665354535,
        "num_eddy": 4.219255333475998,
        "max(vorticity)": 5.98694245632719,
        "max(diameter)": 5.696875141525321
    },
    "member12": {
        "u": 0.7073155251235852,
        "v": 4.164832038692406,
        "num_eddy": 8.89331050088217,
        "max(vorticity)": 3.595544051265449,
        "max(diameter)": 8.842682604995048
    },
    "member13": {
        "u": 1.8608960681524178,
        "v": 2.265208986487205,
        "num_eddy": 7.232037259056513,
        "max(vorticity)": 4.6021512720385545,
        "max(diameter)": 4.098412612475546
    },
    "member14": {
        "u": 4.46574095681089,
        "v": 1.6413199363385378,
        "num_eddy": 1.9577956415756415,
        "max(vorticity)": 5.237101415877683,
        "max(diameter)": 3.7545358365092873
    },
    "member15": {
        "u": 5.324481045391431,
        "v": 3.7809389615148605,
        "num_eddy": 1.707310074595193,
        "max(vorticity)": 3.2980254210273108,
        "max(diameter)": 5.189931512569932
    },
    "member16": {
        "u": 2.316750377544976,
        "v": 2.8762763207561006,
        "num_eddy": 1.7820358772424416,
        "max(vorticity)": 7.575389273639495,
        "max(diameter)": 2.3361583910869244
    },
    "member17": {
        "u": 2.4377330768696837,
        "v": 0.23424237892487376,
        "num_eddy": 4.723867824318168,
        "max(vorticity)": 5.943416590510097,
        "max(diameter)": 0.23369928360867265
    },
    "member18": {
        "u": 6.768362749111824,
        "v": 9.497229905855635,
        "num_eddy": 8.57556492020481,
        "max(vorticity)": 6.485744741389262,
        "max(diameter)": 3.205522181125856
    },
    "member19": {
        "u": 4.6890652947571585,
        "v": 3.5349546356004993,
        "num_eddy": 6.482593174234545,
        "max(vorticity)": 8.851762340020233,
        "max(diameter)": 1.6846187595028095
    },
    "member20": {
        "u": 7.53185531165437,
        "v": 4.361719586239472,
        "num_eddy": 0.05949574210980413,
        "max(vorticity)": 7.695057572178895,
        "max(diameter)": 4.241953117026737
    },
    "member21": {
        "u": 5.168515873974902,
        "v": 1.2479544227408912,
        "num_eddy": 2.2087707035170947,
        "max(vorticity)": 3.1420821173162716,
        "max(diameter)": 2.841846293107133
    },
    "member22": {
        "u": 9.379365226709638,
        "v": 2.9888249840906687,
        "num_eddy": 0.045106241741301734,
        "max(vorticity)": 8.265542776677426,
        "max(diameter)": 0.23667737842414494
    },
    "member23": {
        "u": 8.205971499593648,
        "v": 1.386224820098818,
        "num_eddy": 6.869896884624715,
        "max(vorticity)": 7.152636361613557,
        "max(diameter)": 0.6573586571248757
    },
    "member24": {
        "u": 7.475187971550579,
        "v": 9.419878424434854,
        "num_eddy": 0.35453183073784755,
        "max(vorticity)": 8.163030779775669,
        "max(diameter)": 2.0746720385600304
    },
    "member25": {
        "u": 9.440732704584194,
        "v": 5.233745451540333,
        "num_eddy": 6.1911828664765824,
        "max(vorticity)": 8.810408967881195,
        "max(diameter)": 8.258010990147246
    },
    "member26": {
        "u": 7.593164295661719,
        "v": 9.530552735982292,
        "num_eddy": 3.423015435689689,
        "max(vorticity)": 7.074220590106538,
        "max(diameter)": 1.1541445260906247
    },
    "member27": {
        "u": 8.24289986762863,
        "v": 7.240311196860515,
        "num_eddy": 4.418328005311341,
        "max(vorticity)": 7.799745502284985,
        "max(diameter)": 0.2257994848911904
    },
    "member28": {
        "u": 9.426522313195536,
        "v": 1.944987235543294,
        "num_eddy": 6.636668548167779,
        "max(vorticity)": 8.017443906043694,
        "max(diameter)": 7.869859861586046
    },
    "member29": {
        "u": 8.073698953835457,
        "v": 6.857261582479657,
        "num_eddy": 6.737661008244407,
        "max(vorticity)": 4.880034675505033,
        "max(diameter)": 7.112704082384984
    },
    "member30": {
        "u": 8.291483114673623,
        "v": 9.166884721582864,
        "num_eddy": 9.338380047988595,
        "max(vorticity)": 4.178439750989962,
        "max(diameter)": 8.931139515857629
    },
    "member31": {
        "u": 5.297350993606509,
        "v": 8.16754023098751,
        "num_eddy": 4.497125423158648,
        "max(vorticity)": 9.941272913491995,
        "max(diameter)": 8.27293409009126
    },
    "member32": {
        "u": 9.33908553512238,
        "v": 2.031527381923129,
        "num_eddy": 3.2155240314418485,
        "max(vorticity)": 3.8184175297584533,
        "max(diameter)": 9.742832891802896
    },
    "member33": {
        "u": 9.633655682951453,
        "v": 2.730018866802012,
        "num_eddy": 6.603055308198265,
        "max(vorticity)": 3.9643004604810326,
        "max(diameter)": 0.2833549595946028
    },
    "member34": {
        "u": 5.6381745349210775,
        "v": 6.001906975671033,
        "num_eddy": 1.340358006815573,
        "max(vorticity)": 6.6443358884131065,
        "max(diameter)": 3.8054970484605812
    },
    "member35": {
        "u": 3.1125047111728446,
        "v": 2.143209728250439,
        "num_eddy": 8.906610309051736,
        "max(vorticity)": 5.255116475973596,
        "max(diameter)": 7.169990263478216
    },
    "member36": {
        "u": 0.4047087533275717,
        "v": 2.2839260394290473,
        "num_eddy": 3.3614211447308273,