{
    "member1": {
        "u": 0.7243937175837922,
        "v": 3.098208385036656,
        "num_eddy": 9.19732665669626,
        "max(vorticity)": 0.1146384542007639,
        "max(diameter)": 5.819185615321429
    },
    "member2": {
        "u": 3.7156515515824626,
        "v": 2.2841285122809465,
        "num_eddy": 0.7359448959284154,
        "max(vorticity)": 2.351014497401626,
        "max(diameter)": 9.262080350340359
    },
    "member3": {
        "u": 5.410420967577567,
        "v": 1.3147758525102304,
        "num_eddy": 7.253003864465625,
        "max(vorticity)": 4.287032235806612,
        "max(diameter)": 8.081268238402012
    },
    "member4": {
        "u": 5.875023621408256,
        "v": 3.327725131924245,
        "num_eddy": 8.392284596870653,
        "max(vorticity)": 1.455513843783236,
        "max(diameter)": 0.9657766013039149
    },
    "member5": {
        "u": 7.502452061931252,
        "v": 4.326138245163996,
        "num_eddy": 5.5733932741817815,
        "max(vorticity)": 7.662136742507779,
        "max(diameter)": 3.858771535372264
    },
    "member6": {
        "u": 4.927359063757926,
        "v": 7.967561006132632,
        "num_eddy": 7.405933127597223,
        "max(vorticity)": 3.7449137896148654,
        "max(diameter)": 4.292261628606292
    },
    "member7": {
        "u": 2.771718735295543,
        "v": 8.798499333192488,
        "num_eddy": 6.4583196047371665,
        "max(vorticity)": 7.4423201770806635,
        "max(diameter)": 5.448295065364686
    },
    "member8": {
        "u": 6.577366342251811,
        "v": 3.9889493968652023,
        "num_eddy": 8.273581936809624,
        "max(vorticity)": 0.9975899945600097,
        "max(diameter)": 4.626784032442577
    },
    "member9": {
        "u": 1.0309013616023122,
        "v": 0.4931598535687254,
        "num_eddy": 2.9199680189026154,
        "max(vorticity)": 8.757053026589162,
        "max(diameter)": 3.54197154519307
    },
    "member10": {
        "u": 0.595682846191482,
        "v": 4.6164446334727565,
        "num_eddy": 0.7995656855580247,
        "max(vorticity)": 6.01058285361073,
        "max(diameter)": 2.265912897410826
    },
    "member11": {
        "u": 0.11624930724222104,
        "v": 5.135593163081671,
        "num_eddy": 5.176598312412635,
        "max(vorticity)": 5.82018381602405,
        "max(diameter)": 1.304767965952911
    },
    "member12": {
        "u": 4.08786430435322,
        "v": 2.3638212811480908,
        "num_eddy": 1.5746182981177304,
        "max(vorticity)": 3.9813266439330253,
        "max(diameter)": 2.5998712601980243
    },
    "member13": {
        "u": 1.5907704772676268,
        "v": 8.807533502220712,
        "num_eddy": 1.3195365681029536,
        "max(vorticity)": 2.4861449291689697,
        "max(diameter)": 0.9503377435569649
    },
    "member14": {
        "u": 1.1164870292555507,
        "v": 0.9365398610395348,
        "num_eddy": 8.507050499040599,
        "max(vorticity)": 2.369307025764631,
        "max(diameter)": 3.0926480358803943
    },
    "member15": {
        "u": 3.253475120881244,
        "v": 0.9650490825845548,
        "num_eddy": 3.9227675620828686,
        "max(vorticity)": 5.119903449115193,
        "max(diameter)": 2.970778911172408
    },
    "member16": {
        "u": 9.079287591600163,
        "v": 3.3276792836278957,
        "num_eddy": 5.020986064671302,
        "max(vorticity)": 5.529508399934261,
        "max(diameter)": 6.283980677466548
    },
    "member17": {
        "u": 8.376225210920133,
        "v": 2.302789974443259,
        "num_eddy": 7.758224107418671,
        "max(vorticity)": 7.759026949379235,
        "max(diameter)": 9.544310423161074
    },
    "member18": {
        "u": 1.395007404020936,
        "v": 1.9672745600877206,
        "num_eddy": 8.293323447511824,
        "max(vorticity)": 0.8341519779648876,
        "max(diameter)": 5.355369978356582
    },
    "member19": {
        "u": 3.293895199089707,
        "v": 0.7828742092487928,
        "num_eddy": 5.908400628428198,
        "max(vorticity)": 3.4623617562889155,
        "max(diameter)": 5.050088379428241
    },
    "member20": {
        "u": 9.60849078710778,
        "v": 4.836116422027316,
        "num_eddy": 4.56560881175333,
        "max(vorticity)": 8.53953143346255,
        "max(diameter)": 6.7852908803302725
    },
    "member21": {
        "u": 3.521120933650078,
        "v": 0.6484650729329877,
        "num_eddy": 0.8042308993007685,
        "max(vorticity)": 2.14297004088174,
        "max(diameter)": 5.339702879123767
    },
    "member22": {
        "u": 8.161753287364768,
        "v": 9.375951473545266,
        "num_eddy": 8.235467219512634,
        "max(vorticity)": 5.514678781684208,
        "max(diameter)": 3.2125876461217895
    },
    "member23": {
        "u": 0.8708442774384295,
        "v": 3.386510116798196,
        "num_eddy": 6.587391041582076,
        "max(vorticity)": 3.454679882710402,
        "max(diameter)": 1.5571063400148244
    },
    "member24": {
        "u": 3.073566390053193,
        "v": 1.4118374721134719,
        "num_eddy": 9.967332706209806,
        "max(vorticity)": 9.59836215683037,
        "max(diameter)": 6.019550601781396
    },
    "member25": {
        "u": 3.759365514959848,
        "v": 4.153726319063841,
        "num_eddy": 0.9765596945669208,
        "max(vorticity)": 6.611093452786526,
        "max(diameter)": 1.0351196698932663
    },
    "member26": {
        "u": 3.0329279508959326,
        "v": 3.479531165865122,
        "num_eddy": 2.5747633488187374,
        "max(vorticity)": 1.8783364975885042,
        "max(diameter)": 9.276491599960217
    },
    "member27": {
        "u": 3.3566492552035196,
        "v": 3.1706733099332505,
        "num_eddy": 2.710905245250882,
        "max(vorticity)": 9.24899003013033,
        "max(diameter)": 5.336945998158688
    },
    "member28": {
        "u": 4.602988643299542,
        "v": 9.066310448789757,
        "num_eddy": 6.807854906024105,
        "max(vorticity)": 9.052074132436044,
        "max(diameter)": 4.292187537108141
    },
    "member29": {
        "u": 3.5924622919889315,
        "v": 3.4922870613498835,
        "num_eddy": 8.660200477833989,
        "max(vorticity)": 0.08518794221465176,
        "max(diameter)": 4.67352547823872
    },
    "member30": {
        "u": 2.400640583399558,
        "v": 6.124584696752814,
        "num_eddy": 4.2083056085193995,
        "max(vorticity)": 9.651024284095104,
        "max(diameter)": 1.6138499636764925
    },
    "member31": {
        "u": 7.268798982808007,
        "v": 6.637001218487535,
        "num_eddy": 2.0068415888979763,
        "max(vorticity)": 3.351628106788902,
        "max(diameter)": 3.1605074443086845
    },
    "member32": {
        "u": 0.12333118068547866,
        "v": 3.1831165524275673,
        "num_eddy": 5.136576351590736,
        "max(vorticity)": 0.033907725754234175,
        "max(diameter)": 1.700506338694252
    },
    "member33": {
        "u": 1.2325610763774275,
        "v": 3.7661125055439646,
        "num_eddy": 1.8400655967155755,
        "max(vorticity)": 4.224116875051004,
        "max(diameter)": 0.16253735084869492
    },
    "member34": {
        "u": 2.8616626131674003,
        "v": 1.3894206789732189,
        "num_eddy": 4.240084745331427,
        "max(vorticity)": 4.436711625486019,
        "max(diameter)": 7.384086391644869
    },
    "member35": {
        "u": 6.708773740647459,
        "v": 9.70554771350956,
        "num_eddy": 2.5728746919518306,
        "max(vorticity)": 9.27192611471175,
        "max(diameter)": 2.2634865468664946
    },
    "member36": {
        "u": 0.5050748140518901,
        "v": 6.424406995455055,
        "num_eddy": 1.1062334455302536,