{
    "member1": {
        "u": 5.30104545646091,
        "v": 0.7083953723167147,
        "num_eddy": 7.819202873190083,
        "max(vorticity)": 0.5693806594811202,
        "max(diameter)": 4.75002636417001
    },
    "member2": {
        "u": 5.115969518743225,
        "v": 1.340335988634943,
        "num_eddy": 9.561874021001596,
        "max(vorticity)": 6.486579554938726,
        "max(diameter)": 3.779997276444683
    },
    "member3": {
        "u": 1.503905834377146,
        "v": 8.394523239692603,
        "num_eddy": 6.297069361627285,
        "max(vorticity)": 2.8284469842377034,
        "max(diameter)": 4.4370114571854895
    },
    "member4": {
        "u": 5.545204909617575,
        "v": 9.807825876975297,
        "num_eddy": 9.397122121339498,
        "max(vorticity)": 0.41685284717178916,
        "max(diameter)": 6.172849567429182
    },
    "member5": {
        "u": 2.7754084440020432,
        "v": 0.6457079098686869,
        "num_eddy": 4.8654883922628445,
        "max(vorticity)": 4.275332697321504,
        "max(diameter)": 9.159046422491627
    },
    "member6": {
        "u": 7.279184557314444,
        "v": 8.643079660579422,
        "num_eddy": 5.701010631978547,
        "max(vorticity)": 9.715372410956014,
        "max(diameter)": 4.504880146871559
    },
    "member7": {
        "u": 9.907394128630564,
        "v": 1.8014396679302402,
        "num_eddy": 0.8650330615246471,
        "max(vorticity)": 4.642480349470132,
        "max(diameter)": 4.767056639288471
    },
    "member8": {
        "u": 8.924736478205613,
        "v": 4.711159304463544,
        "num_eddy": 1.4970557019375919,
        "max(vorticity)": 2.674248045343287,
        "max(diameter)": 4.101482778858433
    },
    "member9": {
        "u": 5.707980042920454,
        "v": 5.955279268842304,
        "num_eddy": 3.8844600537664498,
        "max(vorticity)": 4.938747685833482,
        "max(diameter)": 5.316129125261346
    },
    "member10": {
        "u": 3.5785392652025805,
        "v": 3.8450577873296066,
        "num_eddy": 3.6754694671664367,
        "max(vorticity)": 1.862390112718223,
        "max(diameter)": 0.7269138356784632
    },
    "member11": {
        "u": 0.16954275108788885,
        "v": 1.5333605039670561,
        "num_eddy": 3.004769073348635,
        "max(vorticity)": 6.899101625091079,
        "max(diameter)": 4.261873909967017
    },
    "member12": {
        "u": 9.085476315620456,
        "v": 9.567701119713341,
        "num_eddy": 8.167256564486605,
        "max(vorticity)": 9.201807404921922,
        "max(diameter)": 7.692732964105896
    },
    "member13": {
        "u": 6.09121393171311,
        "v": 7.569668379925564,
        "num_eddy": 2.1148202701528804,
        "max(vorticity)": 0.7741281876433237,
        "max(diameter)": 7.25236615888761
    },
    "member14": {
        "u": 1.1518668869884774,
        "v": 6.853637878753258,
        "num_eddy": 5.734694303667464,
        "max(vorticity)": 0.4891904516789525,
        "max(diameter)": 7.608694330671366
    },
    "member15": {
        "u": 5.738940736066983,
        "v": 6.753195776480531,
        "num_eddy": 5.106942837818046,
        "max(vorticity)": 5.16741027850437,
        "max(diameter)": 6.480311216766551
    },
    "member16": {
        "u": 5.928249308886072,
        "v": 7.213494149358003,
        "num_eddy": 8.941305313972181,
        "max(vorticity)": 4.588489128929202,
        "max(diameter)": 7.993722587908238
    },
    "member17": {
        "u": 1.2938618983016648,
        "v": 5.40041057995896,
        "num_eddy": 0.8517340959064046,
        "max(vorticity)": 4.320034794641287,
        "max(diameter)": 1.0387755963530176
    },
    "member18": {
        "u": 0.07202586338775019,
        "v": 2.198398087269764,
        "num_eddy": 0.5534528596485933,
        "max(vorticity)": 5.296215722874159,
        "max(diameter)": 2.8269612268460365
    },
    "member19": {
        "u": 5.016584993094399,
        "v": 5.774690344950607,
        "num_eddy": 4.152809169242313,
        "max(vorticity)": 4.259072515715298,
        "max(diameter)": 6.960333474787456
    },
    "member20": {
        "u": 4.035029621064946,
        "v": 9.712764468629102,
        "num_eddy": 8.90180030726453,
        "max(vorticity)": 3.4211032998060875,
        "max(diameter)": 7.9142866109828365
    },
    "member21": {
        "u": 4.033009045431454,
        "v": 0.17068153975353773,
        "num_eddy": 0.08776651005678704,
        "max(vorticity)": 8.82475112643117,
        "max(diameter)": 2.145469126473516
    },
    "member22": {
        "u": 7.037836685562563,
        "v": 8.214993628684978,
        "num_eddy": 3.1139632153176375,
        "max(vorticity)": 6.59603899185568,
        "max(diameter)": 8.593385781248365
    },
    "member23": {
        "u": 9.970426443130055,
        "v": 1.8656210221828773,
        "num_eddy": 2.534948008740139,
        "max(vorticity)": 7.956763749319565,
        "max(diameter)": 9.003662157626728
    },
    "member24": {
        "u": 1.2734373258212073,
        "v": 9.089550139243542,
        "num_eddy": 3.980277048204713,
        "max(vorticity)": 6.023780996287801,
        "max(diameter)": 3.1305239529409343
    },
    "member25": {
        "u": 6.60488892283782,
        "v": 0.8671755819177951,
        "num_eddy": 2.292271530449137,
        "max(vorticity)": 1.688592289680425,
        "max(diameter)": 6.376131222419122
    },
    "member26": {
        "u": 8.23682633078194,
        "v": 1.5424894013817358,
        "num_eddy": 4.668224568497505,
        "max(vorticity)": 8.815762933091207,
        "max(diameter)": 5.166402454712216
    },
    "member27": {
        "u": 4.144863648403614,
        "v": 5.402561468968667,
        "num_eddy": 4.018366731316064,
        "max(vorticity)": 7.625244881302149,
        "max(diameter)": 4.946836103808065
    },
    "member28": {
        "u": 6.748406567113086,
        "v": 1.7798565679868117,
        "num_eddy": 8.230741491924897,
        "max(vorticity)": 5.4555240811504895,
        "max(diameter)": 4.199333016255945
    },
    "member29": {
        "u": 6.448332440713372,
        "v": 9.44013586567512,
        "num_eddy": 2.568859879217642,
        "max(vorticity)": 1.0032086260172013,
        "max(diameter)": 4.334354155429701
    },
    "member30": {
        "u": 1.5705450423355982,
        "v": 9.66113329809954,
        "num_eddy": 4.933189296547722,
        "max(vorticity)": 2.9102239894599347,
        "max(diameter)": 3.8609285346159252
    },
    "member31": {
        "u": 4.7434372968382075,
        "v": 2.775961731712705,
        "num_eddy": 2.25559632023705,
        "max(vorticity)": 3.185897895979466,
        "max(diameter)": 8.270339842141997
    },
    "member32": {
        "u": 2.041796123646961,
        "v": 2.415500966176154,
        "num_eddy": 8.041612955132893,
        "max(vorticity)": 8.950562626289244,
        "max(diameter)": 4.947532080210286
    },
    "member33": {
        "u": 1.7706972045279201,
        "v": 7.947241117944774,
        "num_eddy": 8.208681585819154,
        "max(vorticity)": 1.8352399725625534,
        "max(diameter)": 6.3398043375943445
    },
    "member34": {
        "u": 6.844197605944852,
        "v": 4.435602967894732,
        "num_eddy": 9.629634440622542,
        "max(vorticity)": 7.600681391678387,
        "max(diameter)": 2.649280301197856
    },
    "member35": {
        "u": 4.0720032562942645,
        "v": 3.7251588079965368,
        "num_eddy": 3.5786674931746285,
        "max(vorticity)": 2.1580765008581446,
        "max(diameter)": 6.054472084657291
    },
    "member36": {
        "u": 4.33502462886951,
        "v": 6.4047351933309224,
        "num_eddy": 3.6782412478000506,