{
    "member1": {
        "u": 7.51264254873429,
        "v": 3.2414808080750723,
        "num_eddy": 4.466973048180385,
        "max(vorticity)": 0.516709106716694,
        "max(diameter)": 8.081707848120047
    },
    "member2": {
        "u": 2.0114600645025638,
        "v": 1.078728288167109,
        "num_eddy": 4.169847024409389,
        "max(vorticity)": 5.407807981292719,
        "max(diameter)": 1.352870186264038
    },
    "member3": {
        "u": 0.31138029419942814,
        "v": 3.521171270129847,
        "num_eddy": 2.2832175559166847,
        "max(vorticity)": 8.155115280553362,
        "max(diameter)": 2.7713944249169065
    },
    "member4": {
        "u": 7.207437996832339,
        "v": 4.774140812093611,
        "num_eddy": 1.3827405227467737,
        "max(vorticity)": 7.330306104228795,
        "max(diameter)": 0.48084348333308546
    },
    "member5": {
        "u": 9.833177571444747,
        "v": 1.1171094181460173,
        "num_eddy": 2.1747415765611287,
        "max(vorticity)": 1.634438447248504,
        "max(diameter)": 0.4927779626526718
    },
    "member6": {
        "u": 8.999285975445048,
        "v": 4.546739402900156,
        "num_eddy": 0.37185343861014575,
        "max(vorticity)": 4.244281580955523,
        "max(diameter)": 2.1062103452217693
    },
    "member7": {
        "u": 3.069833943168417,
        "v": 0.7889816248758341,
        "num_eddy": 7.976660873283369,
        "max(vorticity)": 9.210168535276628,
        "max(diameter)": 9.481434233462046
    },
    "member8": {
        "u": 1.4789472287524763,
        "v": 7.523935872074087,
        "num_eddy": 8.129776332212744,
        "max(vorticity)": 5.936446576749309,
        "max(diameter)": 9.896863192179737
    },
    "member9": {
        "u": 6.5329024975901415,
        "v": 1.6710386349802264,
        "num_eddy": 8.749699012599201,
        "max(vorticity)": 5.713060136331652,
        "max(diameter)": 6.822757106072514
    },
    "member10": {
        "u": 2.1356445833737023,
        "v": 2.6679453076928903,
        "num_eddy": 4.94622579200171,
        "max(vorticity)": 3.9406859460890233,
        "max(diameter)": 2.532187021553699
    },
    "member11": {
        "u": 8.53821567249931,
        "v": 8.42076592483416,
        "num_eddy": 1.815818752632773,
        "max(vorticity)": 7.750585352782621,
        "max(diameter)": 6.338427189256999
    },
    "member12": {
        "u": 9.743711493963211,
        "v": 6.423444821425054,
        "num_eddy": 5.751697063905822,
        "max(vorticity)": 9.332476046106818,
        "max(diameter)": 9.169792727028689
    },
    "member13": {
        "u": 4.994304802844417,
        "v": 8.339531842945187,
        "num_eddy": 9.240601301874298,
        "max(vorticity)": 2.6202873787059167,
        "max(diameter)": 3.5130316226515426
    },
    "member14": {
        "u": 3.355801395596446,
        "v": 4.842181474699308,
        "num_eddy": 2.2911142974505516,
        "max(vorticity)": 2.536525162088549,
        "max(diameter)": 4.947618059569151
    },
    "member15": {
        "u": 5.54591396454628,
        "v": 3.6943202478435957,
        "num_eddy": 3.8347574456601996,
        "max(vorticity)": 6.8762104205139725,
        "max(diameter)": 5.543184648514082
    },
    "member16": {
        "u": 6.730872856560934,
        "v": 5.755609538296721,
        "num_eddy": 3.5214208171549624,
        "max(vorticity)": 1.845401512385434,
        "max(diameter)": 5.1321350353697035
    },
    "member17": {
        "u": 2.402962745202043,
        "v": 8.47455037522021,
        "num_eddy": 9.44211893549975,
        "max(vorticity)": 5.6035870964303935,
        "max(diameter)": 2.171667991033628
    },
    "member18": {
        "u": 5.980511115098217,
        "v": 0.8767413796265977,
        "num_eddy": 7.332905190531841,
        "max(vorticity)": 7.733340026696714,
        "max(diameter)": 8.491836704459097
    },
    "member19": {
        "u": 0.8567254621114961,
        "v": 2.6282126286290497,
        "num_eddy": 1.3890912149300971,
        "max(vorticity)": 1.5048752298721912,
        "max(diameter)": 9.334135559045604
    },
    "member20": {
        "u": 5.588457922099969,
        "v": 0.7874451121053172,
        "num_eddy": 3.861112729652146,
        "max(vorticity)": 8.154656969430627,
        "max(diameter)": 7.92076730965385
    },
    "member21": {
        "u": 7.953405729834433,
        "v": 0.6516547072540191,
        "num_eddy": 3.0961670138435284,
        "max(vorticity)": 7.654447163345626,
        "max(diameter)": 5.198293696994822
    },
    "member22": {
        "u": 7.193177446215987,
        "v": 5.564926192870255,
        "num_eddy": 7.76304886692996,
        "max(vorticity)": 3.809510729686043,
        "max(diameter)": 0.9829746735518441
    },
    "member23": {
        "u": 0.41025942718750597,
        "v": 0.13050057626457834,
        "num_eddy": 0.9958154605459024,
        "max(vorticity)": 9.786774661460711,
        "max(diameter)": 1.9463999592841152
    },
    "member24": {
        "u": 6.522397800474691,
        "v": 1.0391739002813694,
        "num_eddy": 6.308616715950905,
        "max(vorticity)": 9.54756208744291,
        "max(diameter)": 3.401758825400928
    },
    "member25": {
        "u": 0.8943949472310586,
        "v": 2.382937547832152,
        "num_eddy": 6.8906737070639155,
        "max(vorticity)": 8.734336938822294,
        "max(diameter)": 6.957406908826887
    },
    "member26": {
        "u": 6.281145574852848,
        "v": 4.68131672337624,
        "num_eddy": 8.28564211308516,
        "max(vorticity)": 5.391322872641375,
        "max(diameter)": 5.820778388764638
    },
    "member27": {
        "u": 6.1353140738459615,
        "v": 1.63021504576766,
        "num_eddy": 0.7335154482925221,
        "max(vorticity)": 6.660389486444734,
        "max(diameter)": 7.168296576039914
    },
    "member28": {
        "u": 1.525691044666585,
        "v": 7.125645759069366,
        "num_eddy": 1.5183133799402704,
        "max(vorticity)": 8.786724274771352,
        "max(diameter)": 0.1047020673222887
    },
    "member29": {
        "u": 9.606581787616001,
        "v": 5.782945083006155,
        "num_eddy": 1.4162112539092142,
        "max(vorticity)": 8.823887786706848,
        "max(diameter)": 5.70536004568323
    },
    "member30": {
        "u": 3.464924515531196,
        "v": 0.9894474804980591,
        "num_eddy": 9.72855068128396,
        "max(vorticity)": 4.62689559207015,
        "max(diameter)": 8.719786257292354
    },
    "member31": {
        "u": 8.609864811276548,
        "v": 9.631074310107133,
        "num_eddy": 9.668813432030262,
        "max(vorticity)": 0.48491334965576005,
        "max(diameter)": 0.9819470444834499
    },
    "member32": {
        "u": 7.491624351477513,
        "v": 3.698764292852333,
        "num_eddy": 3.065715879579235,
        "max(vorticity)": 5.412767449616496,
        "max(diameter)": 6.199515623703079
    },
    "member33": {
        "u": 0.2063177392760962,
        "v": 0.5573190419352714,
        "num_eddy": 5.287706227230236,
        "max(vorticity)": 7.770778455452183,
        "max(diameter)": 3.3254403230651866
    },
    "member34": {
        "u": 1.687477870417744,
        "v": 4.692520621093291,
        "num_eddy": 6.131604822677291,
        "max(vorticity)": 1.5869146642639054,
        "max(diameter)": 1.57219949329778
    },
    "member35": {
        "u": 4.129880930295348,
        "v": 1.1875639508464897,
        "num_eddy": 2.2072578965394465,
        "max(vorticity)": 7.723386143714199,
        "max(diameter)": 3.352274182755648
    },
    "member36": {
        "u": 8.642287807641635,
        "v": 5.163092568306943,
        "num_eddy": 7.3492207889887915,