{
    "member1": {
        "u": 9.465837578735263,
        "v": 3.231288030575561,
        "num_eddy": 3.7684007239671757,
        "max(vorticity)": 3.2348056758758412,
        "max(diameter)": 3.004729515611987
    },
    "member2": {
        "u": 5.384930042417334,
        "v": 3.094003705656081,
        "num_eddy": 1.3618851755963912,
        "max(vorticity)": 3.263565534194277,
        "max(diameter)": 9.347103418089805
    },
    "member3": {
        "u": 9.328833149704769,
        "v": 9.16269351409746,
        "num_eddy": 8.636384031674565,
        "max(vorticity)": 1.2321679055573764,
        "max(diameter)": 3.2618264093374236
    },
    "member4": {
        "u": 1.3468674853503926,
        "v": 4.76868189107808,
        "num_eddy": 8.37793205074153,
        "max(vorticity)": 5.980035350269243,
        "max(diameter)": 2.871097275823864
    },
    "member5": {
        "u": 4.741664014808401,
        "v": 3.4367379856242932,
        "num_eddy": 5.747622520479175,
        "max(vorticity)": 0.5685499402293737,
        "max(diameter)": 1.150463425520677
    },
    "member6": {
        "u": 2.309227410056099,
        "v": 8.691914057553944,
        "num_eddy": 1.7367433427158285,
        "max(vorticity)": 6.536722169450818,
        "max(diameter)": 4.339470378729322
    },
    "member7": {
        "u": 1.489203046505081,
        "v": 2.8873302140969246,
        "num_eddy": 7.721811177095024,
        "max(vorticity)": 3.382666114790196,
        "max(diameter)": 7.113181560729083
    },
    "member8": {
        "u": 5.358348790959201,
        "v": 9.112347171638525,
        "num_eddy": 2.0585453210553206,
        "max(vorticity)": 4.039279282882262,
        "max(diameter)": 6.395485528255024
    },
    "member9": {
        "u": 1.7457720509662156,
        "v": 5.639669134666412,
        "num_eddy": 3.6655637150865648,
        "max(vorticity)": 3.8875494762715537,
        "max(diameter)": 3.4426176179658077
    },
    "member10": {
        "u": 1.1042607749394118,
        "v": 1.0225192566263508,
        "num_eddy": 1.003332526885815,
        "max(vorticity)": 9.73003374542752,
        "max(diameter)": 0.6023259428928063
    },
    "member11": {
        "u": 2.915911760312042,
        "v": 6.320702353283842,
        "num_eddy": 5.502544458683095,
        "max(vorticity)": 2.4851720728758355,
        "max(diameter)": 9.817527602852731
    },
    "member12": {
        "u": 0.36353770940390384,
        "v": 1.247691687159086,
        "num_eddy": 3.2169862481078115,
        "max(vorticity)": 9.768359703517216,
        "max(diameter)": 2.7306255119978253
    },
    "member13": {
        "u": 0.8679550517506529,
        "v": 8.67211229789188,
        "num_eddy": 5.242700313530227,
        "max(vorticity)": 9.324768587692285,
        "max(diameter)": 5.7462106435139795
    },
    "member14": {
        "u": 8.002585556073415,
        "v": 0.7373333862200526,
        "num_eddy": 2.984523518294113,
        "max(vorticity)": 9.543697715795588,
        "max(diameter)": 5.705594354911686
    },
    "member15": {
        "u": 3.773918683861639,
        "v": 4.5182934147317155,
        "num_eddy": 7.931513855821821,
        "max(vorticity)": 3.242570428157747,
        "max(diameter)": 5.700440168200608
    },
    "member16": {
        "u": 8.994617396566793,
        "v": 6.575150015141961,
        "num_eddy": 4.732782302500268,
        "max(vorticity)": 6.608026345721844,
        "max(diameter)": 4.0132391215246175
    },
    "member17": {
        "u": 7.488494375330868,
        "v": 6.689769549009773,
        "num_eddy": 8.809293185865283,
        "max(vorticity)": 1.28047617770926,
        "max(diameter)": 0.8251168772891315
    },
    "member18": {
        "u": 0.6265012378314583,
        "v": 6.168512158852946,
        "num_eddy": 0.04097836345750561,
        "max(vorticity)": 2.691426249245824,
        "max(diameter)": 7.379742455696622
    },
    "member19": {
        "u": 9.467908977272918,
        "v": 8.06308122969985,
        "num_eddy": 1.557896778234591,
        "max(vorticity)": 4.9664753470491,
        "max(diameter)": 2.4117273782359283
    },
    "member20": {
        "u": 1.9501240974966927,
        "v": 7.547463016717211,
        "num_eddy": 7.3489787280193735,
        "max(vorticity)": 2.0533375229887216,
        "max(diameter)": 9.284466779207824
    },
    "member21": {
        "u": 2.6147534702267192,
        "v": 8.595152988943616,
        "num_eddy": 8.290318884054278,
        "max(vorticity)": 1.255396695535006,
        "max(diameter)": 2.2328679169779675
    },
    "member22": {
        "u": 4.025313758890813,
        "v": 0.8503066289866279,
        "num_eddy": 4.447616337817585,
        "max(vorticity)": 7.0344932019235,
        "max(diameter)": 3.925076615983596
    },
    "member23": {
        "u": 4.891263708511138,
        "v": 1.521284049033056,
        "num_eddy": 8.127493013739873,
        "max(vorticity)": 4.752507376853005,
        "max(diameter)": 2.0917385992704784
    },
    "member24": {
        "u": 7.306361416729674,
        "v": 7.782898287379224,
        "num_eddy": 3.3932043745752516,
        "max(vorticity)": 1.5313757519706617,
        "max(diameter)": 1.3658812937072518
    },
    "member25": {
        "u": 3.7925874506313595,
        "v": 7.886663800096074,
        "num_eddy": 6.522784028193409,
        "max(vorticity)": 7.956255039885763,
        "max(diameter)": 4.7967830404733105
    },
    "member26": {
        "u": 0.9391525367207842,
        "v": 4.507717929001254,
        "num_eddy": 8.326620328381848,
        "max(vorticity)": 0.5294216199662882,
        "max(diameter)": 1.8687846028217459
    },
    "member27": {
        "u": 7.746805932909665,
        "v": 6.906012530143376,
        "num_eddy": 3.2568134799492645,
        "max(vorticity)": 2.650117214258143,
        "max(diameter)": 4.847015921537111
    },
    "member28": {
        "u": 9.843423588906614,
        "v": 6.82807506495415,
        "num_eddy": 4.2518165847975915,
        "max(vorticity)": 9.25606468240936,
        "max(diameter)": 1.9550831056659013
    },
    "member29": {
        "u": 5.341829708676934,
        "v": 7.831117679982999,
        "num_eddy": 4.634876905179112,
        "max(vorticity)": 5.881574109264402,
        "max(diameter)": 6.835875984320065
    },
    "member30": {
        "u": 6.828302578609941,
        "v": 1.8420490661477285,
        "num_eddy": 1.8731207665712724,
        "max(vorticity)": 6.990734026006457,
        "max(diameter)": 3.672108121911062
    },
    "member31": {
        "u": 9.103652412273997,
        "v": 9.119418717567427,
        "num_eddy": 8.98071481183501,
        "max(vorticity)": 0.7691520153146014,
        "max(diameter)": 2.6391737051165762
    },
    "member32": {
        "u": 9.618845158976045,
        "v": 8.975745884224267,
        "num_eddy": 8.786560199737991,
        "max(vorticity)": 5.621781822607247,
        "max(diameter)": 5.525841037640529
    },
    "member33": {
        "u": 0.5575682687693528,
        "v": 9.191306689266806,
        "num_eddy": 3.7998817374558946,
        "max(vorticity)": 8.292367513043944,
        "max(diameter)": 0.6761697681048617
    },
    "member34": {
        "u": 0.22934784410817755,
        "v": 3.907312605216011,
        "num_eddy": 4.740987890431342,
        "max(vorticity)": 9.369261130520934,
        "max(diameter)": 7.398979165456277
    },
    "member35": {
        "u": 7.690796830664347,
        "v": 3.8654490154609675,
        "num_eddy": 7.342081189729306,
        "max(vorticity)": 4.977155961133749,
        "max(diameter)": 4.792396072234358
    },
    "member36": {
        "u": 6.331339488317671,
        "v": 7.20111418811862,
        "num_eddy": 3.605502880087009,