{
    "member1": {
        "u": 3.8866116937259343,
        "v": 5.886045234621453,
        "num_eddy": 6.5050716692627955,
        "max(vorticity)": 2.6693984908390855,
        "max(diameter)": 7.96956570317319
    },
    "member2": {
        "u": 3.410262156479517,
        "v": 8.332553230898544,
        "num_eddy": 7.551277346277672,
        "max(vorticity)": 1.4729217228484415,
        "max(diameter)": 4.2410525456694135
    },
    "member3": {
        "u": 1.3220879681264663,
        "v": 0.23236565834336642,
        "num_eddy": 0.7613748380678409,
        "max(vorticity)": 4.559019260125545,
        "max(diameter)": 3.293186809214469
    },
    "member4": {
        "u": 7.667877107749993,
        "v": 9.23810734139825,
        "num_eddy": 4.49309401314303,
        "max(vorticity)": 9.396523501687291,
        "max(diameter)": 1.6022142495182246
    },
    "member5": {
        "u": 3.937349291750513,
        "v": 2.123820132523264,
        "num_eddy": 4.429526963477177,
        "max(vorticity)": 0.22681831731287905,
        "max(diameter)": 6.060958914458943
    },
    "member6": {
        "u": 9.993243162346436,
        "v": 0.8524513240339793,
        "num_eddy": 4.817187335226905,
        "max(vorticity)": 7.981521189453043,
        "max(diameter)": 7.486301313557705
    },
    "member7": {
        "u": 8.28616199920112,
        "v": 9.030267480133285,
        "num_eddy": 1.0447928707756937,
        "max(vorticity)": 0.27428896735552155,
        "max(diameter)": 0.013624334848186814
    },
    "member8": {
        "u": 2.466899449670168,
        "v": 8.170668432940317,
        "num_eddy": 5.1313081410282155,
        "max(vorticity)": 6.081526409167272,
        "max(diameter)": 7.9301053023807935
    },
    "member9": {
        "u": 6.977717535242367,
        "v": 7.840043814924561,
        "num_eddy": 1.0127966758937745,
        "max(vorticity)": 4.002597379958729,
        "max(diameter)": 4.845851933540657
    },
    "member10": {
        "u": 8.673664349972409,
        "v": 6.357225896755957,
        "num_eddy": 1.1339387212774465,
        "max(vorticity)": 8.609652906346714,
        "max(diameter)": 2.280386767230438
    },
    "member11": {
        "u": 7.5731899784608085,
        "v": 1.524911450939943,
        "num_eddy": 5.6457604443574105,
        "max(vorticity)": 2.9366799925708587,
        "max(diameter)": 6.007527404977272
    },
    "member12": {
        "u": 1.9194884618577923,
        "v": 8.763379931810901,
        "num_eddy": 8.663893365426649,
        "max(vorticity)": 0.9766152320102539,
        "max(diameter)": 2.1249651487493946
    },
    "member13": {
        "u": 9.564929421485202,
        "v": 3.2706642498599647,
        "num_eddy": 2.192292195810227,
        "max(vorticity)": 4.828705816929082,
        "max(diameter)": 6.906476293840026
    },
    "member14": {
        "u": 3.615353997529075,
        "v": 7.617878970381745,
        "num_eddy": 4.730737979525123,
        "max(vorticity)": 9.769823923726515,
        "max(diameter)": 4.321527370265987
    },
    "member15": {
        "u": 1.6062248311173533,
        "v": 4.064514317674882,
        "num_eddy": 1.2922377248826245,
        "max(vorticity)": 1.6301436134664438,
        "max(diameter)": 3.3062193102094826
    },
    "member16": {
        "u": 8.41793850611632,
        "v": 8.071345331730464,
        "num_eddy": 2.57498648674746,
        "max(vorticity)": 9.444330560029867,
        "max(diameter)": 9.760564995410231
    },
    "member17": {
        "u": 0.40693214550146184,
        "v": 0.6670476428270578,
        "num_eddy": 3.4805935548188116,
        "max(vorticity)": 8.175645146374118,
        "max(diameter)": 1.496461033565314
    },
    "member18": {
        "u": 0.9376811105985383,
        "v": 8.913207334937406,
        "num_eddy": 2.0943453209243645,
        "max(vorticity)": 8.696425004911692,
        "max(diameter)": 7.522023086404542
    },
    "member19": {
        "u": 8.062981552756453,
        "v": 8.990055377642465,
        "num_eddy": 9.09845437651614,
        "max(vorticity)": 9.080639326068864,
        "max(diameter)": 9.977455272064388
    },
    "member20": {
        "u": 9.09001438524426,
        "v": 1.9456245180123688,
        "num_eddy": 0.5488161235314915,
        "max(vorticity)": 4.539361121888072,
        "max(diameter)": 0.9330948938210315
    },
    "member21": {
        "u": 9.557475460477562,
        "v": 3.4536097021079715,
        "num_eddy": 9.396659917018258,
        "max(vorticity)": 2.7307137907427768,
        "max(diameter)": 1.1362028877904051
    },
    "member22": {
        "u": 9.395159257428451,
        "v": 2.9313517041842916,
        "num_eddy": 4.9068685173781015,
        "max(vorticity)": 9.838847039821031,
        "max(diameter)": 0.07560300772286865
    },
    "member23": {
        "u": 7.545928595990069,
        "v": 0.7666795375871283,
        "num_eddy": 2.851693910490496,
        "max(vorticity)": 3.163433900338318,
        "max(diameter)": 1.490714655356059
    },
    "member24": {
        "u": 2.1443420961998894,
        "v": 3.542737298939657,
        "num_eddy": 3.7308767382023267,
        "max(vorticity)": 7.89893353044635,
        "max(diameter)": 3.6841657661038827
    },
    "member25": {
        "u": 1.3881233948774607,
        "v": 1.6657256660310715,
        "num_eddy": 7.282617051544417,
        "max(vorticity)": 4.397660431383388,
        "max(diameter)": 7.856087865751068
    },
    "member26": {
        "u": 3.4214297611622033,
        "v": 3.806538968280587,
        "num_eddy": 4.19370533016739,
        "max(vorticity)": 9.938586986998985,
        "max(diameter)": 1.5909468829508733
    },
    "member27": {
        "u": 1.0066174185664367,
        "v": 1.2320420187651637,
        "num_eddy": 5.852475050888401,
        "max(vorticity)": 8.015210401411483,
        "max(diameter)": 5.067457595299077
    },
    "member28": {
        "u": 3.250642705021586,
        "v": 8.151109152996959,
        "num_eddy": 1.6697032921024901,
        "max(vorticity)": 3.0318025809262816,
        "max(diameter)": 6.052303640706521
    },
    "member29": {
        "u": 6.102576396734495,
        "v": 2.58814506151976,
        "num_eddy": 0.2504541393775206,
        "max(vorticity)": 2.366888348877164,
        "max(diameter)": 9.668593188934402
    },
    "member30": {
        "u": 8.295783315746291,
        "v": 6.529497866566565,
        "num_eddy": 3.2844744697715864,
        "max(vorticity)": 7.175293849429842,
        "max(diameter)": 2.2693104325907054
    },
    "member31": {
        "u": 4.12433725444971,
        "v": 3.5160599357747637,
        "num_eddy": 3.368312356026828,
        "max(vorticity)": 3.0639191742229785,
        "max(diameter)": 2.851266542602924
    },
    "member32": {
        "u": 1.3133480237175887,
        "v": 2.5611157335291033,
        "num_eddy": 7.017116464194028,
        "max(vorticity)": 1.6834286753992167,
        "max(diameter)": 0.44867496112223737
    },
    "member33": {
        "u": 0.9999552872052164,
        "v": 6.526691341962029,
        "num_eddy": 6.407741625081595,
        "max(vorticity)": 0.23640836186111458,
        "max(diameter)": 5.972964559456581
    },
    "member34": {
        "u": 3.339410640329344,
        "v": 4.7587195738336865,
        "num_eddy": 5.877791430949635,
        "max(vorticity)": 9.834787457589268,
        "max(diameter)": 0.9568270162716763
    },
    "member35": {
        "u": 4.637810276589482,
        "v": 6.338855417731033,
        "num_eddy": 6.508719307107073,
        "max(vorticity)": 3.360704752015055,
        "max(diameter)": 3.054482995620006
    },
    "member36": {
        "u": 9.819113735744478,
        "v": 6.907556267999345,
        "num_eddy": 7.727995960110203,