{
    "member1": {
        "u": 5.019854575122081,
        "v": 1.7781735701455437,
        "num_eddy": 2.8786455722310142,
        "max(vorticity)": 5.504120247955444,
        "max(diameter)": 1.7660634084410154
    },
    "member2": {
        "u": 0.2652486827080669,
        "v": 2.9661500118217656,
        "num_eddy": 3.121718370090527,
        "max(vorticity)": 2.0109469156390105,
        "max(diameter)": 7.806769615993083
    },
    "member3": {
        "u": 5.457553363452189,
        "v": 9.063496817812055,
        "num_eddy": 8.5958646548557,
        "max(vorticity)": 5.25951069746239,
        "max(diameter)": 0.7485251593657072
    },
    "member4": {
        "u": 7.452437488894624,
        "v": 8.713535341981345,
        "num_eddy": 2.482807082776204,
        "max(vorticity)": 5.849782650541408,
        "max(diameter)": 9.40981876993202
    },
    "member5": {
        "u": 8.776631716337217,
        "v": 7.486925185604834,
        "num_eddy": 3.9882755821630465,
        "max(vorticity)": 1.8597880245259268,
        "max(diameter)": 7.6500310644912055
    },
    "member6": {
        "u": 3.2103859028317117,
        "v": 0.9393559604394186,
        "num_eddy": 9.899657221654389,
        "max(vorticity)": 1.6015818075281363,
        "max(diameter)": 8.056136852161826
    },
    "member7": {
        "u": 8.279588013242261,
        "v": 6.477716222648441,
        "num_eddy": 7.298986016445341,
        "max(vorticity)": 5.18956580606098,
        "max(diameter)": 9.612127625791555
    },
    "member8": {
        "u": 3.7487711916867594,
        "v": 3.0957698238136366,
        "num_eddy": 9.088494618780024,
        "max(vorticity)": 8.946555095113798,
        "max(diameter)": 8.884258452419472
    },
    "member9": {
        "u": 8.964677853826583,
        "v": 7.475208155641555,
        "num_eddy": 7.468515773869652,
        "max(vorticity)": 3.840536490310884,
        "max(diameter)": 3.0465083922337612
    },
    "member10": {
        "u": 2.637647529752746,
        "v": 9.843761456025165,
        "num_eddy": 7.2533123732911875,
        "max(vorticity)": 6.638115145849003,
        "max(diameter)": 7.372603718368298
    },
    "member11": {
        "u": 1.4046606271276896,
        "v": 5.514075725718438,
        "num_eddy": 1.9423584340946487,
        "max(vorticity)": 4.49068288271871,
        "max(diameter)": 5.495371527883122
    },
    "member12": {
        "u": 0.7326521188939994,
        "v": 9.63509773630818,
        "num_eddy": 0.015366048122475995,
        "max(vorticity)": 8.364014226889813,
        "max(diameter)": 2.6709529294578074
    },
    "member13": {
        "u": 3.5340847109698603,
        "v": 8.77284793008336,
        "num_eddy": 6.773707673460651,
        "max(vorticity)": 4.42224566175336,
        "max(diameter)": 1.154525840155327
    },
    "member14": {
        "u": 0.3047822332033423,
        "v": 1.9957920568535703,
        "num_eddy": 3.2894693208974193,
        "max(vorticity)": 6.966593509170458,
        "max(diameter)": 5.740541905895894
    },
    "member15": {
        "u": 0.5763643281571784,
        "v": 6.928847640057336,
        "num_eddy": 0.11434505418783214,
        "max(vorticity)": 6.19208925907309,
        "max(diameter)": 3.4914782896386285
    },
    "member16": {
        "u": 7.039827609401908,
        "v": 6.121117973884525,
        "num_eddy": 5.470026293623308,
        "max(vorticity)": 8.631464482757153,
        "max(diameter)": 2.488747575583974
    },
    "member17": {
        "u": 1.52244621911934,
        "v": 8.70996168576461,
        "num_eddy": 8.144350897291417,
        "max(vorticity)": 2.7634960629974925,
        "max(diameter)": 9.221099676338968
    },
    "member18": {
        "u": 4.9621689668018885,
        "v": 2.46919671459806,
        "num_eddy": 3.2674703888395573,
        "max(vorticity)": 3.423147145545414,
        "max(diameter)": 6.162703385964812
    },
    "member19": {
        "u": 4.447170325587566,
        "v": 9.09974800267742,
        "num_eddy": 6.182459509462902,
        "max(vorticity)": 3.867309855978055,
        "max(diameter)": 2.011142119141447
    },
    "member20": {
        "u": 9.658561485920135,
        "v": 1.905324864993948,
        "num_eddy": 0.883621046438342,
        "max(vorticity)": 4.72150099752215,
        "max(diameter)": 3.2522856950173007
    },
    "member21": {
        "u": 9.410003141244482,
        "v": 9.746488585561359,
        "num_eddy": 2.7107533466443003,
        "max(vorticity)": 0.6437748778223196,
        "max(diameter)": 9.334935518373339
    },
    "member22": {
        "u": 7.822505305720593,
        "v": 5.921436582833811,
        "num_eddy": 5.855176125751774,
        "max(vorticity)": 1.161484041055243,
        "max(diameter)": 2.3437247160370314
    },
    "member23": {
        "u": 0.8624536322236964,
        "v": 3.6694187136222,
        "num_eddy": 6.397659696416475,
        "max(vorticity)": 4.953982608736901,
        "max(diameter)": 4.337643837429978
    },
    "member24": {
        "u": 0.778569390933942,
        "v": 8.116729219857985,
        "num_eddy": 5.562861894006495,
        "max(vorticity)": 8.846600220021667,
        "max(diameter)": 5.401005005166889
    },
    "member25": {
        "u": 1.2222672793900635,
        "v": 3.104152816456578,
        "num_eddy": 3.0642314453301402,
        "max(vorticity)": 2.026026996788378,
        "max(diameter)": 9.442315628317674
    },
    "member26": {
        "u": 9.057310708138619,
        "v": 4.421117092646528,
        "num_eddy": 7.423593505433235,
        "max(vorticity)": 8.109789344993546,
        "max(diameter)": 5.12567809445955
    },
    "member27": {
        "u": 2.574005761037678,
        "v": 4.539067163243175,
        "num_eddy": 6.507642540874241,
        "max(vorticity)": 9.798195153883222,
        "max(diameter)": 0.3268815703364081
    },
    "member28": {
        "u": 5.456132956619021,
        "v": 1.8390454076079266,
        "num_eddy": 7.834712397495275,
        "max(vorticity)": 8.464123626412025,
        "max(diameter)": 0.7279726637826256
    },
    "member29": {
        "u": 3.7943061579719215,
        "v": 3.7728110969472906,
        "num_eddy": 5.0538246180319435,
        "max(vorticity)": 3.768564279044905,
        "max(diameter)": 7.562201336336805
    },
    "member30": {
        "u": 5.002113722653698,
        "v": 6.7956870039514286,
        "num_eddy": 1.2014081215312156,
        "max(vorticity)": 2.6800417251869324,
        "max(diameter)": 6.390825082286577
    },
    "member31": {
        "u": 8.86696666286021,
        "v": 3.4102400117112075,
        "num_eddy": 6.655794131538873,
        "max(vorticity)": 7.324731307714184,
        "max(diameter)": 2.912091715904971
    },
    "member32": {
        "u": 8.68350972995109,
        "v": 0.8905801623846488,
        "num_eddy": 2.098519883278186,
        "max(vorticity)": 7.1857249127643,
        "max(diameter)": 5.923581415881646
    },
    "member33": {
        "u": 4.913345741486933,
        "v": 8.812911750147395,
        "num_eddy": 9.189044698970973,
        "max(vorticity)": 6.4880289980238315,
        "max(diameter)": 9.56126617999757
    },
    "member34": {
        "u": 2.534443482560642,
        "v": 2.002959397465652,
        "num_eddy": 2.2299127345910543,
        "max(vorticity)": 9.331223209154256,
        "max(diameter)": 3.9364389235599484
    },
    "member35": {
        "u": 8.054037403747996,
        "v": 3.297408745254814,
        "num_eddy": 6.453802581558875,
        "max(vorticity)": 1.8772986463166008,
        "max(diameter)": 1.4764523067436641
    },
    "member36": {
        "u": 1.7563323280039622,
        "v": 5.336202671813048,
        "num_eddy": 9.45930147249065,