{
    "member1": {
        "u": 7.1277287716979965,
        "v": 8.306427822519197,
        "num_eddy": 6.7009758740590994,
        "max(vorticity)": 0.371104138672248,
        "max(diameter)": 0.05762230587196049
    },
    "member2": {
        "u": 6.994083380009473,
        "v": 3.484084433425508,
        "num_eddy": 2.5177959387008464,
        "max(vorticity)": 5.542642020784772,
        "max(diameter)": 1.1970378166411688
    },
    "member3": {
        "u": 0.12936167922761643,
        "v": 5.6007227473982795,
        "num_eddy": 6.968602947260645,
        "max(vorticity)": 5.757997919490975,
        "max(diameter)": 1.7866000425720363
    },
    "member4": {
        "u": 7.627458164240057,
        "v": 1.1269979807737485,
        "num_eddy": 8.5761705868436,
        "max(vorticity)": 1.4765967615075615,
        "max(diameter)": 1.6710078208440193
    },
    "member5": {
        "u": 2.181117576602981,
        "v": 3.837912333933502,
        "num_eddy": 5.0645293604499795,
        "max(vorticity)": 9.140286781375268,
        "max(diameter)": 4.569712874569699
    },
    "member6": {
        "u": 5.8408985305307635,
        "v": 7.371100774949163,
        "num_eddy": 1.6643894391904612,
        "max(vorticity)": 7.472039973842413,
        "max(diameter)": 9.614703258466307
    },
    "member7": {
        "u": 4.817249790817356,
        "v": 0.886963702473309,
        "num_eddy": 5.919806359077967,
        "max(vorticity)": 8.616108645215618,
        "max(diameter)": 8.193630257700468
    },
    "member8": {
        "u": 7.1224942904996755,
        "v": 2.4555145040522963,
        "num_eddy": 5.129780934743723,
        "max(vorticity)": 6.405946918599646,
        "max(diameter)": 5.628709129173899
    },
    "member9": {
        "u": 5.2233062970442,
        "v": 6.133471529022783,
        "num_eddy": 2.016730708632747,
        "max(vorticity)": 9.68298739171977,
        "max(diameter)": 0.535375031114047
    },
    "member10": {
        "u": 9.813504808026345,
        "v": 7.128820471628817,
        "num_eddy": 9.558803593375531,
        "max(vorticity)": 9.339495024240597,
        "max(diameter)": 2.1208482611042823
    },
    "member11": {
        "u": 8.028875805960675,
        "v": 7.703436416591476,
        "num_eddy": 5.942507725372169,
        "max(vorticity)": 7.150006450358139,
        "max(diameter)": 8.410655024953895
    },
    "member12": {
        "u": 6.9253513979239365,
        "v": 3.692594756189144,
        "num_eddy": 6.413766114117029,
        "max(vorticity)": 2.7493698936232236,
        "max(diameter)": 7.662867268437552
    },
    "member13": {
        "u": 9.719929128090033,
        "v": 4.356574585013786,
        "num_eddy": 1.3735674329267444,
        "max(vorticity)": 1.305861722884153,
        "max(diameter)": 8.607252500050029
    },
    "member14": {
        "u": 6.123853055971017,
        "v": 6.933448919443058,
        "num_eddy": 3.965049462658299,
        "max(vorticity)": 5.451469104187744,
        "max(diameter)": 5.482957366423006
    },
    "member15": {
        "u": 4.115505128622229,
        "v": 0.0161808538180519,
        "num_eddy": 0.771323281742401,
        "max(vorticity)": 9.351354563050528,
        "max(diameter)": 1.7750317480844924
    },
    "member16": {
        "u": 6.475334593319309,
        "v": 2.495822521544193,
        "num_eddy": 3.514271071386028,
        "max(vorticity)": 5.9451409867995295,
        "max(diameter)": 6.872125641932718
    },
    "member17": {
        "u": 3.3135770392257635,
        "v": 7.389801740332807,
        "num_eddy": 3.6212788125619033,
        "max(vorticity)": 7.416658190032011,
        "max(diameter)": 3.0693589759045214
    },
    "member18": {
        "u": 6.3453119340452595,
        "v": 9.970584698283961,
        "num_eddy": 4.672514440088208,
        "max(vorticity)": 6.417959031036497,
        "max(diameter)": 0.6399655382186042
    },
    "member19": {
        "u": 4.405374206658675,
        "v": 8.978526260502107,
        "num_eddy": 3.5118419397484257,
        "max(vorticity)": 7.233635094868264,
        "max(diameter)": 1.9837307751319855
    },
    "member20": {
        "u": 2.170486544568785,
        "v": 0.6204096359866784,
        "num_eddy": 0.4128539859916114,
        "max(vorticity)": 8.66247196263189,
        "max(diameter)": 5.1968701003368825
    },
    "member21": {
        "u": 8.119755142540797,
        "v": 8.672763008530081,
        "num_eddy": 2.5864098939670797,
        "max(vorticity)": 0.6206020738636708,
        "max(diameter)": 0.7616447440402496
    },
    "member22": {
        "u": 8.473626775369764,
        "v": 0.5581427789686733,
        "num_eddy": 7.712492277481566,
        "max(vorticity)": 1.4433152732430932,
        "max(diameter)": 2.195146385428056
    },
    "member23": {
        "u": 7.531028609359433,
        "v": 1.4039348456876122,
        "num_eddy": 5.54945196543879,
        "max(vorticity)": 8.786127714080456,
        "max(diameter)": 5.8649148491104
    },
    "member24": {
        "u": 1.475514316735692,
        "v": 2.421107935382544,
        "num_eddy": 5.37327994371749,
        "max(vorticity)": 1.8431331032077192,
        "max(diameter)": 4.656912655931334
    },
    "member25": {
        "u": 6.412754751595435,
        "v": 0.31914756464396343,
        "num_eddy": 1.8242989864368742,
        "max(vorticity)": 4.102613560473392,
        "max(diameter)": 1.7567222630398316
    },
    "member26": {
        "u": 2.308539708527564,
        "v": 5.7462387051951875,
        "num_eddy": 5.443891608573144,
        "max(vorticity)": 0.10974329738851041,
        "max(diameter)": 9.323126865967216
    },
    "member27": {
        "u": 9.643915964314676,
        "v": 6.6795669468582775,
        "num_eddy": 6.528351617251037,
        "max(vorticity)": 6.248124861445278,
        "max(diameter)": 3.37181573275522
    },
    "member28": {
        "u": 7.331964393645603,
        "v": 2.933762880035414,
        "num_eddy": 7.233664078119011,
        "max(vorticity)": 7.487990371177266,
        "max(diameter)": 9.997790533810969
    },
    "member29": {
        "u": 3.6514665095426624,
        "v": 0.526523416713317,
        "num_eddy": 3.7970500191702348,
        "max(vorticity)": 8.348312405351958,
        "max(diameter)": 4.616333034637259
    },
    "member30": {
        "u": 1.7600324070748152,
        "v": 0.26121681664656893,
        "num_eddy": 8.883466836686772,
        "max(vorticity)": 4.430365870454585,
        "max(diameter)": 1.6148839378524127
    },
    "member31": {
        "u": 3.321037950309665,
        "v": 0.6533094023708541,
        "num_eddy": 0.07070386416229035,
        "max(vorticity)": 4.085946418710097,
        "max(diameter)": 6.461444508382379
    },
    "member32": {
        "u": 5.643027560938114,
        "v": 9.649131700309711,
        "num_eddy": 2.6680760956191896,
        "max(vorticity)": 5.729250724497285,
        "max(diameter)": 7.783244126271642
    },
    "member33": {
        "u": 8.625090074553874,
        "v": 9.969079942504319,
        "num_eddy": 5.362058891018298,
        "max(vorticity)": 8.661135619650269,
        "max(diameter)": 8.599928351773249
    },
    "member34": {
        "u": 7.416600354692155,
        "v": 8.974058748760752,
        "num_eddy": 7.149843928729145,
        "max(vorticity)": 8.949998758950933,
        "max(diameter)": 8.01550853047149
    },
    "member35": {
        "u": 0.31510731102934786,
        "v": 4.739668866671229,
        "num_eddy": 7.563038435409602,
        "max(vorticity)": 1.1415511146582802,
        "max(diameter)": 5.3659099571571955
    },
    "member36": {
        "u": 8.233922139660363,
        "v": 8.140783755644666,
        "num_eddy": 3.265960937693672,