{
    "member1": {
        "u": 8.209025824170538,
        "v": 8.040331850958719,
        "num_eddy": 8.958223452849971,
        "max(vorticity)": 7.746944164017328,
        "max(diameter)": 1.132068554777662
    },
    "member2": {
        "u": 7.021578682374989,
        "v": 8.71762129930779,
        "num_eddy": 2.146633566204139,
        "max(vorticity)": 5.14208717394747,
        "max(diameter)": 2.2904406992095803
    },
    "member3": {
        "u": 0.17724558064596607,
        "v": 2.358038324089468,
        "num_eddy": 4.48985366096508,
        "max(vorticity)": 4.81011278679635,
        "max(diameter)": 3.545075489748535
    },
    "member4": {
        "u": 8.807304924120382,
        "v": 2.2073558827234696,
        "num_eddy": 1.625999320986552,
        "max(vorticity)": 3.445646750222504,
        "max(diameter)": 2.0391517575871743
    },
    "member5": {
        "u": 1.8180633840532767,
        "v": 5.524934153310782,
        "num_eddy": 1.0975768984160916,
        "max(vorticity)": 0.18357703851842655,
        "max(diameter)": 9.172915165485831
    },
    "member6": {
        "u": 9.928119152058834,
        "v": 8.379933980151806,
        "num_eddy": 0.5968948855672762,
        "max(vorticity)": 3.867323498987334,
        "max(diameter)": 2.2782910782621335
    },
    "member7": {
        "u": 6.84100982939235,
        "v": 9.044064707031055,
        "num_eddy": 6.959652663925457,
        "max(vorticity)": 3.0309437945055615,
        "max(diameter)": 3.796994780042713
    },
    "member8": {
        "u": 2.664474370351239,
        "v": 6.115486636851619,
        "num_eddy": 1.2460073442171116,
        "max(vorticity)": 7.57361891693305,
        "max(diameter)": 7.696657598758197
    },
    "member9": {
        "u": 8.184687499574698,
        "v": 6.402272020201431,
        "num_eddy": 3.570335492949238,
        "max(vorticity)": 4.6420989026376125,
        "max(diameter)": 2.8595159800584136
    },
    "member10": {
        "u": 1.2230415041289944,
        "v": 7.2557585787926735,
        "num_eddy": 5.090826045941902,
        "max(vorticity)": 5.364529131815948,
        "max(diameter)": 4.411729623454433
    },
    "member11": {
        "u": 6.030560798311608,
        "v": 5.018878725635698,
        "num_eddy": 6.575984486685828,
        "max(vorticity)": 1.3303206778889143,
        "max(diameter)": 8.687526799434124
    },
    "member12": {
        "u": 0.25490172701566727,
        "v": 9.763908237293716,
        "num_eddy": 7.068332792413346,
        "max(vorticity)": 0.7890074888364995,
        "max(diameter)": 3.0650025196804833
    },
    "member13": {
        "u": 8.14516629967831,
        "v": 6.704507866909873,
        "num_eddy": 8.695082497443602,
        "max(vorticity)": 9.038384920099572,
        "max(diameter)": 3.623705833168289
    },
    "member14": {
        "u": 8.512736438644694,
        "v": 6.488816017997717,
        "num_eddy": 4.808213556439309,
        "max(vorticity)": 3.3194316012388536,
        "max(diameter)": 5.736231048111621
    },
    "member15": {
        "u": 6.385798936914126,
        "v": 0.8091773323756679,
        "num_eddy": 9.345082923603051,
        "max(vorticity)": 2.427183480112285,
        "max(diameter)": 4.317001162685345
    },
    "member16": {
        "u": 2.6313924044173973,
        "v": 6.0525245052537,
        "num_eddy": 0.38976086048594594,
        "max(vorticity)": 0.37147371569771326,
        "max(diameter)": 2.5781873953075527
    },
    "member17": {
        "u": 8.534478760246685,
        "v": 0.698493024789244,
        "num_eddy": 2.5663146420416094,
        "max(vorticity)": 5.524193128072053,
        "max(diameter)": 0.28288724073159077
    },
    "member18": {
        "u": 8.14711116343542,
        "v": 0.9383538934144786,
        "num_eddy": 4.995538079583845,
        "max(vorticity)": 9.032104089121395,
        "max(diameter)": 8.288764749001215
    },
    "member19": {
        "u": 3.0316217224542417,
        "v": 7.153064485712334,
        "num_eddy": 9.882784869001734,
        "max(vorticity)": 6.998815820386511,
        "max(diameter)": 4.862693507855135
    },
    "member20": {
        "u": 3.708546094532309,
        "v": 8.596051309827503,
        "num_eddy": 7.332084550751203,
        "max(vorticity)": 3.73826890691346,
        "max(diameter)": 8.012108639344259
    },
    "member21": {
        "u": 2.8012467825195966,
        "v": 0.7731621822930057,
        "num_eddy": 5.925266309227374,
        "max(vorticity)": 2.6050817470762033,
        "max(diameter)": 7.233338392789468
    },
    "member22": {
        "u": 8.606138282653825,
        "v": 9.75436024725086,
        "num_eddy": 8.465510118354588,
        "max(vorticity)": 2.3808276718367627,
        "max(diameter)": 3.9648320152729157
    },
    "member23": {
        "u": 6.574311933408773,
        "v": 5.613359605822832,
        "num_eddy": 5.530290006494402,
        "max(vorticity)": 4.374993326178975,
        "max(diameter)": 1.972882573255571
    },
    "member24": {
        "u": 8.389961764168198,
        "v": 6.808332046948666,
        "num_eddy": 1.4228826712902665,
        "max(vorticity)": 4.854908748016568,
        "max(diameter)": 1.9550723500340916
    },
    "member25": {
        "u": 4.920976316586019,
        "v": 2.813543272706468,
        "num_eddy": 5.881501251019311,
        "max(vorticity)": 3.898167622903921,
        "max(diameter)": 9.494750851202324
    },
    "member26": {
        "u": 6.273491400112068,
        "v": 7.780211858210702,
        "num_eddy": 2.572257073073877,
        "max(vorticity)": 1.2909440165611574,
        "max(diameter)": 1.2639653805698614
    },
    "member27": {
        "u": 7.624202973435381,
        "v": 1.7661901074590258,
        "num_eddy": 6.7526622369453655,
        "max(vorticity)": 0.2251579892242206,
        "max(diameter)": 6.800593035138646
    },
    "member28": {
        "u": 6.455674063966178,
        "v": 8.284007898582322,
        "num_eddy": 5.105409450911516,
        "max(vorticity)": 7.5525882445910355,
        "max(diameter)": 4.504279141588649
    },
    "member29": {
        "u": 0.5235578267394336,
        "v": 3.2911121543489106,
        "num_eddy": 0.41038985252126015,
        "max(vorticity)": 0.9131102747346165,
        "max(diameter)": 4.415891330162568
    },
    "member30": {
        "u": 9.983310406817118,
        "v": 4.989027922440329,
        "num_eddy": 8.465093664891766,
        "max(vorticity)": 1.8149671749154128,
        "max(diameter)": 0.07862692099431134
    },
    "member31": {
        "u": 7.088592838747748,
        "v": 1.1552958705674998,
        "num_eddy": 7.909015676014501,
        "max(vorticity)": 4.891260979919428,
        "max(diameter)": 6.49149214814428
    },
    "member32": {
        "u": 2.266026293040173,
        "v": 5.242801404318596,
        "num_eddy": 4.985140801286512,
        "max(vorticity)": 6.528411198254376,
        "max(diameter)": 4.403931525569278
    },
    "member33": {
        "u": 6.827927674999797,
        "v": 4.794288098843232,
        "num_eddy": 2.0047755750473852,
        "max(vorticity)": 6.499009390353519,
        "max(diameter)": 8.921408748983598
    },
    "member34": {
        "u": 6.990073419807787,
        "v": 0.32036622073480236,
        "num_eddy": 6.4231120489122695,
        "max(vorticity)": 0.7723310008335627,
        "max(diameter)": 9.32245321871122
    },
    "member35": {
        "u": 3.0257193916657754,
        "v": 8.801377243072633,
        "num_eddy": 0.5824056509327646,
        "max(vorticity)": 1.7531540323734907,
        "max(diameter)": 8.158344111876096
    },
    "member36": {
        "u": 4.511467898479909,
        "v": 3.5012298361646907,
        "num_eddy": 0.5408499762158614,