{
    "member1": {
        "u": 9.788764118276614,
        "v": 7.316466738425916,
        "num_eddy": 6.430254704400361,
        "max(vorticity)": 6.682459094294327,
        "max(diameter)": 5.535374729747545
    },
    "member2": {
        "u": 1.133312521210641,
        "v": 9.403348677178645,
        "num_eddy": 2.9929260540880454,
        "max(vorticity)": 3.8705609817028663,
        "max(diameter)": 7.60347625149689
    },
    "member3": {
        "u": 4.671502868870727,
        "v": 5.210888358425456,
        "num_eddy": 6.110192907098227,
        "max(vorticity)": 7.30113306358143,
        "max(diameter)": 6.509721338532736
    },
    "member4": {
        "u": 8.015452569804802,
        "v": 0.6679789169070038,
        "num_eddy": 6.119920108511617,
        "max(vorticity)": 3.350918983162673,
        "max(diameter)": 3.8685873207235666
    },
    "member5": {
        "u": 6.1746766981715435,
        "v": 2.5120638171866174,
        "num_eddy": 9.574717849499674,
        "max(vorticity)": 6.304676122819625,
        "max(diameter)": 8.979751803142117
    },
    "member6": {
        "u": 3.920988614439498,
        "v": 5.833241802106136,
        "num_eddy": 7.883008207046901,
        "max(vorticity)": 2.4569879429878636,
        "max(diameter)": 2.6922002751222363
    },
    "member7": {
        "u": 5.396733290136151,
        "v": 2.89550485428381,
        "num_eddy": 0.010298918265158052,
        "max(vorticity)": 5.294244588592912,
        "max(diameter)": 7.422673439552055
    },
    "member8": {
        "u": 7.984250019454519,
        "v": 1.0173665472761229,
        "num_eddy": 2.719987296033514,
        "max(vorticity)": 9.36674364796277,
        "max(diameter)": 3.0159578916481946
    },
    "member9": {
        "u": 6.053667519470625,
        "v": 4.315402624010706,
        "num_eddy": 8.705098736092204,
        "max(vorticity)": 1.7640365289762117,
        "max(diameter)": 5.550668482510756
    },
    "member10": {
        "u": 4.88138354390113,
        "v": 2.851058129606664,
        "num_eddy": 0.01728030675934855,
        "max(vorticity)": 5.427616400276384,
        "max(diameter)": 9.833910579025302
    },
    "member11": {
        "u": 7.677786141200091,
        "v": 5.107813503880225,
        "num_eddy": 7.552473779349097,
        "max(vorticity)": 5.142091234482217,
        "max(diameter)": 0.29795909961586764
    },
    "member12": {
        "u": 8.833595543131837,
        "v": 8.661061881574769,
        "num_eddy": 6.06645535860147,
        "max(vorticity)": 7.0768841679780685,
        "max(diameter)": 0.31275093766929385
    },
    "member13": {
        "u": 6.562531799848529,
        "v": 8.2770700646245,
        "num_eddy": 2.2714162995531773,
        "max(vorticity)": 8.195789432046116,
        "max(diameter)": 2.6841553808582583
    },
    "member14": {
        "u": 3.447059667486961,
        "v": 0.38756013428169034,
        "num_eddy": 3.3316214435597336,
        "max(vorticity)": 2.5289749154326335,
        "max(diameter)": 2.4378352585184904
    },
    "member15": {
        "u": 2.497656638718575,
        "v": 0.5657276086678842,
        "num_eddy": 1.4781165932741847,
        "max(vorticity)": 5.504126380152688,
        "max(diameter)": 4.1571677935783775
    },
    "member16": {
        "u": 4.097402050106963,
        "v": 2.2044709822912756,
        "num_eddy": 8.52036445558781,
        "max(vorticity)": 7.532650459555378,
        "max(diameter)": 4.502895694588885
    },
    "member17": {
        "u": 4.181067237875667,
        "v": 7.982612206903879,
        "num_eddy": 6.08220461867999,
        "max(vorticity)": 0.33854568358252735,
        "max(diameter)": 4.814487140748289
    },
    "member18": {
        "u": 1.1632177387824738,
        "v": 5.6176223692374645,
        "num_eddy": 4.699669639383886,
        "max(vorticity)": 8.04884654589391,
        "max(diameter)": 2.789460400312506
    },
    "member19": {
        "u": 7.35891721222799,
        "v": 0.5862451712248418,
        "num_eddy": 7.889528784145786,
        "max(vorticity)": 0.6334539516773252,
        "max(diameter)": 2.07023179833096
    },
    "member20": {
        "u": 3.17252669222451,
        "v": 7.9266893639593485,
        "num_eddy": 0.3306142208230256,
        "max(vorticity)": 3.972347838724323,
        "max(diameter)": 8.79748532378674
    },
    "member21": {
        "u": 4.426093591163141,
        "v": 3.3133374107199263,
        "num_eddy": 8.157525767335454,
        "max(vorticity)": 4.86792308834164,
        "max(diameter)": 9.588156085503952
    },
    "member22": {
        "u": 6.481974793405151,
        "v": 0.4388170360378252,
        "num_eddy": 8.810733318322834,
        "max(vorticity)": 5.305062708114577,
        "max(diameter)": 9.054234488151554
    },
    "member23": {
        "u": 8.971519592777788,
        "v": 9.053214446097948,
        "num_eddy": 3.1050580201585265,
        "max(vorticity)": 0.6802329213609315,
        "max(diameter)": 6.786043211477809
    },
    "member24": {
        "u": 9.867772341674737,
        "v": 4.951708329962299,
        "num_eddy": 7.994258065236154,
        "max(vorticity)": 7.517041702697745,
        "max(diameter)": 4.099147427826152
    },
    "member25": {
        "u": 0.9517840006448575,
        "v": 4.832923800124547,
        "num_eddy": 6.130457241300057,
        "max(vorticity)": 4.086717262247001,
        "max(diameter)": 5.0820190517819395
    },
    "member26": {
        "u": 6.980701980652901,
        "v": 4.294274029770869,
        "num_eddy": 6.6803924037845,
        "max(vorticity)": 2.6796619160804678,
        "max(diameter)": 9.975973337014109
    },
    "member27": {
        "u": 3.5255299913089724,
        "v": 5.1762398625980595,
        "num_eddy": 8.754399601834386,
        "max(vorticity)": 9.936079640409423,
        "max(diameter)": 4.898972636188088
    },
    "member28": {
        "u": 9.338176297035826,
        "v": 3.896811946993677,
        "num_eddy": 3.728316758260062,
        "max(vorticity)": 8.55095921452823,
        "max(diameter)": 8.625848572870664
    },
    "member29": {
        "u": 6.230154057359938,
        "v": 1.6503474400908025,
        "num_eddy": 1.6896029381915567,
        "max(vorticity)": 3.83768371731903,
        "max(diameter)": 8.038045857567376
    },
    "member30": {
        "u": 4.270069681496334,
        "v": 6.757199458399792,
        "num_eddy": 5.447089590905892,
        "max(vorticity)": 3.1370189809809466,
        "max(diameter)": 1.4471385772240652
    },
    "member31": {
        "u": 3.7236445247289462,
        "v": 1.3508365666037547,
        "num_eddy": 6.871937379847015,
        "max(vorticity)": 1.9158150360680604,
        "max(diameter)": 7.623059013963668
    },
    "member32": {
        "u": 2.414919367337615,
        "v": 0.6292807644702503,
        "num_eddy": 3.017146422749941,
        "max(vorticity)": 4.461635623800863,
        "max(diameter)": 0.37582589752044204
    },
    "member33": {
        "u": 7.601588191494893,
        "v": 1.0535861019210047,
        "num_eddy": 2.2706892115473396,
        "max(vorticity)": 5.55602229699712,
        "max(diameter)": 1.8893846289722138
    },
    "member34": {
        "u": 6.803341042142756,
        "v": 5.848943709526653,
        "num_eddy": 7.094772056176436,
        "max(vorticity)": 5.145594247036862,
        "max(diameter)": 8.29151898063199
    },
    "member35": {
        "u": 7.039528024889952,
        "v": 7.997050790815376,
        "num_eddy": 0.17056676528761305,
        "max(vorticity)": 5.2867833399701825,
        "max(diameter)": 2.5641258678364345
    },
    "member36": {
        "u": 1.5155938725158469,
        "v": 8.316162268218218,
        "num_eddy": 0.13985833850097995,