{
    "member1": {
        "u": 4.5790619586089765,
        "v": 2.205355601160398,
        "num_eddy": 7.615007922218528,
        "max(vorticity)": 3.043774810229535,
        "max(diameter)": 0.6057504621206755
    },
    "member2": {
        "u": 3.2117135666162855,
        "v": 1.0249254717425327,
        "num_eddy": 4.939846801577711,
        "max(vorticity)": 2.801583870971748,
        "max(diameter)": 6.215378582036987
    },
    "member3": {
        "u": 8.823131634079845,
        "v": 5.935592157357115,
        "num_eddy": 0.9674674204316736,
        "max(vorticity)": 5.946188200082275,
        "max(diameter)": 0.9521157261254187
    },
    "member4": {
        "u": 2.2798561706142784,
        "v": 3.421403398264331,
        "num_eddy": 6.250729515049089,
        "max(vorticity)": 2.5251200317929112,
        "max(diameter)": 9.305320506484717
    },
    "member5": {
        "u": 2.771115385564528,
        "v": 5.012272337053364,
        "num_eddy": 0.7974322074603735,
        "max(vorticity)": 8.590937296693815,
        "max(diameter)": 5.156528551088753
    },
    "member6": {
        "u": 3.496363296605438,
        "v": 8.276735125947864,
        "num_eddy": 9.562231549831303,
        "max(vorticity)": 0.8419626029808902,
        "max(diameter)": 9.139301373805747
    },
    "member7": {
        "u": 7.566807682026544,
        "v": 1.6022499431253356,
        "num_eddy": 7.456426750893944,
        "max(vorticity)": 7.5367646446908365,
        "max(diameter)": 4.4852475121816235
    },
    "member8": {
        "u": 7.9339331315048955,
        "v": 3.793433193239071,
        "num_eddy": 3.2852907239411744,
        "max(vorticity)": 2.9200266135294872,
        "max(diameter)": 9.892329295698538
    },
    "member9": {
        "u": 9.32328599108871,
        "v": 7.102240637786546,
        "num_eddy": 9.012221373988789,
        "max(vorticity)": 9.085212563091515,
        "max(diameter)": 0.39313321986189753
    },
    "member10": {
        "u": 3.152957595566841,
        "v": 6.642752982143526,
        "num_eddy": 4.098291571307154,
        "max(vorticity)": 9.460236903633444,
        "max(diameter)": 5.219886426022588
    },
    "member11": {
        "u": 2.426135881897853,
        "v": 3.7313442517674202,
        "num_eddy": 4.104326241737711,
        "max(vorticity)": 8.665633348222036,
        "max(diameter)": 5.2568606132248
    },
    "member12": {
        "u": 6.954843812395519,
        "v": 3.96641651497184,
        "num_eddy": 8.883974540944543,
        "max(vorticity)": 2.687911881366883,
        "max(diameter)": 7.470178228771507
    },
    "member13": {
        "u": 1.8572481892985215,
        "v": 1.7295564972174904,
        "num_eddy": 2.420916323795507,
        "max(vorticity)": 3.1645390537298534,
        "max(diameter)": 3.7592739389608196
    },
    "member14": {
        "u": 7.830650509948876,
        "v": 7.06211286797657,
        "num_eddy": 4.903632321359156,
        "max(vorticity)": 2.654783842541115,
        "max(diameter)": 8.491859359671466
    },
    "member15": {
        "u": 9.402238099717776,
        "v": 6.040394518935027,
        "num_eddy": 4.6846196305994505,
        "max(vorticity)": 8.868256203678724,
        "max(diameter)": 7.9019160069817085
    },
    "member16": {
        "u": 9.964176655663806,
        "v": 3.426923383409186,
        "num_eddy": 4.721388927269542,
        "max(vorticity)": 4.390927984943438,
        "max(diameter)": 4.451825720293709
    },
    "member17": {
        "u": 3.763874942173783,
        "v": 7.762589418050277,
        "num_eddy": 3.9173221900294775,
        "max(vorticity)": 5.893197776350724,
        "max(diameter)": 4.161613556075076
    },
    "member18": {
        "u": 3.7274146469476896,
        "v": 4.388816263653851,
        "num_eddy": 0.6242265096028476,
        "max(vorticity)": 4.587949375689471,
        "max(diameter)": 1.9883689447746222
    },
    "member19": {
        "u": 0.0260404945244308,
        "v": 3.2644277299980473,
        "num_eddy": 3.368711344401457,
        "max(vorticity)": 6.876301995239812,
        "max(diameter)": 5.248804667190297
    },
    "member20": {
        "u": 9.694687539353387,
        "v": 5.096698402167355,
        "num_eddy": 5.086022084803778,
        "max(vorticity)": 2.676156312386473,
        "max(diameter)": 1.209723119617896
    },
    "member21": {
        "u": 9.887269072842203,
        "v": 2.295329417525911,
        "num_eddy": 3.6720167520744873,
        "max(vorticity)": 6.375118281954069,
        "max(diameter)": 4.206532136086212
    },
    "member22": {
        "u": 1.6398052569114563,
        "v": 0.8583572831347985,
        "num_eddy": 1.9114996949998964,
        "max(vorticity)": 9.8548693161528,
        "max(diameter)": 0.007596278903545528
    },
    "member23": {
        "u": 6.4441965445863705,
        "v": 8.140017488190171,
        "num_eddy": 7.22325279345837,
        "max(vorticity)": 1.614057186354747,
        "max(diameter)": 0.26415456358943823
    },
    "member24": {
        "u": 9.611770006525063,
        "v": 7.894188182513693,
        "num_eddy": 5.1140463227793305,
        "max(vorticity)": 5.671655258588972,
        "max(diameter)": 8.78775735859035
    },
    "member25": {
        "u": 9.345162299783656,
        "v": 0.7623707794275991,
        "num_eddy": 2.018233132175925,
        "max(vorticity)": 8.831359711284804,
        "max(diameter)": 7.115112880104718
    },
    "member26": {
        "u": 9.793029677025856,
        "v": 0.002113164109546206,
        "num_eddy": 5.315470492902145,
        "max(vorticity)": 3.030936636758282,
        "max(diameter)": 9.280052932119503
    },
    "member27": {
        "u": 6.129667300915487,
        "v": 0.7060109568707595,
        "num_eddy": 0.847880829663219,
        "max(vorticity)": 3.204446055540422,
        "max(diameter)": 3.8131298449607423
    },
    "member28": {
        "u": 5.590393541930004,
        "v": 3.9147325845785916,
        "num_eddy": 6.28206821651009,
        "max(vorticity)": 4.1518529292617865,
        "max(diameter)": 6.9528767269173155
    },
    "member29": {
        "u": 8.279064801130652,
        "v": 6.580981619032354,
        "num_eddy": 7.077854570579619,
        "max(vorticity)": 2.8356190023204486,
        "max(diameter)": 8.637825587196737
    },
    "member30": {
        "u": 3.109170236846376,
        "v": 1.9552308865119683,
        "num_eddy": 0.08918336168224905,
        "max(vorticity)": 7.915771811317902,
        "max(diameter)": 9.149613522280953
    },
    "member31": {
        "u": 7.458436362956643,
        "v": 3.1219296868098434,
        "num_eddy": 4.176972983751195,
        "max(vorticity)": 8.218135663335296,
        "max(diameter)": 7.166042353343701
    },
    "member32": {
        "u": 7.395226382921747,
        "v": 7.260657465028611,
        "num_eddy": 0.8517408971647944,
        "max(vorticity)": 7.831231946727543,
        "max(diameter)": 0.8383760637289439
    },
    "member33": {
        "u": 5.42984112554044,
        "v": 7.7816448152645865,
        "num_eddy": 1.8859901208864072,
        "max(vorticity)": 1.104938020113705,
        "max(diameter)": 0.8768377094832147
    },
    "member34": {
        "u": 8.137805965632076,
        "v": 8.849158661722056,
        "num_eddy": 1.6032338470840302,
        "max(vorticity)": 2.9663796775026263,
        "max(diameter)": 1.1089866837429263
    },
    "member35": {
        "u": 3.072924812950725,
        "v": 6.8174640873141445,
        "num_eddy": 7.819454047227645,
        "max(vorticity)": 1.7753248076757988,
        "max(diameter)": 6.5207554300182125
    },
    "member36": {
        "u": 7.02262824050925,
        "v": 9.2160223220714,
        "num_eddy": 8.992078246717195,