{
    "member1": {
        "u": 0.9846340148420241,
        "v": 8.114273645045762,
        "num_eddy": 5.648587709757113,
        "max(vorticity)": 7.528869237578037,
        "max(diameter)": 6.198103268891261
    },
    "member2": {
        "u": 9.803538964606352,
        "v": 6.3037713330499034,
        "num_eddy": 0.14999752796411858,
        "max(vorticity)": 8.860900315430246,
        "max(diameter)": 1.3027081272633234
    },
    "member3": {
        "u": 5.102545090626704,
        "v": 4.446896841779018,
        "num_eddy": 9.352917576293322,
        "max(vorticity)": 1.4935233673266723,
        "max(diameter)": 3.6151646475107944
    },
    "member4": {
        "u": 1.871387286612941,
        "v": 2.4658998073992633,
        "num_eddy": 9.807993488194704,
        "max(vorticity)": 8.10740053607979,
        "max(diameter)": 9.603279322950684
    },
    "member5": {
        "u": 9.055312736460436,
        "v": 3.186982829964975,
        "num_eddy": 1.697195261555422,
        "max(vorticity)": 8.195063216379744,
        "max(diameter)": 0.1531854171364111
    },
    "member6": {
        "u": 4.607202062708085,
        "v": 9.967624698966834,
        "num_eddy": 1.5929072717818737,
        "max(vorticity)": 4.480987101533842,
        "max(diameter)": 6.0628104673232395
    },
    "member7": {
        "u": 9.801484281362464,
        "v": 0.6834629359116529,
        "num_eddy": 8.87862188759572,
        "max(vorticity)": 7.458568054335882,
        "max(diameter)": 0.9731234394005883
    },
    "member8": {
        "u": 9.514197571648188,
        "v": 7.775897042570145,
        "num_eddy": 5.119093381324925,
        "max(vorticity)": 9.409142942489838,
        "max(diameter)": 2.469123314070946
    },
    "member9": {
        "u": 5.533512009868494,
        "v": 5.547828153014034,
        "num_eddy": 8.332742310886614,
        "max(vorticity)": 2.9170969964391027,
        "max(diameter)": 5.73188911995029
    },
    "member10": {
        "u": 5.969287432351026,
        "v": 9.901847502889128,
        "num_eddy": 2.0148623421184295,
        "max(vorticity)": 0.40874447211836196,
        "max(diameter)": 0.9019560481086264
    },
    "member11": {
        "u": 7.5696604115414665,
        "v": 0.24938790147846168,
        "num_eddy": 0.8165569672843132,
        "max(vorticity)": 9.089043256833719,
        "max(diameter)": 5.088591098155808
    },
    "member12": {
        "u": 2.5556456599700237,
        "v": 4.887824973671754,
        "num_eddy": 1.5617812541324916,
        "max(vorticity)": 2.9409902173389337,
        "max(diameter)": 4.336615714908836
    },
    "member13": {
        "u": 5.231432132517812,
        "v": 1.8809963139880204,
        "num_eddy": 6.483324380770917,
        "max(vorticity)": 5.995533959529677,
        "max(diameter)": 3.420560949117313
    },
    "member14": {
        "u": 3.3710662610767415,
        "v": 5.27582668977491,
        "num_eddy": 7.555193622969676,
        "max(vorticity)": 4.962608002191398,
        "max(diameter)": 9.09096210337465
    },
    "member15": {
        "u": 0.031224791167869803,
        "v": 8.132076095108728,
        "num_eddy": 1.6221042383892037,
        "max(vorticity)": 4.930528968443499,
        "max(diameter)": 2.0387581009293
    },
    "member16": {
        "u": 0.7542247668450597,
        "v": 6.110653451907405,
        "num_eddy": 2.213578313455311,
        "max(vorticity)": 6.934410970948017,
        "max(diameter)": 3.2427166738103166
    },
    "member17": {
        "u": 8.717402922376728,
        "v": 6.445188576449917,
        "num_eddy": 8.114586400242585,
        "max(vorticity)": 2.6135701097143893,
        "max(diameter)": 6.737621865558799
    },
    "member18": {
        "u": 6.915933419395454,
        "v": 6.390179703957674,
        "num_eddy": 0.3755425042578897,
        "max(vorticity)": 2.4264530598512914,
        "max(diameter)": 6.857813871765961
    },
    "member19": {
        "u": 2.272297673182724,
        "v": 7.6087270338345725,
        "num_eddy": 0.006463438105407393,
        "max(vorticity)": 2.0215522635938776,
        "max(diameter)": 6.373491389596047
    },
    "member20": {
        "u": 0.8791945036145299,
        "v": 0.07269343745966106,
        "num_eddy": 0.5375905497138134,
        "max(vorticity)": 8.893226284572112,
        "max(diameter)": 8.9350226458194
    },
    "member21": {
        "u": 2.980073958133047,
        "v": 0.030950789651867927,
        "num_eddy": 1.1210331587373035,
        "max(vorticity)": 7.769648261938481,
        "max(diameter)": 9.10278459947049
    },
    "member22": {
        "u": 6.9375071702350795,
        "v": 4.339237438179073,
        "num_eddy": 8.003182519951228,
        "max(vorticity)": 9.37100753695789,
        "max(diameter)": 5.666625543483711
    },
    "member23": {
        "u": 0.2824562393886554,
        "v": 0.4839543365491672,
        "num_eddy": 8.658613636940531,
        "max(vorticity)": 9.372761983312808,
        "max(diameter)": 6.481602001355688
    },
    "member24": {
        "u": 1.7606576421247,
        "v": 7.197977251456407,
        "num_eddy": 8.969113781485122,
        "max(vorticity)": 6.679730834740387,
        "max(diameter)": 3.8332070767684403
    },
    "member25": {
        "u": 9.901591548666726,
        "v": 6.013630157593942,
        "num_eddy": 6.150783741989313,
        "max(vorticity)": 8.808358201015752,
        "max(diameter)": 9.511551783381885
    },
    "member26": {
        "u": 8.194691703471545,
        "v": 4.5747177632985006,
        "num_eddy": 4.299919597463559,
        "max(vorticity)": 9.541523747671713,
        "max(diameter)": 5.386799180786797
    },
    "member27": {
        "u": 4.427193568755518,
        "v": 5.089288888187911,
        "num_eddy": 6.593726110857549,
        "max(vorticity)": 2.6022846358705545,
        "max(diameter)": 9.773316431609382
    },
    "member28": {
        "u": 0.9424112977985966,
        "v": 2.5173686674556786,
        "num_eddy": 5.204703542656995,
        "max(vorticity)": 1.0447448268828907,
        "max(diameter)": 6.595036878126463
    },
    "member29": {
        "u": 4.581199138040573,
        "v": 3.936242265499602,
        "num_eddy": 4.958442894602285,
        "max(vorticity)": 5.341164225200118,
        "max(diameter)": 7.179367119289758
    },
    "member30": {
        "u": 2.4912065826623317,
        "v": 1.029406426452112,
        "num_eddy": 3.6181305876549574,
        "max(vorticity)": 9.547753803521754,
        "max(diameter)": 0.06347278295005032
    },
    "member31": {
        "u": 0.564313321284784,
        "v": 7.144382991594378,
        "num_eddy": 5.815153300036744,
        "max(vorticity)": 8.7062651402041,
        "max(diameter)": 1.0031728536951257
    },
    "member32": {
        "u": 9.138937530569045,
        "v": 8.450886055347334,
        "num_eddy": 2.4959777254324655,
        "max(vorticity)": 8.54701849204109,
        "max(diameter)": 6.847973961940878
    },
    "member33": {
        "u": 9.16943258025729,
        "v": 6.08808890825019,
        "num_eddy": 0.02351242406454901,
        "max(vorticity)": 2.390379950628969,
        "max(diameter)": 9.951452577307261
    },
    "member34": {
        "u": 1.647047530640372,
        "v": 2.6695792736668436,
        "num_eddy": 8.94974738586608,
        "max(vorticity)": 2.1146113729811002,
        "max(diameter)": 9.797279514098841
    },
    "member35": {
        "u": 0.10010582294236348,
        "v": 0.16305414829937637,
        "num_eddy": 6.450002015458212,
        "max(vorticity)": 8.767130119058077,
        "max(diameter)": 9.11859839636213
    },
    "member36": {
        "u": 3.6307482714088,
        "v": 0.9163061405869954,
        "num_eddy": 1.1720206772179131,