{
    "member1": {
        "u": 2.9132607894655083,
        "v": 8.427486554228718,
        "num_eddy": 9.070023627318882,
        "max(vorticity)": 9.296075640301419,
        "max(diameter)": 8.348306991699856
    },
    "member2": {
        "u": 7.289920062104952,
        "v": 5.152607100776868,
        "num_eddy": 6.690754018920643,
        "max(vorticity)": 0.8906124687339911,
        "max(diameter)": 5.437498600374356
    },
    "member3": {
        "u": 1.4602487239715278,
        "v": 5.992580031559048,
        "num_eddy": 2.3681711886636982,
        "max(vorticity)": 9.859058917131176,
        "max(diameter)": 4.938976289684323
    },
    "member4": {
        "u": 7.5724682054174774,
        "v": 2.1587473903879673,
        "num_eddy": 9.905061203130268,
        "max(vorticity)": 5.3737354935561035,
        "max(diameter)": 9.451138065904406
    },
    "member5": {
        "u": 1.1734667093332962,
        "v": 9.294402021996577,
        "num_eddy": 9.71694691021739,
        "max(vorticity)": 0.9063311446473932,
        "max(diameter)": 1.8419764886638257
    },
    "member6": {
        "u": 0.14540871489448937,
        "v": 9.657492295442466,
        "num_eddy": 6.66671615171635,
        "max(vorticity)": 8.559717118756861,
        "max(diameter)": 3.385748665241315
    },
    "member7": {
        "u": 4.6443167620727435,
        "v": 6.856844451087021,
        "num_eddy": 7.177775783120147,
        "max(vorticity)": 6.292360289043769,
        "max(diameter)": 2.4803151514902333
    },
    "member8": {
        "u": 1.1589095787485781,
        "v": 4.003618695203603,
        "num_eddy": 7.605109107938909,
        "max(vorticity)": 9.13324209231678,
        "max(diameter)": 8.505360319230652
    },
    "member9": {
        "u": 6.217017012416886,
        "v": 5.203043655456982,
        "num_eddy": 4.660221687402517,
        "max(vorticity)": 8.12966368532359,
        "max(diameter)": 0.4515391297270088
    },
    "member10": {
        "u": 3.098836168177347,
        "v": 8.34927109520472,
        "num_eddy": 4.580737563905375,
        "max(vorticity)": 6.610076079040143,
        "max(diameter)": 1.0119174323620994
    },
    "member11": {
        "u": 8.427916463429588,
        "v": 2.7444571969067955,
        "num_eddy": 2.954342904470387,
        "max(vorticity)": 6.86497365313591,
        "max(diameter)": 2.7644342094590932
    },
    "member12": {
        "u": 3.9735243247101106,
        "v": 8.709353867149744,
        "num_eddy": 1.9562110573323932,
        "max(vorticity)": 9.298397517943851,
        "max(diameter)": 2.8861771115253987
    },
    "member13": {
        "u": 2.600348113049693,
        "v": 1.6821375449194798,
        "num_eddy": 1.9118960192507028,
        "max(vorticity)": 4.801132401975748,
        "max(diameter)": 5.380718626537838
    },
    "member14": {
        "u": 7.1210189564339625,
        "v": 5.131024596266397,
        "num_eddy": 2.789814474498684,
        "max(vorticity)": 6.888672169977092,
        "max(diameter)": 2.3496270997043545
    },
    "member15": {
        "u": 2.0644624046829883,
        "v": 1.4016772751836715,
        "num_eddy": 7.439259268595678,
        "max(vorticity)": 5.52655632453262,
        "max(diameter)": 7.6492642899205565
    },
    "member16": {
        "u": 6.594955311958893,
        "v": 4.626113185169664,
        "num_eddy": 9.361915701146696,
        "max(vorticity)": 8.234572385300424,
        "max(diameter)": 1.2977415391658231
    },
    "member17": {
        "u": 5.501605810853311,
        "v": 7.899096714520296,
        "num_eddy": 9.44467596233653,
        "max(vorticity)": 5.657673371081219,
        "max(diameter)": 6.257702239313888
    },
    "member18": {
        "u": 7.494615744834591,
        "v": 8.576726675893537,
        "num_eddy": 6.782962891797132,
        "max(vorticity)": 0.8213908627058575,
        "max(diameter)": 3.229681550433595
    },
    "member19": {
        "u": 5.9844700897843826,
        "v": 1.4736576775701837,
        "num_eddy": 6.513912568897105,
        "max(vorticity)": 6.750671863960703,
        "max(diameter)": 8.787672394315027
    },
    "member20": {
        "u": 7.30321016266397,
        "v": 7.297070459826652,
        "num_eddy": 8.070263084618803,
        "max(vorticity)": 9.476850168429701,
        "max(diameter)": 0.9021661904040401
    },
    "member21": {
        "u": 2.207573809140909,
        "v": 9.661674537213212,
        "num_eddy": 0.9005605591876398,
        "max(vorticity)": 9.280718957592503,
        "max(diameter)": 3.7368274235826657
    },
    "member22": {
        "u": 5.659570940931916,
        "v": 9.160884562979884,
        "num_eddy": 7.5979777226052025,
        "max(vorticity)": 6.988193774136036,
        "max(diameter)": 0.7595616015300954
    },
    "member23": {
        "u": 0.9687445288920371,
        "v": 4.532026661348159,
        "num_eddy": 3.9083135205281714,
        "max(vorticity)": 0.04043151914885468,
        "max(diameter)": 7.423894827496906
    },
    "member24": {
        "u": 5.640004964481218,
        "v": 2.801629364575259,
        "num_eddy": 7.084308901967237,
        "max(vorticity)": 2.905845609773996,
        "max(diameter)": 0.37048352640444815
    },
    "member25": {
        "u": 7.17473891314622,
        "v": 3.9685806683590172,
        "num_eddy": 1.4719251264890054,
        "max(vorticity)": 4.5279763204077605,
        "max(diameter)": 5.130232154297443
    },
    "member26": {
        "u": 9.861676503865995,
        "v": 6.4601583800410705,
        "num_eddy": 2.6023139879109403,
        "max(vorticity)": 3.6705907083402445,
        "max(diameter)": 9.22343385366066
    },
    "member27": {
        "u": 4.952061099331544,
        "v": 7.8581927444318636,
        "num_eddy": 4.964232657904125,
        "max(vorticity)": 0.7685387469922633,
        "max(diameter)": 2.401536802560118
    },
    "member28": {
        "u": 3.2727847461150517,
        "v": 8.832238220937949,
        "num_eddy": 4.969675174517149,
        "max(vorticity)": 9.489133795743061,
        "max(diameter)": 6.515827822441471
    },
    "member29": {
        "u": 1.1446885455932376,
        "v": 7.123644688735594,
        "num_eddy": 0.35367101080890806,
        "max(vorticity)": 5.283589559001836,
        "max(diameter)": 6.75185223452699
    },
    "member30": {
        "u": 4.10343829300968,
        "v": 0.7691600878068472,
        "num_eddy": 0.41324318935158866,
        "max(vorticity)": 4.309268190555688,
        "max(diameter)": 8.791453476040681
    },
    "member31": {
        "u": 5.252427570540186,
        "v": 1.8163066806069872,
        "num_eddy": 2.284193590010035,
        "max(vorticity)": 2.2158371988856054,
        "max(diameter)": 2.856701109492187
    },
    "member32": {
        "u": 8.68457485570615,
        "v": 8.96753053166448,
        "num_eddy": 5.247561867846792,
        "max(vorticity)": 0.8318642779506247,
        "max(diameter)": 0.957412546847658
    },
    "member33": {
        "u": 8.803154976486741,
        "v": 0.6620030701998891,
        "num_eddy": 3.6627321691375894,
        "max(vorticity)": 5.5820673346741305,
        "max(diameter)": 7.696418290832732
    },
    "member34": {
        "u": 5.688207788992477,
        "v": 5.667741603809798,
        "num_eddy": 6.6422104723652,
        "max(vorticity)": 3.3217452958063354,
        "max(diameter)": 7.037774778624972
    },
    "member35": {
        "u": 0.3267260805088468,
        "v": 9.23034314928879,
        "num_eddy": 8.030510888942803,
        "max(vorticity)": 1.4090968941689275,
        "max(diameter)": 7.238884168592115
    },
    "member36": {
        "u": 9.68827198767433,
        "v": 9.822068154364805,
        "num_eddy": 4.061802437658585,