{
    "member1": {
        "u": 5.947670729525344,
        "v": 4.638594063812354,
        "num_eddy": 5.463085386268908,
        "max(vorticity)": 8.528046172805055,
        "max(diameter)": 2.4028869764720326
    },
    "member2": {
        "u": 8.2168389004358,
        "v": 7.928194256810379,
        "num_eddy": 3.20170759543845,
        "max(vorticity)": 9.114695640997017,
        "max(diameter)": 4.368047314705651
    },
    "member3": {
        "u": 4.4763655814036065,
        "v": 4.969023938399034,
        "num_eddy": 7.22678687579177,
        "max(vorticity)": 8.036848575560407,
        "max(diameter)": 1.0945267564019778
    },
    "member4": {
        "u": 6.97647768166178,
        "v": 6.308603431117513,
        "num_eddy": 1.970944974313933,
        "max(vorticity)": 7.727796217522921,
        "max(diameter)": 9.788363840629925
    },
    "member5": {
        "u": 1.7425433517137467,
        "v": 8.216891650295304,
        "num_eddy": 4.822378658012968,
        "max(vorticity)": 9.027351521575703,
        "max(diameter)": 6.327147265146879
    },
    "member6": {
        "u": 1.9818508416864844,
        "v": 6.797363285804215,
        "num_eddy": 5.005885557175224,
        "max(vorticity)": 5.479413292905271,
        "max(diameter)": 7.890389886537868
    },
    "member7": {
        "u": 9.976400113271492,
        "v": 5.673538047414798,
        "num_eddy": 1.091369802177632,
        "max(vorticity)": 6.299009889197395,
        "max(diameter)": 7.570977155594147
    },
    "member8": {
        "u": 6.48963270917174,
        "v": 4.444044803962955,
        "num_eddy": 8.956323326273523,
        "max(vorticity)": 3.0218299224835965,
        "max(diameter)": 4.51461320096956
    },
    "member9": {
        "u": 8.765316601020544,
        "v": 0.25373584503532554,
        "num_eddy": 3.894860302273455,
        "max(vorticity)": 7.036953306062738,
        "max(diameter)": 7.588576532151939
    },
    "member10": {
        "u": 6.381709905409667,
        "v": 3.681335246866637,
        "num_eddy": 0.8071016079415838,
        "max(vorticity)": 3.7513969360990664,
        "max(diameter)": 4.8537021431154495
    },
    "member11": {
        "u": 9.213106455678412,
        "v": 8.020693698992398,
        "num_eddy": 2.8656409032107435,
        "max(vorticity)": 1.704640282744302,
        "max(diameter)": 0.14464930460411085
    },
    "member12": {
        "u": 5.131039550635087,
        "v": 9.644909319132932,
        "num_eddy": 9.707293602674659,
        "max(vorticity)": 7.280036858809613,
        "max(diameter)": 1.2135946782957718
    },
    "member13": {
        "u": 2.761181964219622,
        "v": 6.789439240595595,
        "num_eddy": 4.479616706311713,
        "max(vorticity)": 7.071355886003637,
        "max(diameter)": 4.803891372067981
    },
    "member14": {
        "u": 3.0737220757130315,
        "v": 0.42092402157557607,
        "num_eddy": 2.042954647929043,
        "max(vorticity)": 5.650425713218947,
        "max(diameter)": 1.0849089121013977
    },
    "member15": {
        "u": 4.923738807377073,
        "v": 3.2873374881334403,
        "num_eddy": 2.799925471704363,
        "max(vorticity)": 1.9859954163779159,
        "max(diameter)": 8.90582333482752
    },
    "member16": {
        "u": 4.7380212404908555,
        "v": 3.1700099481506108,
        "num_eddy": 2.6500620259279053,
        "max(vorticity)": 9.589944799052915,
        "max(diameter)": 1.7140940907210933
    },
    "member17": {
        "u": 4.021157712029273,
        "v": 9.806975527269776,
        "num_eddy": 0.6955652091915032,
        "max(vorticity)": 6.87772407464262,
        "max(diameter)": 9.204352043907111
    },
    "member18": {
        "u": 7.442887771501009,
        "v": 0.9401836823855358,
        "num_eddy": 9.266193453978616,
        "max(vorticity)": 4.8668578710622015,
        "max(diameter)": 3.2500150010907847
    },
    "member19": {
        "u": 4.696807658648586,
        "v": 5.910082863861083,
        "num_eddy": 6.681337474893935,
        "max(vorticity)": 2.531618474730235,
        "max(diameter)": 9.7434292204921
    },
    "member20": {
        "u": 5.9342975199931,
        "v": 2.2037299791499088,
        "num_eddy": 5.495146853443245,
        "max(vorticity)": 9.759394243279921,
        "max(diameter)": 9.464952132288234
    },
    "member21": {
        "u": 7.47009635926357,
        "v": 4.583506801282914,
        "num_eddy": 6.871303717817411,
        "max(vorticity)": 0.18130039202204018,
        "max(diameter)": 0.5028760184360936
    },
    "member22": {
        "u": 7.369728211472651,
        "v": 3.7502434115245133,
        "num_eddy": 4.3473870641497045,
        "max(vorticity)": 3.7877082649505125,
        "max(diameter)": 3.9527886483072128
    },
    "member23": {
        "u": 6.722011983862047,
        "v": 6.258758648387693,
        "num_eddy": 5.700147247278525,
        "max(vorticity)": 3.69562667424727,
        "max(diameter)": 4.997920314113382
    },
    "member24": {
        "u": 1.660161779921574,
        "v": 4.943511399963432,
        "num_eddy": 5.665782121099285,
        "max(vorticity)": 0.050560282360071485,
        "max(diameter)": 5.693574884173149
    },
    "member25": {
        "u": 9.470508915630491,
        "v": 0.8886063234660513,
        "num_eddy": 8.275836847929794,
        "max(vorticity)": 0.4088525194075521,
        "max(diameter)": 2.972745885370678
    },
    "member26": {
        "u": 3.4062092658554777,
        "v": 1.3580606748898105,
        "num_eddy": 8.587410111152124,
        "max(vorticity)": 6.8912315974375495,
        "max(diameter)": 6.096811907133766
    },
    "member27": {
        "u": 3.7159247084131772,
        "v": 3.572405038470523,
        "num_eddy": 6.125798034684193,
        "max(vorticity)": 5.634647540968253,
        "max(diameter)": 6.830374462182527
    },
    "member28": {
        "u": 1.633206248629815,
        "v": 0.03634122536968043,
        "num_eddy": 4.545361343147228,
        "max(vorticity)": 4.872025784059692,
        "max(diameter)": 7.195620486588126
    },
    "member29": {
        "u": 0.08801787675236095,
        "v": 9.038141552335581,
        "num_eddy": 6.87784742351945,
        "max(vorticity)": 7.284091233459219,
        "max(diameter)": 5.008599314236416
    },
    "member30": {
        "u": 4.049807187538274,
        "v": 9.312629108153397,
        "num_eddy": 9.719679115944789,
        "max(vorticity)": 6.041141871461791,
        "max(diameter)": 6.987413003978794
    },
    "member31": {
        "u": 3.2165537879603656,
        "v": 1.4265845423271561,
        "num_eddy": 6.405718452694575,
        "max(vorticity)": 6.884080935915959,
        "max(diameter)": 1.710728340357498
    },
    "member32": {
        "u": 5.931718255178505,
        "v": 0.905509027130682,
        "num_eddy": 5.785581227265285,
        "max(vorticity)": 0.308227284094017,
        "max(diameter)": 3.6603144813900315
    },
    "member33": {
        "u": 6.305498064312079,
        "v": 8.879916974505415,
        "num_eddy": 5.147948543407978,
        "max(vorticity)": 0.10130368602689455,
        "max(diameter)": 1.7721851194155358
    },
    "member34": {
        "u": 0.018937853405311955,
        "v": 4.571712939867688,
        "num_eddy": 0.04716508932065322,
        "max(vorticity)": 5.069446423750005,
        "max(diameter)": 3.6737201955454033
    },
    "member35": {
        "u": 8.24274511964901,
        "v": 4.356900644067256,
        "num_eddy": 7.8035968228983705,
        "max(vorticity)": 1.499208136180239,
        "max(diameter)": 8.199613585742586
    },
    "member36": {
        "u": 4.886430858450895,
        "v": 6.860449955741988,
        "num_eddy": 3.6267235095974892,