{
    "member1": {
        "u": 7.241926096721672,
        "v": 3.5019356824958123,
        "num_eddy": 3.4417585731362577,
        "max(vorticity)": 1.7395638518195122,
        "max(diameter)": 2.8089497871815583
    },
    "member2": {
        "u": 4.815804784935383,
        "v": 2.1938030219702864,
        "num_eddy": 7.291715600855819,
        "max(vorticity)": 0.2224074101040019,
        "max(diameter)": 9.45593735018004
    },
    "member3": {
        "u": 6.550330025264969,
        "v": 2.4312308476028988,
        "num_eddy": 0.2726269293006389,
        "max(vorticity)": 7.08738288911187,
        "max(diameter)": 4.647891023530365
    },
    "member4": {
        "u": 9.222680323838308,
        "v": 9.25359768080138,
        "num_eddy": 7.7706362106741995,
        "max(vorticity)": 9.199105821876095,
        "max(diameter)": 3.670371553166971
    },
    "member5": {
        "u": 6.230482729870115,
        "v": 6.577400210033016,
        "num_eddy": 5.137671984281626,
        "max(vorticity)": 9.334610085744941,
        "max(diameter)": 1.5128838084557128
    },
    "member6": {
        "u": 6.85697768725689,
        "v": 9.280313545254993,
        "num_eddy": 9.170559477424582,
        "max(vorticity)": 6.242574341438881,
        "max(diameter)": 1.667472183821831
    },
    "member7": {
        "u": 5.594742315595903,
        "v": 7.3742177877299495,
        "num_eddy": 3.7346939560678205,
        "max(vorticity)": 1.9557561906148868,
        "max(diameter)": 6.086094550206393
    },
    "member8": {
        "u": 8.624406724609312,
        "v": 4.567363480868806,
        "num_eddy": 3.044509952486626,
        "max(vorticity)": 0.21013374608936153,
        "max(diameter)": 2.305515105914635
    },
    "member9": {
        "u": 2.836817035463519,
        "v": 7.948403170695482,
        "num_eddy": 3.9955018321766267,
        "max(vorticity)": 0.6595782301823805,
        "max(diameter)": 7.821631220471533
    },
    "member10": {
        "u": 5.788022449966101,
        "v": 0.6166887016766676,
        "num_eddy": 6.52356119044347,
        "max(vorticity)": 0.6289694739145213,
        "max(diameter)": 9.743705848870203
    },
    "member11": {
        "u": 0.29456416061074187,
        "v": 1.1673242219902835,
        "num_eddy": 4.376386774120997,
        "max(vorticity)": 7.157139826669299,
        "max(diameter)": 4.865661932637364
    },
    "member12": {
        "u": 3.294387708049057,
        "v": 1.508227658961856,
        "num_eddy": 4.284508653485006,
        "max(vorticity)": 6.837616597511205,
        "max(diameter)": 9.52411766491232
    },
    "member13": {
        "u": 9.183335174725777,
        "v": 0.7026511075504571,
        "num_eddy": 9.637762098760707,
        "max(vorticity)": 5.381600865385594,
        "max(diameter)": 6.103037502427824
    },
    "member14": {
        "u": 1.8204540439322903,
        "v": 8.083862401656008,
        "num_eddy": 6.263569119563682,
        "max(vorticity)": 0.451292812429126,
        "max(diameter)": 5.7255527013429175
    },
    "member15": {
        "u": 2.3561511099734744,
        "v": 1.2235513290350275,
        "num_eddy": 2.860460378539602,
        "max(vorticity)": 9.357638996768248,
        "max(diameter)": 4.04708019852621
    },
    "member16": {
        "u": 7.920323598053263,
        "v": 8.179295746544831,
        "num_eddy": 5.642757530829751,
        "max(vorticity)": 0.37781047176305815,
        "max(diameter)": 8.417200387347162
    },
    "member17": {
        "u": 8.729988131785738,
        "v": 3.2520204383105824,
        "num_eddy": 6.679345547385297,
        "max(vorticity)": 7.08254379758852,
        "max(diameter)": 7.24928655677084
    },
    "member18": {
        "u": 6.303113985403846,
        "v": 8.998600949441215,
        "num_eddy": 0.739686395672744,
        "max(vorticity)": 8.502910671196695,
        "max(diameter)": 4.186326060136344
    },
    "member19": {
        "u": 2.4149558550272845,
        "v": 3.8474069755905207,
        "num_eddy": 7.890625713055998,
        "max(vorticity)": 9.385620007396572,
        "max(diameter)": 2.1834162991166894
    },
    "member20": {
        "u": 5.55420078620682,
        "v": 3.813969180704151,
        "num_eddy": 0.5251845849727521,
        "max(vorticity)": 7.553143779716159,
        "max(diameter)": 1.9778114265420021
    },
    "member21": {
        "u": 0.18887348463432208,
        "v": 5.874459975623699,
        "num_eddy": 0.4106601088190531,
        "max(vorticity)": 3.865329750458395,
        "max(diameter)": 9.110704548243305
    },
    "member22": {
        "u": 4.802269069086108,
        "v": 4.5335096288620305,
        "num_eddy": 4.734362953315204,
        "max(vorticity)": 9.51997455110211,
        "max(diameter)": 6.755738743499265
    },
    "member23": {
        "u": 1.3844713685073151,
        "v": 7.132685568331243,
        "num_eddy": 4.953973812378506,
        "max(vorticity)": 9.660812853132446,
        "max(diameter)": 5.905783296651097
    },
    "member24": {
        "u": 3.841501838264697,
        "v": 0.1548837716804996,
        "num_eddy": 7.33220943704584,
        "max(vorticity)": 7.987420912996996,
        "max(diameter)": 5.366504722837428
    },
    "member25": {
        "u": 2.643764880917079,
        "v": 8.055228492799905,
        "num_eddy": 4.578263705815415,
        "max(vorticity)": 8.7815353547116,
        "max(diameter)": 4.212504881364563
    },
    "member26": {
        "u": 6.229762618730619,
        "v": 9.172241961126884,
        "num_eddy": 4.339195341950617,
        "max(vorticity)": 5.555729743577567,
        "max(diameter)": 8.650940097404996
    },
    "member27": {
        "u": 1.3742897424987888,
        "v": 7.778793239574515,
        "num_eddy": 0.8881818263223962,
        "max(vorticity)": 1.6557359163445051,
        "max(diameter)": 7.18636199781238
    },
    "member28": {
        "u": 6.741189840432952,
        "v": 2.511041095859232,
        "num_eddy": 0.6875165138132322,
        "max(vorticity)": 9.708209495970024,
        "max(diameter)": 9.225600878320448
    },
    "member29": {
        "u": 3.9399280679991824,
        "v": 1.8151121200530018,
        "num_eddy": 2.943500798870674,
        "max(vorticity)": 4.073226166544297,
        "max(diameter)": 2.03187030569533
    },
    "member30": {
        "u": 6.558234021332549,
        "v": 4.112548918234986,
        "num_eddy": 1.1057055584738051,
        "max(vorticity)": 1.7481754290865525,
        "max(diameter)": 7.21071419561666
    },
    "member31": {
        "u": 0.6571547480912254,
        "v": 3.6430674093378013,
        "num_eddy": 7.459102246939105,
        "max(vorticity)": 8.412069898488424,
        "max(diameter)": 8.053592487344659
    },
    "member32": {
        "u": 0.5466288112734929,
        "v": 2.9042169456572022,
        "num_eddy": 5.951129613012679,
        "max(vorticity)": 0.33850903822460476,
        "max(diameter)": 7.026961536938094
    },
    "member33": {
        "u": 3.7720319133363764,
        "v": 9.50567691600957,
        "num_eddy": 5.436882940016306,
        "max(vorticity)": 7.956559983971544,
        "max(diameter)": 9.67235147858725
    },
    "member34": {
        "u": 6.381319956122777,
        "v": 8.571499540766176,
        "num_eddy": 5.253781020956158,
        "max(vorticity)": 4.787571371157466,
        "max(diameter)": 3.748566253347011
    },
    "member35": {
        "u": 3.6322780885702075,
        "v": 0.44578305829144793,
        "num_eddy": 6.103217400938518,
        "max(vorticity)": 5.64032871785888,
        "max(diameter)": 1.4388617803644688
    },
    "member36": {
        "u": 6.379530137955616,
        "v": 6.72778795270183,
        "num_eddy": 1.4744395796775056,