{
    "member1": {
        "u": 3.1884513462300355,
        "v": 0.628978992671293,
        "num_eddy": 9.54118089169545,
        "max(vorticity)": 3.4125870973223025,
        "max(diameter)": 1.4703881526569351
    },
    "member2": {
        "u": 7.8663545569469315,
        "v": 2.6566198660371567,
        "num_eddy": 9.27253786241056,
        "max(vorticity)": 6.2657693089429936,
        "max(diameter)": 4.78931268008715
    },
    "member3": {
        "u": 5.999697215108637,
        "v": 1.300741885946053,
        "num_eddy": 2.0060110544233045,
        "max(vorticity)": 2.35986739176971,
        "max(diameter)": 7.067010671934409
    },
    "member4": {
        "u": 9.048170948687261,
        "v": 8.021033998448452,
        "num_eddy": 9.400817720415631,
        "max(vorticity)": 4.314265670002833,
        "max(diameter)": 6.240704658675296
    },
    "member5": {
        "u": 5.2961379247938964,
        "v": 4.048336575326815,
        "num_eddy": 8.320123757947627,
        "max(vorticity)": 1.8211292702775073,
        "max(diameter)": 7.239682331921925
    },
    "member6": {
        "u": 7.139461078753762,
        "v": 4.04742901153358,
        "num_eddy": 1.8562426554184241,
        "max(vorticity)": 7.600351581068953,
        "max(diameter)": 3.0219572881991352
    },
    "member7": {
        "u": 9.91401742080379,
        "v": 2.4858566471582533,
        "num_eddy": 0.6091051283275151,
        "max(vorticity)": 8.254088774587355,
        "max(diameter)": 0.2913776037817084
    },
    "member8": {
        "u": 1.075835846218357,
        "v": 4.945888186610475,
        "num_eddy": 1.6214980794719736,
        "max(vorticity)": 6.75599559132346,
        "max(diameter)": 0.35080794372697954
    },
    "member9": {
        "u": 6.023737446006072,
        "v": 1.759899004840777,
        "num_eddy": 1.417317977291107,
        "max(vorticity)": 1.5143274808623064,
        "max(diameter)": 6.370939323723233
    },
    "member10": {
        "u": 3.1595858121456963,
        "v": 6.394031224863667,
        "num_eddy": 2.5438159392677484,
        "max(vorticity)": 9.012185389379923,
        "max(diameter)": 8.057095340520382
    },
    "member11": {
        "u": 6.964436467961569,
        "v": 0.5188215785737038,
        "num_eddy": 9.408171404117283,
        "max(vorticity)": 0.8390242089559041,
        "max(diameter)": 4.412870469326101
    },
    "member12": {
        "u": 3.168105391390601,
        "v": 4.4228649585443325,
        "num_eddy": 5.079266588281865,
        "max(vorticity)": 5.515656653977375,
        "max(diameter)": 8.922663471620844
    },
    "member13": {
        "u": 5.097356283137147,
        "v": 9.531415112047672,
        "num_eddy": 1.6427888173441696,
        "max(vorticity)": 7.901477155138213,
        "max(diameter)": 1.0308659420705035
    },
    "member14": {
        "u": 6.214264945856859,
        "v": 1.3291238065710087,
        "num_eddy": 8.4656471273025,
        "max(vorticity)": 7.473084476039098,
        "max(diameter)": 5.3975197245235975
    },
    "member15": {
        "u": 9.576130683719377,
        "v": 5.511758181859121,
        "num_eddy": 2.55472200300751,
        "max(vorticity)": 7.533215374505666,
        "max(diameter)": 4.904244215529026
    },
    "member16": {
        "u": 8.681476152446617,
        "v": 6.311216018354583,
        "num_eddy": 4.583865165204546,
        "max(vorticity)": 1.573009712910205,
        "max(diameter)": 9.088409247011226
    },
    "member17": {
        "u": 9.642145185829206,
        "v": 6.509392912729793,
        "num_eddy": 6.8275395287106635,
        "max(vorticity)": 2.8314297600591223,
        "max(diameter)": 5.859615236236008
    },
    "member18": {
        "u": 2.2931936699322932,
        "v": 4.467574705681841,
        "num_eddy": 9.650030486430493,
        "max(vorticity)": 4.802658933774303,
        "max(diameter)": 6.744712578728085
    },
    "member19": {
        "u": 5.343675089870549,
        "v": 2.5895171400105577,
        "num_eddy": 7.910929630118675,
        "max(vorticity)": 2.1128233666815643,
        "max(diameter)": 6.271529753185333
    },
    "member20": {
        "u": 8.40805411067005,
        "v": 8.568038340710256,
        "num_eddy": 2.135332627558043,
        "max(vorticity)": 3.592014728911761,
        "max(diameter)": 9.355833437958074
    },
    "member21": {
        "u": 0.8090248659801991,
        "v": 3.071559189412639,
        "num_eddy": 1.2573461752441162,
        "max(vorticity)": 1.1043260107097663,
        "max(diameter)": 0.491073029627086
    },
    "member22": {
        "u": 6.949229113608033,
        "v": 5.775906227639542,
        "num_eddy": 2.3966862447723045,
        "max(vorticity)": 7.578689269478081,
        "max(diameter)": 3.2653210863913653
    },
    "member23": {
        "u": 7.373602419755346,
        "v": 8.721940660651793,
        "num_eddy": 3.2297104945476276,
        "max(vorticity)": 8.1872545747164,
        "max(diameter)": 9.805910589391498
    },
    "member24": {
        "u": 8.704341656301027,
        "v": 5.766657284069078,
        "num_eddy": 8.227867409664634,
        "max(vorticity)": 4.015394403478988,
        "max(diameter)": 8.580640275471174
    },
    "member25": {
        "u": 7.560003662689846,
        "v": 7.980131384975709,
        "num_eddy": 1.9232990805405248,
        "max(vorticity)": 9.361194263995602,
        "max(diameter)": 2.5238007530632234
    },
    "member26": {
        "u": 9.319311232268994,
        "v": 9.25027142326353,
        "num_eddy": 1.9331802364526463,
        "max(vorticity)": 5.98128164687939,
        "max(diameter)": 8.969031678922232
    },
    "member27": {
        "u": 6.017605069770523,
        "v": 6.0863495635114795,
        "num_eddy": 0.6677149403287486,
        "max(vorticity)": 0.9888493055650927,
        "max(diameter)": 9.445936867548191
    },
    "member28": {
        "u": 0.3329994376129719,
        "v": 2.3611493801979955,
        "num_eddy": 4.119480700643558,
        "max(vorticity)": 0.1476182123911085,
        "max(diameter)": 9.506131645370111
    },
    "member29": {
        "u": 9.682668238913857,
        "v": 0.869681434558538,
        "num_eddy": 5.884020374312212,
        "max(vorticity)": 3.0306415767653014,
        "max(diameter)": 2.6375102573834353
    },
    "member30": {
        "u": 2.660889874889869,
        "v": 6.3343507182331855,
        "num_eddy": 8.188095826415854,
        "max(vorticity)": 9.894842455840097,
        "max(diameter)": 1.2860029725647815
    },
    "member31": {
        "u": 4.991217861590142,
        "v": 4.707119620425178,
        "num_eddy": 6.194294968591346,
        "max(vorticity)": 6.974191657217807,
        "max(diameter)": 1.120352374797745
    },
    "member32": {
        "u": 5.775354063326146,
        "v": 7.686952911506642,
        "num_eddy": 0.05672008107473592,
        "max(vorticity)": 3.9069601897255355,
        "max(diameter)": 1.9664940375975148
    },
    "member33": {
        "u": 8.359999969735192,
        "v": 7.365283109331032,
        "num_eddy": 3.0377842535909485,
        "max(vorticity)": 4.3461665097346085,
        "max(diameter)": 4.515866451985838
    },
    "member34": {
        "u": 2.085552336971952,
        "v": 4.312999503127597,
        "num_eddy": 4.846795818487713,
        "max(vorticity)": 5.266529694361277,
        "max(diameter)": 0.37426820517953097
    },
    "member35": {
        "u": 9.863570291829921,
        "v": 2.2594195905677794,
        "num_eddy": 2.5725526999600365,
        "max(vorticity)": 7.520816789605941,
        "max(diameter)": 5.367197424460491
    },
    "member36": {
        "u": 2.6571404230852567,
        "v": 1.1114129457484967,
        "num_eddy": 9.749470039465919,