{
    "member1": {
        "u": 7.737471055947386,
        "v": 0.32720188848691323,
        "num_eddy": 5.6707423512541055,
        "max(vorticity)": 9.594132870881788,
        "max(diameter)": 1.1836238763270335
    },
    "member2": {
        "u": 4.003042564480436,
        "v": 2.254435523803072,
        "num_eddy": 8.919739939125893,
        "max(vorticity)": 6.898953871543366,
        "max(diameter)": 4.432210990243833
    },
    "member3": {
        "u": 8.48088565817503,
        "v": 9.89534461530118,
        "num_eddy": 6.813735684969847,
        "max(vorticity)": 3.5111117885145218,
        "max(diameter)": 1.878494831004276
    },
    "member4": {
        "u": 7.56533774219381,
        "v": 7.1916571564087,
        "num_eddy": 0.37682364301903526,
        "max(vorticity)": 8.911710360827843,
        "max(diameter)": 5.730551638702494
    },
    "member5": {
        "u": 8.718383877891792,
        "v": 3.425578051540681,
        "num_eddy": 0.037682298669537984,
        "max(vorticity)": 7.610023743927231,
        "max(diameter)": 6.150309703110616
    },
    "member6": {
        "u": 6.176036310809828,
        "v": 9.591379663324384,
        "num_eddy": 4.345067403489425,
        "max(vorticity)": 1.1045693522617384,
        "max(diameter)": 4.7977472715141705
    },
    "member7": {
        "u": 9.25124170828391,
        "v": 6.438149623691154,
        "num_eddy": 9.237292598191814,
        "max(vorticity)": 6.985760390419489,
        "max(diameter)": 8.374438542363377
    },
    "member8": {
        "u": 1.7420538628257598,
        "v": 2.094656505710375,
        "num_eddy": 0.03171863400516006,
        "max(vorticity)": 5.755062538651088,
        "max(diameter)": 7.274629882139903
    },
    "member9": {
        "u": 7.336568665939707,
        "v": 2.7684344149842897,
        "num_eddy": 3.6497980508156957,
        "max(vorticity)": 2.57975425403533,
        "max(diameter)": 2.1982770620412593
    },
    "member10": {
        "u": 8.321155922580953,
        "v": 7.498870809312711,
        "num_eddy": 7.404325770758473,
        "max(vorticity)": 7.80002677965731,
        "max(diameter)": 7.8329546036862965
    },
    "member11": {
        "u": 6.009235159402219,
        "v": 9.30588446783962,
        "num_eddy": 0.06550209513562111,
        "max(vorticity)": 3.9452800503528307,
        "max(diameter)": 7.348617938391077
    },
    "member12": {
        "u": 2.0622731465008,
        "v": 1.5099150957815,
        "num_eddy": 8.410031102338099,
        "max(vorticity)": 7.076572304069247,
        "max(diameter)": 7.4231136158359545
    },
    "member13": {
        "u": 5.126742265379515,
        "v": 4.3688598946771515,
        "num_eddy": 2.5427960035999995,
        "max(vorticity)": 8.13466431155923,
        "max(diameter)": 1.1987282623665796
    },
    "member14": {
        "u": 0.7837899209330756,
        "v": 7.229900452160038,
        "num_eddy": 1.7632003336198987,
        "max(vorticity)": 7.277942237115652,
        "max(diameter)": 5.8788877715615016
    },
    "member15": {
        "u": 5.444988624989052,
        "v": 8.217468038595946,
        "num_eddy": 0.47102701628803145,
        "max(vorticity)": 2.267520406125932,
        "max(diameter)": 5.013117365675375
    },
    "member16": {
        "u": 1.9733334637550148,
        "v": 6.402472709810119,
        "num_eddy": 8.068700186953064,
        "max(vorticity)": 3.2293381630913953,
        "max(diameter)": 1.1044863779015313
    },
    "member17": {
        "u": 5.200051555777718,
        "v": 4.321713672343397,
        "num_eddy": 5.871899214740036,
        "max(vorticity)": 0.6284066998134263,
        "max(diameter)": 9.43626878878762
    },
    "member18": {
        "u": 0.05773371881405365,
        "v": 3.6180177124096047,
        "num_eddy": 5.780162020884352,
        "max(vorticity)": 2.446730214330839,
        "max(diameter)": 2.8451180382745402
    },
    "member19": {
        "u": 0.05207189525696876,
        "v": 9.388866204011398,
        "num_eddy": 5.349924141690509,
        "max(vorticity)": 0.5472288887383558,
        "max(diameter)": 5.256675838514141
    },
    "member20": {
        "u": 7.7634303851930895,
        "v": 8.555510036706949,
        "num_eddy": 0.3459999940825065,
        "max(vorticity)": 4.661687342685099,
        "max(diameter)": 6.866607116252189
    },
    "member21": {
        "u": 9.493007508387157,
        "v": 5.923576687462742,
        "num_eddy": 9.691922849031497,
        "max(vorticity)": 5.669773704444835,
        "max(diameter)": 5.43326426173791
    },
    "member22": {
        "u": 4.354280819497317,
        "v": 5.641100619214353,
        "num_eddy": 3.166877805899216,
        "max(vorticity)": 1.235066074450526,
        "max(diameter)": 0.03545178814413852
    },
    "member23": {
        "u": 8.590859900879247,
        "v": 3.4138380923882936,
        "num_eddy": 5.142548905793316,
        "max(vorticity)": 9.94119218758305,
        "max(diameter)": 2.2669313356960763
    },
    "member24": {
        "u": 0.6885246452547522,
        "v": 0.8469011400481352,
        "num_eddy": 1.5611338975500122,
        "max(vorticity)": 1.3586531058389728,
        "max(diameter)": 3.3795458417107103
    },
    "member25": {
        "u": 2.9832936320096826,
        "v": 4.686038497166749,
        "num_eddy": 1.5703196314146572,
        "max(vorticity)": 4.145319034551534,
        "max(diameter)": 8.779390652559108
    },
    "member26": {
        "u": 6.18408815785299,
        "v": 0.08882087398660699,
        "num_eddy": 5.92211127548323,
        "max(vorticity)": 3.5784157607312252,
        "max(diameter)": 2.311568869766284
    },
    "member27": {
        "u": 2.6752046033255192,
        "v": 6.251436771676378,
        "num_eddy": 1.9994271149361509,
        "max(vorticity)": 5.213653148010218,
        "max(diameter)": 8.428088679258098
    },
    "member28": {
        "u": 4.099806296229652,
        "v": 8.078517156778322,
        "num_eddy": 8.712480008858194,
        "max(vorticity)": 5.1787364791597055,
        "max(diameter)": 9.176640832469568
    },
    "member29": {
        "u": 9.736786315945228,
        "v": 7.508495528025314,
        "num_eddy": 6.114595172777522,
        "max(vorticity)": 1.9593290130737273,
        "max(diameter)": 3.6205136994175624
    },
    "member30": {
        "u": 2.222141178833763,
        "v": 6.791011477216071,
        "num_eddy": 7.570249739436401,
        "max(vorticity)": 2.4475088725962446,
        "max(diameter)": 4.037964830339478
    },
    "member31": {
        "u": 5.674866119453724,
        "v": 5.449460483549679,
        "num_eddy": 6.6171311329652385,
        "max(vorticity)": 4.642916669855362,
        "max(diameter)": 7.534863270654028
    },
    "member32": {
        "u": 6.530785433120401,
        "v": 9.501954680651117,
        "num_eddy": 9.49621584980765,
        "max(vorticity)": 4.833182513819711,
        "max(diameter)": 8.110472770723984
    },
    "member33": {
        "u": 4.002425576124411,
        "v": 0.8965344604553704,
        "num_eddy": 6.25359602808929,
        "max(vorticity)": 3.0218435120126586,
        "max(diameter)": 1.859356692114339
    },
    "member34": {
        "u": 8.460754002670765,
        "v": 3.375599753045657,
        "num_eddy": 7.1616722911017945,
        "max(vorticity)": 8.114885410261735,
        "max(diameter)": 7.609190903480073
    },
    "member35": {
        "u": 2.755738239546778,
        "v": 4.053510564532249,
        "num_eddy": 2.8043027364596442,
        "max(vorticity)": 3.7277922769042737,
        "max(diameter)": 1.4857699579176553
    },
    "member36": {
        "u": 0.9570113562694105,
        "v": 9.077828537168042,
        "num_eddy": 1.090677239582939,