{
    "member1": {
        "u": 0.6180668018093649,
        "v": 7.002895494221647,
        "num_eddy": 5.458472098947599,
        "max(vorticity)": 8.460983269710216,
        "max(diameter)": 4.691973253057272
    },
    "member2": {
        "u": 3.6729066788745026,
        "v": 4.551469193073112,
        "num_eddy": 7.806900859914515,
        "max(vorticity)": 4.93376409958064,
        "max(diameter)": 3.862609439134015
    },
    "member3": {
        "u": 4.4365202716485115,
        "v": 5.203004652878064,
        "num_eddy": 0.33221721934185044,
        "max(vorticity)": 1.5854817870799875,
        "max(diameter)": 3.567736188494992
    },
    "member4": {
        "u": 6.816363306488508,
        "v": 7.496170047600142,
        "num_eddy": 9.604855525157879,
        "max(vorticity)": 0.1344050556133325,
        "max(diameter)": 4.1764893900350035
    },
    "member5": {
        "u": 2.2378434727041743,
        "v": 9.77920591761351,
        "num_eddy": 5.818476024743303,
        "max(vorticity)": 4.12163124861919,
        "max(diameter)": 2.9092991641205543
    },
    "member6": {
        "u": 6.696003637941914,
        "v": 0.3652622614766088,
        "num_eddy": 7.179186820131301,
        "max(vorticity)": 9.021438363131947,
        "max(diameter)": 8.337645900641391
    },
    "member7": {
        "u": 8.101136322253847,
        "v": 0.042925054363907034,
        "num_eddy": 2.7535812778058144,
        "max(vorticity)": 9.745970533352192,
        "max(diameter)": 7.074251144570173
    },
    "member8": {
        "u": 6.312467053269415,
        "v": 1.9001045368067326,
        "num_eddy": 5.203893438902044,
        "max(vorticity)": 7.553119572462483,
        "max(diameter)": 8.719881376185189
    },
    "member9": {
        "u": 5.406086958154117,
        "v": 8.126050301347437,
        "num_eddy": 6.849941329739241,
        "max(vorticity)": 0.9316304734042413,
        "max(diameter)": 1.5997176307509753
    },
    "member10": {
        "u": 5.774592655897726,
        "v": 4.111952925945729,
        "num_eddy": 6.1926893944360195,
        "max(vorticity)": 7.497346057809206,
        "max(diameter)": 9.57701340436259
    },
    "member11": {
        "u": 1.0850200867700954,
        "v": 6.557196617132362,
        "num_eddy": 5.021181249628972,
        "max(vorticity)": 5.515980837105733,
        "max(diameter)": 1.1836886056779294
    },
    "member12": {
        "u": 7.7610549077178685,
        "v": 4.584737385694037,
        "num_eddy": 1.3644798790726576,
        "max(vorticity)": 1.099331935564164,
        "max(diameter)": 0.4201876846726771
    },
    "member13": {
        "u": 7.559602818513217,
        "v": 1.1435980987566252,
        "num_eddy": 9.891449301131942,
        "max(vorticity)": 6.832997263903577,
        "max(diameter)": 9.009544800407166
    },
    "member14": {
        "u": 3.9746562727709547,
        "v": 5.462242677394018,
        "num_eddy": 8.816350973781224,
        "max(vorticity)": 7.646206294045923,
        "max(diameter)": 6.799396275575113
    },
    "member15": {
        "u": 0.1439384001671884,
        "v": 9.482080076574027,
        "num_eddy": 3.1146925576092044,
        "max(vorticity)": 6.394408083608192,
        "max(diameter)": 0.6964136695392764
    },
    "member16": {
        "u": 7.979362250714194,
        "v": 9.528173257684466,
        "num_eddy": 7.972991816013705,
        "max(vorticity)": 7.555056947904486,
        "max(diameter)": 8.565878054786864
    },
    "member17": {
        "u": 7.490887694654243,
        "v": 8.61357910681017,
        "num_eddy": 7.072992167134533,
        "max(vorticity)": 1.778067947801224,
        "max(diameter)": 6.700987307599836
    },
    "member18": {
        "u": 3.2038858285712726,
        "v": 7.660073910457128,
        "num_eddy": 9.447795009299618,
        "max(vorticity)": 5.12703441092914,
        "max(diameter)": 7.706869301901946
    },
    "member19": {
        "u": 3.6177646894920668,
        "v": 5.0701006694798325,
        "num_eddy": 3.0057826119767137,
        "max(vorticity)": 3.1221725843438253,
        "max(diameter)": 3.6744543076964797
    },
    "member20": {
        "u": 0.6763880003608835,
        "v": 3.037525709662824,
        "num_eddy": 5.807067701818132,
        "max(vorticity)": 1.4978706647306872,
        "max(diameter)": 7.6794128317017885
    },
    "member21": {
        "u": 8.982145593191666,
        "v": 1.6550447875497076,
        "num_eddy": 0.8971984187124116,
        "max(vorticity)": 1.633641609519333,
        "max(diameter)": 3.1173195716352096
    },
    "member22": {
        "u": 5.792480125311364,
        "v": 5.3227824988427175,
        "num_eddy": 4.444728082932498,
        "max(vorticity)": 1.2015241374271635,
        "max(diameter)": 3.4693824947440133
    },
    "member23": {
        "u": 5.410616390555827,
        "v": 5.349494515742959,
        "num_eddy": 0.3578449419533858,
        "max(vorticity)": 3.465545892061664,
        "max(diameter)": 6.48335118830807
    },
    "member24": {
        "u": 8.180001194389538,
        "v": 8.35546734709142,
        "num_eddy": 2.156669222870816,
        "max(vorticity)": 9.115404165789005,
        "max(diameter)": 2.8760052768520716
    },
    "member25": {
        "u": 3.43152904263195,
        "v": 7.977563923291651,
        "num_eddy": 3.7595359920952154,
        "max(vorticity)": 9.88007868531896,
        "max(diameter)": 5.191852228250959
    },
    "member26": {
        "u": 0.8035268083559854,
        "v": 4.669803549892054,
        "num_eddy": 4.983546945766534,
        "max(vorticity)": 6.928587877505985,
        "max(diameter)": 7.975517530043743
    },
    "member27": {
        "u": 7.4501721134237595,
        "v": 9.804764275254312,
        "num_eddy": 5.481425755669108,
        "max(vorticity)": 1.4115361147684202,
        "max(diameter)": 5.502558953927622
    },
    "member28": {
        "u": 1.9285168104782402,
        "v": 9.970764871664624,
        "num_eddy": 9.023352053335651,
        "max(vorticity)": 5.5638561914736995,
        "max(diameter)": 7.803624093224819
    },
    "member29": {
        "u": 1.8541850051725206,
        "v": 5.11434103107406,
        "num_eddy": 6.961060408660366,
        "max(vorticity)": 0.5439808227055565,
        "max(diameter)": 1.4826023099564367
    },
    "member30": {
        "u": 2.5295326024688416,
        "v": 4.282252533287499,
        "num_eddy": 9.321570885494333,
        "max(vorticity)": 9.771730233482018,
        "max(diameter)": 5.028522330179827
    },
    "member31": {
        "u": 6.245769583140773,
        "v": 8.563995084615772,
        "num_eddy": 6.894877933328902,
        "max(vorticity)": 8.638271127956841,
        "max(diameter)": 3.3534006652359727
    },
    "member32": {
        "u": 3.5287370019127327,
        "v": 0.13288319123489156,
        "num_eddy": 4.459561935237235,
        "max(vorticity)": 9.424122582332743,
        "max(diameter)": 0.5458139810064389
    },
    "member33": {
        "u": 7.45103303170179,
        "v": 7.811858565985128,
        "num_eddy": 1.842744813255881,
        "max(vorticity)": 1.9027798086279768,
        "max(diameter)": 6.493813445528022
    },
    "member34": {
        "u": 7.671017273647803,
        "v": 4.193783504774258,
        "num_eddy": 2.3745155665340367,
        "max(vorticity)": 4.173073788359271,
        "max(diameter)": 5.1073180928793915
    },
    "member35": {
        "u": 8.896449878068083,
        "v": 5.035803813322853,
        "num_eddy": 4.437612278635399,
        "max(vorticity)": 5.443879367125293,
        "max(diameter)": 1.1420766095521617
    },
    "member36": {
        "u": 5.88747411231239,
        "v": 7.354837432088031,
        "num_eddy": 7.20678243591273,