{
    "member1": {
        "u": 2.3567006197495646,
        "v": 7.765295190944823,
        "num_eddy": 4.902887833108865,
        "max(vorticity)": 9.212179364325051,
        "max(diameter)": 0.07367224278958862
    },
    "member2": {
        "u": 8.892688948722899,
        "v": 0.24849582356157973,
        "num_eddy": 1.292903283316863,
        "max(vorticity)": 0.9181782314131182,
        "max(diameter)": 9.877938167361938
    },
    "member3": {
        "u": 5.175746896783073,
        "v": 4.518422448883161,
        "num_eddy": 9.438751427380666,
        "max(vorticity)": 1.6958950265802186,
        "max(diameter)": 8.259779814155468
    },
    "member4": {
        "u": 2.2648182125882665,
        "v": 6.655958765146219,
        "num_eddy": 1.934482357469326,
        "max(vorticity)": 9.847072224360547,
        "max(diameter)": 9.900712493547239
    },
    "member5": {
        "u": 2.5253223109849756,
        "v": 4.762057336655782,
        "num_eddy": 8.915131678616202,
        "max(vorticity)": 9.26240371139264,
        "max(diameter)": 3.8872887167446724
    },
    "member6": {
        "u": 6.0507123503835825,
        "v": 2.309476921530119,
        "num_eddy": 6.973848675502069,
        "max(vorticity)": 3.1297600312133342,
        "max(diameter)": 2.430735242951192
    },
    "member7": {
        "u": 8.85698893369886,
        "v": 2.72330855879503,
        "num_eddy": 9.189100761457263,
        "max(vorticity)": 5.618663356416624,
        "max(diameter)": 0.7285274072435355
    },
    "member8": {
        "u": 9.235735711541931,
        "v": 6.172352618092458,
        "num_eddy": 6.949362781256829,
        "max(vorticity)": 4.055688975135695,
        "max(diameter)": 0.2808547020090735
    },
    "member9": {
        "u": 6.533793217497133,
        "v": 4.470887334632383,
        "num_eddy": 3.497415473409836,
        "max(vorticity)": 5.997046165296764,
        "max(diameter)": 9.550620401026519
    },
    "member10": {
        "u": 9.233361495788014,
        "v": 9.501262317476279,
        "num_eddy": 6.202209583045226,
        "max(vorticity)": 4.872856125599667,
        "max(diameter)": 2.034382814090364
    },
    "member11": {
        "u": 0.05834296035650888,
        "v": 2.948554328529104,
        "num_eddy": 5.229395411572325,
        "max(vorticity)": 2.8671449263392033,
        "max(diameter)": 3.565137762092495
    },
    "member12": {
        "u": 1.4152761890655308,
        "v": 9.495637393167215,
        "num_eddy": 1.6091037835751432,
        "max(vorticity)": 1.5049746852646806,
        "max(diameter)": 4.509079397578647
    },
    "member13": {
        "u": 5.950492747784787,
        "v": 8.444627303388557,
        "num_eddy": 6.7385872527100235,
        "max(vorticity)": 8.729613234798874,
        "max(diameter)": 5.301024381037955
    },
    "member14": {
        "u": 0.7874574060451145,
        "v": 7.7508739280763095,
        "num_eddy": 2.2774010418800095,
        "max(vorticity)": 4.099528735174831,
        "max(diameter)": 6.753027661284975
    },
    "member15": {
        "u": 8.072702823319617,
        "v": 1.8885094181094408,
        "num_eddy": 8.559231073457646,
        "max(vorticity)": 0.6510422455342135,
        "max(diameter)": 3.077784074075225
    },
    "member16": {
        "u": 0.9501969499803087,
        "v": 7.05751990668786,
        "num_eddy": 4.1184672467064996,
        "max(vorticity)": 2.0585921717442393,
        "max(diameter)": 4.92633789668767
    },
    "member17": {
        "u": 5.431834620464006,
        "v": 3.7250895076275636,
        "num_eddy": 6.173787633922726,
        "max(vorticity)": 9.962753267889092,
        "max(diameter)": 2.059046626946529
    },
    "member18": {
        "u": 8.225518826335291,
        "v": 1.7154062501181655,
        "num_eddy": 7.038943224932645,
        "max(vorticity)": 2.6609404543486925,
        "max(diameter)": 8.273613727046087
    },
    "member19": {
        "u": 4.45355116496276,
        "v": 1.2655875208625433,
        "num_eddy": 5.73397711804443,
        "max(vorticity)": 6.816339577815894,
        "max(diameter)": 1.642892542761073
    },
    "member20": {
        "u": 9.963242177972413,
        "v": 3.897443405104971,
        "num_eddy": 2.603390779220971,
        "max(vorticity)": 0.7014670893250485,
        "max(diameter)": 9.750588081580236
    },
    "member21": {
        "u": 4.155161979512078,
        "v": 9.35901796646206,
        "num_eddy": 3.897487509345866,
        "max(vorticity)": 9.673265806280849,
        "max(diameter)": 5.216120370574816
    },
    "member22": {
        "u": 5.2349701442267875,
        "v": 4.031807862381484,
        "num_eddy": 2.5439317773898185,
        "max(vorticity)": 9.298342167601668,
        "max(diameter)": 5.357654383710156
    },
    "member23": {
        "u": 9.091648094277748,
        "v": 0.4467457734318614,
        "num_eddy": 9.970717308175718,
        "max(vorticity)": 9.128740231414675,
        "max(diameter)": 8.382663980079649
    },
    "member24": {
        "u": 9.368670473600785,
        "v": 9.397741970936979,
        "num_eddy": 4.163964008064872,
        "max(vorticity)": 9.10890440113504,
        "max(diameter)": 4.713472181996722
    },
    "member25": {
        "u": 3.2330505531577867,
        "v": 8.54807184778083,
        "num_eddy": 9.708584837496483,
        "max(vorticity)": 8.46018438875067,
        "max(diameter)": 4.031962213671757
    },
    "member26": {
        "u": 4.987348048516212,
        "v": 7.842214357152222,
        "num_eddy": 3.737177972307657,
        "max(vorticity)": 6.365051174568856,
        "max(diameter)": 1.4166418901719924
    },
    "member27": {
        "u": 9.805317366431773,
        "v": 7.8286479826142665,
        "num_eddy": 8.135846066627156,
        "max(vorticity)": 6.052095836069061,
        "max(diameter)": 0.795753959023221
    },
    "member28": {
        "u": 2.845024524865074,
        "v": 5.705358514162638,
        "num_eddy": 9.042791061624415,
        "max(vorticity)": 2.799098933677344,
        "max(diameter)": 6.2499554544066385
    },
    "member29": {
        "u": 4.956928792042397,
        "v": 5.117979129977506,
        "num_eddy": 2.1376054087877137,
        "max(vorticity)": 2.2875802799266354,
        "max(diameter)": 6.3302876287832355
    },
    "member30": {
        "u": 1.4850123534940551,
        "v": 3.957712194734444,
        "num_eddy": 6.59659593771754,
        "max(vorticity)": 8.551044378599236,
        "max(diameter)": 0.2303225417095145
    },
    "member31": {
        "u": 4.575593334667346,
        "v": 6.777373223737925,
        "num_eddy": 5.830819084461964,
        "max(vorticity)": 5.693023783443385,
        "max(diameter)": 5.938822730351246
    },
    "member32": {
        "u": 5.6101297567622535,
        "v": 1.9809590853714076,
        "num_eddy": 1.7195299212245208,
        "max(vorticity)": 0.5983190010006656,
        "max(diameter)": 4.461608624095729
    },
    "member33": {
        "u": 2.5612502852588213,
        "v": 5.195941344842675,
        "num_eddy": 8.743118702258897,
        "max(vorticity)": 8.093713156930384,
        "max(diameter)": 5.62660348682852
    },
    "member34": {
        "u": 9.02144947389295,
        "v": 4.8420359763456275,
        "num_eddy": 5.829004645357305,
        "max(vorticity)": 4.5630668634651785,
        "max(diameter)": 1.9806097213546658
    },
    "member35": {
        "u": 9.187781742878787,
        "v": 1.541506727394566,
        "num_eddy": 1.401342649883196,
        "max(vorticity)": 5.087331135404605,
        "max(diameter)": 2.85310904114077
    },
    "member36": {
        "u": 5.746296426775817,
        "v": 8.240785270703904,
        "num_eddy": 9.611134174331887,