{
    "member1": {
        "u": 5.707127992646966,
        "v": 1.104649710860991,
        "num_eddy": 3.1093539824147065,
        "max(vorticity)": 1.322010969682611,
        "max(diameter)": 3.5050775315165494
    },
    "member2": {
        "u": 9.347107517223014,
        "v": 0.7500936842351269,
        "num_eddy": 3.6502963823857595,
        "max(vorticity)": 8.482039649801786,
        "max(diameter)": 9.44305705731988
    },
    "member3": {
        "u": 8.286636459545035,
        "v": 3.099442467442862,
        "num_eddy": 1.9506274081834751,
        "max(vorticity)": 6.43761132207578,
        "max(diameter)": 7.777618491095312
    },
    "member4": {
        "u": 4.03130241808654,
        "v": 6.488833788263285,
        "num_eddy": 1.2820257584624706,
        "max(vorticity)": 6.5777907420108415,
        "max(diameter)": 3.0667597988160447
    },
    "member5": {
        "u": 2.4763314641358845,
        "v": 4.788279496509648,
        "num_eddy": 2.2349778620411276,
        "max(vorticity)": 7.5468917739297385,
        "max(diameter)": 8.339312397164068
    },
    "member6": {
        "u": 8.824838988372846,
        "v": 3.4287210407723334,
        "num_eddy": 2.5907355234411344,
        "max(vorticity)": 3.482024887897258,
        "max(diameter)": 3.1597051085838492
    },
    "member7": {
        "u": 3.6218785284701562,
        "v": 6.4739309135504985,
        "num_eddy": 1.6245431416573952,
        "max(vorticity)": 3.898447761053012,
        "max(diameter)": 7.8005071080640445
    },
    "member8": {
        "u": 7.390051483785852,
        "v": 2.722341977447992,
        "num_eddy": 1.8774222375244864,
        "max(vorticity)": 3.32302273599022,
        "max(diameter)": 7.735945853266953
    },
    "member9": {
        "u": 5.027441448102977,
        "v": 9.9875378089851,
        "num_eddy": 7.402893459945439,
        "max(vorticity)": 2.200177045911559,
        "max(diameter)": 5.224176143286123
    },
    "member10": {
        "u": 9.522726831030718,
        "v": 0.22671256068080514,
        "num_eddy": 7.306826084316488,
        "max(vorticity)": 7.532900549148409,
        "max(diameter)": 2.61775723702252
    },
    "member11": {
        "u": 9.138636638900252,
        "v": 3.0662979489844986,
        "num_eddy": 7.630668555137002,
        "max(vorticity)": 6.052250683030772,
        "max(diameter)": 8.09265118814828
    },
    "member12": {
        "u": 8.203587403606527,
        "v": 0.6871159294186224,
        "num_eddy": 4.112525359634706,
        "max(vorticity)": 6.067643197665445,
        "max(diameter)": 2.842807275276317
    },
    "member13": {
        "u": 7.679972367345041,
        "v": 4.630398519911471,
        "num_eddy": 1.0372970342598586,
        "max(vorticity)": 3.506635898347903,
        "max(diameter)": 2.094792924667207
    },
    "member14": {
        "u": 5.3268008183110025,
        "v": 3.9248561359898773,
        "num_eddy": 1.0226644458010714,
        "max(vorticity)": 2.8707305690500675,
        "max(diameter)": 6.694636641151538
    },
    "member15": {
        "u": 5.937214840520334,
        "v": 0.5549014658478602,
        "num_eddy": 0.2993889921616988,
        "max(vorticity)": 2.3389073006566754,
        "max(diameter)": 4.7847725627288105
    },
    "member16": {
        "u": 9.842053962135157,
        "v": 8.900243813852015,
        "num_eddy": 4.739119547245785,
        "max(vorticity)": 9.593089316349134,
        "max(diameter)": 0.7190426467576294
    },
    "member17": {
        "u": 0.8033996322144832,
        "v": 3.5187926480232203,
        "num_eddy": 1.4995329476078323,
        "max(vorticity)": 1.870825964276256,
        "max(diameter)": 4.9001529360261795
    },
    "member18": {
        "u": 2.5204797979538673,
        "v": 2.9027539473134123,
        "num_eddy": 4.95740862179761,
        "max(vorticity)": 1.4923186438381264,
        "max(diameter)": 5.004840449264677
    },
    "member19": {
        "u": 8.7555274444837,
        "v": 1.333909153087417,
        "num_eddy": 9.294369832214379,
        "max(vorticity)": 9.674619782033174,
        "max(diameter)": 8.409961397529301
    },
    "member20": {
        "u": 0.7464759555326395,
        "v": 5.0515637799856785,
        "num_eddy": 5.24720108043602,
        "max(vorticity)": 0.5328923544319542,
        "max(diameter)": 0.6556388999102369
    },
    "member21": {
        "u": 6.751348177460477,
        "v": 7.841657227629655,
        "num_eddy": 1.627780846531539,
        "max(vorticity)": 3.3835501141141577,
        "max(diameter)": 1.383397672136567
    },
    "member22": {
        "u": 3.057006727207537,
        "v": 1.0328029516978965,
        "num_eddy": 7.746260416675572,
        "max(vorticity)": 5.8567385419778635,
        "max(diameter)": 2.0569306172689314
    },
    "member23": {
        "u": 8.684689207260469,
        "v": 9.513357784520123,
        "num_eddy": 3.9511722249655703,
        "max(vorticity)": 4.8900179057356254,
        "max(diameter)": 4.222732300119101
    },
    "member24": {
        "u": 1.9582468946190024,
        "v": 8.466674264631482,
        "num_eddy": 6.161315570415517,
        "max(vorticity)": 8.8979611768641,
        "max(diameter)": 8.365136852551547
    },
    "member25": {
        "u": 2.201545792963968,
        "v": 5.433056280502831,
        "num_eddy": 0.9988576104661973,
        "max(vorticity)": 7.210582088667921,
        "max(diameter)": 4.054326694877254
    },
    "member26": {
        "u": 2.3329944231263333,
        "v": 4.326422657281953,
        "num_eddy": 0.7680029510651698,
        "max(vorticity)": 7.535697981086037,
        "max(diameter)": 1.4661450862039505
    },
    "member27": {
        "u": 6.278178667518404,
        "v": 2.7341787882314685,
        "num_eddy": 3.292437551121586,
        "max(vorticity)": 1.8567744662122054,
        "max(diameter)": 8.960037501439494
    },
    "member28": {
        "u": 2.8297355286528547,
        "v": 9.298127564192308,
        "num_eddy": 4.396941445545001,
        "max(vorticity)": 9.970554650176016,
        "max(diameter)": 2.7836782984061905
    },
    "member29": {
        "u": 3.5716546874930577,
        "v": 1.0734722029428323,
        "num_eddy": 1.986335709066952,
        "max(vorticity)": 5.610676166976437,
        "max(diameter)": 0.5976212854769347
    },
    "member30": {
        "u": 7.462938048613959,
        "v": 6.388134282902253,
        "num_eddy": 0.28282264176823224,
        "max(vorticity)": 7.726265757125297,
        "max(diameter)": 5.102546505602598
    },
    "member31": {
        "u": 6.847541602052419,
        "v": 7.093952475207904,
        "num_eddy": 2.2477543102641584,
        "max(vorticity)": 7.668518986889401,
        "max(diameter)": 4.611770057557328
    },
    "member32": {
        "u": 0.5514944480732675,
        "v": 6.533888749894169,
        "num_eddy": 4.000206708998244,
        "max(vorticity)": 9.473342935890386,
        "max(diameter)": 8.19012794482343
    },
    "member33": {
        "u": 9.94909422461677,
        "v": 8.93499113585844,
        "num_eddy": 9.121447375546868,
        "max(vorticity)": 3.112271889741484,
        "max(diameter)": 0.8278241115900964
    },
    "member34": {
        "u": 8.409590816057579,
        "v": 2.5886954701500775,
        "num_eddy": 0.323023514515538,
        "max(vorticity)": 4.2195326501436226,
        "max(diameter)": 0.7493309309136376
    },
    "member35": {
        "u": 1.2653423772764605,
        "v": 2.391137524867818,
        "num_eddy": 5.437053242160502,
        "max(vorticity)": 6.9441328665043045,
        "max(diameter)": 7.3316746249622335
    },
    "member36": {
        "u": 4.809322055795315,
        "v": 6.36516624912049,
        "num_eddy": 9.362187105956405,