{
    "member1": {
        "u": 8.557820434230779,
        "v": 3.0016339632772304,
        "num_eddy": 3.3198686022423685,
        "max(vorticity)": 0.27396946017888335,
        "max(diameter)": 1.225650634297889
    },
    "member2": {
        "u": 2.4400576527979654,
        "v": 3.120956764268893,
        "num_eddy": 8.802750640887803,
        "max(vorticity)": 1.040818450567954,
        "max(diameter)": 5.704513010359518
    },
    "member3": {
        "u": 1.5250640227707613,
        "v": 0.9182012759208635,
        "num_eddy": 5.559596556773524,
        "max(vorticity)": 3.4579008890325467,
        "max(diameter)": 3.6316040528765625
    },
    "member4": {
        "u": 7.419216615145226,
        "v": 3.9740135339990177,
        "num_eddy": 7.383131660497085,
        "max(vorticity)": 9.776394633529106,
        "max(diameter)": 2.9566700078029475
    },
    "member5": {
        "u": 6.800268421122746,
        "v": 5.472181471380425,
        "num_eddy": 0.6749244549160027,
        "max(vorticity)": 7.1761132102519545,
        "max(diameter)": 7.861557110892732
    },
    "member6": {
        "u": 2.8829772847165955,
        "v": 9.523874831278174,
        "num_eddy": 7.813162654445303,
        "max(vorticity)": 6.8405631411889605,
        "max(diameter)": 2.6174079982571197
    },
    "member7": {
        "u": 4.714741352352392,
        "v": 4.818299118550888,
        "num_eddy": 3.3377570205754736,
        "max(vorticity)": 9.677294988060185,
        "max(diameter)": 6.631807451949401
    },
    "member8": {
        "u": 9.731366225194026,
        "v": 8.839167831044753,
        "num_eddy": 4.158658615735532,
        "max(vorticity)": 5.12158994596696,
        "max(diameter)": 7.324116147100249
    },
    "member9": {
        "u": 7.1196541968768,
        "v": 4.329785336920457,
        "num_eddy": 9.37305938767015,
        "max(vorticity)": 6.5023764476191435,
        "max(diameter)": 4.080942123862278
    },
    "member10": {
        "u": 5.694521336249192,
        "v": 3.361013437016205,
        "num_eddy": 8.288357326757941,
        "max(vorticity)": 8.688577589767675,
        "max(diameter)": 2.530706987299677
    },
    "member11": {
        "u": 6.007598315880223,
        "v": 8.367726991644833,
        "num_eddy": 2.612347973092141,
        "max(vorticity)": 0.01622554623203154,
        "max(diameter)": 6.880627143363348
    },
    "member12": {
        "u": 0.8494289446281167,
        "v": 0.04680435002800465,
        "num_eddy": 2.6556609366963233,
        "max(vorticity)": 7.62160602426917,
        "max(diameter)": 1.4994857849602627
    },
    "member13": {
        "u": 0.37893923387817163,
        "v": 6.639126014801741,
        "num_eddy": 0.10736495449967576,
        "max(vorticity)": 0.9547188096845871,
        "max(diameter)": 4.975959019325021
    },
    "member14": {
        "u": 9.405898935826452,
        "v": 4.101047376365024,
        "num_eddy": 3.090655673522563,
        "max(vorticity)": 7.934187712664719,
        "max(diameter)": 4.869488933924869
    },
    "member15": {
        "u": 4.340110106878115,
        "v": 8.779512072468167,
        "num_eddy": 1.6064959415941327,
        "max(vorticity)": 3.9194230029685837,
        "max(diameter)": 9.410970749627305
    },
    "member16": {
        "u": 2.5096778972489373,
        "v": 8.847868633555155,
        "num_eddy": 8.738132974416239,
        "max(vorticity)": 4.6455853915516245,
        "max(diameter)": 2.512516686206804
    },
    "member17": {
        "u": 2.683757801631439,
        "v": 4.3325831457864865,
        "num_eddy": 3.1828988775940195,
        "max(vorticity)": 9.821556692818168,
        "max(diameter)": 6.318701773243415
    },
    "member18": {
        "u": 8.257820015201784,
        "v": 8.056545534635777,
        "num_eddy": 2.9326517978720643,
        "max(vorticity)": 5.535392983241749,
        "max(diameter)": 9.300588989277365
    },
    "member19": {
        "u": 8.15879299568649,
        "v": 0.7187325115088217,
        "num_eddy": 7.2552997185347845,
        "max(vorticity)": 8.70263105870692,
        "max(diameter)": 4.965018417250091
    },
    "member20": {
        "u": 5.885673007043254,
        "v": 8.386103204689629,
        "num_eddy": 7.195748308119572,
        "max(vorticity)": 9.963973355100999,
        "max(diameter)": 6.902690071908047
    },
    "member21": {
        "u": 8.349266139714125,
        "v": 0.2076515855753136,
        "num_eddy": 3.19513363146073,
        "max(vorticity)": 2.300123182012702,
        "max(diameter)": 4.222078960999602
    },
    "member22": {
        "u": 3.8554445898365075,
        "v": 7.309177830699159,
        "num_eddy": 5.0852011827207475,
        "max(vorticity)": 1.8941701249130471,
        "max(diameter)": 5.807721387088129
    },
    "member23": {
        "u": 8.48954695469603,
        "v": 2.845355456761025,
        "num_eddy": 3.215691411013386,
        "max(vorticity)": 4.658001528055267,
        "max(diameter)": 0.7642901653907208
    },
    "member24": {
        "u": 6.7710253181882765,
        "v": 1.91360166111333,
        "num_eddy": 5.974729437967965,
        "max(vorticity)": 7.382423540441638,
        "max(diameter)": 0.38890666402480734
    },
    "member25": {
        "u": 0.6592611306131668,
        "v": 3.149128833548107,
        "num_eddy": 8.63220312518054,
        "max(vorticity)": 4.736238788913758,
        "max(diameter)": 7.06079084452654
    },
    "member26": {
        "u": 0.2212015309488724,
        "v": 4.6609784848070825,
        "num_eddy": 3.786714743886137,
        "max(vorticity)": 0.7351512631442325,
        "max(diameter)": 9.23481282396913
    },
    "member27": {
        "u": 1.1775312864926546,
        "v": 8.794341226320393,
        "num_eddy": 7.217855764302753,
        "max(vorticity)": 5.242348624743201,
        "max(diameter)": 9.287211366793924
    },
    "member28": {
        "u": 6.8466276243802895,
        "v": 9.095528067216222,
        "num_eddy": 5.176343621944175,
        "max(vorticity)": 9.370161455169645,
        "max(diameter)": 3.636798555979597
    },
    "member29": {
        "u": 1.7845416273342896,
        "v": 1.0676088403861184,
        "num_eddy": 3.015540157235553,
        "max(vorticity)": 0.039480843547198274,
        "max(diameter)": 8.246928126430188
    },
    "member30": {
        "u": 9.536944197938595,
        "v": 7.8566031933614955,
        "num_eddy": 1.03521805221926,
        "max(vorticity)": 3.082680978762329,
        "max(diameter)": 9.268432053495987
    },
    "member31": {
        "u": 4.523425522744759,
        "v": 3.4673063136893587,
        "num_eddy": 1.6841601148997087,
        "max(vorticity)": 4.6854128141824365,
        "max(diameter)": 9.684606281350561
    },
    "member32": {
        "u": 6.306521267164764,
        "v": 9.633890394784103,
        "num_eddy": 1.814079330469015,
        "max(vorticity)": 3.8334022870576954,
        "max(diameter)": 0.14640602464849883
    },
    "member33": {
        "u": 7.977612308868038,
        "v": 6.530564874907557,
        "num_eddy": 0.3556777495582397,
        "max(vorticity)": 4.772861493834796,
        "max(diameter)": 6.528395830124679
    },
    "member34": {
        "u": 6.901977460426169,
        "v": 2.838927300303923,
        "num_eddy": 9.149583310829213,
        "max(vorticity)": 6.981539507703298,
        "max(diameter)": 5.416220221608671
    },
    "member35": {
        "u": 5.781504223627822,
        "v": 9.258877058705883,
        "num_eddy": 3.5681684461065233,
        "max(vorticity)": 5.121947573148225,
        "max(diameter)": 7.733653712820699
    },
    "member36": {
        "u": 1.3227228216312792,
        "v": 3.4671038856794834,
        "num_eddy": 2.7895512391695796,